/*******************************************************************************
 * Size: 28 px
 * Bpp: 4
 * Opts: --bpp 4 --size 28 --font C:\Users\gzf\Desktop\open-vela\tmp\NotoSansSC-Medium.otf -r 0x20-0x7F --symbols ·…上不中亮人今仍以休会传住倒健先入全再准刚到前务动助危即及发可后听启告响器回在地声处备复天失好如守安完实家将小尚尽已帮常平并庭康开异当待很心快态急息您感成我或所打护报持按据接提撤收数整新无时显暂更有服未本条来查标检次正水求没测消漏烟照状现理用留登的监看真知确示离秒窗立等系紧线经给络统继续网置联自蜂行要言警认记设试请调败赶跌较运这连送通配里重量钮销门险雾需音页风首马鸣，： --format lvgl --lv-font-name lv_font_velacare_cn_28 -o C:\Users\gzf\Desktop\open-vela\tmp\v070-freeze-fix-src\app\velacare\lv_font_velacare_cn_28.c --no-compress --no-prefilter --force-fast-kern-format
 ******************************************************************************/

#ifdef LV_LVGL_H_INCLUDE_SIMPLE
#include "lvgl.h"
#else
#include "lvgl/lvgl.h"
#endif

#ifndef LV_FONT_VELACARE_CN_28
#define LV_FONT_VELACARE_CN_28 1
#endif

#if LV_FONT_VELACARE_CN_28

/*-----------------
 *    BITMAPS
 *----------------*/

/*Store the image of the glyphs*/
static LV_ATTRIBUTE_LARGE_CONST const uint8_t glyph_bitmap[] = {
    /* U+0020 " " */

    /* U+0021 "!" */
    0xc, 0xff, 0x60, 0xcf, 0xf6, 0xb, 0xff, 0x50,
    0xbf, 0xf5, 0xa, 0xff, 0x40, 0xaf, 0xf3, 0x9,
    0xff, 0x30, 0x8f, 0xf2, 0x8, 0xff, 0x10, 0x7f,
    0xf1, 0x7, 0xff, 0x0, 0x6f, 0xf0, 0x5, 0xff,
    0x0, 0x5f, 0xe0, 0x3, 0xba, 0x0, 0x0, 0x0,
    0x2, 0x86, 0x1, 0xef, 0xf9, 0x4f, 0xff, 0xe2,
    0xff, 0xfc, 0x7, 0xed, 0x30,

    /* U+0022 "\"" */
    0x8f, 0xfc, 0x0, 0x5f, 0xff, 0x7f, 0xfc, 0x0,
    0x5f, 0xff, 0x7f, 0xfc, 0x0, 0x4f, 0xfe, 0x6f,
    0xfb, 0x0, 0x3f, 0xfe, 0x4f, 0xf9, 0x0, 0x2f,
    0xfc, 0x2f, 0xf7, 0x0, 0xf, 0xfa, 0x1f, 0xf5,
    0x0, 0xe, 0xf8, 0xf, 0xf4, 0x0, 0xc, 0xf6,
    0xd, 0xf2, 0x0, 0xa, 0xf4,

    /* U+0023 "#" */
    0x0, 0x0, 0xbf, 0x30, 0x0, 0xdf, 0x10, 0x0,
    0x0, 0xd, 0xf1, 0x0, 0xf, 0xf0, 0x0, 0x0,
    0x0, 0xff, 0x0, 0x1, 0xfe, 0x0, 0x0, 0x0,
    0x1f, 0xe0, 0x0, 0x3f, 0xc0, 0x0, 0x0, 0x3,
    0xfc, 0x0, 0x5, 0xfa, 0x0, 0x0, 0x0, 0x5f,
    0xa0, 0x0, 0x7f, 0x80, 0x0, 0x4f, 0xff, 0xff,
    0xff, 0xff, 0xff, 0xff, 0x4, 0xff, 0xff, 0xff,
    0xff, 0xff, 0xff, 0xf0, 0x2, 0x2b, 0xf6, 0x22,
    0x2d, 0xf5, 0x22, 0x0, 0x0, 0xcf, 0x20, 0x0,
    0xef, 0x10, 0x0, 0x0, 0xe, 0xf0, 0x0, 0xf,
    0xf0, 0x0, 0x0, 0x0, 0xff, 0x0, 0x2, 0xfd,
    0x0, 0x0, 0x22, 0x4f, 0xd2, 0x22, 0x6f, 0xc2,
    0x21, 0xd, 0xff, 0xff, 0xff, 0xff, 0xff, 0xff,
    0x60, 0xdf, 0xff, 0xff, 0xff, 0xff, 0xff, 0xf6,
    0x0, 0x8, 0xf8, 0x0, 0xa, 0xf6, 0x0, 0x0,
    0x0, 0xaf, 0x50, 0x0, 0xcf, 0x40, 0x0, 0x0,
    0xc, 0xf3, 0x0, 0xe, 0xf2, 0x0, 0x0, 0x0,
    0xef, 0x10, 0x0, 0xff, 0x0, 0x0, 0x0, 0xf,
    0xf0, 0x0, 0x2f, 0xe0, 0x0, 0x0, 0x2, 0xfd,
    0x0, 0x4, 0xfc, 0x0, 0x0, 0x0,

    /* U+0024 "$" */
    0x0, 0x0, 0x0, 0xff, 0x20, 0x0, 0x0, 0x0,
    0x0, 0x0, 0xff, 0x20, 0x0, 0x0, 0x0, 0x0,
    0x0, 0xff, 0x20, 0x0, 0x0, 0x0, 0x0, 0x5a,
    0xff, 0xb6, 0x10, 0x0, 0x0, 0x1b, 0xff, 0xff,
    0xff, 0xf5, 0x0, 0x0, 0xbf, 0xff, 0xfd, 0xff,
    0xff, 0x60, 0x4, 0xff, 0xf5, 0x0, 0x16, 0xfd,
    0x10, 0x8, 0xff, 0xa0, 0x0, 0x0, 0x22, 0x0,
    0xa, 0xff, 0x70, 0x0, 0x0, 0x0, 0x0, 0x8,
    0xff, 0xa0, 0x0, 0x0, 0x0, 0x0, 0x4, 0xff,
    0xf6, 0x0, 0x0, 0x0, 0x0, 0x0, 0xbf, 0xff,
    0xb2, 0x0, 0x0, 0x0, 0x0, 0xb, 0xff, 0xff,
    0xb2, 0x0, 0x0, 0x0, 0x0, 0x6e, 0xff, 0xff,
    0x80, 0x0, 0x0, 0x0, 0x0, 0x7e, 0xff, 0xfa,
    0x0, 0x0, 0x0, 0x0, 0x1, 0xbf, 0xff, 0x50,
    0x0, 0x0, 0x0, 0x0, 0xb, 0xff, 0xc0, 0x0,
    0x0, 0x0, 0x0, 0x4, 0xff, 0xf0, 0x0, 0x0,
    0x0, 0x0, 0x1, 0xff, 0xf0, 0x3, 0x60, 0x0,
    0x0, 0x4, 0xff, 0xd0, 0xd, 0xfc, 0x30, 0x0,
    0x3d, 0xff, 0x80, 0x3f, 0xff, 0xfe, 0xde, 0xff,
    0xfe, 0x10, 0x1, 0xbf, 0xff, 0xff, 0xff, 0xd2,
    0x0, 0x0, 0x3, 0x9c, 0xff, 0xb5, 0x0, 0x0,
    0x0, 0x0, 0x0, 0xff, 0x20, 0x0, 0x0, 0x0,
    0x0, 0x0, 0xff, 0x20, 0x0, 0x0, 0x0, 0x0,
    0x0, 0xff, 0x20, 0x0, 0x0,

    /* U+0025 "%" */
    0x0, 0x4b, 0xed, 0x91, 0x0, 0x0, 0x0, 0x0,
    0x8f, 0x80, 0x0, 0x0, 0x0, 0x6f, 0xff, 0xff,
    0xe2, 0x0, 0x0, 0x0, 0x1f, 0xe0, 0x0, 0x0,
    0x0, 0x1f, 0xf8, 0x1, 0xcf, 0xb0, 0x0, 0x0,
    0x9, 0xf7, 0x0, 0x0, 0x0, 0x8, 0xfd, 0x0,
    0x3, 0xff, 0x30, 0x0, 0x2, 0xfe, 0x0, 0x0,
    0x0, 0x0, 0xbf, 0x80, 0x0, 0xe, 0xf6, 0x0,
    0x0, 0xaf, 0x60, 0x0, 0x0, 0x0, 0xd, 0xf7,
    0x0, 0x0, 0xcf, 0x80, 0x0, 0x3f, 0xd0, 0x0,
    0x0, 0x0, 0x0, 0xff, 0x60, 0x0, 0xb, 0xfa,
    0x0, 0xb, 0xf4, 0x0, 0x0, 0x0, 0x0, 0xd,
    0xf7, 0x0, 0x0, 0xcf, 0x80, 0x4, 0xfc, 0x0,
    0x0, 0x0, 0x0, 0x0, 0xbf, 0x90, 0x0, 0xe,
    0xf6, 0x0, 0xcf, 0x30, 0x7, 0xcf, 0xc7, 0x0,
    0x7, 0xfe, 0x0, 0x4, 0xff, 0x20, 0x5f, 0xb0,
    0xb, 0xff, 0xff, 0xfa, 0x0, 0x1f, 0xfa, 0x13,
    0xdf, 0xa0, 0xd, 0xf2, 0x6, 0xff, 0x40, 0x5f,
    0xf5, 0x0, 0x5f, 0xff, 0xff, 0xd2, 0x6, 0xf9,
    0x0, 0xef, 0x80, 0x0, 0x9f, 0xc0, 0x0, 0x3a,
    0xdc, 0x81, 0x0, 0xef, 0x10, 0x2f, 0xf3, 0x0,
    0x4, 0xff, 0x0, 0x0, 0x0, 0x0, 0x0, 0x8f,
    0x80, 0x4, 0xff, 0x10, 0x0, 0x2f, 0xf2, 0x0,
    0x0, 0x0, 0x0, 0x1f, 0xe1, 0x0, 0x5f, 0xf0,
    0x0, 0x1, 0xff, 0x30, 0x0, 0x0, 0x0, 0x9,
    0xf7, 0x0, 0x3, 0xff, 0x10, 0x0, 0x2f, 0xf2,
    0x0, 0x0, 0x0, 0x2, 0xfe, 0x0, 0x0, 0x1f,
    0xf3, 0x0, 0x4, 0xff, 0x0, 0x0, 0x0, 0x0,
    0xaf, 0x60, 0x0, 0x0, 0xef, 0x80, 0x0, 0x9f,
    0xc0, 0x0, 0x0, 0x0, 0x3f, 0xd0, 0x0, 0x0,
    0x6, 0xff, 0x40, 0x5f, 0xf5, 0x0, 0x0, 0x0,
    0xb, 0xf5, 0x0, 0x0, 0x0, 0xb, 0xff, 0xff,
    0xfa, 0x0, 0x0, 0x0, 0x4, 0xfc, 0x0, 0x0,
    0x0, 0x0, 0x7, 0xcf, 0xc7, 0x0, 0x0,

    /* U+0026 "&" */
    0x0, 0x0, 0x0, 0x8c, 0xfd, 0x91, 0x0, 0x0,
    0x0, 0x0, 0x0, 0x0, 0x2d, 0xff, 0xff, 0xfe,
    0x10, 0x0, 0x0, 0x0, 0x0, 0x0, 0xbf, 0xf9,
    0x48, 0xff, 0x90, 0x0, 0x0, 0x0, 0x0, 0x2,
    0xff, 0xa0, 0x0, 0xcf, 0xd0, 0x0, 0x0, 0x0,
    0x0, 0x5, 0xff, 0x50, 0x0, 0xaf, 0xe0, 0x0,
    0x0, 0x0, 0x0, 0x5, 0xff, 0x60, 0x0, 0xef,
    0xa0, 0x0, 0x0, 0x0, 0x0, 0x2, 0xff, 0x90,
    0xa, 0xff, 0x40, 0x0, 0x0, 0x0, 0x0, 0x0,
    0xef, 0xe2, 0xcf, 0xf8, 0x0, 0x0, 0x0, 0x0,
    0x0, 0x0, 0x8f, 0xff, 0xff, 0x80, 0x0, 0x0,
    0x0, 0x0, 0x0, 0x0, 0x4f, 0xff, 0xe5, 0x0,
    0x0, 0x0, 0x77, 0x60, 0x0, 0x6, 0xff, 0xff,
    0xb0, 0x0, 0x0, 0x4, 0xff, 0xa0, 0x0, 0x7f,
    0xff, 0xef, 0xf9, 0x0, 0x0, 0xa, 0xff, 0x40,
    0x3, 0xff, 0xf6, 0x2e, 0xff, 0x70, 0x0, 0x1f,
    0xfd, 0x0, 0xb, 0xff, 0x80, 0x3, 0xff, 0xf8,
    0x0, 0xaf, 0xf6, 0x0, 0xe, 0xff, 0x20, 0x0,
    0x6f, 0xff, 0x94, 0xff, 0xc0, 0x0, 0xf, 0xff,
    0x10, 0x0, 0x5, 0xff, 0xff, 0xff, 0x30, 0x0,
    0xd, 0xff, 0x60, 0x0, 0x0, 0x4f, 0xff, 0xfb,
    0x0, 0x0, 0x9, 0xff, 0xf4, 0x0, 0x0, 0x6f,
    0xff, 0xff, 0xc4, 0x0, 0x1, 0xef, 0xff, 0xc9,
    0xbe, 0xff, 0xfd, 0xff, 0xff, 0xe1, 0x0, 0x3d,
    0xff, 0xff, 0xff, 0xfe, 0x50, 0x3c, 0xff, 0xe0,
    0x0, 0x0, 0x6b, 0xdf, 0xeb, 0x70, 0x0, 0x0,
    0x4a, 0x80,

    /* U+0027 "'" */
    0x8f, 0xfc, 0x7f, 0xfc, 0x7f, 0xfc, 0x6f, 0xfb,
    0x4f, 0xf9, 0x2f, 0xf7, 0x1f, 0xf5, 0xf, 0xf4,
    0xd, 0xf2,

    /* U+0028 "(" */
    0x0, 0x0, 0x20, 0x0, 0x0, 0xd, 0xf5, 0x0,
    0x5, 0xff, 0x20, 0x0, 0xdf, 0xa0, 0x0, 0x5f,
    0xf3, 0x0, 0xb, 0xfd, 0x0, 0x1, 0xff, 0x70,
    0x0, 0x6f, 0xf2, 0x0, 0xa, 0xfe, 0x0, 0x0,
    0xef, 0xb0, 0x0, 0x1f, 0xf8, 0x0, 0x4, 0xff,
    0x50, 0x0, 0x5f, 0xf4, 0x0, 0x6, 0xff, 0x30,
    0x0, 0x7f, 0xf2, 0x0, 0x7, 0xff, 0x20, 0x0,
    0x6f, 0xf3, 0x0, 0x5, 0xff, 0x40, 0x0, 0x4f,
    0xf5, 0x0, 0x2, 0xff, 0x70, 0x0, 0xe, 0xfa,
    0x0, 0x0, 0xbf, 0xd0, 0x0, 0x8, 0xff, 0x10,
    0x0, 0x2f, 0xf6, 0x0, 0x0, 0xcf, 0xb0, 0x0,
    0x6, 0xff, 0x10, 0x0, 0x1f, 0xf8, 0x0, 0x0,
    0x8f, 0xf1, 0x0, 0x0, 0xef, 0x70, 0x0, 0x4,
    0x40,

    /* U+0029 ")" */
    0x1, 0x20, 0x0, 0x6, 0xfc, 0x0, 0x0, 0x3f,
    0xf4, 0x0, 0x0, 0xbf, 0xd0, 0x0, 0x4, 0xff,
    0x40, 0x0, 0xe, 0xfa, 0x0, 0x0, 0x8f, 0xf1,
    0x0, 0x3, 0xff, 0x60, 0x0, 0xf, 0xf9, 0x0,
    0x0, 0xcf, 0xd0, 0x0, 0x9, 0xff, 0x0, 0x0,
    0x6f, 0xf3, 0x0, 0x5, 0xff, 0x40, 0x0, 0x4f,
    0xf5, 0x0, 0x3, 0xff, 0x60, 0x0, 0x3f, 0xf7,
    0x0, 0x4, 0xff, 0x50, 0x0, 0x5f, 0xf4, 0x0,
    0x6, 0xff, 0x30, 0x0, 0x8f, 0xf1, 0x0, 0xb,
    0xfe, 0x0, 0x0, 0xef, 0xa0, 0x0, 0x2f, 0xf7,
    0x0, 0x7, 0xff, 0x20, 0x0, 0xcf, 0xc0, 0x0,
    0x2f, 0xf6, 0x0, 0x9, 0xfe, 0x0, 0x2, 0xff,
    0x70, 0x0, 0x8f, 0xe0, 0x0, 0x0, 0x44, 0x0,
    0x0,

    /* U+002A "*" */
    0x0, 0x0, 0x2f, 0xb0, 0x0, 0x0, 0x0, 0x4,
    0xfc, 0x0, 0x0, 0x2, 0x0, 0x5f, 0xe0, 0x0,
    0x11, 0xfe, 0xbb, 0xff, 0x9c, 0xf9, 0x2d, 0xff,
    0xff, 0xff, 0xff, 0x90, 0x4, 0xcf, 0xff, 0xf8,
    0x10, 0x0, 0x9, 0xff, 0xff, 0x20, 0x0, 0x2,
    0xff, 0xae, 0xfb, 0x0, 0x0, 0xbf, 0xb0, 0x3f,
    0xf4, 0x0, 0x4, 0xc0, 0x0, 0x5b, 0x10, 0x0,
    0x0, 0x0, 0x0, 0x0, 0x0,

    /* U+002B "+" */
    0x0, 0x0, 0x2, 0x99, 0x20, 0x0, 0x0, 0x0,
    0x0, 0x3, 0xff, 0x30, 0x0, 0x0, 0x0, 0x0,
    0x3, 0xff, 0x30, 0x0, 0x0, 0x0, 0x0, 0x3,
    0xff, 0x30, 0x0, 0x0, 0x0, 0x0, 0x3, 0xff,
    0x30, 0x0, 0x0, 0x0, 0x0, 0x3, 0xff, 0x30,
    0x0, 0x0, 0x55, 0x55, 0x58, 0xff, 0x75, 0x55,
    0x55, 0xef, 0xff, 0xff, 0xff, 0xff, 0xff, 0xfe,
    0xef, 0xff, 0xff, 0xff, 0xff, 0xff, 0xfe, 0x0,
    0x0, 0x3, 0xff, 0x30, 0x0, 0x0, 0x0, 0x0,
    0x3, 0xff, 0x30, 0x0, 0x0, 0x0, 0x0, 0x3,
    0xff, 0x30, 0x0, 0x0, 0x0, 0x0, 0x3, 0xff,
    0x30, 0x0, 0x0, 0x0, 0x0, 0x3, 0xff, 0x30,
    0x0, 0x0, 0x0, 0x0, 0x3, 0xff, 0x30, 0x0,
    0x0,

    /* U+002C "," */
    0x0, 0x1, 0x0, 0x5, 0xff, 0xc0, 0xd, 0xff,
    0xf7, 0xc, 0xff, 0xfb, 0x3, 0xdf, 0xfc, 0x0,
    0x8, 0xf9, 0x0, 0xd, 0xf6, 0x0, 0x8f, 0xe0,
    0x2b, 0xff, 0x40, 0x4f, 0xf5, 0x0, 0x7, 0x10,
    0x0,

    /* U+002D "-" */
    0x46, 0x66, 0x66, 0x64, 0xaf, 0xff, 0xff, 0xfb,
    0xaf, 0xff, 0xff, 0xfb,

    /* U+002E "." */
    0x6, 0x82, 0xa, 0xff, 0xe0, 0xef, 0xff, 0x4d,
    0xff, 0xf2, 0x3d, 0xe7, 0x0,

    /* U+002F "/" */
    0x0, 0x0, 0x0, 0x0, 0xff, 0x30, 0x0, 0x0,
    0x0, 0x4f, 0xe0, 0x0, 0x0, 0x0, 0x9, 0xfa,
    0x0, 0x0, 0x0, 0x0, 0xdf, 0x60, 0x0, 0x0,
    0x0, 0x2f, 0xf1, 0x0, 0x0, 0x0, 0x6, 0xfd,
    0x0, 0x0, 0x0, 0x0, 0xaf, 0x80, 0x0, 0x0,
    0x0, 0xf, 0xf4, 0x0, 0x0, 0x0, 0x3, 0xff,
    0x0, 0x0, 0x0, 0x0, 0x8f, 0xb0, 0x0, 0x0,
    0x0, 0xc, 0xf7, 0x0, 0x0, 0x0, 0x1, 0xff,
    0x20, 0x0, 0x0, 0x0, 0x5f, 0xe0, 0x0, 0x0,
    0x0, 0xa, 0xf9, 0x0, 0x0, 0x0, 0x0, 0xef,
    0x50, 0x0, 0x0, 0x0, 0x2f, 0xf1, 0x0, 0x0,
    0x0, 0x7, 0xfc, 0x0, 0x0, 0x0, 0x0, 0xbf,
    0x70, 0x0, 0x0, 0x0, 0xf, 0xf3, 0x0, 0x0,
    0x0, 0x4, 0xfe, 0x0, 0x0, 0x0, 0x0, 0x9f,
    0xa0, 0x0, 0x0, 0x0, 0xd, 0xf6, 0x0, 0x0,
    0x0, 0x2, 0xff, 0x10, 0x0, 0x0, 0x0, 0x6f,
    0xd0, 0x0, 0x0, 0x0, 0xa, 0xf8, 0x0, 0x0,
    0x0, 0x0, 0xff, 0x40, 0x0, 0x0, 0x0, 0x3f,
    0xf0, 0x0, 0x0, 0x0, 0x8, 0xfb, 0x0, 0x0,
    0x0, 0x0,

    /* U+0030 "0" */
    0x0, 0x0, 0x7c, 0xff, 0xc6, 0x0, 0x0, 0x0,
    0x1c, 0xff, 0xff, 0xff, 0xc0, 0x0, 0x0, 0xcf,
    0xff, 0xbb, 0xff, 0xfb, 0x0, 0x5, 0xff, 0xe2,
    0x0, 0x2e, 0xff, 0x40, 0xc, 0xff, 0x50, 0x0,
    0x6, 0xff, 0xb0, 0x1f, 0xff, 0x0, 0x0, 0x0,
    0xff, 0xf1, 0x5f, 0xfb, 0x0, 0x0, 0x0, 0xcf,
    0xf4, 0x7f, 0xf9, 0x0, 0x0, 0x0, 0x9f, 0xf7,
    0x9f, 0xf7, 0x0, 0x0, 0x0, 0x8f, 0xf8, 0xaf,
    0xf6, 0x0, 0x0, 0x0, 0x7f, 0xf9, 0xaf, 0xf6,
    0x0, 0x0, 0x0, 0x7f, 0xfa, 0xaf, 0xf6, 0x0,
    0x0, 0x0, 0x7f, 0xf9, 0x9f, 0xf7, 0x0, 0x0,
    0x0, 0x8f, 0xf8, 0x7f, 0xf9, 0x0, 0x0, 0x0,
    0xaf, 0xf6, 0x4f, 0xfb, 0x0, 0x0, 0x0, 0xcf,
    0xf4, 0x1f, 0xff, 0x0, 0x0, 0x0, 0xff, 0xf0,
    0xc, 0xff, 0x60, 0x0, 0x6, 0xff, 0xb0, 0x4,
    0xff, 0xe2, 0x0, 0x2e, 0xff, 0x40, 0x0, 0xbf,
    0xff, 0xbb, 0xff, 0xfa, 0x0, 0x0, 0x1c, 0xff,
    0xff, 0xff, 0xc0, 0x0, 0x0, 0x0, 0x6c, 0xff,
    0xc6, 0x0, 0x0,

    /* U+0031 "1" */
    0x0, 0x0, 0x6e, 0xff, 0x20, 0x0, 0x0, 0x5b,
    0xff, 0xff, 0xf2, 0x0, 0x0, 0xc, 0xff, 0xff,
    0xff, 0x20, 0x0, 0x0, 0x8b, 0xbb, 0xff, 0xf2,
    0x0, 0x0, 0x0, 0x0, 0x1f, 0xff, 0x20, 0x0,
    0x0, 0x0, 0x1, 0xff, 0xf2, 0x0, 0x0, 0x0,
    0x0, 0x1f, 0xff, 0x20, 0x0, 0x0, 0x0, 0x1,
    0xff, 0xf2, 0x0, 0x0, 0x0, 0x0, 0x1f, 0xff,
    0x20, 0x0, 0x0, 0x0, 0x1, 0xff, 0xf2, 0x0,
    0x0, 0x0, 0x0, 0x1f, 0xff, 0x20, 0x0, 0x0,
    0x0, 0x1, 0xff, 0xf2, 0x0, 0x0, 0x0, 0x0,
    0x1f, 0xff, 0x20, 0x0, 0x0, 0x0, 0x1, 0xff,
    0xf2, 0x0, 0x0, 0x0, 0x0, 0x1f, 0xff, 0x20,
    0x0, 0x0, 0x0, 0x1, 0xff, 0xf2, 0x0, 0x0,
    0x0, 0x0, 0x1f, 0xff, 0x20, 0x0, 0x0, 0x0,
    0x1, 0xff, 0xf2, 0x0, 0x0, 0x6a, 0xaa, 0xbf,
    0xff, 0xba, 0xaa, 0x19, 0xff, 0xff, 0xff, 0xff,
    0xff, 0xf2, 0x9f, 0xff, 0xff, 0xff, 0xff, 0xff,
    0x20,

    /* U+0032 "2" */
    0x0, 0x6, 0xce, 0xfc, 0x93, 0x0, 0x0, 0x4,
    0xef, 0xff, 0xff, 0xff, 0x80, 0x0, 0x5f, 0xff,
    0xea, 0xbe, 0xff, 0xf5, 0x0, 0x8f, 0xf7, 0x0,
    0x0, 0xaf, 0xfe, 0x0, 0x7, 0x50, 0x0, 0x0,
    0xe, 0xff, 0x40, 0x0, 0x0, 0x0, 0x0, 0xb,
    0xff, 0x60, 0x0, 0x0, 0x0, 0x0, 0x9, 0xff,
    0x80, 0x0, 0x0, 0x0, 0x0, 0xb, 0xff, 0x60,
    0x0, 0x0, 0x0, 0x0, 0xf, 0xff, 0x20, 0x0,
    0x0, 0x0, 0x0, 0x6f, 0xfd, 0x0, 0x0, 0x0,
    0x0, 0x0, 0xdf, 0xf4, 0x0, 0x0, 0x0, 0x0,
    0x8, 0xff, 0xc0, 0x0, 0x0, 0x0, 0x0, 0x4f,
    0xff, 0x30, 0x0, 0x0, 0x0, 0x2, 0xff, 0xf6,
    0x0, 0x0, 0x0, 0x0, 0x1e, 0xff, 0xa0, 0x0,
    0x0, 0x0, 0x1, 0xdf, 0xfc, 0x0, 0x0, 0x0,
    0x0, 0x1d, 0xff, 0xc1, 0x0, 0x0, 0x0, 0x2,
    0xdf, 0xfd, 0x10, 0x0, 0x0, 0x0, 0x3e, 0xff,
    0xfb, 0xaa, 0xbb, 0xbb, 0xb6, 0xcf, 0xff, 0xff,
    0xff, 0xff, 0xff, 0xf8, 0xcf, 0xff, 0xff, 0xff,
    0xff, 0xff, 0xf8,

    /* U+0033 "3" */
    0x0, 0x0, 0x6b, 0xef, 0xdb, 0x60, 0x0, 0x0,
    0x2, 0xdf, 0xff, 0xff, 0xff, 0xd2, 0x0, 0x3,
    0xff, 0xff, 0xca, 0xdf, 0xff, 0xd0, 0x0, 0xa,
    0xf7, 0x0, 0x0, 0x6f, 0xff, 0x50, 0x0, 0x2,
    0x0, 0x0, 0x0, 0xbf, 0xf9, 0x0, 0x0, 0x0,
    0x0, 0x0, 0x9, 0xff, 0x90, 0x0, 0x0, 0x0,
    0x0, 0x0, 0xdf, 0xf6, 0x0, 0x0, 0x0, 0x0,
    0x1, 0xaf, 0xfe, 0x0, 0x0, 0x0, 0x7, 0x8a,
    0xff, 0xfe, 0x20, 0x0, 0x0, 0x0, 0xff, 0xff,
    0xf9, 0x0, 0x0, 0x0, 0x0, 0xf, 0xff, 0xff,
    0xfb, 0x10, 0x0, 0x0, 0x0, 0x1, 0x37, 0xef,
    0xfe, 0x20, 0x0, 0x0, 0x0, 0x0, 0x0, 0xcf,
    0xfb, 0x0, 0x0, 0x0, 0x0, 0x0, 0x2, 0xff,
    0xf2, 0x0, 0x0, 0x0, 0x0, 0x0, 0xe, 0xff,
    0x40, 0x0, 0x0, 0x0, 0x0, 0x0, 0xff, 0xf5,
    0x1, 0xb2, 0x0, 0x0, 0x0, 0x5f, 0xff, 0x20,
    0xbf, 0xf5, 0x0, 0x0, 0x4e, 0xff, 0xc0, 0xc,
    0xff, 0xfe, 0xcb, 0xdf, 0xff, 0xe2, 0x0, 0x9,
    0xff, 0xff, 0xff, 0xff, 0xd4, 0x0, 0x0, 0x2,
    0x8c, 0xef, 0xdb, 0x60, 0x0, 0x0,

    /* U+0034 "4" */
    0x0, 0x0, 0x0, 0x0, 0x8f, 0xff, 0x80, 0x0,
    0x0, 0x0, 0x0, 0x2, 0xff, 0xff, 0x80, 0x0,
    0x0, 0x0, 0x0, 0xc, 0xff, 0xff, 0x80, 0x0,
    0x0, 0x0, 0x0, 0x6f, 0xfc, 0xff, 0x80, 0x0,
    0x0, 0x0, 0x1, 0xef, 0xe7, 0xff, 0x80, 0x0,
    0x0, 0x0, 0x9, 0xff, 0x67, 0xff, 0x80, 0x0,
    0x0, 0x0, 0x3f, 0xfe, 0x7, 0xff, 0x80, 0x0,
    0x0, 0x0, 0xdf, 0xf4, 0x8, 0xff, 0x80, 0x0,
    0x0, 0x7, 0xff, 0xa0, 0x8, 0xff, 0x80, 0x0,
    0x0, 0x1f, 0xfe, 0x10, 0x8, 0xff, 0x80, 0x0,
    0x0, 0xbf, 0xf6, 0x0, 0x8, 0xff, 0x80, 0x0,
    0x4, 0xff, 0xc0, 0x0, 0x8, 0xff, 0x80, 0x0,
    0xe, 0xff, 0x20, 0x0, 0x8, 0xff, 0x80, 0x0,
    0x6f, 0xff, 0xff, 0xff, 0xff, 0xff, 0xff, 0xf1,
    0x6f, 0xff, 0xff, 0xff, 0xff, 0xff, 0xff, 0xf1,
    0x38, 0x88, 0x88, 0x88, 0x8c, 0xff, 0xc8, 0x81,
    0x0, 0x0, 0x0, 0x0, 0x8, 0xff, 0x80, 0x0,
    0x0, 0x0, 0x0, 0x0, 0x8, 0xff, 0x80, 0x0,
    0x0, 0x0, 0x0, 0x0, 0x8, 0xff, 0x80, 0x0,
    0x0, 0x0, 0x0, 0x0, 0x8, 0xff, 0x80, 0x0,
    0x0, 0x0, 0x0, 0x0, 0x8, 0xff, 0x80, 0x0,

    /* U+0035 "5" */
    0x0, 0xf, 0xff, 0xff, 0xff, 0xff, 0xf7, 0x0,
    0x1, 0xff, 0xff, 0xff, 0xff, 0xff, 0x70, 0x0,
    0x2f, 0xff, 0xcc, 0xcc, 0xcc, 0xc5, 0x0, 0x3,
    0xff, 0xc0, 0x0, 0x0, 0x0, 0x0, 0x0, 0x4f,
    0xfa, 0x0, 0x0, 0x0, 0x0, 0x0, 0x5, 0xff,
    0x80, 0x0, 0x0, 0x0, 0x0, 0x0, 0x6f, 0xf7,
    0x0, 0x0, 0x0, 0x0, 0x0, 0x7, 0xff, 0xab,
    0xef, 0xc9, 0x10, 0x0, 0x0, 0x8f, 0xff, 0xff,
    0xff, 0xff, 0x60, 0x0, 0x6, 0xff, 0xc8, 0x79,
    0xff, 0xff, 0x20, 0x0, 0x4, 0x40, 0x0, 0x2,
    0xef, 0xfc, 0x0, 0x0, 0x0, 0x0, 0x0, 0x5,
    0xff, 0xf1, 0x0, 0x0, 0x0, 0x0, 0x0, 0xf,
    0xff, 0x40, 0x0, 0x0, 0x0, 0x0, 0x0, 0xdf,
    0xf6, 0x0, 0x0, 0x0, 0x0, 0x0, 0xe, 0xff,
    0x60, 0x0, 0x0, 0x0, 0x0, 0x1, 0xff, 0xf3,
    0x1, 0xa1, 0x0, 0x0, 0x0, 0x9f, 0xfe, 0x0,
    0xbf, 0xe4, 0x0, 0x0, 0x8f, 0xff, 0x60, 0x1d,
    0xff, 0xfe, 0xbb, 0xef, 0xff, 0xb0, 0x0, 0x9,
    0xff, 0xff, 0xff, 0xff, 0xa1, 0x0, 0x0, 0x2,
    0x8c, 0xef, 0xda, 0x40, 0x0, 0x0,

    /* U+0036 "6" */
    0x0, 0x0, 0x6, 0xce, 0xfd, 0x93, 0x0, 0x0,
    0x2, 0xdf, 0xff, 0xff, 0xff, 0x70, 0x0, 0x2e,
    0xff, 0xfd, 0xbe, 0xff, 0xf2, 0x0, 0xcf, 0xfd,
    0x20, 0x0, 0x4d, 0x30, 0x5, 0xff, 0xd0, 0x0,
    0x0, 0x0, 0x0, 0xb, 0xff, 0x50, 0x0, 0x0,
    0x0, 0x0, 0xf, 0xff, 0x0, 0x0, 0x0, 0x0,
    0x0, 0x3f, 0xfb, 0x0, 0x15, 0x41, 0x0, 0x0,
    0x5f, 0xf9, 0x1a, 0xff, 0xff, 0xd3, 0x0, 0x6f,
    0xfa, 0xdf, 0xff, 0xff, 0xff, 0x40, 0x7f, 0xff,
    0xf9, 0x20, 0x3c, 0xff, 0xd0, 0x7f, 0xff, 0x50,
    0x0, 0x0, 0xdf, 0xf5, 0x6f, 0xfa, 0x0, 0x0,
    0x0, 0x7f, 0xf8, 0x5f, 0xfb, 0x0, 0x0, 0x0,
    0x4f, 0xfa, 0x2f, 0xfe, 0x0, 0x0, 0x0, 0x4f,
    0xfa, 0xe, 0xff, 0x20, 0x0, 0x0, 0x6f, 0xf8,
    0x8, 0xff, 0x90, 0x0, 0x0, 0xbf, 0xf5, 0x1,
    0xff, 0xf6, 0x0, 0x6, 0xff, 0xe0, 0x0, 0x6f,
    0xff, 0xc8, 0xbf, 0xff, 0x40, 0x0, 0x7, 0xff,
    0xff, 0xff, 0xf6, 0x0, 0x0, 0x0, 0x39, 0xef,
    0xd9, 0x20, 0x0,

    /* U+0037 "7" */
    0x9f, 0xff, 0xff, 0xff, 0xff, 0xff, 0xfa, 0x9f,
    0xff, 0xff, 0xff, 0xff, 0xff, 0xfa, 0x7c, 0xcc,
    0xcc, 0xcc, 0xcc, 0xff, 0xf4, 0x0, 0x0, 0x0,
    0x0, 0x5, 0xff, 0x80, 0x0, 0x0, 0x0, 0x0,
    0x1e, 0xfd, 0x0, 0x0, 0x0, 0x0, 0x0, 0x9f,
    0xf4, 0x0, 0x0, 0x0, 0x0, 0x3, 0xff, 0xa0,
    0x0, 0x0, 0x0, 0x0, 0xa, 0xff, 0x30, 0x0,
    0x0, 0x0, 0x0, 0x1f, 0xfc, 0x0, 0x0, 0x0,
    0x0, 0x0, 0x7f, 0xf6, 0x0, 0x0, 0x0, 0x0,
    0x0, 0xdf, 0xf1, 0x0, 0x0, 0x0, 0x0, 0x3,
    0xff, 0xd0, 0x0, 0x0, 0x0, 0x0, 0x6, 0xff,
    0xa0, 0x0, 0x0, 0x0, 0x0, 0xa, 0xff, 0x70,
    0x0, 0x0, 0x0, 0x0, 0xd, 0xff, 0x40, 0x0,
    0x0, 0x0, 0x0, 0x1f, 0xff, 0x10, 0x0, 0x0,
    0x0, 0x0, 0x3f, 0xff, 0x0, 0x0, 0x0, 0x0,
    0x0, 0x4f, 0xfe, 0x0, 0x0, 0x0, 0x0, 0x0,
    0x5f, 0xfd, 0x0, 0x0, 0x0, 0x0, 0x0, 0x7f,
    0xfc, 0x0, 0x0, 0x0, 0x0, 0x0, 0x8f, 0xfb,
    0x0, 0x0, 0x0,

    /* U+0038 "8" */
    0x0, 0x0, 0x7b, 0xee, 0xc8, 0x10, 0x0, 0x0,
    0x2e, 0xff, 0xff, 0xff, 0xe4, 0x0, 0x0, 0xdf,
    0xfc, 0x77, 0xbf, 0xfe, 0x10, 0x6, 0xff, 0xb0,
    0x0, 0x9, 0xff, 0x80, 0xa, 0xff, 0x40, 0x0,
    0x0, 0xff, 0xc0, 0xb, 0xff, 0x20, 0x0, 0x0,
    0xdf, 0xe0, 0x9, 0xff, 0x50, 0x0, 0x0, 0xff,
    0xb0, 0x3, 0xff, 0xd1, 0x0, 0x3, 0xff, 0x60,
    0x0, 0x8f, 0xfd, 0x40, 0xc, 0xfc, 0x0, 0x0,
    0x8, 0xff, 0xfc, 0xaf, 0xd1, 0x0, 0x0, 0x8,
    0xff, 0xff, 0xff, 0x80, 0x0, 0x0, 0xcf, 0xe3,
    0x6d, 0xff, 0xfc, 0x0, 0xb, 0xff, 0x30, 0x0,
    0x6f, 0xff, 0xa0, 0x4f, 0xf8, 0x0, 0x0, 0x3,
    0xff, 0xf3, 0x8f, 0xf3, 0x0, 0x0, 0x0, 0xaf,
    0xf7, 0xaf, 0xf3, 0x0, 0x0, 0x0, 0x6f, 0xf9,
    0x9f, 0xf7, 0x0, 0x0, 0x0, 0x9f, 0xf7, 0x4f,
    0xff, 0x30, 0x0, 0x3, 0xff, 0xf3, 0x9, 0xff,
    0xfa, 0x76, 0x9f, 0xff, 0x90, 0x0, 0x9f, 0xff,
    0xff, 0xff, 0xfa, 0x0, 0x0, 0x2, 0x9c, 0xee,
    0xc9, 0x20, 0x0,

    /* U+0039 "9" */
    0x0, 0x3, 0xad, 0xfd, 0x92, 0x0, 0x0, 0x0,
    0x8f, 0xff, 0xff, 0xff, 0x70, 0x0, 0x6, 0xff,
    0xfb, 0x9c, 0xff, 0xf6, 0x0, 0x1f, 0xff, 0x50,
    0x0, 0x5f, 0xff, 0x10, 0x6f, 0xfa, 0x0, 0x0,
    0x9, 0xff, 0x80, 0x9f, 0xf5, 0x0, 0x0, 0x1,
    0xff, 0xe0, 0xbf, 0xf3, 0x0, 0x0, 0x0, 0xdf,
    0xf1, 0xaf, 0xf4, 0x0, 0x0, 0x0, 0xaf, 0xf4,
    0x8f, 0xf8, 0x0, 0x0, 0x0, 0xcf, 0xf6, 0x4f,
    0xfe, 0x20, 0x0, 0xa, 0xff, 0xf7, 0xb, 0xff,
    0xe8, 0x68, 0xef, 0xef, 0xf6, 0x2, 0xdf, 0xff,
    0xff, 0xf8, 0x9f, 0xf5, 0x0, 0x7, 0xce, 0xeb,
    0x30, 0xaf, 0xf4, 0x0, 0x0, 0x0, 0x0, 0x0,
    0xdf, 0xf1, 0x0, 0x0, 0x0, 0x0, 0x1, 0xff,
    0xe0, 0x0, 0x0, 0x0, 0x0, 0x7, 0xff, 0x90,
    0x0, 0x0, 0x0, 0x0, 0x1e, 0xff, 0x30, 0x5,
    0xe4, 0x0, 0x2, 0xdf, 0xfb, 0x0, 0x2f, 0xff,
    0xeb, 0xdf, 0xff, 0xe1, 0x0, 0x7, 0xff, 0xff,
    0xff, 0xfd, 0x20, 0x0, 0x0, 0x39, 0xdf, 0xec,
    0x60, 0x0, 0x0,

    /* U+003A ":" */
    0x3d, 0xe7, 0xc, 0xff, 0xf2, 0xef, 0xff, 0x4a,
    0xff, 0xe1, 0x6, 0x82, 0x0, 0x0, 0x0, 0x0,
    0x0, 0x0, 0x0, 0x0, 0x0, 0x0, 0x0, 0x0,
    0x0, 0x0, 0x0, 0x0, 0x68, 0x20, 0xaf, 0xfe,
    0xe, 0xff, 0xf4, 0xdf, 0xff, 0x23, 0xde, 0x70,

    /* U+003B ";" */
    0x3, 0xde, 0x70, 0xc, 0xff, 0xf2, 0xe, 0xff,
    0xf4, 0xa, 0xff, 0xe1, 0x0, 0x68, 0x20, 0x0,
    0x0, 0x0, 0x0, 0x0, 0x0, 0x0, 0x0, 0x0,
    0x0, 0x0, 0x0, 0x0, 0x0, 0x0, 0x0, 0x0,
    0x0, 0x0, 0x1, 0x0, 0x5, 0xff, 0xc0, 0xd,
    0xff, 0xf7, 0xc, 0xff, 0xfb, 0x3, 0xdf, 0xfc,
    0x0, 0x8, 0xf9, 0x0, 0xd, 0xf6, 0x0, 0x8f,
    0xe0, 0x2b, 0xff, 0x40, 0x4f, 0xf5, 0x0, 0x7,
    0x10, 0x0,

    /* U+003C "<" */
    0x0, 0x0, 0x0, 0x0, 0x0, 0x0, 0x1, 0x0,
    0x0, 0x0, 0x0, 0x0, 0x5, 0xbe, 0x0, 0x0,
    0x0, 0x0, 0x28, 0xef, 0xfe, 0x0, 0x0, 0x0,
    0x5c, 0xff, 0xff, 0xf9, 0x0, 0x2, 0x9e, 0xff,
    0xff, 0xb5, 0x0, 0x6, 0xcf, 0xff, 0xfd, 0x71,
    0x0, 0x0, 0xef, 0xff, 0xe9, 0x30, 0x0, 0x0,
    0x0, 0xef, 0xfc, 0x20, 0x0, 0x0, 0x0, 0x0,
    0xcf, 0xff, 0xfb, 0x50, 0x0, 0x0, 0x0, 0x3,
    0x9f, 0xff, 0xff, 0xa4, 0x0, 0x0, 0x0, 0x0,
    0x6c, 0xff, 0xff, 0xe8, 0x20, 0x0, 0x0, 0x0,
    0x29, 0xef, 0xff, 0xfb, 0x0, 0x0, 0x0, 0x0,
    0x5, 0xcf, 0xfe, 0x0, 0x0, 0x0, 0x0, 0x0,
    0x2, 0x8c, 0x0, 0x0, 0x0, 0x0, 0x0, 0x0,
    0x0,

    /* U+003D "=" */
    0xef, 0xff, 0xff, 0xff, 0xff, 0xff, 0xfe, 0xef,
    0xff, 0xff, 0xff, 0xff, 0xff, 0xfe, 0x55, 0x55,
    0x55, 0x55, 0x55, 0x55, 0x55, 0x0, 0x0, 0x0,
    0x0, 0x0, 0x0, 0x0, 0x0, 0x0, 0x0, 0x0,
    0x0, 0x0, 0x0, 0x0, 0x0, 0x0, 0x0, 0x0,
    0x0, 0x0, 0x0, 0x0, 0x0, 0x0, 0x0, 0x0,
    0x0, 0xef, 0xff, 0xff, 0xff, 0xff, 0xff, 0xfe,
    0xef, 0xff, 0xff, 0xff, 0xff, 0xff, 0xfe, 0x55,
    0x55, 0x55, 0x55, 0x55, 0x55, 0x55,

    /* U+003E ">" */
    0x10, 0x0, 0x0, 0x0, 0x0, 0x0, 0x0, 0xeb,
    0x40, 0x0, 0x0, 0x0, 0x0, 0x0, 0xef, 0xfe,
    0x82, 0x0, 0x0, 0x0, 0x0, 0x9f, 0xff, 0xff,
    0xb5, 0x0, 0x0, 0x0, 0x0, 0x5b, 0xff, 0xff,
    0xe8, 0x20, 0x0, 0x0, 0x0, 0x17, 0xdf, 0xff,
    0xfc, 0x50, 0x0, 0x0, 0x0, 0x3, 0x9e, 0xff,
    0xfd, 0x0, 0x0, 0x0, 0x0, 0x2, 0xcf, 0xfe,
    0x0, 0x0, 0x0, 0x6, 0xbf, 0xff, 0xfb, 0x0,
    0x0, 0x4a, 0xff, 0xff, 0xf9, 0x30, 0x3, 0x8e,
    0xff, 0xff, 0xc5, 0x0, 0x0, 0xcf, 0xff, 0xfe,
    0x82, 0x0, 0x0, 0x0, 0xef, 0xfb, 0x50, 0x0,
    0x0, 0x0, 0x0, 0xd8, 0x20, 0x0, 0x0, 0x0,
    0x0, 0x0, 0x0, 0x0, 0x0, 0x0, 0x0, 0x0,
    0x0,

    /* U+003F "?" */
    0x0, 0x28, 0xdf, 0xec, 0x60, 0x0, 0x7, 0xff,
    0xff, 0xff, 0xfd, 0x10, 0x7f, 0xff, 0xeb, 0xdf,
    0xff, 0xa0, 0x1c, 0xd3, 0x0, 0x8, 0xff, 0xf0,
    0x0, 0x0, 0x0, 0x0, 0xff, 0xf3, 0x0, 0x0,
    0x0, 0x0, 0xef, 0xf3, 0x0, 0x0, 0x0, 0x2,
    0xff, 0xe0, 0x0, 0x0, 0x0, 0xc, 0xff, 0x60,
    0x0, 0x0, 0x0, 0xaf, 0xfa, 0x0, 0x0, 0x0,
    0x6, 0xff, 0xd0, 0x0, 0x0, 0x0, 0x2f, 0xff,
    0x20, 0x0, 0x0, 0x0, 0xbf, 0xf6, 0x0, 0x0,
    0x0, 0x0, 0xff, 0xf0, 0x0, 0x0, 0x0, 0x0,
    0xff, 0xd0, 0x0, 0x0, 0x0, 0x0, 0x22, 0x10,
    0x0, 0x0, 0x0, 0x0, 0x0, 0x0, 0x0, 0x0,
    0x0, 0x0, 0x58, 0x40, 0x0, 0x0, 0x0, 0x5,
    0xff, 0xf3, 0x0, 0x0, 0x0, 0xa, 0xff, 0xf8,
    0x0, 0x0, 0x0, 0x8, 0xff, 0xf6, 0x0, 0x0,
    0x0, 0x1, 0xbf, 0xa0, 0x0, 0x0,

    /* U+0040 "@" */
    0x0, 0x0, 0x0, 0x0, 0x2, 0x7b, 0xdf, 0xfd,
    0xb7, 0x20, 0x0, 0x0, 0x0, 0x0, 0x0, 0x0,
    0x3c, 0xff, 0xff, 0xff, 0xff, 0xff, 0xa2, 0x0,
    0x0, 0x0, 0x0, 0x0, 0xaf, 0xff, 0xb6, 0x32,
    0x23, 0x7b, 0xff, 0xe4, 0x0, 0x0, 0x0, 0x1,
    0xcf, 0xfa, 0x20, 0x0, 0x0, 0x0, 0x3, 0xdf,
    0xf3, 0x0, 0x0, 0x0, 0xdf, 0xf5, 0x0, 0x0,
    0x0, 0x0, 0x0, 0x0, 0xcf, 0xe0, 0x0, 0x0,
    0xaf, 0xf3, 0x0, 0x0, 0x0, 0x0, 0x0, 0x0,
    0x1, 0xef, 0x70, 0x0, 0x5f, 0xf6, 0x0, 0x0,
    0x0, 0x0, 0x0, 0x0, 0x0, 0x7, 0xfe, 0x0,
    0xd, 0xfb, 0x0, 0x0, 0x3, 0xbe, 0xe8, 0x1b,
    0xb0, 0x0, 0xf, 0xf3, 0x5, 0xff, 0x20, 0x0,
    0x5, 0xff, 0xff, 0xfc, 0xfc, 0x0, 0x0, 0xcf,
    0x60, 0xaf, 0xb0, 0x0, 0x5, 0xff, 0xc6, 0x4c,
    0xff, 0x90, 0x0, 0x9, 0xf8, 0xe, 0xf6, 0x0,
    0x0, 0xef, 0xc0, 0x0, 0x2f, 0xf6, 0x0, 0x0,
    0x8f, 0x92, 0xff, 0x20, 0x0, 0x7f, 0xf2, 0x0,
    0x3, 0xff, 0x30, 0x0, 0x9, 0xf9, 0x4f, 0xf0,
    0x0, 0xc, 0xfb, 0x0, 0x0, 0x6f, 0xf0, 0x0,
    0x0, 0xcf, 0x75, 0xfe, 0x0, 0x0, 0xef, 0x80,
    0x0, 0x9, 0xfc, 0x0, 0x0, 0xe, 0xf4, 0x6f,
    0xe0, 0x0, 0x1f, 0xf7, 0x0, 0x0, 0xbf, 0xa0,
    0x0, 0x6, 0xfe, 0x5, 0xff, 0x0, 0x0, 0xff,
    0x90, 0x0, 0x2f, 0xf9, 0x0, 0x2, 0xef, 0x70,
    0x4f, 0xf1, 0x0, 0xc, 0xff, 0x41, 0x5e, 0xff,
    0xe3, 0x15, 0xef, 0xd0, 0x1, 0xff, 0x50, 0x0,
    0x3f, 0xff, 0xff, 0xe4, 0xff, 0xff, 0xff, 0xd1,
    0x0, 0xc, 0xfa, 0x0, 0x0, 0x4d, 0xff, 0xa1,
    0x4, 0xdf, 0xfe, 0x80, 0x0, 0x0, 0x7f, 0xf2,
    0x0, 0x0, 0x1, 0x0, 0x0, 0x0, 0x11, 0x0,
    0x0, 0x0, 0x0, 0xef, 0xc0, 0x0, 0x0, 0x0,
    0x0, 0x0, 0x0, 0x0, 0x0, 0x0, 0x0, 0x6,
    0xff, 0xa0, 0x0, 0x0, 0x0, 0x0, 0x0, 0x0,
    0x0, 0x0, 0x0, 0x0, 0x9, 0xff, 0xc3, 0x0,
    0x0, 0x0, 0x0, 0x32, 0x0, 0x0, 0x0, 0x0,
    0x0, 0x8, 0xff, 0xfc, 0x74, 0x22, 0x47, 0xcf,
    0x90, 0x0, 0x0, 0x0, 0x0, 0x0, 0x4, 0xcf,
    0xff, 0xff, 0xff, 0xff, 0xf9, 0x0, 0x0, 0x0,
    0x0, 0x0, 0x0, 0x0, 0x38, 0xce, 0xfe, 0xca,
    0x61, 0x0, 0x0, 0x0, 0x0,

    /* U+0041 "A" */
    0x0, 0x0, 0x0, 0x5f, 0xff, 0xb0, 0x0, 0x0,
    0x0, 0x0, 0x0, 0x0, 0xaf, 0xff, 0xf1, 0x0,
    0x0, 0x0, 0x0, 0x0, 0x0, 0xff, 0xef, 0xf6,
    0x0, 0x0, 0x0, 0x0, 0x0, 0x4, 0xff, 0x6f,
    0xfb, 0x0, 0x0, 0x0, 0x0, 0x0, 0xa, 0xff,
    0x1c, 0xff, 0x10, 0x0, 0x0, 0x0, 0x0, 0xf,
    0xfc, 0x7, 0xff, 0x50, 0x0, 0x0, 0x0, 0x0,
    0x4f, 0xf7, 0x3, 0xff, 0xb0, 0x0, 0x0, 0x0,
    0x0, 0x9f, 0xf3, 0x0, 0xef, 0xf0, 0x0, 0x0,
    0x0, 0x0, 0xef, 0xf0, 0x0, 0xaf, 0xf5, 0x0,
    0x0, 0x0, 0x4, 0xff, 0xa0, 0x0, 0x6f, 0xfa,
    0x0, 0x0, 0x0, 0x9, 0xff, 0x60, 0x0, 0x1f,
    0xff, 0x0, 0x0, 0x0, 0xe, 0xff, 0x10, 0x0,
    0xd, 0xff, 0x50, 0x0, 0x0, 0x3f, 0xff, 0x99,
    0x99, 0x9d, 0xff, 0xa0, 0x0, 0x0, 0x9f, 0xff,
    0xff, 0xff, 0xff, 0xff, 0xf0, 0x0, 0x0, 0xef,
    0xff, 0xff, 0xff, 0xff, 0xff, 0xf4, 0x0, 0x3,
    0xff, 0xe0, 0x0, 0x0, 0x0, 0x9f, 0xfa, 0x0,
    0x8, 0xff, 0x90, 0x0, 0x0, 0x0, 0x5f, 0xfe,
    0x0, 0xd, 0xff, 0x50, 0x0, 0x0, 0x0, 0xf,
    0xff, 0x40, 0x3f, 0xff, 0x0, 0x0, 0x0, 0x0,
    0xc, 0xff, 0x90, 0x8f, 0xfb, 0x0, 0x0, 0x0,
    0x0, 0x7, 0xff, 0xe0, 0xdf, 0xf7, 0x0, 0x0,
    0x0, 0x0, 0x2, 0xff, 0xf4,

    /* U+0042 "B" */
    0x4f, 0xff, 0xff, 0xff, 0xdc, 0x82, 0x0, 0x0,
    0x4f, 0xff, 0xff, 0xff, 0xff, 0xff, 0x90, 0x0,
    0x4f, 0xff, 0x99, 0x9a, 0xbf, 0xff, 0xf8, 0x0,
    0x4f, 0xff, 0x0, 0x0, 0x1, 0xbf, 0xff, 0x10,
    0x4f, 0xff, 0x0, 0x0, 0x0, 0x1f, 0xff, 0x40,
    0x4f, 0xff, 0x0, 0x0, 0x0, 0xd, 0xff, 0x50,
    0x4f, 0xff, 0x0, 0x0, 0x0, 0xf, 0xff, 0x30,
    0x4f, 0xff, 0x0, 0x0, 0x0, 0x6f, 0xfd, 0x0,
    0x4f, 0xff, 0x0, 0x1, 0x39, 0xff, 0xf4, 0x0,
    0x4f, 0xff, 0xff, 0xff, 0xff, 0xfd, 0x40, 0x0,
    0x4f, 0xff, 0xff, 0xff, 0xff, 0xfe, 0x81, 0x0,
    0x4f, 0xff, 0x77, 0x77, 0x9b, 0xff, 0xfe, 0x30,
    0x4f, 0xff, 0x0, 0x0, 0x0, 0x1b, 0xff, 0xd0,
    0x4f, 0xff, 0x0, 0x0, 0x0, 0x0, 0xff, 0xf4,
    0x4f, 0xff, 0x0, 0x0, 0x0, 0x0, 0xcf, 0xf6,
    0x4f, 0xff, 0x0, 0x0, 0x0, 0x0, 0xdf, 0xf7,
    0x4f, 0xff, 0x0, 0x0, 0x0, 0x2, 0xff, 0xf4,
    0x4f, 0xff, 0x0, 0x0, 0x0, 0x4e, 0xff, 0xe0,
    0x4f, 0xff, 0x99, 0x99, 0xbd, 0xff, 0xff, 0x30,
    0x4f, 0xff, 0xff, 0xff, 0xff, 0xff, 0xd4, 0x0,
    0x4f, 0xff, 0xff, 0xff, 0xec, 0xa4, 0x0, 0x0,

    /* U+0043 "C" */
    0x0, 0x0, 0x0, 0x5a, 0xdf, 0xec, 0x71, 0x0,
    0x0, 0x0, 0x4, 0xdf, 0xff, 0xff, 0xff, 0xf7,
    0x0, 0x0, 0x5, 0xff, 0xff, 0xfe, 0xff, 0xff,
    0xf7, 0x0, 0x3, 0xff, 0xff, 0x71, 0x0, 0x39,
    0xfe, 0x10, 0x0, 0xef, 0xfe, 0x30, 0x0, 0x0,
    0x4, 0x20, 0x0, 0x6f, 0xff, 0x40, 0x0, 0x0,
    0x0, 0x0, 0x0, 0xc, 0xff, 0xc0, 0x0, 0x0,
    0x0, 0x0, 0x0, 0x0, 0xff, 0xf5, 0x0, 0x0,
    0x0, 0x0, 0x0, 0x0, 0x3f, 0xff, 0x30, 0x0,
    0x0, 0x0, 0x0, 0x0, 0x5, 0xff, 0xf0, 0x0,
    0x0, 0x0, 0x0, 0x0, 0x0, 0x6f, 0xff, 0x0,
    0x0, 0x0, 0x0, 0x0, 0x0, 0x5, 0xff, 0xf0,
    0x0, 0x0, 0x0, 0x0, 0x0, 0x0, 0x4f, 0xff,
    0x20, 0x0, 0x0, 0x0, 0x0, 0x0, 0x1, 0xff,
    0xf5, 0x0, 0x0, 0x0, 0x0, 0x0, 0x0, 0xd,
    0xff, 0xb0, 0x0, 0x0, 0x0, 0x0, 0x0, 0x0,
    0x7f, 0xff, 0x30, 0x0, 0x0, 0x0, 0x0, 0x0,
    0x0, 0xef, 0xfd, 0x20, 0x0, 0x0, 0x4, 0xb0,
    0x0, 0x5, 0xff, 0xff, 0x60, 0x0, 0x28, 0xff,
    0xb0, 0x0, 0x7, 0xff, 0xff, 0xfe, 0xff, 0xff,
    0xfa, 0x0, 0x0, 0x5, 0xef, 0xff, 0xff, 0xff,
    0xf7, 0x0, 0x0, 0x0, 0x0, 0x6b, 0xef, 0xec,
    0x82, 0x0, 0x0,

    /* U+0044 "D" */
    0x4f, 0xff, 0xff, 0xfe, 0xc8, 0x30, 0x0, 0x0,
    0x4f, 0xff, 0xff, 0xff, 0xff, 0xfb, 0x20, 0x0,
    0x4f, 0xff, 0xbb, 0xcf, 0xff, 0xff, 0xe4, 0x0,
    0x4f, 0xff, 0x0, 0x0, 0x2a, 0xff, 0xfe, 0x10,
    0x4f, 0xff, 0x0, 0x0, 0x0, 0x5f, 0xff, 0xa0,
    0x4f, 0xff, 0x0, 0x0, 0x0, 0x7, 0xff, 0xf2,
    0x4f, 0xff, 0x0, 0x0, 0x0, 0x0, 0xff, 0xf7,
    0x4f, 0xff, 0x0, 0x0, 0x0, 0x0, 0xbf, 0xfb,
    0x4f, 0xff, 0x0, 0x0, 0x0, 0x0, 0x8f, 0xfd,
    0x4f, 0xff, 0x0, 0x0, 0x0, 0x0, 0x6f, 0xfe,
    0x4f, 0xff, 0x0, 0x0, 0x0, 0x0, 0x6f, 0xff,
    0x4f, 0xff, 0x0, 0x0, 0x0, 0x0, 0x7f, 0xfe,
    0x4f, 0xff, 0x0, 0x0, 0x0, 0x0, 0xaf, 0xfd,
    0x4f, 0xff, 0x0, 0x0, 0x0, 0x0, 0xcf, 0xfa,
    0x4f, 0xff, 0x0, 0x0, 0x0, 0x2, 0xff, 0xf7,
    0x4f, 0xff, 0x0, 0x0, 0x0, 0xa, 0xff, 0xf1,
    0x4f, 0xff, 0x0, 0x0, 0x0, 0x6f, 0xff, 0xa0,
    0x4f, 0xff, 0x0, 0x0, 0x2b, 0xff, 0xfe, 0x10,
    0x4f, 0xff, 0xab, 0xcf, 0xff, 0xff, 0xe3, 0x0,
    0x4f, 0xff, 0xff, 0xff, 0xff, 0xfb, 0x20, 0x0,
    0x4f, 0xff, 0xff, 0xfe, 0xc8, 0x30, 0x0, 0x0,

    /* U+0045 "E" */
    0x4f, 0xff, 0xff, 0xff, 0xff, 0xff, 0xe0, 0x4f,
    0xff, 0xff, 0xff, 0xff, 0xff, 0xe0, 0x4f, 0xff,
    0xcc, 0xcc, 0xcc, 0xcc, 0xb0, 0x4f, 0xff, 0x0,
    0x0, 0x0, 0x0, 0x0, 0x4f, 0xff, 0x0, 0x0,
    0x0, 0x0, 0x0, 0x4f, 0xff, 0x0, 0x0, 0x0,
    0x0, 0x0, 0x4f, 0xff, 0x0, 0x0, 0x0, 0x0,
    0x0, 0x4f, 0xff, 0x0, 0x0, 0x0, 0x0, 0x0,
    0x4f, 0xff, 0x0, 0x0, 0x0, 0x0, 0x0, 0x4f,
    0xff, 0xff, 0xff, 0xff, 0xf8, 0x0, 0x4f, 0xff,
    0xff, 0xff, 0xff, 0xf8, 0x0, 0x4f, 0xff, 0xcc,
    0xcc, 0xcc, 0xc6, 0x0, 0x4f, 0xff, 0x0, 0x0,
    0x0, 0x0, 0x0, 0x4f, 0xff, 0x0, 0x0, 0x0,
    0x0, 0x0, 0x4f, 0xff, 0x0, 0x0, 0x0, 0x0,
    0x0, 0x4f, 0xff, 0x0, 0x0, 0x0, 0x0, 0x0,
    0x4f, 0xff, 0x0, 0x0, 0x0, 0x0, 0x0, 0x4f,
    0xff, 0x0, 0x0, 0x0, 0x0, 0x0, 0x4f, 0xff,
    0xcc, 0xcc, 0xcc, 0xcc, 0xc2, 0x4f, 0xff, 0xff,
    0xff, 0xff, 0xff, 0xf3, 0x4f, 0xff, 0xff, 0xff,
    0xff, 0xff, 0xf3,

    /* U+0046 "F" */
    0x4f, 0xff, 0xff, 0xff, 0xff, 0xff, 0xe4, 0xff,
    0xff, 0xff, 0xff, 0xff, 0xfe, 0x4f, 0xff, 0xcc,
    0xcc, 0xcc, 0xcc, 0xb4, 0xff, 0xf0, 0x0, 0x0,
    0x0, 0x0, 0x4f, 0xff, 0x0, 0x0, 0x0, 0x0,
    0x4, 0xff, 0xf0, 0x0, 0x0, 0x0, 0x0, 0x4f,
    0xff, 0x0, 0x0, 0x0, 0x0, 0x4, 0xff, 0xf0,
    0x0, 0x0, 0x0, 0x0, 0x4f, 0xff, 0x0, 0x0,
    0x0, 0x0, 0x4, 0xff, 0xfb, 0xbb, 0xbb, 0xbb,
    0x60, 0x4f, 0xff, 0xff, 0xff, 0xff, 0xf9, 0x4,
    0xff, 0xff, 0xff, 0xff, 0xff, 0x90, 0x4f, 0xff,
    0x0, 0x0, 0x0, 0x0, 0x4, 0xff, 0xf0, 0x0,
    0x0, 0x0, 0x0, 0x4f, 0xff, 0x0, 0x0, 0x0,
    0x0, 0x4, 0xff, 0xf0, 0x0, 0x0, 0x0, 0x0,
    0x4f, 0xff, 0x0, 0x0, 0x0, 0x0, 0x4, 0xff,
    0xf0, 0x0, 0x0, 0x0, 0x0, 0x4f, 0xff, 0x0,
    0x0, 0x0, 0x0, 0x4, 0xff, 0xf0, 0x0, 0x0,
    0x0, 0x0, 0x4f, 0xff, 0x0, 0x0, 0x0, 0x0,
    0x0,

    /* U+0047 "G" */
    0x0, 0x0, 0x0, 0x49, 0xde, 0xfd, 0xa5, 0x0,
    0x0, 0x0, 0x3, 0xcf, 0xff, 0xff, 0xff, 0xfc,
    0x20, 0x0, 0x5, 0xff, 0xff, 0xff, 0xef, 0xff,
    0xfe, 0x10, 0x3, 0xff, 0xff, 0x82, 0x0, 0x14,
    0xcf, 0x80, 0x0, 0xdf, 0xfe, 0x40, 0x0, 0x0,
    0x0, 0x40, 0x0, 0x6f, 0xff, 0x50, 0x0, 0x0,
    0x0, 0x0, 0x0, 0xc, 0xff, 0xc0, 0x0, 0x0,
    0x0, 0x0, 0x0, 0x0, 0xff, 0xf5, 0x0, 0x0,
    0x0, 0x0, 0x0, 0x0, 0x3f, 0xff, 0x30, 0x0,
    0x0, 0x0, 0x0, 0x0, 0x5, 0xff, 0xf0, 0x0,
    0x0, 0x4a, 0xaa, 0xaa, 0xa7, 0x6f, 0xff, 0x0,
    0x0, 0x6, 0xff, 0xff, 0xff, 0xa5, 0xff, 0xf0,
    0x0, 0x0, 0x6f, 0xff, 0xff, 0xfa, 0x4f, 0xff,
    0x30, 0x0, 0x0, 0x0, 0x4, 0xff, 0xa1, 0xff,
    0xf5, 0x0, 0x0, 0x0, 0x0, 0x4f, 0xfa, 0xd,
    0xff, 0xc0, 0x0, 0x0, 0x0, 0x4, 0xff, 0xa0,
    0x7f, 0xff, 0x40, 0x0, 0x0, 0x0, 0x4f, 0xfa,
    0x0, 0xef, 0xfe, 0x40, 0x0, 0x0, 0x4, 0xff,
    0xa0, 0x4, 0xff, 0xff, 0x82, 0x0, 0x4, 0xdf,
    0xfa, 0x0, 0x6, 0xff, 0xff, 0xff, 0xef, 0xff,
    0xff, 0x80, 0x0, 0x4, 0xdf, 0xff, 0xff, 0xff,
    0xfe, 0x70, 0x0, 0x0, 0x0, 0x5a, 0xdf, 0xfd,
    0xb6, 0x10, 0x0,

    /* U+0048 "H" */
    0x4f, 0xff, 0x0, 0x0, 0x0, 0x0, 0x3f, 0xff,
    0x4, 0xff, 0xf0, 0x0, 0x0, 0x0, 0x3, 0xff,
    0xf0, 0x4f, 0xff, 0x0, 0x0, 0x0, 0x0, 0x3f,
    0xff, 0x4, 0xff, 0xf0, 0x0, 0x0, 0x0, 0x3,
    0xff, 0xf0, 0x4f, 0xff, 0x0, 0x0, 0x0, 0x0,
    0x3f, 0xff, 0x4, 0xff, 0xf0, 0x0, 0x0, 0x0,
    0x3, 0xff, 0xf0, 0x4f, 0xff, 0x0, 0x0, 0x0,
    0x0, 0x3f, 0xff, 0x4, 0xff, 0xf0, 0x0, 0x0,
    0x0, 0x3, 0xff, 0xf0, 0x4f, 0xff, 0x0, 0x0,
    0x0, 0x0, 0x3f, 0xff, 0x4, 0xff, 0xff, 0xff,
    0xff, 0xff, 0xff, 0xff, 0xf0, 0x4f, 0xff, 0xff,
    0xff, 0xff, 0xff, 0xff, 0xff, 0x4, 0xff, 0xfd,
    0xdd, 0xdd, 0xdd, 0xde, 0xff, 0xf0, 0x4f, 0xff,
    0x0, 0x0, 0x0, 0x0, 0x3f, 0xff, 0x4, 0xff,
    0xf0, 0x0, 0x0, 0x0, 0x3, 0xff, 0xf0, 0x4f,
    0xff, 0x0, 0x0, 0x0, 0x0, 0x3f, 0xff, 0x4,
    0xff, 0xf0, 0x0, 0x0, 0x0, 0x3, 0xff, 0xf0,
    0x4f, 0xff, 0x0, 0x0, 0x0, 0x0, 0x3f, 0xff,
    0x4, 0xff, 0xf0, 0x0, 0x0, 0x0, 0x3, 0xff,
    0xf0, 0x4f, 0xff, 0x0, 0x0, 0x0, 0x0, 0x3f,
    0xff, 0x4, 0xff, 0xf0, 0x0, 0x0, 0x0, 0x3,
    0xff, 0xf0, 0x4f, 0xff, 0x0, 0x0, 0x0, 0x0,
    0x3f, 0xff, 0x0,

    /* U+0049 "I" */
    0x4f, 0xff, 0x4f, 0xff, 0x4f, 0xff, 0x4f, 0xff,
    0x4f, 0xff, 0x4f, 0xff, 0x4f, 0xff, 0x4f, 0xff,
    0x4f, 0xff, 0x4f, 0xff, 0x4f, 0xff, 0x4f, 0xff,
    0x4f, 0xff, 0x4f, 0xff, 0x4f, 0xff, 0x4f, 0xff,
    0x4f, 0xff, 0x4f, 0xff, 0x4f, 0xff, 0x4f, 0xff,
    0x4f, 0xff,

    /* U+004A "J" */
    0x0, 0x0, 0x0, 0x0, 0x7, 0xff, 0xc0, 0x0,
    0x0, 0x0, 0x0, 0x7f, 0xfc, 0x0, 0x0, 0x0,
    0x0, 0x7, 0xff, 0xc0, 0x0, 0x0, 0x0, 0x0,
    0x7f, 0xfc, 0x0, 0x0, 0x0, 0x0, 0x7, 0xff,
    0xc0, 0x0, 0x0, 0x0, 0x0, 0x7f, 0xfc, 0x0,
    0x0, 0x0, 0x0, 0x7, 0xff, 0xc0, 0x0, 0x0,
    0x0, 0x0, 0x7f, 0xfc, 0x0, 0x0, 0x0, 0x0,
    0x7, 0xff, 0xc0, 0x0, 0x0, 0x0, 0x0, 0x7f,
    0xfc, 0x0, 0x0, 0x0, 0x0, 0x7, 0xff, 0xc0,
    0x0, 0x0, 0x0, 0x0, 0x7f, 0xfc, 0x0, 0x0,
    0x0, 0x0, 0x7, 0xff, 0xc0, 0x0, 0x0, 0x0,
    0x0, 0x7f, 0xfc, 0x0, 0x0, 0x0, 0x0, 0x8,
    0xff, 0xc0, 0x0, 0x0, 0x0, 0x0, 0x9f, 0xfa,
    0x1, 0xa8, 0x0, 0x0, 0xe, 0xff, 0x80, 0xdf,
    0xf8, 0x0, 0x9, 0xff, 0xf2, 0x7, 0xff, 0xff,
    0xef, 0xff, 0xfa, 0x0, 0x8, 0xff, 0xff, 0xff,
    0xfb, 0x10, 0x0, 0x3, 0xad, 0xff, 0xc6, 0x0,
    0x0,

    /* U+004B "K" */
    0x4f, 0xff, 0x0, 0x0, 0x0, 0x8, 0xff, 0xf2,
    0x4, 0xff, 0xf0, 0x0, 0x0, 0x4, 0xff, 0xf5,
    0x0, 0x4f, 0xff, 0x0, 0x0, 0x2, 0xff, 0xf8,
    0x0, 0x4, 0xff, 0xf0, 0x0, 0x0, 0xdf, 0xfb,
    0x0, 0x0, 0x4f, 0xff, 0x0, 0x0, 0xaf, 0xfe,
    0x10, 0x0, 0x4, 0xff, 0xf0, 0x0, 0x7f, 0xff,
    0x30, 0x0, 0x0, 0x4f, 0xff, 0x0, 0x4f, 0xff,
    0x60, 0x0, 0x0, 0x4, 0xff, 0xf0, 0x1e, 0xff,
    0x90, 0x0, 0x0, 0x0, 0x4f, 0xff, 0xc, 0xff,
    0xf5, 0x0, 0x0, 0x0, 0x4, 0xff, 0xf9, 0xff,
    0xff, 0xd0, 0x0, 0x0, 0x0, 0x4f, 0xff, 0xff,
    0xff, 0xff, 0x70, 0x0, 0x0, 0x4, 0xff, 0xff,
    0xf7, 0x6f, 0xff, 0x10, 0x0, 0x0, 0x4f, 0xff,
    0xfb, 0x0, 0xdf, 0xfa, 0x0, 0x0, 0x4, 0xff,
    0xfd, 0x0, 0x4, 0xff, 0xf3, 0x0, 0x0, 0x4f,
    0xff, 0x20, 0x0, 0xb, 0xff, 0xc0, 0x0, 0x4,
    0xff, 0xf0, 0x0, 0x0, 0x2f, 0xff, 0x60, 0x0,
    0x4f, 0xff, 0x0, 0x0, 0x0, 0x9f, 0xfe, 0x0,
    0x4, 0xff, 0xf0, 0x0, 0x0, 0x1, 0xff, 0xf8,
    0x0, 0x4f, 0xff, 0x0, 0x0, 0x0, 0x7, 0xff,
    0xf2, 0x4, 0xff, 0xf0, 0x0, 0x0, 0x0, 0xd,
    0xff, 0xb0, 0x4f, 0xff, 0x0, 0x0, 0x0, 0x0,
    0x5f, 0xff, 0x40,

    /* U+004C "L" */
    0x4f, 0xff, 0x0, 0x0, 0x0, 0x0, 0x4, 0xff,
    0xf0, 0x0, 0x0, 0x0, 0x0, 0x4f, 0xff, 0x0,
    0x0, 0x0, 0x0, 0x4, 0xff, 0xf0, 0x0, 0x0,
    0x0, 0x0, 0x4f, 0xff, 0x0, 0x0, 0x0, 0x0,
    0x4, 0xff, 0xf0, 0x0, 0x0, 0x0, 0x0, 0x4f,
    0xff, 0x0, 0x0, 0x0, 0x0, 0x4, 0xff, 0xf0,
    0x0, 0x0, 0x0, 0x0, 0x4f, 0xff, 0x0, 0x0,
    0x0, 0x0, 0x4, 0xff, 0xf0, 0x0, 0x0, 0x0,
    0x0, 0x4f, 0xff, 0x0, 0x0, 0x0, 0x0, 0x4,
    0xff, 0xf0, 0x0, 0x0, 0x0, 0x0, 0x4f, 0xff,
    0x0, 0x0, 0x0, 0x0, 0x4, 0xff, 0xf0, 0x0,
    0x0, 0x0, 0x0, 0x4f, 0xff, 0x0, 0x0, 0x0,
    0x0, 0x4, 0xff, 0xf0, 0x0, 0x0, 0x0, 0x0,
    0x4f, 0xff, 0x0, 0x0, 0x0, 0x0, 0x4, 0xff,
    0xf0, 0x0, 0x0, 0x0, 0x0, 0x4f, 0xff, 0xcc,
    0xcc, 0xcc, 0xcc, 0x84, 0xff, 0xff, 0xff, 0xff,
    0xff, 0xfb, 0x4f, 0xff, 0xff, 0xff, 0xff, 0xff,
    0xb0,

    /* U+004D "M" */
    0x4f, 0xff, 0x90, 0x0, 0x0, 0x0, 0x0, 0x6f,
    0xff, 0x84, 0xff, 0xff, 0x0, 0x0, 0x0, 0x0,
    0xb, 0xff, 0xf8, 0x4f, 0xff, 0xf5, 0x0, 0x0,
    0x0, 0x1, 0xff, 0xff, 0x84, 0xff, 0xff, 0xa0,
    0x0, 0x0, 0x0, 0x6f, 0xff, 0xf8, 0x4f, 0xfc,
    0xff, 0x10, 0x0, 0x0, 0xc, 0xfc, 0xff, 0x84,
    0xff, 0x8f, 0xf6, 0x0, 0x0, 0x2, 0xff, 0x8f,
    0xf8, 0x4f, 0xf6, 0xdf, 0xb0, 0x0, 0x0, 0x7f,
    0xf4, 0xff, 0x84, 0xff, 0x78, 0xff, 0x10, 0x0,
    0xd, 0xfa, 0x5f, 0xf8, 0x4f, 0xf8, 0x3f, 0xf7,
    0x0, 0x2, 0xff, 0x55, 0xff, 0x84, 0xff, 0x90,
    0xdf, 0xd0, 0x0, 0x8f, 0xf0, 0x6f, 0xf8, 0x4f,
    0xf9, 0x7, 0xff, 0x20, 0xd, 0xfa, 0x7, 0xff,
    0x84, 0xff, 0x90, 0x1f, 0xf8, 0x3, 0xff, 0x40,
    0x7f, 0xf8, 0x4f, 0xf9, 0x0, 0xcf, 0xd0, 0x8f,
    0xe0, 0x7, 0xff, 0x84, 0xff, 0x90, 0x6, 0xff,
    0x2d, 0xf8, 0x0, 0x7f, 0xf8, 0x4f, 0xf9, 0x0,
    0x1f, 0xfa, 0xff, 0x30, 0x7, 0xff, 0x84, 0xff,
    0x90, 0x0, 0xaf, 0xff, 0xd0, 0x0, 0x7f, 0xf8,
    0x4f, 0xf9, 0x0, 0x5, 0xff, 0xf7, 0x0, 0x7,
    0xff, 0x84, 0xff, 0x90, 0x0, 0xe, 0xff, 0x20,
    0x0, 0x7f, 0xf8, 0x4f, 0xf9, 0x0, 0x0, 0x9f,
    0xb0, 0x0, 0x7, 0xff, 0x84, 0xff, 0x90, 0x0,
    0x0, 0x0, 0x0, 0x0, 0x7f, 0xf8, 0x4f, 0xf9,
    0x0, 0x0, 0x0, 0x0, 0x0, 0x7, 0xff, 0x80,

    /* U+004E "N" */
    0x4f, 0xff, 0x50, 0x0, 0x0, 0x0, 0x3f, 0xfd,
    0x4f, 0xff, 0xd0, 0x0, 0x0, 0x0, 0x3f, 0xfd,
    0x4f, 0xff, 0xf6, 0x0, 0x0, 0x0, 0x3f, 0xfd,
    0x4f, 0xff, 0xfe, 0x0, 0x0, 0x0, 0x3f, 0xfd,
    0x4f, 0xfc, 0xff, 0x80, 0x0, 0x0, 0x3f, 0xfd,
    0x4f, 0xf7, 0xdf, 0xf1, 0x0, 0x0, 0x3f, 0xfd,
    0x4f, 0xf8, 0x6f, 0xfa, 0x0, 0x0, 0x3f, 0xfd,
    0x4f, 0xf9, 0xd, 0xff, 0x30, 0x0, 0x3f, 0xfd,
    0x4f, 0xfa, 0x6, 0xff, 0xb0, 0x0, 0x3f, 0xfd,
    0x4f, 0xfb, 0x0, 0xdf, 0xf4, 0x0, 0x3f, 0xfd,
    0x4f, 0xfc, 0x0, 0x4f, 0xfd, 0x0, 0x3f, 0xfd,
    0x4f, 0xfc, 0x0, 0xb, 0xff, 0x60, 0x2f, 0xfd,
    0x4f, 0xfc, 0x0, 0x3, 0xff, 0xe0, 0x1f, 0xfd,
    0x4f, 0xfc, 0x0, 0x0, 0xaf, 0xf6, 0xf, 0xfd,
    0x4f, 0xfc, 0x0, 0x0, 0x1f, 0xfe, 0xf, 0xfd,
    0x4f, 0xfc, 0x0, 0x0, 0x8, 0xff, 0x6e, 0xfd,
    0x4f, 0xfc, 0x0, 0x0, 0x0, 0xef, 0xde, 0xfd,
    0x4f, 0xfc, 0x0, 0x0, 0x0, 0x6f, 0xff, 0xfd,
    0x4f, 0xfc, 0x0, 0x0, 0x0, 0xd, 0xff, 0xfd,
    0x4f, 0xfc, 0x0, 0x0, 0x0, 0x5, 0xff, 0xfd,
    0x4f, 0xfc, 0x0, 0x0, 0x0, 0x0, 0xcf, 0xfd,

    /* U+004F "O" */
    0x0, 0x0, 0x1, 0x7c, 0xef, 0xec, 0x72, 0x0,
    0x0, 0x0, 0x0, 0x7, 0xff, 0xff, 0xff, 0xff,
    0xf8, 0x0, 0x0, 0x0, 0x9, 0xff, 0xff, 0xfe,
    0xff, 0xff, 0xfb, 0x0, 0x0, 0x6, 0xff, 0xfe,
    0x40, 0x0, 0x4d, 0xff, 0xf8, 0x0, 0x1, 0xff,
    0xfc, 0x10, 0x0, 0x0, 0xb, 0xff, 0xf3, 0x0,
    0x8f, 0xff, 0x20, 0x0, 0x0, 0x0, 0x1f, 0xff,
    0xa0, 0xd, 0xff, 0xa0, 0x0, 0x0, 0x0, 0x0,
    0x8f, 0xff, 0x1, 0xff, 0xf4, 0x0, 0x0, 0x0,
    0x0, 0x2, 0xff, 0xf3, 0x4f, 0xff, 0x20, 0x0,
    0x0, 0x0, 0x0, 0xf, 0xff, 0x65, 0xff, 0xf0,
    0x0, 0x0, 0x0, 0x0, 0x0, 0xef, 0xf7, 0x6f,
    0xff, 0x0, 0x0, 0x0, 0x0, 0x0, 0xd, 0xff,
    0x85, 0xff, 0xf0, 0x0, 0x0, 0x0, 0x0, 0x0,
    0xef, 0xf7, 0x4f, 0xff, 0x20, 0x0, 0x0, 0x0,
    0x0, 0xf, 0xff, 0x61, 0xff, 0xf5, 0x0, 0x0,
    0x0, 0x0, 0x3, 0xff, 0xf3, 0xd, 0xff, 0xb0,
    0x0, 0x0, 0x0, 0x0, 0x9f, 0xff, 0x0, 0x7f,
    0xff, 0x30, 0x0, 0x0, 0x0, 0x1f, 0xff, 0x90,
    0x1, 0xff, 0xfd, 0x20, 0x0, 0x0, 0x1c, 0xff,
    0xf2, 0x0, 0x5, 0xff, 0xfe, 0x50, 0x0, 0x4d,
    0xff, 0xf7, 0x0, 0x0, 0x8, 0xff, 0xff, 0xfe,
    0xff, 0xff, 0xfa, 0x0, 0x0, 0x0, 0x6, 0xff,
    0xff, 0xff, 0xff, 0xf7, 0x0, 0x0, 0x0, 0x0,
    0x1, 0x7c, 0xef, 0xec, 0x71, 0x0, 0x0, 0x0,

    /* U+0050 "P" */
    0x4f, 0xff, 0xff, 0xff, 0xdb, 0x81, 0x0, 0x4,
    0xff, 0xff, 0xff, 0xff, 0xff, 0xf9, 0x0, 0x4f,
    0xff, 0xaa, 0xab, 0xdf, 0xff, 0xf8, 0x4, 0xff,
    0xf0, 0x0, 0x0, 0x2a, 0xff, 0xf4, 0x4f, 0xff,
    0x0, 0x0, 0x0, 0xc, 0xff, 0x94, 0xff, 0xf0,
    0x0, 0x0, 0x0, 0x8f, 0xfb, 0x4f, 0xff, 0x0,
    0x0, 0x0, 0x6, 0xff, 0xc4, 0xff, 0xf0, 0x0,
    0x0, 0x0, 0x8f, 0xfb, 0x4f, 0xff, 0x0, 0x0,
    0x0, 0xe, 0xff, 0x74, 0xff, 0xf0, 0x0, 0x0,
    0x2b, 0xff, 0xf1, 0x4f, 0xff, 0xaa, 0xab, 0xdf,
    0xff, 0xf4, 0x4, 0xff, 0xff, 0xff, 0xff, 0xff,
    0xe6, 0x0, 0x4f, 0xff, 0xff, 0xff, 0xdb, 0x60,
    0x0, 0x4, 0xff, 0xf0, 0x0, 0x0, 0x0, 0x0,
    0x0, 0x4f, 0xff, 0x0, 0x0, 0x0, 0x0, 0x0,
    0x4, 0xff, 0xf0, 0x0, 0x0, 0x0, 0x0, 0x0,
    0x4f, 0xff, 0x0, 0x0, 0x0, 0x0, 0x0, 0x4,
    0xff, 0xf0, 0x0, 0x0, 0x0, 0x0, 0x0, 0x4f,
    0xff, 0x0, 0x0, 0x0, 0x0, 0x0, 0x4, 0xff,
    0xf0, 0x0, 0x0, 0x0, 0x0, 0x0, 0x4f, 0xff,
    0x0, 0x0, 0x0, 0x0, 0x0, 0x0,

    /* U+0051 "Q" */
    0x0, 0x0, 0x1, 0x7b, 0xef, 0xec, 0x71, 0x0,
    0x0, 0x0, 0x0, 0x0, 0x6e, 0xff, 0xff, 0xff,
    0xff, 0x70, 0x0, 0x0, 0x0, 0x8, 0xff, 0xff,
    0xfe, 0xff, 0xff, 0xfa, 0x0, 0x0, 0x0, 0x5f,
    0xff, 0xe5, 0x0, 0x4, 0xdf, 0xff, 0x70, 0x0,
    0x0, 0xef, 0xfd, 0x20, 0x0, 0x0, 0x1c, 0xff,
    0xf2, 0x0, 0x7, 0xff, 0xf3, 0x0, 0x0, 0x0,
    0x1, 0xff, 0xf9, 0x0, 0xc, 0xff, 0xc0, 0x0,
    0x0, 0x0, 0x0, 0x9f, 0xfe, 0x0, 0xf, 0xff,
    0x50, 0x0, 0x0, 0x0, 0x0, 0x3f, 0xff, 0x20,
    0x3f, 0xff, 0x30, 0x0, 0x0, 0x0, 0x0, 0xf,
    0xff, 0x50, 0x5f, 0xff, 0x10, 0x0, 0x0, 0x0,
    0x0, 0xe, 0xff, 0x70, 0x6f, 0xff, 0x0, 0x0,
    0x0, 0x0, 0x0, 0xd, 0xff, 0x80, 0x5f, 0xff,
    0x0, 0x0, 0x0, 0x0, 0x0, 0xd, 0xff, 0x70,
    0x4f, 0xff, 0x10, 0x0, 0x0, 0x0, 0x0, 0xf,
    0xff, 0x60, 0x2f, 0xff, 0x30, 0x0, 0x0, 0x0,
    0x0, 0x1f, 0xff, 0x40, 0xf, 0xff, 0x70, 0x0,
    0x0, 0x0, 0x0, 0x5f, 0xff, 0x10, 0x9, 0xff,
    0xe0, 0x0, 0x0, 0x0, 0x0, 0xcf, 0xfb, 0x0,
    0x2, 0xff, 0xf5, 0x0, 0x0, 0x0, 0x3, 0xff,
    0xf4, 0x0, 0x0, 0xaf, 0xfe, 0x30, 0x0, 0x0,
    0x2e, 0xff, 0xc0, 0x0, 0x0, 0x2e, 0xff, 0xf8,
    0x21, 0x27, 0xef, 0xff, 0x30, 0x0, 0x0, 0x3,
    0xef, 0xff, 0xff, 0xff, 0xff, 0xf4, 0x0, 0x0,
    0x0, 0x0, 0x1a, 0xff, 0xff, 0xff, 0xfb, 0x20,
    0x0, 0x0, 0x0, 0x0, 0x0, 0x16, 0xef, 0xfc,
    0x20, 0x0, 0x0, 0x0, 0x0, 0x0, 0x0, 0x0,
    0x6f, 0xff, 0x50, 0x0, 0x0, 0x0, 0x0, 0x0,
    0x0, 0x0, 0xc, 0xff, 0xfa, 0x41, 0x2, 0x20,
    0x0, 0x0, 0x0, 0x0, 0x0, 0xbf, 0xff, 0xff,
    0xff, 0xc0, 0x0, 0x0, 0x0, 0x0, 0x0, 0x7,
    0xef, 0xff, 0xff, 0xf0, 0x0, 0x0, 0x0, 0x0,
    0x0, 0x0, 0x5, 0x7a, 0xa9, 0x50,

    /* U+0052 "R" */
    0x4f, 0xff, 0xff, 0xff, 0xec, 0x93, 0x0, 0x0,
    0x4f, 0xff, 0xff, 0xff, 0xff, 0xff, 0xb0, 0x0,
    0x4f, 0xff, 0xaa, 0xab, 0xcf, 0xff, 0xfb, 0x0,
    0x4f, 0xff, 0x0, 0x0, 0x1, 0x8f, 0xff, 0x60,
    0x4f, 0xff, 0x0, 0x0, 0x0, 0xb, 0xff, 0xb0,
    0x4f, 0xff, 0x0, 0x0, 0x0, 0x6, 0xff, 0xd0,
    0x4f, 0xff, 0x0, 0x0, 0x0, 0x6, 0xff, 0xd0,
    0x4f, 0xff, 0x0, 0x0, 0x0, 0x8, 0xff, 0xb0,
    0x4f, 0xff, 0x0, 0x0, 0x0, 0x2f, 0xff, 0x80,
    0x4f, 0xff, 0x0, 0x0, 0x27, 0xef, 0xff, 0x10,
    0x4f, 0xff, 0xff, 0xff, 0xff, 0xff, 0xf5, 0x0,
    0x4f, 0xff, 0xff, 0xff, 0xff, 0xfc, 0x30, 0x0,
    0x4f, 0xff, 0xaa, 0xad, 0xff, 0xd0, 0x0, 0x0,
    0x4f, 0xff, 0x0, 0x3, 0xff, 0xf5, 0x0, 0x0,
    0x4f, 0xff, 0x0, 0x0, 0xaf, 0xfd, 0x0, 0x0,
    0x4f, 0xff, 0x0, 0x0, 0x2f, 0xff, 0x70, 0x0,
    0x4f, 0xff, 0x0, 0x0, 0x8, 0xff, 0xf1, 0x0,
    0x4f, 0xff, 0x0, 0x0, 0x1, 0xef, 0xfa, 0x0,
    0x4f, 0xff, 0x0, 0x0, 0x0, 0x6f, 0xff, 0x30,
    0x4f, 0xff, 0x0, 0x0, 0x0, 0xd, 0xff, 0xc0,
    0x4f, 0xff, 0x0, 0x0, 0x0, 0x4, 0xff, 0xf5,

    /* U+0053 "S" */
    0x0, 0x0, 0x29, 0xce, 0xfd, 0x93, 0x0, 0x0,
    0x0, 0x9f, 0xff, 0xff, 0xff, 0xfa, 0x10, 0x0,
    0x9f, 0xff, 0xfe, 0xff, 0xff, 0xfd, 0x0, 0x5f,
    0xff, 0x91, 0x0, 0x26, 0xef, 0x70, 0xa, 0xff,
    0xb0, 0x0, 0x0, 0x1, 0x60, 0x0, 0xcf, 0xf8,
    0x0, 0x0, 0x0, 0x0, 0x0, 0xa, 0xff, 0xc0,
    0x0, 0x0, 0x0, 0x0, 0x0, 0x6f, 0xff, 0xb2,
    0x0, 0x0, 0x0, 0x0, 0x0, 0xcf, 0xff, 0xfa,
    0x30, 0x0, 0x0, 0x0, 0x1, 0xbf, 0xff, 0xff,
    0xc5, 0x0, 0x0, 0x0, 0x0, 0x6d, 0xff, 0xff,
    0xfd, 0x40, 0x0, 0x0, 0x0, 0x4, 0xbf, 0xff,
    0xff, 0x60, 0x0, 0x0, 0x0, 0x0, 0x2a, 0xff,
    0xff, 0x20, 0x0, 0x0, 0x0, 0x0, 0x4, 0xff,
    0xf9, 0x0, 0x0, 0x0, 0x0, 0x0, 0xa, 0xff,
    0xb0, 0x1, 0x0, 0x0, 0x0, 0x0, 0x8f, 0xfc,
    0x7, 0xe5, 0x0, 0x0, 0x0, 0xc, 0xff, 0x85,
    0xff, 0xfa, 0x40, 0x0, 0x2b, 0xff, 0xf3, 0x2e,
    0xff, 0xff, 0xfe, 0xff, 0xff, 0xf8, 0x0, 0x19,
    0xff, 0xff, 0xff, 0xff, 0xf8, 0x0, 0x0, 0x2,
    0x7c, 0xef, 0xdb, 0x81, 0x0, 0x0,

    /* U+0054 "T" */
    0x1f, 0xff, 0xff, 0xff, 0xff, 0xff, 0xff, 0xff,
    0x31, 0xff, 0xff, 0xff, 0xff, 0xff, 0xff, 0xff,
    0xf3, 0x1c, 0xcc, 0xcc, 0xcf, 0xff, 0xdc, 0xcc,
    0xcc, 0x20, 0x0, 0x0, 0x1, 0xff, 0xf2, 0x0,
    0x0, 0x0, 0x0, 0x0, 0x0, 0x1f, 0xff, 0x20,
    0x0, 0x0, 0x0, 0x0, 0x0, 0x1, 0xff, 0xf2,
    0x0, 0x0, 0x0, 0x0, 0x0, 0x0, 0x1f, 0xff,
    0x20, 0x0, 0x0, 0x0, 0x0, 0x0, 0x1, 0xff,
    0xf2, 0x0, 0x0, 0x0, 0x0, 0x0, 0x0, 0x1f,
    0xff, 0x20, 0x0, 0x0, 0x0, 0x0, 0x0, 0x1,
    0xff, 0xf2, 0x0, 0x0, 0x0, 0x0, 0x0, 0x0,
    0x1f, 0xff, 0x20, 0x0, 0x0, 0x0, 0x0, 0x0,
    0x1, 0xff, 0xf2, 0x0, 0x0, 0x0, 0x0, 0x0,
    0x0, 0x1f, 0xff, 0x20, 0x0, 0x0, 0x0, 0x0,
    0x0, 0x1, 0xff, 0xf2, 0x0, 0x0, 0x0, 0x0,
    0x0, 0x0, 0x1f, 0xff, 0x20, 0x0, 0x0, 0x0,
    0x0, 0x0, 0x1, 0xff, 0xf2, 0x0, 0x0, 0x0,
    0x0, 0x0, 0x0, 0x1f, 0xff, 0x20, 0x0, 0x0,
    0x0, 0x0, 0x0, 0x1, 0xff, 0xf2, 0x0, 0x0,
    0x0, 0x0, 0x0, 0x0, 0x1f, 0xff, 0x20, 0x0,
    0x0, 0x0, 0x0, 0x0, 0x1, 0xff, 0xf2, 0x0,
    0x0, 0x0, 0x0, 0x0, 0x0, 0x1f, 0xff, 0x20,
    0x0, 0x0, 0x0,

    /* U+0055 "U" */
    0x6f, 0xfd, 0x0, 0x0, 0x0, 0x0, 0x3f, 0xfe,
    0x6f, 0xfd, 0x0, 0x0, 0x0, 0x0, 0x3f, 0xfe,
    0x6f, 0xfd, 0x0, 0x0, 0x0, 0x0, 0x3f, 0xfe,
    0x6f, 0xfd, 0x0, 0x0, 0x0, 0x0, 0x3f, 0xfe,
    0x6f, 0xfd, 0x0, 0x0, 0x0, 0x0, 0x3f, 0xfe,
    0x6f, 0xfd, 0x0, 0x0, 0x0, 0x0, 0x3f, 0xfe,
    0x6f, 0xfd, 0x0, 0x0, 0x0, 0x0, 0x3f, 0xfe,
    0x6f, 0xfd, 0x0, 0x0, 0x0, 0x0, 0x3f, 0xfe,
    0x6f, 0xfd, 0x0, 0x0, 0x0, 0x0, 0x3f, 0xfe,
    0x6f, 0xfd, 0x0, 0x0, 0x0, 0x0, 0x3f, 0xfe,
    0x6f, 0xfd, 0x0, 0x0, 0x0, 0x0, 0x3f, 0xfe,
    0x6f, 0xfd, 0x0, 0x0, 0x0, 0x0, 0x3f, 0xfe,
    0x5f, 0xfe, 0x0, 0x0, 0x0, 0x0, 0x3f, 0xfd,
    0x4f, 0xff, 0x0, 0x0, 0x0, 0x0, 0x5f, 0xfc,
    0x2f, 0xff, 0x10, 0x0, 0x0, 0x0, 0x7f, 0xfb,
    0xf, 0xff, 0x70, 0x0, 0x0, 0x0, 0xdf, 0xf7,
    0xa, 0xff, 0xe0, 0x0, 0x0, 0x5, 0xff, 0xf2,
    0x3, 0xff, 0xfd, 0x40, 0x1, 0x7f, 0xff, 0xb0,
    0x0, 0x8f, 0xff, 0xff, 0xef, 0xff, 0xff, 0x20,
    0x0, 0x8, 0xff, 0xff, 0xff, 0xff, 0xe3, 0x0,
    0x0, 0x0, 0x39, 0xdf, 0xfe, 0xb7, 0x0, 0x0,

    /* U+0056 "V" */
    0xe, 0xff, 0x80, 0x0, 0x0, 0x0, 0x0, 0xcf,
    0xf8, 0x9, 0xff, 0xc0, 0x0, 0x0, 0x0, 0x0,
    0xff, 0xf3, 0x4, 0xff, 0xf1, 0x0, 0x0, 0x0,
    0x4, 0xff, 0xe0, 0x0, 0xff, 0xf5, 0x0, 0x0,
    0x0, 0x9, 0xff, 0x90, 0x0, 0xaf, 0xfa, 0x0,
    0x0, 0x0, 0xd, 0xff, 0x40, 0x0, 0x5f, 0xfe,
    0x0, 0x0, 0x0, 0x2f, 0xff, 0x0, 0x0, 0x1f,
    0xff, 0x30, 0x0, 0x0, 0x6f, 0xfb, 0x0, 0x0,
    0xc, 0xff, 0x70, 0x0, 0x0, 0xbf, 0xf6, 0x0,
    0x0, 0x7, 0xff, 0xc0, 0x0, 0x0, 0xff, 0xf1,
    0x0, 0x0, 0x2, 0xff, 0xf1, 0x0, 0x4, 0xff,
    0xc0, 0x0, 0x0, 0x0, 0xdf, 0xf5, 0x0, 0x8,
    0xff, 0x70, 0x0, 0x0, 0x0, 0x8f, 0xf9, 0x0,
    0xd, 0xff, 0x20, 0x0, 0x0, 0x0, 0x3f, 0xfe,
    0x0, 0x1f, 0xfd, 0x0, 0x0, 0x0, 0x0, 0xe,
    0xff, 0x20, 0x6f, 0xf8, 0x0, 0x0, 0x0, 0x0,
    0x9, 0xff, 0x60, 0xaf, 0xf3, 0x0, 0x0, 0x0,
    0x0, 0x4, 0xff, 0xb0, 0xef, 0xe0, 0x0, 0x0,
    0x0, 0x0, 0x0, 0xff, 0xf3, 0xff, 0xa0, 0x0,
    0x0, 0x0, 0x0, 0x0, 0xaf, 0xfb, 0xff, 0x50,
    0x0, 0x0, 0x0, 0x0, 0x0, 0x5f, 0xff, 0xff,
    0x0, 0x0, 0x0, 0x0, 0x0, 0x0, 0x1f, 0xff,
    0xfb, 0x0, 0x0, 0x0, 0x0, 0x0, 0x0, 0xb,
    0xff, 0xf6, 0x0, 0x0, 0x0,

    /* U+0057 "W" */
    0x4f, 0xff, 0x0, 0x0, 0x0, 0xf, 0xff, 0x20,
    0x0, 0x0, 0xd, 0xff, 0x41, 0xff, 0xf3, 0x0,
    0x0, 0x3, 0xff, 0xf6, 0x0, 0x0, 0x0, 0xff,
    0xf1, 0xd, 0xff, 0x60, 0x0, 0x0, 0x6f, 0xff,
    0xa0, 0x0, 0x0, 0x3f, 0xfd, 0x0, 0xaf, 0xf9,
    0x0, 0x0, 0xa, 0xff, 0xfe, 0x0, 0x0, 0x6,
    0xff, 0xa0, 0x7, 0xff, 0xc0, 0x0, 0x0, 0xef,
    0xef, 0xf2, 0x0, 0x0, 0x8f, 0xf7, 0x0, 0x4f,
    0xff, 0x0, 0x0, 0x2f, 0xf7, 0xff, 0x60, 0x0,
    0xb, 0xff, 0x40, 0x1, 0xff, 0xf1, 0x0, 0x6,
    0xff, 0x1f, 0xfa, 0x0, 0x0, 0xef, 0xf1, 0x0,
    0xd, 0xff, 0x40, 0x0, 0xaf, 0xd0, 0xdf, 0xe0,
    0x0, 0x1f, 0xfe, 0x0, 0x0, 0xaf, 0xf7, 0x0,
    0xe, 0xfa, 0xa, 0xff, 0x10, 0x4, 0xff, 0xb0,
    0x0, 0x7, 0xff, 0xa0, 0x2, 0xff, 0x70, 0x6f,
    0xf5, 0x0, 0x7f, 0xf8, 0x0, 0x0, 0x4f, 0xfd,
    0x0, 0x6f, 0xf3, 0x3, 0xff, 0x90, 0xa, 0xff,
    0x50, 0x0, 0x1, 0xff, 0xf0, 0x9, 0xff, 0x0,
    0xf, 0xfd, 0x0, 0xcf, 0xf2, 0x0, 0x0, 0xd,
    0xff, 0x20, 0xcf, 0xb0, 0x0, 0xbf, 0xf0, 0xf,
    0xfe, 0x0, 0x0, 0x0, 0xaf, 0xf5, 0xf, 0xf8,
    0x0, 0x7, 0xff, 0x31, 0xff, 0xb0, 0x0, 0x0,
    0x7, 0xff, 0x73, 0xff, 0x40, 0x0, 0x3f, 0xf7,
    0x4f, 0xf8, 0x0, 0x0, 0x0, 0x4f, 0xfa, 0x7f,
    0xf0, 0x0, 0x0, 0xff, 0xa6, 0xff, 0x50, 0x0,
    0x0, 0x1, 0xff, 0xca, 0xfc, 0x0, 0x0, 0xc,
    0xfd, 0x9f, 0xf2, 0x0, 0x0, 0x0, 0xd, 0xff,
    0xef, 0x90, 0x0, 0x0, 0x8f, 0xfd, 0xff, 0x0,
    0x0, 0x0, 0x0, 0xaf, 0xff, 0xf5, 0x0, 0x0,
    0x4, 0xff, 0xff, 0xc0, 0x0, 0x0, 0x0, 0x7,
    0xff, 0xff, 0x10, 0x0, 0x0, 0x1f, 0xff, 0xf9,
    0x0, 0x0, 0x0, 0x0, 0x4f, 0xff, 0xe0, 0x0,
    0x0, 0x0, 0xdf, 0xff, 0x60, 0x0, 0x0,

    /* U+0058 "X" */
    0xe, 0xff, 0xa0, 0x0, 0x0, 0x0, 0xcf, 0xf9,
    0x0, 0x5f, 0xff, 0x30, 0x0, 0x0, 0x4f, 0xff,
    0x10, 0x0, 0xdf, 0xfb, 0x0, 0x0, 0xc, 0xff,
    0x80, 0x0, 0x4, 0xff, 0xf3, 0x0, 0x4, 0xff,
    0xe1, 0x0, 0x0, 0xb, 0xff, 0xb0, 0x0, 0xcf,
    0xf7, 0x0, 0x0, 0x0, 0x3f, 0xff, 0x30, 0x3f,
    0xfe, 0x0, 0x0, 0x0, 0x0, 0xaf, 0xfb, 0xb,
    0xff, 0x60, 0x0, 0x0, 0x0, 0x2, 0xff, 0xf5,
    0xff, 0xd0, 0x0, 0x0, 0x0, 0x0, 0x8, 0xff,
    0xff, 0xf5, 0x0, 0x0, 0x0, 0x0, 0x0, 0x1e,
    0xff, 0xfc, 0x0, 0x0, 0x0, 0x0, 0x0, 0x0,
    0xdf, 0xff, 0x70, 0x0, 0x0, 0x0, 0x0, 0x0,
    0x5f, 0xff, 0xfe, 0x0, 0x0, 0x0, 0x0, 0x0,
    0xe, 0xff, 0xcf, 0xf8, 0x0, 0x0, 0x0, 0x0,
    0x7, 0xff, 0x93, 0xff, 0xf1, 0x0, 0x0, 0x0,
    0x1, 0xef, 0xf2, 0xb, 0xff, 0xa0, 0x0, 0x0,
    0x0, 0x8f, 0xfa, 0x0, 0x3f, 0xff, 0x30, 0x0,
    0x0, 0x1f, 0xff, 0x20, 0x0, 0xbf, 0xfc, 0x0,
    0x0, 0xa, 0xff, 0xa0, 0x0, 0x2, 0xff, 0xf5,
    0x0, 0x3, 0xff, 0xf2, 0x0, 0x0, 0xa, 0xff,
    0xd0, 0x0, 0xbf, 0xfa, 0x0, 0x0, 0x0, 0x2f,
    0xff, 0x60, 0x4f, 0xff, 0x20, 0x0, 0x0, 0x0,
    0x9f, 0xfe, 0x10,

    /* U+0059 "Y" */
    0xd, 0xff, 0x90, 0x0, 0x0, 0x0, 0x1f, 0xff,
    0x50, 0x5f, 0xff, 0x10, 0x0, 0x0, 0x7, 0xff,
    0xd0, 0x0, 0xef, 0xf7, 0x0, 0x0, 0x0, 0xef,
    0xf5, 0x0, 0x6, 0xff, 0xd0, 0x0, 0x0, 0x5f,
    0xfe, 0x0, 0x0, 0xe, 0xff, 0x40, 0x0, 0xc,
    0xff, 0x60, 0x0, 0x0, 0x7f, 0xfb, 0x0, 0x3,
    0xff, 0xe0, 0x0, 0x0, 0x0, 0xff, 0xf2, 0x0,
    0x9f, 0xf7, 0x0, 0x0, 0x0, 0x8, 0xff, 0x90,
    0x1f, 0xff, 0x0, 0x0, 0x0, 0x0, 0x1f, 0xff,
    0x7, 0xff, 0x80, 0x0, 0x0, 0x0, 0x0, 0x9f,
    0xf6, 0xef, 0xf1, 0x0, 0x0, 0x0, 0x0, 0x1,
    0xff, 0xff, 0xf9, 0x0, 0x0, 0x0, 0x0, 0x0,
    0xa, 0xff, 0xff, 0x10, 0x0, 0x0, 0x0, 0x0,
    0x0, 0x2f, 0xff, 0x90, 0x0, 0x0, 0x0, 0x0,
    0x0, 0x0, 0xef, 0xf5, 0x0, 0x0, 0x0, 0x0,
    0x0, 0x0, 0xe, 0xff, 0x50, 0x0, 0x0, 0x0,
    0x0, 0x0, 0x0, 0xef, 0xf5, 0x0, 0x0, 0x0,
    0x0, 0x0, 0x0, 0xe, 0xff, 0x50, 0x0, 0x0,
    0x0, 0x0, 0x0, 0x0, 0xef, 0xf5, 0x0, 0x0,
    0x0, 0x0, 0x0, 0x0, 0xe, 0xff, 0x50, 0x0,
    0x0, 0x0, 0x0, 0x0, 0x0, 0xef, 0xf5, 0x0,
    0x0, 0x0, 0x0, 0x0, 0x0, 0xe, 0xff, 0x50,
    0x0, 0x0, 0x0,

    /* U+005A "Z" */
    0xb, 0xff, 0xff, 0xff, 0xff, 0xff, 0xff, 0xa0,
    0xbf, 0xff, 0xff, 0xff, 0xff, 0xff, 0xfa, 0x9,
    0xcc, 0xcc, 0xcc, 0xcc, 0xef, 0xff, 0x50, 0x0,
    0x0, 0x0, 0x0, 0xc, 0xff, 0xb0, 0x0, 0x0,
    0x0, 0x0, 0x7, 0xff, 0xf1, 0x0, 0x0, 0x0,
    0x0, 0x2, 0xff, 0xf6, 0x0, 0x0, 0x0, 0x0,
    0x0, 0xbf, 0xfc, 0x0, 0x0, 0x0, 0x0, 0x0,
    0x5f, 0xff, 0x20, 0x0, 0x0, 0x0, 0x0, 0x1e,
    0xff, 0x80, 0x0, 0x0, 0x0, 0x0, 0xa, 0xff,
    0xd0, 0x0, 0x0, 0x0, 0x0, 0x4, 0xff, 0xf4,
    0x0, 0x0, 0x0, 0x0, 0x0, 0xdf, 0xf9, 0x0,
    0x0, 0x0, 0x0, 0x0, 0x8f, 0xfe, 0x10, 0x0,
    0x0, 0x0, 0x0, 0x3f, 0xff, 0x50, 0x0, 0x0,
    0x0, 0x0, 0xc, 0xff, 0xb0, 0x0, 0x0, 0x0,
    0x0, 0x7, 0xff, 0xf1, 0x0, 0x0, 0x0, 0x0,
    0x2, 0xff, 0xf6, 0x0, 0x0, 0x0, 0x0, 0x0,
    0xbf, 0xfc, 0x0, 0x0, 0x0, 0x0, 0x0, 0x5f,
    0xff, 0xdc, 0xcc, 0xcc, 0xcc, 0xcc, 0x9a, 0xff,
    0xff, 0xff, 0xff, 0xff, 0xff, 0xfc, 0xaf, 0xff,
    0xff, 0xff, 0xff, 0xff, 0xff, 0xc0,

    /* U+005B "[" */
    0x1f, 0xff, 0xff, 0xc1, 0xff, 0xdc, 0xca, 0x1f,
    0xf4, 0x0, 0x1, 0xff, 0x40, 0x0, 0x1f, 0xf4,
    0x0, 0x1, 0xff, 0x40, 0x0, 0x1f, 0xf4, 0x0,
    0x1, 0xff, 0x40, 0x0, 0x1f, 0xf4, 0x0, 0x1,
    0xff, 0x40, 0x0, 0x1f, 0xf4, 0x0, 0x1, 0xff,
    0x40, 0x0, 0x1f, 0xf4, 0x0, 0x1, 0xff, 0x40,
    0x0, 0x1f, 0xf4, 0x0, 0x1, 0xff, 0x40, 0x0,
    0x1f, 0xf4, 0x0, 0x1, 0xff, 0x40, 0x0, 0x1f,
    0xf4, 0x0, 0x1, 0xff, 0x40, 0x0, 0x1f, 0xf4,
    0x0, 0x1, 0xff, 0x40, 0x0, 0x1f, 0xf4, 0x0,
    0x1, 0xff, 0x40, 0x0, 0x1f, 0xf4, 0x0, 0x1,
    0xff, 0x40, 0x0, 0x1f, 0xff, 0xff, 0xc1, 0xcc,
    0xcc, 0xca,

    /* U+005C "\\" */
    0x4f, 0xe0, 0x0, 0x0, 0x0, 0x0, 0xff, 0x30,
    0x0, 0x0, 0x0, 0xb, 0xf7, 0x0, 0x0, 0x0,
    0x0, 0x7f, 0xc0, 0x0, 0x0, 0x0, 0x3, 0xff,
    0x0, 0x0, 0x0, 0x0, 0xe, 0xf5, 0x0, 0x0,
    0x0, 0x0, 0xaf, 0x90, 0x0, 0x0, 0x0, 0x5,
    0xfe, 0x0, 0x0, 0x0, 0x0, 0x1f, 0xf2, 0x0,
    0x0, 0x0, 0x0, 0xcf, 0x60, 0x0, 0x0, 0x0,
    0x8, 0xfb, 0x0, 0x0, 0x0, 0x0, 0x3f, 0xf0,
    0x0, 0x0, 0x0, 0x0, 0xff, 0x40, 0x0, 0x0,
    0x0, 0xb, 0xf8, 0x0, 0x0, 0x0, 0x0, 0x6f,
    0xd0, 0x0, 0x0, 0x0, 0x2, 0xff, 0x10, 0x0,
    0x0, 0x0, 0xd, 0xf6, 0x0, 0x0, 0x0, 0x0,
    0x9f, 0xa0, 0x0, 0x0, 0x0, 0x4, 0xfe, 0x0,
    0x0, 0x0, 0x0, 0xf, 0xf3, 0x0, 0x0, 0x0,
    0x0, 0xbf, 0x70, 0x0, 0x0, 0x0, 0x7, 0xfc,
    0x0, 0x0, 0x0, 0x0, 0x2f, 0xf1, 0x0, 0x0,
    0x0, 0x0, 0xef, 0x50, 0x0, 0x0, 0x0, 0xa,
    0xf9, 0x0, 0x0, 0x0, 0x0, 0x5f, 0xe0, 0x0,
    0x0, 0x0, 0x1, 0xff, 0x20, 0x0, 0x0, 0x0,
    0xc, 0xf6,

    /* U+005D "]" */
    0xdf, 0xff, 0xff, 0xb, 0xcc, 0xdf, 0xf0, 0x0,
    0x5, 0xff, 0x0, 0x0, 0x5f, 0xf0, 0x0, 0x5,
    0xff, 0x0, 0x0, 0x5f, 0xf0, 0x0, 0x5, 0xff,
    0x0, 0x0, 0x5f, 0xf0, 0x0, 0x5, 0xff, 0x0,
    0x0, 0x5f, 0xf0, 0x0, 0x5, 0xff, 0x0, 0x0,
    0x5f, 0xf0, 0x0, 0x5, 0xff, 0x0, 0x0, 0x5f,
    0xf0, 0x0, 0x5, 0xff, 0x0, 0x0, 0x5f, 0xf0,
    0x0, 0x5, 0xff, 0x0, 0x0, 0x5f, 0xf0, 0x0,
    0x5, 0xff, 0x0, 0x0, 0x5f, 0xf0, 0x0, 0x5,
    0xff, 0x0, 0x0, 0x5f, 0xf0, 0x0, 0x5, 0xff,
    0x0, 0x0, 0x5f, 0xf0, 0x0, 0x5, 0xff, 0x0,
    0x0, 0x5f, 0xf0, 0xdf, 0xff, 0xff, 0xb, 0xcc,
    0xcc, 0xc0,

    /* U+005E "^" */
    0x0, 0x0, 0x3, 0x77, 0x30, 0x0, 0x0, 0x0,
    0x0, 0xc, 0xff, 0xb0, 0x0, 0x0, 0x0, 0x0,
    0x2f, 0xff, 0xf2, 0x0, 0x0, 0x0, 0x0, 0x8f,
    0xef, 0xf8, 0x0, 0x0, 0x0, 0x0, 0xef, 0x8a,
    0xfe, 0x0, 0x0, 0x0, 0x5, 0xff, 0x34, 0xff,
    0x40, 0x0, 0x0, 0xb, 0xfd, 0x0, 0xef, 0xa0,
    0x0, 0x0, 0x1f, 0xf8, 0x0, 0x9f, 0xf1, 0x0,
    0x0, 0x7f, 0xf2, 0x0, 0x3f, 0xf6, 0x0, 0x0,
    0xdf, 0xc0, 0x0, 0xd, 0xfd, 0x0, 0x3, 0xff,
    0x70, 0x0, 0x7, 0xff, 0x30, 0xa, 0xff, 0x10,
    0x0, 0x2, 0xff, 0x90, 0xf, 0xfb, 0x0, 0x0,
    0x0, 0xcf, 0xf0,

    /* U+005F "_" */
    0x0, 0x0, 0x0, 0x0, 0x0, 0x0, 0x0, 0x0,
    0xaf, 0xff, 0xff, 0xff, 0xff, 0xff, 0xff, 0xf5,
    0xaf, 0xff, 0xff, 0xff, 0xff, 0xff, 0xff, 0xf5,

    /* U+0060 "`" */
    0x0, 0x10, 0x0, 0x0, 0x2, 0xe9, 0x0, 0x0,
    0x1e, 0xff, 0x60, 0x0, 0x9, 0xff, 0xf4, 0x0,
    0x0, 0x9f, 0xfe, 0x20, 0x0, 0x8, 0xff, 0xd1,
    0x0, 0x0, 0x7f, 0xe2, 0x0, 0x0, 0x6, 0x20,

    /* U+0061 "a" */
    0x0, 0x2, 0x8c, 0xef, 0xc9, 0x20, 0x0, 0x2a,
    0xff, 0xff, 0xff, 0xff, 0x40, 0x9, 0xff, 0xfe,
    0xbc, 0xff, 0xfe, 0x0, 0x1e, 0x92, 0x0, 0x3,
    0xef, 0xf7, 0x0, 0x0, 0x0, 0x0, 0x8, 0xff,
    0xb0, 0x0, 0x0, 0x0, 0x0, 0x5f, 0xfd, 0x0,
    0x0, 0x4, 0x8b, 0xdf, 0xff, 0xf0, 0x1, 0x8f,
    0xff, 0xff, 0xff, 0xff, 0x3, 0xef, 0xff, 0x95,
    0x24, 0xff, 0xf0, 0xef, 0xfa, 0x0, 0x0, 0x3f,
    0xff, 0x4f, 0xfd, 0x0, 0x0, 0x3, 0xff, 0xf6,
    0xff, 0xb0, 0x0, 0x0, 0x5f, 0xff, 0x4f, 0xfe,
    0x10, 0x0, 0x7f, 0xff, 0xf1, 0xff, 0xff, 0xab,
    0xef, 0xff, 0xff, 0x6, 0xff, 0xff, 0xff, 0xd3,
    0xdf, 0xf0, 0x3, 0xbe, 0xfc, 0x70, 0xb, 0xff,

    /* U+0062 "b" */
    0x8f, 0xfa, 0x0, 0x0, 0x0, 0x0, 0x0, 0x8,
    0xff, 0xa0, 0x0, 0x0, 0x0, 0x0, 0x0, 0x8f,
    0xfa, 0x0, 0x0, 0x0, 0x0, 0x0, 0x8, 0xff,
    0xa0, 0x0, 0x0, 0x0, 0x0, 0x0, 0x8f, 0xfa,
    0x0, 0x0, 0x0, 0x0, 0x0, 0x8, 0xff, 0xa0,
    0x0, 0x0, 0x0, 0x0, 0x0, 0x8f, 0xf9, 0x4,
    0xae, 0xfd, 0x80, 0x0, 0x8, 0xff, 0x99, 0xff,
    0xff, 0xff, 0xc1, 0x0, 0x8f, 0xff, 0xff, 0xec,
    0xff, 0xff, 0xd0, 0x8, 0xff, 0xfd, 0x30, 0x0,
    0x9f, 0xff, 0x40, 0x8f, 0xfc, 0x10, 0x0, 0x0,
    0xcf, 0xfc, 0x8, 0xff, 0xa0, 0x0, 0x0, 0x6,
    0xff, 0xf0, 0x8f, 0xfa, 0x0, 0x0, 0x0, 0x3f,
    0xff, 0x18, 0xff, 0xa0, 0x0, 0x0, 0x2, 0xff,
    0xf3, 0x8f, 0xfa, 0x0, 0x0, 0x0, 0x2f, 0xff,
    0x28, 0xff, 0xa0, 0x0, 0x0, 0x4, 0xff, 0xf1,
    0x8f, 0xfa, 0x0, 0x0, 0x0, 0x8f, 0xfd, 0x8,
    0xff, 0xa0, 0x0, 0x0, 0x1f, 0xff, 0x80, 0x8f,
    0xff, 0x80, 0x0, 0x2d, 0xff, 0xe1, 0x8, 0xff,
    0xff, 0xfc, 0xdf, 0xff, 0xf6, 0x0, 0x8f, 0xf6,
    0xdf, 0xff, 0xff, 0xf8, 0x0, 0x8, 0xff, 0x0,
    0x7b, 0xfe, 0xa3, 0x0, 0x0,

    /* U+0063 "c" */
    0x0, 0x0, 0x29, 0xdf, 0xfc, 0x70, 0x0, 0x0,
    0x7f, 0xff, 0xff, 0xff, 0xd2, 0x0, 0x9f, 0xff,
    0xfd, 0xcf, 0xfd, 0x10, 0x4f, 0xff, 0xb1, 0x0,
    0x19, 0x30, 0xe, 0xff, 0xb0, 0x0, 0x0, 0x0,
    0x4, 0xff, 0xf3, 0x0, 0x0, 0x0, 0x0, 0x8f,
    0xfe, 0x0, 0x0, 0x0, 0x0, 0x9, 0xff, 0xb0,
    0x0, 0x0, 0x0, 0x0, 0x9f, 0xfb, 0x0, 0x0,
    0x0, 0x0, 0x8, 0xff, 0xe0, 0x0, 0x0, 0x0,
    0x0, 0x5f, 0xff, 0x20, 0x0, 0x0, 0x0, 0x1,
    0xff, 0xfb, 0x0, 0x0, 0x0, 0x0, 0x6, 0xff,
    0xfa, 0x0, 0x0, 0x7b, 0x0, 0xc, 0xff, 0xff,
    0xcc, 0xff, 0xf5, 0x0, 0x1b, 0xff, 0xff, 0xff,
    0xfc, 0x30, 0x0, 0x4, 0xae, 0xfd, 0xa6, 0x0,

    /* U+0064 "d" */
    0x0, 0x0, 0x0, 0x0, 0x0, 0xf, 0xff, 0x30,
    0x0, 0x0, 0x0, 0x0, 0x0, 0xff, 0xf3, 0x0,
    0x0, 0x0, 0x0, 0x0, 0xf, 0xff, 0x30, 0x0,
    0x0, 0x0, 0x0, 0x0, 0xff, 0xf3, 0x0, 0x0,
    0x0, 0x0, 0x0, 0xf, 0xff, 0x30, 0x0, 0x0,
    0x0, 0x0, 0x0, 0xff, 0xf3, 0x0, 0x0, 0x6c,
    0xfe, 0xa5, 0xe, 0xff, 0x30, 0x0, 0xaf, 0xff,
    0xff, 0xfa, 0xef, 0xf3, 0x0, 0xcf, 0xff, 0xfc,
    0xef, 0xff, 0xff, 0x30, 0x5f, 0xff, 0x90, 0x0,
    0x2c, 0xff, 0xf3, 0xe, 0xff, 0xb0, 0x0, 0x0,
    0xf, 0xff, 0x34, 0xff, 0xf3, 0x0, 0x0, 0x0,
    0xff, 0xf3, 0x7f, 0xff, 0x0, 0x0, 0x0, 0xf,
    0xff, 0x38, 0xff, 0xc0, 0x0, 0x0, 0x0, 0xff,
    0xf3, 0x8f, 0xfc, 0x0, 0x0, 0x0, 0xf, 0xff,
    0x36, 0xff, 0xe0, 0x0, 0x0, 0x0, 0xff, 0xf3,
    0x4f, 0xff, 0x10, 0x0, 0x0, 0xf, 0xff, 0x31,
    0xff, 0xf8, 0x0, 0x0, 0x2, 0xff, 0xf3, 0x9,
    0xff, 0xf6, 0x0, 0x5, 0xff, 0xff, 0x30, 0x1f,
    0xff, 0xfe, 0xce, 0xff, 0xff, 0xf3, 0x0, 0x4f,
    0xff, 0xff, 0xff, 0x79, 0xff, 0x30, 0x0, 0x29,
    0xdf, 0xea, 0x30, 0x7f, 0xf3,

    /* U+0065 "e" */
    0x0, 0x0, 0x4a, 0xef, 0xea, 0x20, 0x0, 0x0,
    0x8, 0xff, 0xff, 0xff, 0xf6, 0x0, 0x0, 0xbf,
    0xff, 0xb9, 0xcf, 0xff, 0x40, 0x5, 0xff, 0xe3,
    0x0, 0x4, 0xff, 0xc0, 0xe, 0xff, 0x40, 0x0,
    0x0, 0x9f, 0xf4, 0x4f, 0xfc, 0x0, 0x0, 0x0,
    0x4f, 0xf6, 0x8f, 0xfb, 0x44, 0x44, 0x44, 0x6f,
    0xf8, 0x9f, 0xff, 0xff, 0xff, 0xff, 0xff, 0xfa,
    0x9f, 0xff, 0xff, 0xff, 0xff, 0xff, 0xf8, 0x8f,
    0xfa, 0x0, 0x0, 0x0, 0x0, 0x0, 0x5f, 0xfe,
    0x0, 0x0, 0x0, 0x0, 0x0, 0xe, 0xff, 0x70,
    0x0, 0x0, 0x0, 0x0, 0x5, 0xff, 0xf6, 0x0,
    0x0, 0x6, 0x10, 0x0, 0xbf, 0xff, 0xea, 0x9b,
    0xff, 0x90, 0x0, 0x8, 0xff, 0xff, 0xff, 0xff,
    0x90, 0x0, 0x0, 0x3a, 0xdf, 0xeb, 0x82, 0x0,

    /* U+0066 "f" */
    0x0, 0x0, 0x19, 0xcf, 0xec, 0x40, 0x0, 0x1e,
    0xff, 0xff, 0xf4, 0x0, 0xa, 0xff, 0xfb, 0xac,
    0x0, 0x0, 0xef, 0xf7, 0x0, 0x0, 0x0, 0xf,
    0xff, 0x30, 0x0, 0x0, 0x0, 0xff, 0xf2, 0x0,
    0x0, 0x1e, 0xff, 0xff, 0xff, 0xf4, 0x1, 0xff,
    0xff, 0xff, 0xff, 0x40, 0x19, 0x9f, 0xff, 0xa9,
    0x92, 0x0, 0x0, 0xff, 0xf2, 0x0, 0x0, 0x0,
    0xf, 0xff, 0x20, 0x0, 0x0, 0x0, 0xff, 0xf2,
    0x0, 0x0, 0x0, 0xf, 0xff, 0x20, 0x0, 0x0,
    0x0, 0xff, 0xf2, 0x0, 0x0, 0x0, 0xf, 0xff,
    0x20, 0x0, 0x0, 0x0, 0xff, 0xf2, 0x0, 0x0,
    0x0, 0xf, 0xff, 0x20, 0x0, 0x0, 0x0, 0xff,
    0xf2, 0x0, 0x0, 0x0, 0xf, 0xff, 0x20, 0x0,
    0x0, 0x0, 0xff, 0xf2, 0x0, 0x0, 0x0, 0xf,
    0xff, 0x20, 0x0, 0x0, 0x0, 0xff, 0xf2, 0x0,
    0x0,

    /* U+0067 "g" */
    0x0, 0x2, 0x9c, 0xff, 0xff, 0xff, 0xff, 0x80,
    0x7, 0xff, 0xff, 0xff, 0xff, 0xff, 0xf8, 0x5,
    0xff, 0xf9, 0x56, 0xcf, 0xfd, 0x66, 0x30, 0xcf,
    0xf6, 0x0, 0x0, 0xcf, 0xf3, 0x0, 0xf, 0xff,
    0x0, 0x0, 0x6, 0xff, 0x70, 0x1, 0xff, 0xf0,
    0x0, 0x0, 0x5f, 0xf7, 0x0, 0xd, 0xff, 0x40,
    0x0, 0xa, 0xff, 0x40, 0x0, 0x5f, 0xfe, 0x50,
    0x18, 0xff, 0xd0, 0x0, 0x0, 0x6f, 0xff, 0xff,
    0xff, 0xe2, 0x0, 0x0, 0x9, 0xfd, 0xcf, 0xfd,
    0x81, 0x0, 0x0, 0x6, 0xff, 0x10, 0x0, 0x0,
    0x0, 0x0, 0x0, 0xbf, 0xd0, 0x0, 0x0, 0x0,
    0x0, 0x0, 0xc, 0xff, 0x20, 0x0, 0x0, 0x0,
    0x0, 0x0, 0x8f, 0xff, 0xb9, 0x99, 0x97, 0x61,
    0x0, 0x1, 0xdf, 0xff, 0xff, 0xff, 0xff, 0xf9,
    0x0, 0x2d, 0xfd, 0xef, 0xff, 0xff, 0xff, 0xf6,
    0x1e, 0xf9, 0x0, 0x0, 0x0, 0x3c, 0xff, 0xa8,
    0xff, 0x20, 0x0, 0x0, 0x0, 0x6f, 0xfa, 0x9f,
    0xf5, 0x0, 0x0, 0x0, 0x1d, 0xff, 0x64, 0xff,
    0xf9, 0x53, 0x34, 0x8e, 0xff, 0xb0, 0x8, 0xff,
    0xff, 0xff, 0xff, 0xfe, 0x80, 0x0, 0x2, 0x8c,
    0xef, 0xec, 0xa6, 0x0, 0x0,

    /* U+0068 "h" */
    0x8f, 0xfa, 0x0, 0x0, 0x0, 0x0, 0x0, 0x8f,
    0xfa, 0x0, 0x0, 0x0, 0x0, 0x0, 0x8f, 0xfa,
    0x0, 0x0, 0x0, 0x0, 0x0, 0x8f, 0xfa, 0x0,
    0x0, 0x0, 0x0, 0x0, 0x8f, 0xfa, 0x0, 0x0,
    0x0, 0x0, 0x0, 0x8f, 0xfa, 0x0, 0x0, 0x0,
    0x0, 0x0, 0x8f, 0xf9, 0x1, 0x9d, 0xfc, 0x90,
    0x0, 0x8f, 0xf8, 0x4e, 0xff, 0xff, 0xfd, 0x10,
    0x8f, 0xfd, 0xff, 0xfd, 0xff, 0xff, 0x70, 0x8f,
    0xff, 0xf6, 0x0, 0x1c, 0xff, 0xe0, 0x8f, 0xfe,
    0x30, 0x0, 0x4, 0xff, 0xf0, 0x8f, 0xfa, 0x0,
    0x0, 0x1, 0xff, 0xf2, 0x8f, 0xfa, 0x0, 0x0,
    0x0, 0xff, 0xf3, 0x8f, 0xfa, 0x0, 0x0, 0x0,
    0xff, 0xf3, 0x8f, 0xfa, 0x0, 0x0, 0x0, 0xff,
    0xf3, 0x8f, 0xfa, 0x0, 0x0, 0x0, 0xff, 0xf3,
    0x8f, 0xfa, 0x0, 0x0, 0x0, 0xff, 0xf3, 0x8f,
    0xfa, 0x0, 0x0, 0x0, 0xff, 0xf3, 0x8f, 0xfa,
    0x0, 0x0, 0x0, 0xff, 0xf3, 0x8f, 0xfa, 0x0,
    0x0, 0x0, 0xff, 0xf3, 0x8f, 0xfa, 0x0, 0x0,
    0x0, 0xff, 0xf3, 0x8f, 0xfa, 0x0, 0x0, 0x0,
    0xff, 0xf3,

    /* U+0069 "i" */
    0x4e, 0xe5, 0xd, 0xff, 0xf0, 0xdf, 0xfe, 0x3,
    0xcc, 0x40, 0x0, 0x0, 0x0, 0x0, 0x0, 0x8f,
    0xfa, 0x8, 0xff, 0xa0, 0x8f, 0xfa, 0x8, 0xff,
    0xa0, 0x8f, 0xfa, 0x8, 0xff, 0xa0, 0x8f, 0xfa,
    0x8, 0xff, 0xa0, 0x8f, 0xfa, 0x8, 0xff, 0xa0,
    0x8f, 0xfa, 0x8, 0xff, 0xa0, 0x8f, 0xfa, 0x8,
    0xff, 0xa0, 0x8f, 0xfa, 0x8, 0xff, 0xa0,

    /* U+006A "j" */
    0x0, 0x0, 0x4e, 0xe5, 0x0, 0x0, 0xd, 0xff,
    0xf0, 0x0, 0x0, 0xdf, 0xfe, 0x0, 0x0, 0x3,
    0xcc, 0x40, 0x0, 0x0, 0x0, 0x0, 0x0, 0x0,
    0x0, 0x0, 0x0, 0x0, 0x0, 0x8f, 0xfa, 0x0,
    0x0, 0x8, 0xff, 0xa0, 0x0, 0x0, 0x8f, 0xfa,
    0x0, 0x0, 0x8, 0xff, 0xa0, 0x0, 0x0, 0x8f,
    0xfa, 0x0, 0x0, 0x8, 0xff, 0xa0, 0x0, 0x0,
    0x8f, 0xfa, 0x0, 0x0, 0x8, 0xff, 0xa0, 0x0,
    0x0, 0x8f, 0xfa, 0x0, 0x0, 0x8, 0xff, 0xa0,
    0x0, 0x0, 0x8f, 0xfa, 0x0, 0x0, 0x8, 0xff,
    0xa0, 0x0, 0x0, 0x8f, 0xfa, 0x0, 0x0, 0x8,
    0xff, 0xa0, 0x0, 0x0, 0x8f, 0xfa, 0x0, 0x0,
    0x8, 0xff, 0xa0, 0x0, 0x0, 0x8f, 0xfa, 0x0,
    0x0, 0x9, 0xff, 0x90, 0x0, 0x0, 0xdf, 0xf7,
    0x0, 0xaa, 0xdf, 0xff, 0x10, 0x1f, 0xff, 0xff,
    0x80, 0x2, 0xdf, 0xeb, 0x50, 0x0,

    /* U+006B "k" */
    0x8f, 0xf9, 0x0, 0x0, 0x0, 0x0, 0x0, 0x8f,
    0xf9, 0x0, 0x0, 0x0, 0x0, 0x0, 0x8f, 0xf9,
    0x0, 0x0, 0x0, 0x0, 0x0, 0x8f, 0xf9, 0x0,
    0x0, 0x0, 0x0, 0x0, 0x8f, 0xf9, 0x0, 0x0,
    0x0, 0x0, 0x0, 0x8f, 0xf9, 0x0, 0x0, 0x0,
    0x0, 0x0, 0x8f, 0xf9, 0x0, 0x0, 0xb, 0xff,
    0xd0, 0x8f, 0xf9, 0x0, 0x0, 0x7f, 0xfe, 0x20,
    0x8f, 0xf9, 0x0, 0x4, 0xff, 0xf4, 0x0, 0x8f,
    0xf9, 0x0, 0x1e, 0xff, 0x70, 0x0, 0x8f, 0xf9,
    0x0, 0xcf, 0xfa, 0x0, 0x0, 0x8f, 0xf9, 0x9,
    0xff, 0xd0, 0x0, 0x0, 0x8f, 0xf9, 0x5f, 0xff,
    0x30, 0x0, 0x0, 0x8f, 0xfc, 0xff, 0xff, 0xa0,
    0x0, 0x0, 0x8f, 0xff, 0xff, 0xff, 0xf4, 0x0,
    0x0, 0x8f, 0xff, 0xf8, 0x6f, 0xfd, 0x0, 0x0,
    0x8f, 0xff, 0xb0, 0xc, 0xff, 0x70, 0x0, 0x8f,
    0xfd, 0x0, 0x3, 0xff, 0xf2, 0x0, 0x8f, 0xf9,
    0x0, 0x0, 0xaf, 0xfb, 0x0, 0x8f, 0xf9, 0x0,
    0x0, 0x2f, 0xff, 0x50, 0x8f, 0xf9, 0x0, 0x0,
    0x8, 0xff, 0xe0, 0x8f, 0xf9, 0x0, 0x0, 0x0,
    0xef, 0xf8,

    /* U+006C "l" */
    0x8f, 0xfa, 0x0, 0x8f, 0xfa, 0x0, 0x8f, 0xfa,
    0x0, 0x8f, 0xfa, 0x0, 0x8f, 0xfa, 0x0, 0x8f,
    0xfa, 0x0, 0x8f, 0xfa, 0x0, 0x8f, 0xfa, 0x0,
    0x8f, 0xfa, 0x0, 0x8f, 0xfa, 0x0, 0x8f, 0xfa,
    0x0, 0x8f, 0xfa, 0x0, 0x8f, 0xfa, 0x0, 0x8f,
    0xfa, 0x0, 0x8f, 0xfa, 0x0, 0x8f, 0xfa, 0x0,
    0x8f, 0xfa, 0x0, 0x8f, 0xfa, 0x0, 0x8f, 0xfb,
    0x0, 0x6f, 0xff, 0xb0, 0x1f, 0xff, 0xf2, 0x4,
    0xcf, 0xe3,

    /* U+006D "m" */
    0x8f, 0xf1, 0x2, 0xae, 0xfc, 0x60, 0x0, 0x18,
    0xdf, 0xc8, 0x0, 0x8, 0xff, 0x35, 0xff, 0xff,
    0xff, 0x90, 0x3e, 0xff, 0xff, 0xfc, 0x0, 0x8f,
    0xfc, 0xff, 0xee, 0xff, 0xff, 0x7f, 0xff, 0xdf,
    0xff, 0xf6, 0x8, 0xff, 0xff, 0x50, 0x4, 0xff,
    0xff, 0xf8, 0x0, 0x1d, 0xff, 0xd0, 0x8f, 0xfe,
    0x20, 0x0, 0xa, 0xff, 0xf5, 0x0, 0x0, 0x5f,
    0xff, 0x8, 0xff, 0xa0, 0x0, 0x0, 0x6f, 0xfe,
    0x0, 0x0, 0x2, 0xff, 0xf1, 0x8f, 0xfa, 0x0,
    0x0, 0x5, 0xff, 0xe0, 0x0, 0x0, 0x1f, 0xff,
    0x28, 0xff, 0xa0, 0x0, 0x0, 0x5f, 0xfe, 0x0,
    0x0, 0x0, 0xff, 0xf2, 0x8f, 0xfa, 0x0, 0x0,
    0x5, 0xff, 0xe0, 0x0, 0x0, 0xf, 0xff, 0x28,
    0xff, 0xa0, 0x0, 0x0, 0x5f, 0xfe, 0x0, 0x0,
    0x0, 0xff, 0xf2, 0x8f, 0xfa, 0x0, 0x0, 0x5,
    0xff, 0xe0, 0x0, 0x0, 0xf, 0xff, 0x28, 0xff,
    0xa0, 0x0, 0x0, 0x5f, 0xfe, 0x0, 0x0, 0x0,
    0xff, 0xf2, 0x8f, 0xfa, 0x0, 0x0, 0x5, 0xff,
    0xe0, 0x0, 0x0, 0xf, 0xff, 0x28, 0xff, 0xa0,
    0x0, 0x0, 0x5f, 0xfe, 0x0, 0x0, 0x0, 0xff,
    0xf2, 0x8f, 0xfa, 0x0, 0x0, 0x5, 0xff, 0xe0,
    0x0, 0x0, 0xf, 0xff, 0x28, 0xff, 0xa0, 0x0,
    0x0, 0x5f, 0xfe, 0x0, 0x0, 0x0, 0xff, 0xf2,

    /* U+006E "n" */
    0x8f, 0xf1, 0x2, 0x9d, 0xfc, 0x90, 0x0, 0x8f,
    0xf3, 0x5f, 0xff, 0xff, 0xfd, 0x10, 0x8f, 0xfc,
    0xff, 0xfd, 0xff, 0xff, 0x70, 0x8f, 0xff, 0xf6,
    0x0, 0x1c, 0xff, 0xe0, 0x8f, 0xfe, 0x30, 0x0,
    0x4, 0xff, 0xf0, 0x8f, 0xfa, 0x0, 0x0, 0x1,
    0xff, 0xf2, 0x8f, 0xfa, 0x0, 0x0, 0x0, 0xff,
    0xf3, 0x8f, 0xfa, 0x0, 0x0, 0x0, 0xff, 0xf3,
    0x8f, 0xfa, 0x0, 0x0, 0x0, 0xff, 0xf3, 0x8f,
    0xfa, 0x0, 0x0, 0x0, 0xff, 0xf3, 0x8f, 0xfa,
    0x0, 0x0, 0x0, 0xff, 0xf3, 0x8f, 0xfa, 0x0,
    0x0, 0x0, 0xff, 0xf3, 0x8f, 0xfa, 0x0, 0x0,
    0x0, 0xff, 0xf3, 0x8f, 0xfa, 0x0, 0x0, 0x0,
    0xff, 0xf3, 0x8f, 0xfa, 0x0, 0x0, 0x0, 0xff,
    0xf3, 0x8f, 0xfa, 0x0, 0x0, 0x0, 0xff, 0xf3,

    /* U+006F "o" */
    0x0, 0x0, 0x3a, 0xef, 0xeb, 0x50, 0x0, 0x0,
    0x0, 0x8f, 0xff, 0xff, 0xff, 0xa1, 0x0, 0x0,
    0xbf, 0xff, 0xfc, 0xef, 0xff, 0xd0, 0x0, 0x5f,
    0xff, 0x70, 0x0, 0x5f, 0xff, 0x80, 0xe, 0xff,
    0x90, 0x0, 0x0, 0x5f, 0xff, 0x24, 0xff, 0xf1,
    0x0, 0x0, 0x0, 0xef, 0xf7, 0x8f, 0xfd, 0x0,
    0x0, 0x0, 0xa, 0xff, 0xb9, 0xff, 0xb0, 0x0,
    0x0, 0x0, 0x8f, 0xfc, 0x9f, 0xfb, 0x0, 0x0,
    0x0, 0x8, 0xff, 0xc8, 0xff, 0xd0, 0x0, 0x0,
    0x0, 0xaf, 0xfb, 0x5f, 0xff, 0x10, 0x0, 0x0,
    0xd, 0xff, 0x70, 0xef, 0xf8, 0x0, 0x0, 0x5,
    0xff, 0xf2, 0x5, 0xff, 0xf7, 0x0, 0x4, 0xff,
    0xf8, 0x0, 0xb, 0xff, 0xfe, 0xbe, 0xff, 0xfd,
    0x0, 0x0, 0xb, 0xff, 0xff, 0xff, 0xfc, 0x10,
    0x0, 0x0, 0x4, 0xae, 0xfe, 0xb5, 0x0, 0x0,

    /* U+0070 "p" */
    0x8f, 0xf1, 0x4, 0xbe, 0xfd, 0x80, 0x0, 0x8,
    0xff, 0x5b, 0xff, 0xff, 0xff, 0xc1, 0x0, 0x8f,
    0xff, 0xff, 0xec, 0xff, 0xff, 0xd0, 0x8, 0xff,
    0xfd, 0x40, 0x0, 0x9f, 0xff, 0x50, 0x8f, 0xfc,
    0x10, 0x0, 0x0, 0xcf, 0xfc, 0x8, 0xff, 0xa0,
    0x0, 0x0, 0x6, 0xff, 0xf0, 0x8f, 0xfa, 0x0,
    0x0, 0x0, 0x3f, 0xff, 0x18, 0xff, 0xa0, 0x0,
    0x0, 0x2, 0xff, 0xf3, 0x8f, 0xfa, 0x0, 0x0,
    0x0, 0x2f, 0xff, 0x28, 0xff, 0xa0, 0x0, 0x0,
    0x4, 0xff, 0xf1, 0x8f, 0xfa, 0x0, 0x0, 0x0,
    0x8f, 0xfd, 0x8, 0xff, 0xa0, 0x0, 0x0, 0x1f,
    0xff, 0x80, 0x8f, 0xff, 0x80, 0x0, 0x2d, 0xff,
    0xe1, 0x8, 0xff, 0xff, 0xfc, 0xdf, 0xff, 0xf6,
    0x0, 0x8f, 0xfb, 0xdf, 0xff, 0xff, 0xf8, 0x0,
    0x8, 0xff, 0x90, 0x7c, 0xfe, 0xa3, 0x0, 0x0,
    0x8f, 0xfa, 0x0, 0x0, 0x0, 0x0, 0x0, 0x8,
    0xff, 0xa0, 0x0, 0x0, 0x0, 0x0, 0x0, 0x8f,
    0xfa, 0x0, 0x0, 0x0, 0x0, 0x0, 0x8, 0xff,
    0xa0, 0x0, 0x0, 0x0, 0x0, 0x0, 0x8f, 0xfa,
    0x0, 0x0, 0x0, 0x0, 0x0, 0x8, 0xff, 0xa0,
    0x0, 0x0, 0x0, 0x0, 0x0,

    /* U+0071 "q" */
    0x0, 0x0, 0x6c, 0xfe, 0xb6, 0x6, 0xff, 0x30,
    0x0, 0xaf, 0xff, 0xff, 0xfc, 0xaf, 0xf3, 0x0,
    0xcf, 0xff, 0xfc, 0xef, 0xff, 0xff, 0x30, 0x5f,
    0xff, 0x90, 0x0, 0x2c, 0xff, 0xf3, 0xe, 0xff,
    0xb0, 0x0, 0x0, 0xf, 0xff, 0x34, 0xff, 0xf3,
    0x0, 0x0, 0x0, 0xff, 0xf3, 0x7f, 0xff, 0x0,
    0x0, 0x0, 0xf, 0xff, 0x38, 0xff, 0xc0, 0x0,
    0x0, 0x0, 0xff, 0xf3, 0x8f, 0xfc, 0x0, 0x0,
    0x0, 0xf, 0xff, 0x36, 0xff, 0xe0, 0x0, 0x0,
    0x0, 0xff, 0xf3, 0x4f, 0xff, 0x10, 0x0, 0x0,
    0xf, 0xff, 0x31, 0xff, 0xf8, 0x0, 0x0, 0x2,
    0xff, 0xf3, 0x9, 0xff, 0xf6, 0x0, 0x5, 0xff,
    0xff, 0x30, 0x1f, 0xff, 0xfe, 0xce, 0xff, 0xff,
    0xf3, 0x0, 0x4f, 0xff, 0xff, 0xff, 0x6e, 0xff,
    0x30, 0x0, 0x29, 0xdf, 0xea, 0x20, 0xef, 0xf3,
    0x0, 0x0, 0x0, 0x0, 0x0, 0xf, 0xff, 0x30,
    0x0, 0x0, 0x0, 0x0, 0x0, 0xff, 0xf3, 0x0,
    0x0, 0x0, 0x0, 0x0, 0xf, 0xff, 0x30, 0x0,
    0x0, 0x0, 0x0, 0x0, 0xff, 0xf3, 0x0, 0x0,
    0x0, 0x0, 0x0, 0xf, 0xff, 0x30, 0x0, 0x0,
    0x0, 0x0, 0x0, 0xff, 0xf3,

    /* U+0072 "r" */
    0x8f, 0xf1, 0x3, 0xbf, 0xf6, 0x8f, 0xf2, 0x5f,
    0xff, 0xf3, 0x8f, 0xf6, 0xff, 0xff, 0xf0, 0x8f,
    0xff, 0xfa, 0x10, 0x10, 0x8f, 0xff, 0xa0, 0x0,
    0x0, 0x8f, 0xff, 0x10, 0x0, 0x0, 0x8f, 0xfa,
    0x0, 0x0, 0x0, 0x8f, 0xfa, 0x0, 0x0, 0x0,
    0x8f, 0xfa, 0x0, 0x0, 0x0, 0x8f, 0xfa, 0x0,
    0x0, 0x0, 0x8f, 0xfa, 0x0, 0x0, 0x0, 0x8f,
    0xfa, 0x0, 0x0, 0x0, 0x8f, 0xfa, 0x0, 0x0,
    0x0, 0x8f, 0xfa, 0x0, 0x0, 0x0, 0x8f, 0xfa,
    0x0, 0x0, 0x0, 0x8f, 0xfa, 0x0, 0x0, 0x0,

    /* U+0073 "s" */
    0x0, 0x0, 0x7b, 0xef, 0xd9, 0x20, 0x0, 0x1,
    0xef, 0xff, 0xff, 0xff, 0x80, 0x0, 0xcf, 0xfe,
    0x99, 0xcf, 0xfa, 0x0, 0x1f, 0xfe, 0x10, 0x0,
    0x29, 0x0, 0x4, 0xff, 0xc0, 0x0, 0x0, 0x0,
    0x0, 0x1f, 0xff, 0x50, 0x0, 0x0, 0x0, 0x0,
    0x9f, 0xff, 0xd6, 0x0, 0x0, 0x0, 0x0, 0x9f,
    0xff, 0xff, 0x91, 0x0, 0x0, 0x0, 0x3a, 0xff,
    0xff, 0xe3, 0x0, 0x0, 0x0, 0x1, 0x8e, 0xff,
    0xe0, 0x0, 0x0, 0x0, 0x0, 0x2e, 0xff, 0x40,
    0x0, 0x0, 0x0, 0x0, 0xaf, 0xf6, 0x3, 0xf7,
    0x0, 0x0, 0xe, 0xff, 0x30, 0xdf, 0xfe, 0xb8,
    0x9e, 0xff, 0xc0, 0x3, 0xdf, 0xff, 0xff, 0xff,
    0xd2, 0x0, 0x0, 0x5b, 0xef, 0xdb, 0x60, 0x0,

    /* U+0074 "t" */
    0x0, 0x4, 0x77, 0x10, 0x0, 0x0, 0x0, 0x9f,
    0xf2, 0x0, 0x0, 0x0, 0xb, 0xff, 0x20, 0x0,
    0x0, 0x0, 0xcf, 0xf2, 0x0, 0x0, 0x0, 0xd,
    0xff, 0x20, 0x0, 0x4, 0xff, 0xff, 0xff, 0xff,
    0xf2, 0x4f, 0xff, 0xff, 0xff, 0xff, 0x22, 0x9a,
    0xff, 0xfa, 0x99, 0x91, 0x0, 0xf, 0xff, 0x20,
    0x0, 0x0, 0x0, 0xff, 0xf2, 0x0, 0x0, 0x0,
    0xf, 0xff, 0x20, 0x0, 0x0, 0x0, 0xff, 0xf2,
    0x0, 0x0, 0x0, 0xf, 0xff, 0x20, 0x0, 0x0,
    0x0, 0xff, 0xf2, 0x0, 0x0, 0x0, 0xf, 0xff,
    0x20, 0x0, 0x0, 0x0, 0xff, 0xf2, 0x0, 0x0,
    0x0, 0xf, 0xff, 0x40, 0x0, 0x0, 0x0, 0xdf,
    0xfa, 0x0, 0x0, 0x0, 0x7, 0xff, 0xfc, 0xad,
    0x20, 0x0, 0x1d, 0xff, 0xff, 0xf6, 0x0, 0x0,
    0x9, 0xcf, 0xeb, 0x50,

    /* U+0075 "u" */
    0xcf, 0xf7, 0x0, 0x0, 0x4, 0xff, 0xfc, 0xff,
    0x70, 0x0, 0x0, 0x4f, 0xff, 0xcf, 0xf7, 0x0,
    0x0, 0x4, 0xff, 0xfc, 0xff, 0x70, 0x0, 0x0,
    0x4f, 0xff, 0xcf, 0xf7, 0x0, 0x0, 0x4, 0xff,
    0xfc, 0xff, 0x70, 0x0, 0x0, 0x4f, 0xff, 0xcf,
    0xf7, 0x0, 0x0, 0x4, 0xff, 0xfc, 0xff, 0x70,
    0x0, 0x0, 0x4f, 0xff, 0xcf, 0xf7, 0x0, 0x0,
    0x4, 0xff, 0xfc, 0xff, 0x70, 0x0, 0x0, 0x4f,
    0xff, 0xbf, 0xf8, 0x0, 0x0, 0x4, 0xff, 0xf9,
    0xff, 0xb0, 0x0, 0x0, 0xcf, 0xff, 0x7f, 0xff,
    0x50, 0x2, 0xcf, 0xff, 0xf1, 0xff, 0xff, 0xed,
    0xff, 0xbe, 0xff, 0x7, 0xff, 0xff, 0xff, 0xb0,
    0xdf, 0xf0, 0x5, 0xbe, 0xec, 0x50, 0xb, 0xff,

    /* U+0076 "v" */
    0x7f, 0xfd, 0x0, 0x0, 0x0, 0x6, 0xff, 0xb2,
    0xff, 0xf2, 0x0, 0x0, 0x0, 0xbf, 0xf5, 0xc,
    0xff, 0x60, 0x0, 0x0, 0xf, 0xff, 0x10, 0x7f,
    0xfb, 0x0, 0x0, 0x5, 0xff, 0xb0, 0x1, 0xff,
    0xf1, 0x0, 0x0, 0xaf, 0xf5, 0x0, 0xc, 0xff,
    0x50, 0x0, 0xe, 0xff, 0x10, 0x0, 0x6f, 0xfa,
    0x0, 0x4, 0xff, 0xb0, 0x0, 0x1, 0xff, 0xf0,
    0x0, 0x9f, 0xf5, 0x0, 0x0, 0xb, 0xff, 0x40,
    0xd, 0xff, 0x10, 0x0, 0x0, 0x6f, 0xf8, 0x2,
    0xff, 0xb0, 0x0, 0x0, 0x1, 0xff, 0xd0, 0x7f,
    0xf6, 0x0, 0x0, 0x0, 0xb, 0xff, 0x1b, 0xff,
    0x10, 0x0, 0x0, 0x0, 0x5f, 0xf6, 0xff, 0xb0,
    0x0, 0x0, 0x0, 0x0, 0xff, 0xef, 0xf6, 0x0,
    0x0, 0x0, 0x0, 0xa, 0xff, 0xff, 0x10, 0x0,
    0x0, 0x0, 0x0, 0x5f, 0xff, 0xb0, 0x0, 0x0,

    /* U+0077 "w" */
    0x1f, 0xff, 0x10, 0x0, 0x0, 0xef, 0xf4, 0x0,
    0x0, 0xb, 0xff, 0x40, 0xdf, 0xf5, 0x0, 0x0,
    0x3f, 0xff, 0x80, 0x0, 0x0, 0xef, 0xf0, 0x9,
    0xff, 0x90, 0x0, 0x7, 0xff, 0xfc, 0x0, 0x0,
    0x2f, 0xfc, 0x0, 0x5f, 0xfd, 0x0, 0x0, 0xbf,
    0xdf, 0xf1, 0x0, 0x6, 0xff, 0x80, 0x1, 0xff,
    0xf1, 0x0, 0xe, 0xf6, 0xff, 0x40, 0x0, 0xaf,
    0xf4, 0x0, 0xd, 0xff, 0x40, 0x3, 0xff, 0x1e,
    0xf9, 0x0, 0xd, 0xff, 0x10, 0x0, 0x8f, 0xf8,
    0x0, 0x7f, 0xd0, 0xbf, 0xd0, 0x1, 0xff, 0xc0,
    0x0, 0x4, 0xff, 0xc0, 0xb, 0xfa, 0x7, 0xff,
    0x10, 0x5f, 0xf8, 0x0, 0x0, 0xf, 0xff, 0x0,
    0xff, 0x60, 0x4f, 0xf5, 0x8, 0xff, 0x40, 0x0,
    0x0, 0xcf, 0xf3, 0x2f, 0xf3, 0x0, 0xff, 0x90,
    0xcf, 0xf1, 0x0, 0x0, 0x8, 0xff, 0x66, 0xff,
    0x0, 0xc, 0xfc, 0xf, 0xfd, 0x0, 0x0, 0x0,
    0x4f, 0xf9, 0x9f, 0xb0, 0x0, 0x8f, 0xf2, 0xff,
    0x90, 0x0, 0x0, 0x0, 0xff, 0xcd, 0xf7, 0x0,
    0x4, 0xff, 0x9f, 0xf5, 0x0, 0x0, 0x0, 0xb,
    0xff, 0xff, 0x30, 0x0, 0xf, 0xff, 0xff, 0x10,
    0x0, 0x0, 0x0, 0x7f, 0xff, 0xf0, 0x0, 0x0,
    0xcf, 0xff, 0xd0, 0x0, 0x0, 0x0, 0x3, 0xff,
    0xfc, 0x0, 0x0, 0x8, 0xff, 0xf9, 0x0, 0x0,

    /* U+0078 "x" */
    0xe, 0xff, 0x80, 0x0, 0x0, 0xaf, 0xfa, 0x0,
    0x5f, 0xff, 0x20, 0x0, 0x3f, 0xff, 0x10, 0x0,
    0xbf, 0xfb, 0x0, 0xb, 0xff, 0x80, 0x0, 0x2,
    0xff, 0xf4, 0x3, 0xff, 0xe0, 0x0, 0x0, 0x8,
    0xff, 0xc0, 0xaf, 0xf5, 0x0, 0x0, 0x0, 0xd,
    0xff, 0x7f, 0xfc, 0x0, 0x0, 0x0, 0x0, 0x4f,
    0xff, 0xff, 0x30, 0x0, 0x0, 0x0, 0x0, 0xcf,
    0xff, 0xa0, 0x0, 0x0, 0x0, 0x0, 0x2f, 0xff,
    0xf9, 0x0, 0x0, 0x0, 0x0, 0xb, 0xff, 0xff,
    0xf3, 0x0, 0x0, 0x0, 0x4, 0xff, 0xa6, 0xff,
    0xd0, 0x0, 0x0, 0x0, 0xdf, 0xf2, 0xd, 0xff,
    0x70, 0x0, 0x0, 0x7f, 0xfa, 0x0, 0x4f, 0xff,
    0x20, 0x0, 0x1f, 0xff, 0x20, 0x0, 0xbf, 0xfb,
    0x0, 0xa, 0xff, 0x90, 0x0, 0x2, 0xff, 0xf5,
    0x4, 0xff, 0xf1, 0x0, 0x0, 0x8, 0xff, 0xe1,

    /* U+0079 "y" */
    0x7f, 0xfd, 0x0, 0x0, 0x0, 0x6, 0xff, 0xb1,
    0xff, 0xf3, 0x0, 0x0, 0x0, 0xbf, 0xf5, 0xa,
    0xff, 0x90, 0x0, 0x0, 0xf, 0xff, 0x0, 0x4f,
    0xfe, 0x0, 0x0, 0x5, 0xff, 0xa0, 0x0, 0xdf,
    0xf4, 0x0, 0x0, 0xaf, 0xf5, 0x0, 0x7, 0xff,
    0xa0, 0x0, 0xf, 0xff, 0x0, 0x0, 0x1f, 0xff,
    0x0, 0x4, 0xff, 0xa0, 0x0, 0x0, 0xaf, 0xf5,
    0x0, 0x9f, 0xf4, 0x0, 0x0, 0x4, 0xff, 0xb0,
    0xe, 0xfe, 0x0, 0x0, 0x0, 0xd, 0xff, 0x2,
    0xff, 0x90, 0x0, 0x0, 0x0, 0x7f, 0xf5, 0x6f,
    0xf4, 0x0, 0x0, 0x0, 0x1, 0xff, 0xab, 0xfe,
    0x0, 0x0, 0x0, 0x0, 0xa, 0xff, 0xff, 0x90,
    0x0, 0x0, 0x0, 0x0, 0x4f, 0xff, 0xf3, 0x0,
    0x0, 0x0, 0x0, 0x0, 0xef, 0xfe, 0x0, 0x0,
    0x0, 0x0, 0x0, 0x9, 0xff, 0x80, 0x0, 0x0,
    0x0, 0x0, 0x0, 0xdf, 0xf3, 0x0, 0x0, 0x0,
    0x0, 0x0, 0x5f, 0xfc, 0x0, 0x0, 0x0, 0x0,
    0x0, 0x2e, 0xff, 0x40, 0x0, 0x0, 0x0, 0x3b,
    0xbf, 0xff, 0xa0, 0x0, 0x0, 0x0, 0x8, 0xff,
    0xff, 0xc0, 0x0, 0x0, 0x0, 0x0, 0x8e, 0xeb,
    0x70, 0x0, 0x0, 0x0, 0x0,

    /* U+007A "z" */
    0x1f, 0xff, 0xff, 0xff, 0xff, 0xfa, 0x1f, 0xff,
    0xff, 0xff, 0xff, 0xfa, 0x19, 0x99, 0x99, 0x9c,
    0xff, 0xf3, 0x0, 0x0, 0x0, 0xe, 0xff, 0x80,
    0x0, 0x0, 0x0, 0x9f, 0xfd, 0x0, 0x0, 0x0,
    0x3, 0xff, 0xf3, 0x0, 0x0, 0x0, 0xd, 0xff,
    0x90, 0x0, 0x0, 0x0, 0x8f, 0xfe, 0x0, 0x0,
    0x0, 0x3, 0xff, 0xf4, 0x0, 0x0, 0x0, 0xd,
    0xff, 0xa0, 0x0, 0x0, 0x0, 0x8f, 0xfe, 0x10,
    0x0, 0x0, 0x3, 0xff, 0xf5, 0x0, 0x0, 0x0,
    0xc, 0xff, 0xa0, 0x0, 0x0, 0x0, 0x7f, 0xff,
    0xb9, 0x99, 0x99, 0x99, 0xff, 0xff, 0xff, 0xff,
    0xff, 0xfe, 0xff, 0xff, 0xff, 0xff, 0xff, 0xfe,

    /* U+007B "{" */
    0x0, 0x2, 0xbe, 0xfc, 0x0, 0xe, 0xff, 0xea,
    0x0, 0x4f, 0xf8, 0x0, 0x0, 0x6f, 0xf2, 0x0,
    0x0, 0x8f, 0xf1, 0x0, 0x0, 0x7f, 0xf1, 0x0,
    0x0, 0x7f, 0xf2, 0x0, 0x0, 0x6f, 0xf2, 0x0,
    0x0, 0x5f, 0xf3, 0x0, 0x0, 0x4f, 0xf3, 0x0,
    0x0, 0x4f, 0xf3, 0x0, 0x0, 0x7f, 0xf2, 0x0,
    0x15, 0xef, 0xd0, 0x0, 0xef, 0xfc, 0x30, 0x0,
    0xef, 0xfc, 0x30, 0x0, 0x15, 0xef, 0xd0, 0x0,
    0x0, 0x7f, 0xf2, 0x0, 0x0, 0x4f, 0xf3, 0x0,
    0x0, 0x4f, 0xf3, 0x0, 0x0, 0x5f, 0xf3, 0x0,
    0x0, 0x6f, 0xf2, 0x0, 0x0, 0x7f, 0xf2, 0x0,
    0x0, 0x7f, 0xf1, 0x0, 0x0, 0x8f, 0xf1, 0x0,
    0x0, 0x6f, 0xf3, 0x0, 0x0, 0x4f, 0xfa, 0x10,
    0x0, 0xc, 0xff, 0xfc, 0x0, 0x0, 0x8b, 0xca,

    /* U+007C "|" */
    0x2f, 0xf0, 0x2f, 0xf0, 0x2f, 0xf0, 0x2f, 0xf0,
    0x2f, 0xf0, 0x2f, 0xf0, 0x2f, 0xf0, 0x2f, 0xf0,
    0x2f, 0xf0, 0x2f, 0xf0, 0x2f, 0xf0, 0x2f, 0xf0,
    0x2f, 0xf0, 0x2f, 0xf0, 0x2f, 0xf0, 0x2f, 0xf0,
    0x2f, 0xf0, 0x2f, 0xf0, 0x2f, 0xf0, 0x2f, 0xf0,
    0x2f, 0xf0, 0x2f, 0xf0, 0x2f, 0xf0, 0x2f, 0xf0,
    0x2f, 0xf0, 0x2f, 0xf0, 0x2f, 0xf0, 0x2f, 0xf0,
    0x2f, 0xf0, 0x2f, 0xf0, 0x2f, 0xf0, 0x2f, 0xf0,

    /* U+007D "}" */
    0xdf, 0xea, 0x20, 0x0, 0xbe, 0xff, 0xd0, 0x0,
    0x0, 0x9f, 0xf4, 0x0, 0x0, 0x3f, 0xf6, 0x0,
    0x0, 0x2f, 0xf7, 0x0, 0x0, 0x2f, 0xf7, 0x0,
    0x0, 0x3f, 0xf6, 0x0, 0x0, 0x3f, 0xf5, 0x0,
    0x0, 0x3f, 0xf4, 0x0, 0x0, 0x4f, 0xf4, 0x0,
    0x0, 0x4f, 0xf3, 0x0, 0x0, 0x2f, 0xf6, 0x0,
    0x0, 0xe, 0xfe, 0x51, 0x0, 0x3, 0xdf, 0xfe,
    0x0, 0x3, 0xdf, 0xfe, 0x0, 0xe, 0xfe, 0x51,
    0x0, 0x3f, 0xf6, 0x0, 0x0, 0x4f, 0xf3, 0x0,
    0x0, 0x4f, 0xf4, 0x0, 0x0, 0x3f, 0xf5, 0x0,
    0x0, 0x3f, 0xf5, 0x0, 0x0, 0x3f, 0xf6, 0x0,
    0x0, 0x2f, 0xf7, 0x0, 0x0, 0x2f, 0xf7, 0x0,
    0x0, 0x4f, 0xf6, 0x0, 0x1, 0xbf, 0xf3, 0x0,
    0xdf, 0xff, 0xc0, 0x0, 0xbc, 0xb8, 0x0, 0x0,

    /* U+007E "~" */
    0x0, 0x8e, 0xeb, 0x30, 0x0, 0x0, 0x10, 0xb,
    0xff, 0xff, 0xf8, 0x0, 0x6, 0xe4, 0x9f, 0xfa,
    0x7d, 0xff, 0xd7, 0xaf, 0xf8, 0x5f, 0x50, 0x0,
    0x9f, 0xff, 0xff, 0xb0, 0x1, 0x0, 0x0, 0x3,
    0xbe, 0xd7, 0x0,

    /* U+00B7 "·" */
    0x0, 0x27, 0x72, 0x0, 0x5, 0xff, 0xff, 0x50,
    0xf, 0xff, 0xff, 0xe0, 0x3f, 0xff, 0xff, 0xf3,
    0x1f, 0xff, 0xff, 0xf1, 0xa, 0xff, 0xff, 0xa0,
    0x0, 0x9e, 0xe9, 0x0,

    /* U+2026 "…" */
    0x0, 0x0, 0x0, 0x0, 0x0, 0x0, 0x0, 0x0,
    0x0, 0x0, 0x0, 0x0, 0xa, 0xfd, 0x20, 0x0,
    0x0, 0x5f, 0xf5, 0x0, 0x0, 0x2, 0xdf, 0x90,
    0x3f, 0xff, 0x90, 0x0, 0x0, 0xef, 0xfe, 0x0,
    0x0, 0x9, 0xff, 0xf3, 0x3f, 0xff, 0x90, 0x0,
    0x0, 0xef, 0xfe, 0x0, 0x0, 0x9, 0xff, 0xf3,
    0x8, 0xfc, 0x10, 0x0, 0x0, 0x4e, 0xe4, 0x0,
    0x0, 0x1, 0xcf, 0x80,

    /* U+4E0A "上" */
    0x0, 0x0, 0x0, 0x0, 0x0, 0x0, 0x0, 0x0,
    0x0, 0x0, 0x0, 0x0, 0x0, 0x0, 0x0, 0x0,
    0x0, 0x0, 0x2f, 0xf9, 0x0, 0x0, 0x0, 0x0,
    0x0, 0x0, 0x0, 0x0, 0x0, 0x0, 0x0, 0x2f,
    0xf9, 0x0, 0x0, 0x0, 0x0, 0x0, 0x0, 0x0,
    0x0, 0x0, 0x0, 0x0, 0x2f, 0xf9, 0x0, 0x0,
    0x0, 0x0, 0x0, 0x0, 0x0, 0x0, 0x0, 0x0,
    0x0, 0x2f, 0xf9, 0x0, 0x0, 0x0, 0x0, 0x0,
    0x0, 0x0, 0x0, 0x0, 0x0, 0x0, 0x2f, 0xf9,
    0x0, 0x0, 0x0, 0x0, 0x0, 0x0, 0x0, 0x0,
    0x0, 0x0, 0x0, 0x2f, 0xf9, 0x0, 0x0, 0x0,
    0x0, 0x0, 0x0, 0x0, 0x0, 0x0, 0x0, 0x0,
    0x2f, 0xf9, 0x0, 0x0, 0x0, 0x0, 0x0, 0x0,
    0x0, 0x0, 0x0, 0x0, 0x0, 0x2f, 0xf9, 0x0,
    0x0, 0x0, 0x0, 0x0, 0x0, 0x0, 0x0, 0x0,
    0x0, 0x0, 0x2f, 0xfd, 0xaa, 0xaa, 0xaa, 0xaa,
    0xa6, 0x0, 0x0, 0x0, 0x0, 0x0, 0x0, 0x2f,
    0xff, 0xff, 0xff, 0xff, 0xff, 0xf9, 0x0, 0x0,
    0x0, 0x0, 0x0, 0x0, 0x2f, 0xff, 0xff, 0xff,
    0xff, 0xff, 0xf9, 0x0, 0x0, 0x0, 0x0, 0x0,
    0x0, 0x2f, 0xf9, 0x0, 0x0, 0x0, 0x0, 0x0,
    0x0, 0x0, 0x0, 0x0, 0x0, 0x0, 0x2f, 0xf9,
    0x0, 0x0, 0x0, 0x0, 0x0, 0x0, 0x0, 0x0,
    0x0, 0x0, 0x0, 0x2f, 0xf9, 0x0, 0x0, 0x0,
    0x0, 0x0, 0x0, 0x0, 0x0, 0x0, 0x0, 0x0,
    0x2f, 0xf9, 0x0, 0x0, 0x0, 0x0, 0x0, 0x0,
    0x0, 0x0, 0x0, 0x0, 0x0, 0x2f, 0xf9, 0x0,
    0x0, 0x0, 0x0, 0x0, 0x0, 0x0, 0x0, 0x0,
    0x0, 0x0, 0x2f, 0xf9, 0x0, 0x0, 0x0, 0x0,
    0x0, 0x0, 0x0, 0x0, 0x0, 0x0, 0x0, 0x2f,
    0xf9, 0x0, 0x0, 0x0, 0x0, 0x0, 0x0, 0x0,
    0x0, 0x0, 0x0, 0x0, 0x2f, 0xf9, 0x0, 0x0,
    0x0, 0x0, 0x0, 0x0, 0x0, 0x0, 0x0, 0x0,
    0x0, 0x2f, 0xf9, 0x0, 0x0, 0x0, 0x0, 0x0,
    0x0, 0x0, 0x0, 0x0, 0x0, 0x0, 0x2f, 0xf9,
    0x0, 0x0, 0x0, 0x0, 0x0, 0x0, 0x3a, 0xaa,
    0xaa, 0xaa, 0xaa, 0xbf, 0xfd, 0xaa, 0xaa, 0xaa,
    0xaa, 0xaa, 0xa8, 0x4f, 0xff, 0xff, 0xff, 0xff,
    0xff, 0xff, 0xff, 0xff, 0xff, 0xff, 0xff, 0xfc,
    0x4f, 0xff, 0xff, 0xff, 0xff, 0xff, 0xff, 0xff,
    0xff, 0xff, 0xff, 0xff, 0xfb,

    /* U+4E0D "不" */
    0x9, 0x99, 0x99, 0x99, 0x99, 0x99, 0x99, 0x99,
    0x99, 0x99, 0x99, 0x99, 0x90, 0xf, 0xff, 0xff,
    0xff, 0xff, 0xff, 0xff, 0xff, 0xff, 0xff, 0xff,
    0xff, 0xf0, 0xf, 0xff, 0xff, 0xff, 0xff, 0xff,
    0xff, 0xff, 0xff, 0xff, 0xff, 0xff, 0xf0, 0x0,
    0x0, 0x0, 0x0, 0x0, 0x0, 0x8f, 0xfe, 0x10,
    0x0, 0x0, 0x0, 0x0, 0x0, 0x0, 0x0, 0x0,
    0x0, 0x3, 0xff, 0xf5, 0x0, 0x0, 0x0, 0x0,
    0x0, 0x0, 0x0, 0x0, 0x0, 0x0, 0xd, 0xff,
    0xa0, 0x0, 0x0, 0x0, 0x0, 0x0, 0x0, 0x0,
    0x0, 0x0, 0x0, 0x9f, 0xff, 0x60, 0x0, 0x0,
    0x0, 0x0, 0x0, 0x0, 0x0, 0x0, 0x0, 0x8,
    0xff, 0xff, 0x60, 0x81, 0x0, 0x0, 0x0, 0x0,
    0x0, 0x0, 0x0, 0x0, 0x7f, 0xff, 0xff, 0x8d,
    0xfe, 0x50, 0x0, 0x0, 0x0, 0x0, 0x0, 0x0,
    0x7, 0xff, 0xfd, 0xff, 0x7a, 0xff, 0xfa, 0x0,
    0x0, 0x0, 0x0, 0x0, 0x0, 0x9f, 0xff, 0x66,
    0xff, 0x60, 0x6f, 0xff, 0xd2, 0x0, 0x0, 0x0,
    0x0, 0x1c, 0xff, 0xf5, 0x6, 0xff, 0x60, 0x3,
    0xdf, 0xff, 0x50, 0x0, 0x0, 0x5, 0xef, 0xff,
    0x40, 0x6, 0xff, 0x60, 0x0, 0x1b, 0xff, 0xf8,
    0x0, 0x2, 0xbf, 0xff, 0xe4, 0x0, 0x6, 0xff,
    0x60, 0x0, 0x0, 0x9f, 0xff, 0xa0, 0x6f, 0xff,
    0xfb, 0x10, 0x0, 0x6, 0xff, 0x60, 0x0, 0x0,
    0x7, 0xff, 0xf9, 0x1e, 0xff, 0x70, 0x0, 0x0,
    0x6, 0xff, 0x60, 0x0, 0x0, 0x0, 0x6f, 0xd1,
    0x4, 0xa1, 0x0, 0x0, 0x0, 0x6, 0xff, 0x60,
    0x0, 0x0, 0x0, 0x5, 0x10, 0x0, 0x0, 0x0,
    0x0, 0x0, 0x6, 0xff, 0x60, 0x0, 0x0, 0x0,
    0x0, 0x0, 0x0, 0x0, 0x0, 0x0, 0x0, 0x6,
    0xff, 0x60, 0x0, 0x0, 0x0, 0x0, 0x0, 0x0,
    0x0, 0x0, 0x0, 0x0, 0x6, 0xff, 0x60, 0x0,
    0x0, 0x0, 0x0, 0x0, 0x0, 0x0, 0x0, 0x0,
    0x0, 0x6, 0xff, 0x60, 0x0, 0x0, 0x0, 0x0,
    0x0, 0x0, 0x0, 0x0, 0x0, 0x0, 0x6, 0xff,
    0x60, 0x0, 0x0, 0x0, 0x0, 0x0, 0x0, 0x0,
    0x0, 0x0, 0x0, 0x6, 0xff, 0x60, 0x0, 0x0,
    0x0, 0x0, 0x0, 0x0, 0x0, 0x0, 0x0, 0x0,
    0x6, 0xff, 0x60, 0x0, 0x0, 0x0, 0x0, 0x0,

    /* U+4E2D "中" */
    0x0, 0x0, 0x0, 0x0, 0x0, 0xa, 0xa6, 0x0,
    0x0, 0x0, 0x0, 0x0, 0x0, 0x0, 0x0, 0x0,
    0x0, 0x1f, 0xf9, 0x0, 0x0, 0x0, 0x0, 0x0,
    0x0, 0x0, 0x0, 0x0, 0x0, 0x1f, 0xf9, 0x0,
    0x0, 0x0, 0x0, 0x0, 0x0, 0x0, 0x0, 0x0,
    0x0, 0x1f, 0xf9, 0x0, 0x0, 0x0, 0x0, 0x0,
    0x0, 0x0, 0x0, 0x0, 0x0, 0x1f, 0xf9, 0x0,
    0x0, 0x0, 0x0, 0x0, 0x9, 0x99, 0x99, 0x99,
    0x99, 0xaf, 0xfd, 0x99, 0x99, 0x99, 0x99, 0x96,
    0x1f, 0xff, 0xff, 0xff, 0xff, 0xff, 0xff, 0xff,
    0xff, 0xff, 0xff, 0xfa, 0x1f, 0xff, 0xff, 0xff,
    0xff, 0xff, 0xff, 0xff, 0xff, 0xff, 0xff, 0xfa,
    0x1f, 0xf8, 0x0, 0x0, 0x0, 0x1f, 0xf9, 0x0,
    0x0, 0x0, 0x1f, 0xfa, 0x1f, 0xf8, 0x0, 0x0,
    0x0, 0x1f, 0xf9, 0x0, 0x0, 0x0, 0x1f, 0xfa,
    0x1f, 0xf8, 0x0, 0x0, 0x0, 0x1f, 0xf9, 0x0,
    0x0, 0x0, 0x1f, 0xfa, 0x1f, 0xf8, 0x0, 0x0,
    0x0, 0x1f, 0xf9, 0x0, 0x0, 0x0, 0x1f, 0xfa,
    0x1f, 0xf8, 0x0, 0x0, 0x0, 0x1f, 0xf9, 0x0,
    0x0, 0x0, 0x1f, 0xfa, 0x1f, 0xf8, 0x0, 0x0,
    0x0, 0x1f, 0xf9, 0x0, 0x0, 0x0, 0x1f, 0xfa,
    0x1f, 0xf8, 0x0, 0x0, 0x0, 0x1f, 0xfa, 0x0,
    0x0, 0x0, 0x1f, 0xfa, 0x1f, 0xff, 0xff, 0xff,
    0xff, 0xff, 0xff, 0xff, 0xff, 0xff, 0xff, 0xfa,
    0x1f, 0xff, 0xff, 0xff, 0xff, 0xff, 0xff, 0xff,
    0xff, 0xff, 0xff, 0xfa, 0x1f, 0xfc, 0x77, 0x77,
    0x77, 0x8f, 0xfc, 0x77, 0x77, 0x77, 0x8f, 0xfa,
    0x1e, 0xe7, 0x0, 0x0, 0x0, 0x1f, 0xf9, 0x0,
    0x0, 0x0, 0xc, 0xc8, 0x0, 0x0, 0x0, 0x0,
    0x0, 0x1f, 0xf9, 0x0, 0x0, 0x0, 0x0, 0x0,
    0x0, 0x0, 0x0, 0x0, 0x0, 0x1f, 0xf9, 0x0,
    0x0, 0x0, 0x0, 0x0, 0x0, 0x0, 0x0, 0x0,
    0x0, 0x1f, 0xf9, 0x0, 0x0, 0x0, 0x0, 0x0,
    0x0, 0x0, 0x0, 0x0, 0x0, 0x1f, 0xf9, 0x0,
    0x0, 0x0, 0x0, 0x0, 0x0, 0x0, 0x0, 0x0,
    0x0, 0x1f, 0xf9, 0x0, 0x0, 0x0, 0x0, 0x0,
    0x0, 0x0, 0x0, 0x0, 0x0, 0x1f, 0xf9, 0x0,
    0x0, 0x0, 0x0, 0x0, 0x0, 0x0, 0x0, 0x0,
    0x0, 0x1f, 0xf9, 0x0, 0x0, 0x0, 0x0, 0x0,

    /* U+4EAE "亮" */
    0x0, 0x0, 0x0, 0x0, 0x0, 0x4, 0x76, 0x0,
    0x0, 0x0, 0x0, 0x0, 0x0, 0x0, 0x0, 0x0,
    0x0, 0x0, 0xc, 0xff, 0x10, 0x0, 0x0, 0x0,
    0x0, 0x0, 0x0, 0x0, 0x0, 0x0, 0x0, 0x5,
    0xff, 0x90, 0x0, 0x0, 0x0, 0x0, 0x0, 0x8f,
    0xff, 0xff, 0xff, 0xff, 0xff, 0xff, 0xff, 0xff,
    0xff, 0xff, 0xff, 0xf1, 0x8f, 0xff, 0xff, 0xff,
    0xff, 0xff, 0xff, 0xff, 0xff, 0xff, 0xff, 0xff,
    0xf1, 0x1, 0x11, 0x11, 0x11, 0x11, 0x11, 0x11,
    0x11, 0x11, 0x11, 0x11, 0x11, 0x10, 0x0, 0x0,
    0x5b, 0xbb, 0xbb, 0xbb, 0xbb, 0xbb, 0xbb, 0xbb,
    0xb4, 0x0, 0x0, 0x0, 0x0, 0x7f, 0xff, 0xff,
    0xff, 0xff, 0xff, 0xff, 0xff, 0xf6, 0x0, 0x0,
    0x0, 0x0, 0x7f, 0xf3, 0x0, 0x0, 0x0, 0x0,
    0x0, 0x5f, 0xf6, 0x0, 0x0, 0x0, 0x0, 0x7f,
    0xf2, 0x0, 0x0, 0x0, 0x0, 0x0, 0x4f, 0xf6,
    0x0, 0x0, 0x0, 0x0, 0x7f, 0xfc, 0xbb, 0xbb,
    0xbb, 0xbb, 0xbb, 0xdf, 0xf6, 0x0, 0x0, 0x0,
    0x0, 0x7f, 0xff, 0xff, 0xff, 0xff, 0xff, 0xff,
    0xff, 0xf6, 0x0, 0x0, 0x0, 0x0, 0x0, 0x0,
    0x0, 0x0, 0x0, 0x0, 0x0, 0x0, 0x0, 0x0,
    0x0, 0x3, 0x33, 0x33, 0x33, 0x33, 0x33, 0x33,
    0x33, 0x33, 0x33, 0x33, 0x33, 0x20, 0x1f, 0xff,
    0xff, 0xff, 0xff, 0xff, 0xff, 0xff, 0xff, 0xff,
    0xff, 0xff, 0xa0, 0x1f, 0xfe, 0xdd, 0xdd, 0xdd,
    0xdd, 0xdd, 0xdd, 0xdd, 0xdd, 0xdd, 0xff, 0xa0,
    0x1f, 0xf6, 0x0, 0x0, 0x0, 0x0, 0x0, 0x0,
    0x0, 0x0, 0x0, 0xef, 0xa0, 0x1f, 0xf6, 0x0,
    0xb, 0xff, 0xff, 0xff, 0xff, 0xff, 0x80, 0x0,
    0xef, 0xa0, 0x1b, 0xb5, 0x0, 0xe, 0xff, 0xff,
    0xff, 0xff, 0xff, 0x80, 0x0, 0xab, 0x70, 0x0,
    0x0, 0x0, 0xf, 0xfb, 0x33, 0x33, 0x35, 0xff,
    0x80, 0x0, 0x0, 0x0, 0x0, 0x0, 0x0, 0x5f,
    0xf6, 0x0, 0x0, 0x2, 0xff, 0x80, 0x0, 0x11,
    0x0, 0x0, 0x0, 0x0, 0xdf, 0xf2, 0x0, 0x0,
    0x2, 0xff, 0x80, 0x0, 0x3f, 0x90, 0x0, 0x0,
    0xa, 0xff, 0xa0, 0x0, 0x0, 0x2, 0xff, 0x80,
    0x0, 0x5f, 0xf0, 0x0, 0x28, 0xef, 0xfe, 0x10,
    0x0, 0x0, 0x1, 0xff, 0xc4, 0x33, 0xaf, 0xd0,
    0x4e, 0xff, 0xff, 0xc2, 0x0, 0x0, 0x0, 0x0,
    0xef, 0xff, 0xff, 0xff, 0x80, 0xa, 0xff, 0xb5,
    0x0, 0x0, 0x0, 0x0, 0x0, 0x4c, 0xff, 0xff,
    0xfb, 0x10, 0x2, 0x51, 0x0, 0x0, 0x0, 0x0,
    0x0, 0x0, 0x0, 0x0, 0x0, 0x0, 0x0,

    /* U+4EBA "人" */
    0x0, 0x0, 0x0, 0x0, 0x0, 0x4, 0x66, 0x10,
    0x0, 0x0, 0x0, 0x0, 0x0, 0x0, 0x0, 0x0,
    0x0, 0x0, 0xb, 0xff, 0x30, 0x0, 0x0, 0x0,
    0x0, 0x0, 0x0, 0x0, 0x0, 0x0, 0x0, 0xb,
    0xff, 0x30, 0x0, 0x0, 0x0, 0x0, 0x0, 0x0,
    0x0, 0x0, 0x0, 0x0, 0xc, 0xff, 0x20, 0x0,
    0x0, 0x0, 0x0, 0x0, 0x0, 0x0, 0x0, 0x0,
    0x0, 0xd, 0xff, 0x10, 0x0, 0x0, 0x0, 0x0,
    0x0, 0x0, 0x0, 0x0, 0x0, 0x0, 0xe, 0xff,
    0x20, 0x0, 0x0, 0x0, 0x0, 0x0, 0x0, 0x0,
    0x0, 0x0, 0x0, 0xf, 0xff, 0x40, 0x0, 0x0,
    0x0, 0x0, 0x0, 0x0, 0x0, 0x0, 0x0, 0x0,
    0x2f, 0xff, 0x70, 0x0, 0x0, 0x0, 0x0, 0x0,
    0x0, 0x0, 0x0, 0x0, 0x0, 0x4f, 0xff, 0xb0,
    0x0, 0x0, 0x0, 0x0, 0x0, 0x0, 0x0, 0x0,
    0x0, 0x0, 0x8f, 0xff, 0xf0, 0x0, 0x0, 0x0,
    0x0, 0x0, 0x0, 0x0, 0x0, 0x0, 0x0, 0xcf,
    0xff, 0xf3, 0x0, 0x0, 0x0, 0x0, 0x0, 0x0,
    0x0, 0x0, 0x0, 0x0, 0xff, 0xff, 0xf8, 0x0,
    0x0, 0x0, 0x0, 0x0, 0x0, 0x0, 0x0, 0x0,
    0x5, 0xff, 0xac, 0xfe, 0x0, 0x0, 0x0, 0x0,
    0x0, 0x0, 0x0, 0x0, 0x0, 0xb, 0xff, 0x46,
    0xff, 0x40, 0x0, 0x0, 0x0, 0x0, 0x0, 0x0,
    0x0, 0x0, 0x1f, 0xfe, 0x1, 0xff, 0xc0, 0x0,
    0x0, 0x0, 0x0, 0x0, 0x0, 0x0, 0x0, 0x8f,
    0xf9, 0x0, 0xaf, 0xf4, 0x0, 0x0, 0x0, 0x0,
    0x0, 0x0, 0x0, 0x2, 0xff, 0xf2, 0x0, 0x2f,
    0xfd, 0x0, 0x0, 0x0, 0x0, 0x0, 0x0, 0x0,
    0xb, 0xff, 0x80, 0x0, 0x9, 0xff, 0x80, 0x0,
    0x0, 0x0, 0x0, 0x0, 0x0, 0x6f, 0xfe, 0x10,
    0x0, 0x1, 0xff, 0xf4, 0x0, 0x0, 0x0, 0x0,
    0x0, 0x4, 0xff, 0xf6, 0x0, 0x0, 0x0, 0x7f,
    0xfe, 0x20, 0x0, 0x0, 0x0, 0x0, 0x3f, 0xff,
    0xb0, 0x0, 0x0, 0x0, 0xb, 0xff, 0xe3, 0x0,
    0x0, 0x0, 0x3, 0xff, 0xfd, 0x10, 0x0, 0x0,
    0x0, 0x1, 0xdf, 0xff, 0x40, 0x0, 0x0, 0x7f,
    0xff, 0xd1, 0x0, 0x0, 0x0, 0x0, 0x0, 0x1d,
    0xff, 0xfa, 0x10, 0x3c, 0xff, 0xfc, 0x10, 0x0,
    0x0, 0x0, 0x0, 0x0, 0x1, 0xbf, 0xff, 0xf6,
    0x6f, 0xff, 0xa0, 0x0, 0x0, 0x0, 0x0, 0x0,
    0x0, 0x0, 0x8, 0xff, 0xf3, 0x5, 0xe5, 0x0,
    0x0, 0x0, 0x0, 0x0, 0x0, 0x0, 0x0, 0x0,
    0x2a, 0x50, 0x0, 0x0, 0x0, 0x0, 0x0, 0x0,
    0x0, 0x0, 0x0, 0x0, 0x0, 0x0, 0x0,

    /* U+4ECA "今" */
    0x0, 0x0, 0x0, 0x0, 0x0, 0x0, 0x65, 0x0,
    0x0, 0x0, 0x0, 0x0, 0x0, 0x0, 0x0, 0x0,
    0x0, 0x0, 0x0, 0x4f, 0xfd, 0x0, 0x0, 0x0,
    0x0, 0x0, 0x0, 0x0, 0x0, 0x0, 0x0, 0x0,
    0x2e, 0xff, 0xe1, 0x0, 0x0, 0x0, 0x0, 0x0,
    0x0, 0x0, 0x0, 0x0, 0x0, 0x1d, 0xff, 0xff,
    0xd1, 0x0, 0x0, 0x0, 0x0, 0x0, 0x0, 0x0,
    0x0, 0x0, 0x2d, 0xff, 0xc9, 0xff, 0xd2, 0x0,
    0x0, 0x0, 0x0, 0x0, 0x0, 0x0, 0x0, 0x3e,
    0xff, 0xd1, 0x8, 0xff, 0xf5, 0x0, 0x0, 0x0,
    0x0, 0x0, 0x0, 0x0, 0x6f, 0xff, 0xd1, 0x0,
    0x8, 0xff, 0xf9, 0x0, 0x0, 0x0, 0x0, 0x0,
    0x1, 0xbf, 0xff, 0xb1, 0x0, 0x0, 0x6, 0xff,
    0xfd, 0x40, 0x0, 0x0, 0x0, 0x5, 0xef, 0xff,
    0x90, 0x3e, 0x70, 0x0, 0x3, 0xef, 0xff, 0xa1,
    0x0, 0x0, 0x5d, 0xff, 0xff, 0x60, 0xd, 0xff,
    0xb1, 0x0, 0x1, 0xbf, 0xff, 0xf8, 0x10, 0xaf,
    0xff, 0xfc, 0x20, 0x0, 0x1b, 0xff, 0xe3, 0x0,
    0x0, 0x7f, 0xff, 0xfa, 0x1, 0xdf, 0xe6, 0x0,
    0x0, 0x0, 0x8, 0xff, 0xf4, 0x0, 0x0, 0x2b,
    0xfc, 0x0, 0x3, 0x80, 0x0, 0x0, 0x0, 0x0,
    0x6, 0xff, 0xa0, 0x0, 0x0, 0x4, 0x10, 0x0,
    0x0, 0x0, 0x0, 0x0, 0x0, 0x0, 0x5, 0xa0,
    0x0, 0x0, 0x0, 0x0, 0x0, 0x0, 0x7, 0xff,
    0xff, 0xff, 0xff, 0xff, 0xff, 0xff, 0xff, 0xfe,
    0x70, 0x0, 0x0, 0x0, 0x7f, 0xff, 0xff, 0xff,
    0xff, 0xff, 0xff, 0xff, 0xff, 0xfc, 0x0, 0x0,
    0x0, 0x5, 0xbb, 0xbb, 0xbb, 0xbb, 0xbb, 0xbb,
    0xbb, 0xef, 0xff, 0x20, 0x0, 0x0, 0x0, 0x0,
    0x0, 0x0, 0x0, 0x0, 0x0, 0x0, 0x2f, 0xff,
    0x50, 0x0, 0x0, 0x0, 0x0, 0x0, 0x0, 0x0,
    0x0, 0x0, 0x0, 0x1d, 0xff, 0x90, 0x0, 0x0,
    0x0, 0x0, 0x0, 0x0, 0x0, 0x0, 0x0, 0x0,
    0xb, 0xff, 0xc0, 0x0, 0x0, 0x0, 0x0, 0x0,
    0x0, 0x0, 0x0, 0x0, 0x0, 0x8, 0xff, 0xe1,
    0x0, 0x0, 0x0, 0x0, 0x0, 0x0, 0x0, 0x0,
    0x0, 0x0, 0x5, 0xff, 0xf4, 0x0, 0x0, 0x0,
    0x0, 0x0, 0x0, 0x0, 0x0, 0x0, 0x0, 0x3,
    0xff, 0xf7, 0x0, 0x0, 0x0, 0x0, 0x0, 0x0,
    0x0, 0x0, 0x0, 0x0, 0x1, 0xef, 0xfa, 0x0,
    0x0, 0x0, 0x0, 0x0, 0x0, 0x0, 0x0, 0x0,
    0x0, 0x0, 0xcf, 0xfd, 0x0, 0x0, 0x0, 0x0,
    0x0, 0x0, 0x0, 0x0, 0x0, 0x0, 0x0, 0x7,
    0xee, 0x20, 0x0, 0x0, 0x0, 0x0, 0x0, 0x0,
    0x0, 0x0, 0x0, 0x0, 0x0, 0x0, 0x20, 0x0,
    0x0, 0x0, 0x0, 0x0, 0x0,

    /* U+4ECD "仍" */
    0x0, 0x0, 0x0, 0x10, 0x0, 0x0, 0x0, 0x0,
    0x0, 0x0, 0x0, 0x0, 0x0, 0x0, 0x0, 0x0,
    0xfd, 0x50, 0x0, 0x0, 0x0, 0x0, 0x0, 0x0,
    0x0, 0x0, 0x0, 0x0, 0x6, 0xff, 0x35, 0x66,
    0x66, 0x66, 0x66, 0x66, 0x66, 0x30, 0x0, 0x0,
    0x0, 0xc, 0xfd, 0xd, 0xff, 0xff, 0xff, 0xff,
    0xff, 0xff, 0x50, 0x0, 0x0, 0x0, 0x3f, 0xf6,
    0xc, 0xff, 0xff, 0xff, 0xff, 0xff, 0xff, 0x20,
    0x0, 0x0, 0x0, 0xaf, 0xf1, 0x0, 0x0, 0xef,
    0xc0, 0x0, 0x7, 0xff, 0x0, 0x0, 0x0, 0x2,
    0xff, 0xa0, 0x0, 0x0, 0xef, 0xb0, 0x0, 0xa,
    0xfc, 0x0, 0x0, 0x0, 0xb, 0xff, 0x70, 0x0,
    0x0, 0xff, 0xb0, 0x0, 0xe, 0xf8, 0x0, 0x0,
    0x0, 0x5f, 0xff, 0x70, 0x0, 0x0, 0xff, 0xa0,
    0x0, 0x1f, 0xf4, 0x0, 0x0, 0x1, 0xef, 0xff,
    0x70, 0x0, 0x0, 0xff, 0x90, 0x0, 0x5f, 0xf1,
    0x0, 0x0, 0xc, 0xff, 0xff, 0x70, 0x0, 0x1,
    0xff, 0x80, 0x0, 0x9f, 0xfe, 0xee, 0xec, 0x2f,
    0xfc, 0xff, 0x70, 0x0, 0x3, 0xff, 0x60, 0x0,
    0xdf, 0xff, 0xff, 0xfc, 0x9, 0xf2, 0xff, 0x70,
    0x0, 0x5, 0xff, 0x40, 0x0, 0x66, 0x66, 0x6e,
    0xfb, 0x2, 0x50, 0xff, 0x70, 0x0, 0x7, 0xff,
    0x20, 0x0, 0x0, 0x0, 0xd, 0xfb, 0x0, 0x0,
    0xff, 0x70, 0x0, 0x9, 0xff, 0x0, 0x0, 0x0,
    0x0, 0xe, 0xfa, 0x0, 0x0, 0xff, 0x70, 0x0,
    0xb, 0xfe, 0x0, 0x0, 0x0, 0x0, 0xf, 0xf9,
    0x0, 0x0, 0xff, 0x70, 0x0, 0xe, 0xfb, 0x0,
    0x0, 0x0, 0x0, 0xf, 0xf8, 0x0, 0x0, 0xff,
    0x70, 0x0, 0x3f, 0xf7, 0x0, 0x0, 0x0, 0x0,
    0x1f, 0xf7, 0x0, 0x0, 0xff, 0x70, 0x0, 0x7f,
    0xf3, 0x0, 0x0, 0x0, 0x0, 0x2f, 0xf5, 0x0,
    0x0, 0xff, 0x70, 0x0, 0xdf, 0xe0, 0x0, 0x0,
    0x0, 0x0, 0x4f, 0xf4, 0x0, 0x0, 0xff, 0x70,
    0x4, 0xff, 0x80, 0x0, 0x0, 0x0, 0x0, 0x6f,
    0xf2, 0x0, 0x0, 0xff, 0x70, 0xd, 0xff, 0x20,
    0x0, 0x0, 0x0, 0x0, 0x9f, 0xf0, 0x0, 0x0,
    0xff, 0x70, 0x7f, 0xfa, 0x0, 0x0, 0x0, 0x0,
    0x0, 0xef, 0xd0, 0x0, 0x0, 0xff, 0x74, 0xff,
    0xf1, 0x0, 0x0, 0xa, 0xa9, 0x9c, 0xff, 0x90,
    0x0, 0x0, 0xff, 0x78, 0xff, 0x60, 0x0, 0x0,
    0x8, 0xff, 0xff, 0xfe, 0x20, 0x0, 0x0, 0xff,
    0x70, 0x79, 0x0, 0x0, 0x0, 0x4, 0xcd, 0xdc,
    0x92, 0x0, 0x0, 0x0, 0x0, 0x0, 0x0, 0x0,
    0x0, 0x0, 0x0, 0x0, 0x0, 0x0, 0x0,

    /* U+4EE5 "以" */
    0x0, 0x0, 0x0, 0x0, 0x0, 0x0, 0x0, 0x0,
    0x0, 0x5, 0x43, 0x0, 0x0, 0x0, 0x57, 0x70,
    0x0, 0x0, 0x0, 0x0, 0x0, 0x0, 0xf, 0xfc,
    0x0, 0x0, 0x0, 0xbf, 0xf1, 0x0, 0x4, 0x80,
    0x0, 0x0, 0x0, 0x1f, 0xfa, 0x0, 0x0, 0x0,
    0xbf, 0xf1, 0x0, 0x7f, 0xf6, 0x0, 0x0, 0x0,
    0x2f, 0xf9, 0x0, 0x0, 0x0, 0xbf, 0xf1, 0x0,
    0x1e, 0xff, 0x30, 0x0, 0x0, 0x3f, 0xf8, 0x0,
    0x0, 0x0, 0xbf, 0xf1, 0x0, 0x5, 0xff, 0xd0,
    0x0, 0x0, 0x4f, 0xf7, 0x0, 0x0, 0x0, 0xbf,
    0xf1, 0x0, 0x0, 0x9f, 0xf8, 0x0, 0x0, 0x6f,
    0xf4, 0x0, 0x0, 0x0, 0xbf, 0xf1, 0x0, 0x0,
    0x1e, 0xff, 0x20, 0x0, 0x8f, 0xf2, 0x0, 0x0,
    0x0, 0xbf, 0xf1, 0x0, 0x0, 0x6, 0xff, 0x80,
    0x0, 0xaf, 0xf0, 0x0, 0x0, 0x0, 0xbf, 0xf1,
    0x0, 0x0, 0x0, 0xc5, 0x0, 0x0, 0xdf, 0xe0,
    0x0, 0x0, 0x0, 0xbf, 0xf1, 0x0, 0x0, 0x0,
    0x0, 0x0, 0x1, 0xff, 0xa0, 0x0, 0x0, 0x0,
    0xbf, 0xf1, 0x0, 0x0, 0x0, 0x0, 0x0, 0x4,
    0xff, 0x70, 0x0, 0x0, 0x0, 0xbf, 0xf1, 0x0,
    0x0, 0x0, 0x0, 0x0, 0x9, 0xff, 0x30, 0x0,
    0x0, 0x0, 0xbf, 0xf1, 0x0, 0x0, 0x0, 0x0,
    0x0, 0xe, 0xfe, 0x0, 0x0, 0x0, 0x0, 0xbf,
    0xf1, 0x0, 0x0, 0x0, 0x0, 0x0, 0x4f, 0xf9,
    0x0, 0x0, 0x0, 0x0, 0xbf, 0xf1, 0x0, 0x6,
    0xd4, 0x0, 0x0, 0xbf, 0xf3, 0x0, 0x0, 0x0,
    0x0, 0xbf, 0xf1, 0x7, 0xef, 0xf8, 0x0, 0x5,
    0xff, 0xf1, 0x0, 0x0, 0x0, 0x0, 0xcf, 0xf9,
    0xef, 0xff, 0xe5, 0x0, 0xd, 0xff, 0xfd, 0x10,
    0x0, 0x0, 0x0, 0xef, 0xff, 0xff, 0xe6, 0x0,
    0x0, 0xbf, 0xff, 0xff, 0xc1, 0x0, 0x0, 0x7,
    0xff, 0xff, 0xe6, 0x0, 0x0, 0x9, 0xff, 0xf2,
    0xcf, 0xfc, 0x0, 0x0, 0x5f, 0xff, 0xe6, 0x0,
    0x0, 0x1, 0xbf, 0xff, 0x50, 0x1d, 0xff, 0xc0,
    0x0, 0xd, 0xf8, 0x0, 0x0, 0x0, 0x4e, 0xff,
    0xf6, 0x0, 0x1, 0xef, 0xfa, 0x0, 0x3, 0x20,
    0x0, 0x0, 0x4c, 0xff, 0xff, 0x50, 0x0, 0x0,
    0x2f, 0xff, 0x70, 0x0, 0x0, 0x0, 0x0, 0xdf,
    0xff, 0xc2, 0x0, 0x0, 0x0, 0x5, 0xff, 0xd0,
    0x0, 0x0, 0x0, 0x0, 0x1d, 0xe6, 0x0, 0x0,
    0x0, 0x0, 0x0, 0x9a, 0x0, 0x0, 0x0, 0x0,
    0x0, 0x2, 0x0, 0x0, 0x0, 0x0, 0x0, 0x0,
    0x0, 0x0,

    /* U+4F11 "休" */
    0x0, 0x0, 0x0, 0x0, 0x40, 0x0, 0x0, 0x0,
    0x13, 0x30, 0x0, 0x0, 0x0, 0x0, 0x0, 0x0,
    0x0, 0x6, 0xff, 0x60, 0x0, 0x0, 0x9f, 0xf0,
    0x0, 0x0, 0x0, 0x0, 0x0, 0x0, 0x0, 0xd,
    0xff, 0x20, 0x0, 0x0, 0x9f, 0xf0, 0x0, 0x0,
    0x0, 0x0, 0x0, 0x0, 0x0, 0x4f, 0xfa, 0x0,
    0x0, 0x0, 0x9f, 0xf0, 0x0, 0x0, 0x0, 0x0,
    0x0, 0x0, 0x0, 0xdf, 0xf3, 0x0, 0x0, 0x0,
    0x9f, 0xf0, 0x0, 0x0, 0x0, 0x0, 0x0, 0x0,
    0x7, 0xff, 0xa0, 0x0, 0x0, 0x0, 0x9f, 0xf0,
    0x0, 0x0, 0x0, 0x0, 0x0, 0x0, 0x1f, 0xff,
    0x20, 0x0, 0x0, 0x0, 0x9f, 0xf0, 0x0, 0x0,
    0x0, 0x0, 0x0, 0x0, 0xcf, 0xfa, 0x9, 0x99,
    0x99, 0x99, 0xdf, 0xf9, 0x99, 0x99, 0x99, 0x60,
    0x0, 0x8, 0xff, 0xf9, 0x1f, 0xff, 0xff, 0xff,
    0xff, 0xff, 0xff, 0xff, 0xff, 0xa0, 0x0, 0x5f,
    0xff, 0xf9, 0x1f, 0xff, 0xff, 0xff, 0xff, 0xff,
    0xff, 0xff, 0xff, 0xa0, 0x5, 0xff, 0xff, 0xf9,
    0x0, 0x0, 0x0, 0x1f, 0xff, 0xff, 0x90, 0x0,
    0x0, 0x0, 0x2f, 0xff, 0xaf, 0xf9, 0x0, 0x0,
    0x0, 0x7f, 0xff, 0xff, 0xf1, 0x0, 0x0, 0x0,
    0xc, 0xfb, 0xf, 0xf9, 0x0, 0x0, 0x0, 0xef,
    0xff, 0xff, 0xf7, 0x0, 0x0, 0x0, 0x4, 0xc0,
    0xf, 0xf9, 0x0, 0x0, 0x7, 0xff, 0xdf, 0xf8,
    0xfe, 0x10, 0x0, 0x0, 0x0, 0x0, 0xf, 0xf9,
    0x0, 0x0, 0x1f, 0xfa, 0x9f, 0xf0, 0xef, 0x90,
    0x0, 0x0, 0x0, 0x0, 0xf, 0xf9, 0x0, 0x0,
    0xbf, 0xf2, 0x9f, 0xf0, 0x7f, 0xf3, 0x0, 0x0,
    0x0, 0x0, 0xf, 0xf9, 0x0, 0x5, 0xff, 0x80,
    0x9f, 0xf0, 0xe, 0xfd, 0x0, 0x0, 0x0, 0x0,
    0xf, 0xf9, 0x0, 0x2f, 0xfe, 0x0, 0x9f, 0xf0,
    0x6, 0xff, 0x90, 0x0, 0x0, 0x0, 0xf, 0xf9,
    0x1, 0xdf, 0xf6, 0x0, 0x9f, 0xf0, 0x0, 0xdf,
    0xf6, 0x0, 0x0, 0x0, 0xf, 0xf9, 0x1d, 0xff,
    0xa0, 0x0, 0x9f, 0xf0, 0x0, 0x2f, 0xff, 0x60,
    0x0, 0x0, 0xf, 0xfa, 0xdf, 0xfd, 0x0, 0x0,
    0x9f, 0xf0, 0x0, 0x6, 0xff, 0xf3, 0x0, 0x0,
    0xf, 0xf9, 0x8f, 0xe1, 0x0, 0x0, 0x9f, 0xf0,
    0x0, 0x0, 0x8f, 0x80, 0x0, 0x0, 0xf, 0xf9,
    0x8, 0x20, 0x0, 0x0, 0x9f, 0xf0, 0x0, 0x0,
    0x6, 0x0, 0x0, 0x0, 0xf, 0xf9, 0x0, 0x0,
    0x0, 0x0, 0x9f, 0xf0, 0x0, 0x0, 0x0, 0x0,
    0x0, 0x0, 0xf, 0xf9, 0x0, 0x0, 0x0, 0x0,
    0x9f, 0xf0, 0x0, 0x0, 0x0, 0x0, 0x0, 0x0,
    0xf, 0xf9, 0x0, 0x0, 0x0, 0x0, 0x9f, 0xf0,
    0x0, 0x0, 0x0, 0x0, 0x0, 0x0, 0x0, 0x0,
    0x0, 0x0, 0x0, 0x0, 0x1, 0x10, 0x0, 0x0,
    0x0, 0x0,

    /* U+4F1A "会" */
    0x0, 0x0, 0x0, 0x0, 0x0, 0x0, 0x6, 0x0,
    0x0, 0x0, 0x0, 0x0, 0x0, 0x0, 0x0, 0x0,
    0x0, 0x0, 0x0, 0xa, 0xfe, 0x50, 0x0, 0x0,
    0x0, 0x0, 0x0, 0x0, 0x0, 0x0, 0x0, 0x0,
    0x8, 0xff, 0xf1, 0x0, 0x0, 0x0, 0x0, 0x0,
    0x0, 0x0, 0x0, 0x0, 0x0, 0x8, 0xff, 0xff,
    0xa0, 0x0, 0x0, 0x0, 0x0, 0x0, 0x0, 0x0,
    0x0, 0x0, 0xa, 0xff, 0xfa, 0xff, 0xd2, 0x0,
    0x0, 0x0, 0x0, 0x0, 0x0, 0x0, 0x0, 0x2d,
    0xff, 0xe3, 0x7, 0xff, 0xf6, 0x0, 0x0, 0x0,
    0x0, 0x0, 0x0, 0x0, 0x7f, 0xff, 0xd2, 0x0,
    0x5, 0xff, 0xfc, 0x30, 0x0, 0x0, 0x0, 0x0,
    0x3, 0xdf, 0xff, 0xa1, 0x0, 0x0, 0x2, 0xcf,
    0xff, 0xa2, 0x0, 0x0, 0x0, 0x3b, 0xff, 0xff,
    0x70, 0x0, 0x0, 0x0, 0x0, 0x8f, 0xff, 0xfa,
    0x30, 0x3, 0xcf, 0xff, 0xfe, 0xff, 0xff, 0xff,
    0xff, 0xff, 0xff, 0xec, 0xff, 0xff, 0xc0, 0x1d,
    0xff, 0xd4, 0x4f, 0xff, 0xff, 0xff, 0xff, 0xff,
    0xfd, 0x6, 0xdf, 0xf4, 0x0, 0x2d, 0x50, 0x1,
    0x66, 0x66, 0x66, 0x66, 0x66, 0x66, 0x50, 0x0,
    0x56, 0x0, 0x0, 0x0, 0x0, 0x0, 0x0, 0x0,
    0x0, 0x0, 0x0, 0x0, 0x0, 0x0, 0x0, 0x0,
    0x0, 0x0, 0x0, 0x0, 0x0, 0x0, 0x0, 0x0,
    0x0, 0x0, 0x0, 0x0, 0x0, 0x1, 0x99, 0x99,
    0x99, 0x99, 0x99, 0x99, 0x99, 0x99, 0x99, 0x99,
    0x99, 0x70, 0x0, 0x2f, 0xff, 0xff, 0xff, 0xff,
    0xff, 0xff, 0xff, 0xff, 0xff, 0xff, 0xfc, 0x0,
    0x2, 0xff, 0xff, 0xff, 0xff, 0xff, 0xff, 0xff,
    0xff, 0xff, 0xff, 0xff, 0xb0, 0x0, 0x0, 0x0,
    0x0, 0x4, 0xff, 0xf5, 0x0, 0x0, 0x2, 0x0,
    0x0, 0x0, 0x0, 0x0, 0x0, 0x0, 0x2, 0xef,
    0xf8, 0x0, 0x0, 0x5d, 0xf4, 0x0, 0x0, 0x0,
    0x0, 0x0, 0x0, 0x1, 0xdf, 0xfa, 0x0, 0x0,
    0x2, 0xef, 0xf4, 0x0, 0x0, 0x0, 0x0, 0x0,
    0x0, 0xcf, 0xfb, 0x0, 0x0, 0x0, 0x2, 0xef,
    0xf4, 0x0, 0x0, 0x0, 0x0, 0x1, 0xcf, 0xfb,
    0x0, 0x0, 0x0, 0x1, 0x26, 0xff, 0xf3, 0x0,
    0x0, 0x0, 0x4, 0xef, 0xff, 0x89, 0xab, 0xce,
    0xff, 0xff, 0xff, 0xff, 0xe1, 0x0, 0x0, 0x0,
    0xff, 0xff, 0xff, 0xff, 0xff, 0xff, 0xff, 0xff,
    0xff, 0xff, 0xc0, 0x0, 0x0, 0x9, 0xff, 0xff,
    0xfe, 0xdc, 0xa9, 0x87, 0x54, 0x31, 0xc, 0xff,
    0x70, 0x0, 0x0, 0x38, 0x53, 0x10, 0x0, 0x0,
    0x0, 0x0, 0x0, 0x0, 0x2f, 0x80, 0x0, 0x0,
    0x0, 0x0, 0x0, 0x0, 0x0, 0x0, 0x0, 0x0,
    0x0, 0x0, 0x10, 0x0, 0x0,

    /* U+4F20 "传" */
    0x0, 0x0, 0x0, 0x3, 0x10, 0x0, 0x0, 0x0,
    0x31, 0x0, 0x0, 0x0, 0x0, 0x0, 0x0, 0x0,
    0x0, 0xef, 0x90, 0x0, 0x0, 0x3f, 0xf7, 0x0,
    0x0, 0x0, 0x0, 0x0, 0x0, 0x0, 0x6f, 0xf6,
    0x0, 0x0, 0x7, 0xff, 0x30, 0x0, 0x0, 0x0,
    0x0, 0x0, 0x0, 0xd, 0xfe, 0x5, 0x66, 0x66,
    0xcf, 0xf6, 0x66, 0x66, 0x66, 0x30, 0x0, 0x0,
    0x6, 0xff, 0x70, 0xef, 0xff, 0xff, 0xff, 0xff,
    0xff, 0xff, 0xf9, 0x0, 0x0, 0x0, 0xef, 0xe0,
    0xe, 0xff, 0xff, 0xff, 0xff, 0xff, 0xff, 0xff,
    0x90, 0x0, 0x0, 0x8f, 0xf5, 0x0, 0x0, 0x0,
    0x8f, 0xf2, 0x0, 0x0, 0x0, 0x0, 0x0, 0x0,
    0x3f, 0xff, 0x0, 0x0, 0x0, 0xc, 0xfe, 0x0,
    0x0, 0x0, 0x0, 0x0, 0x0, 0xd, 0xff, 0xe0,
    0x12, 0x22, 0x23, 0xff, 0xb2, 0x22, 0x22, 0x22,
    0x22, 0x20, 0xa, 0xff, 0xfe, 0x8, 0xff, 0xff,
    0xff, 0xff, 0xff, 0xff, 0xff, 0xff, 0xfe, 0x8,
    0xff, 0xff, 0xe0, 0x8f, 0xff, 0xff, 0xff, 0xff,
    0xff, 0xff, 0xff, 0xff, 0xe2, 0xff, 0xfc, 0xfe,
    0x1, 0x33, 0x33, 0xef, 0xc3, 0x33, 0x33, 0x33,
    0x33, 0x33, 0xa, 0xf5, 0x9f, 0xe0, 0x0, 0x0,
    0x3f, 0xf7, 0x0, 0x0, 0x0, 0x0, 0x0, 0x0,
    0x27, 0x9, 0xfe, 0x0, 0x0, 0x8, 0xff, 0x20,
    0x0, 0x0, 0x0, 0x0, 0x0, 0x0, 0x0, 0x9f,
    0xe0, 0x0, 0x0, 0xdf, 0xff, 0xff, 0xff, 0xff,
    0xff, 0xb1, 0x0, 0x0, 0x9, 0xfe, 0x0, 0x0,
    0x2f, 0xff, 0xff, 0xff, 0xff, 0xff, 0xff, 0x40,
    0x0, 0x0, 0x9f, 0xe0, 0x0, 0x3, 0x77, 0x77,
    0x77, 0x77, 0x8f, 0xff, 0x60, 0x0, 0x0, 0x9,
    0xfe, 0x0, 0x0, 0x0, 0x0, 0x0, 0x0, 0xb,
    0xff, 0x80, 0x0, 0x0, 0x0, 0x9f, 0xe0, 0x0,
    0x0, 0x0, 0x0, 0x0, 0xb, 0xff, 0x90, 0x0,
    0x0, 0x0, 0x9, 0xfe, 0x0, 0x0, 0x0, 0x1b,
    0xd3, 0xa, 0xff, 0xa0, 0x0, 0x0, 0x0, 0x0,
    0x9f, 0xe0, 0x0, 0x0, 0x8, 0xff, 0xfc, 0xff,
    0xb0, 0x0, 0x0, 0x0, 0x0, 0x9, 0xfe, 0x0,
    0x0, 0x0, 0x5, 0xef, 0xff, 0xc0, 0x0, 0x0,
    0x0, 0x0, 0x0, 0x9f, 0xe0, 0x0, 0x0, 0x0,
    0x1, 0xbf, 0xff, 0x70, 0x0, 0x0, 0x0, 0x0,
    0x9, 0xfe, 0x0, 0x0, 0x0, 0x0, 0x0, 0x6f,
    0xff, 0xa0, 0x0, 0x0, 0x0, 0x0, 0x9f, 0xe0,
    0x0, 0x0, 0x0, 0x0, 0x0, 0x4e, 0xfe, 0x20,
    0x0, 0x0, 0x0, 0x9, 0xfe, 0x0, 0x0, 0x0,
    0x0, 0x0, 0x0, 0x2d, 0x30, 0x0, 0x0, 0x0,
    0x0, 0x0, 0x0, 0x0, 0x0, 0x0, 0x0, 0x0,
    0x0, 0x0, 0x0, 0x0, 0x0,

    /* U+4F4F "住" */
    0x0, 0x0, 0x0, 0x12, 0x0, 0x0, 0x0, 0x2,
    0x70, 0x0, 0x0, 0x0, 0x0, 0x0, 0x0, 0x0,
    0x8, 0xfd, 0x10, 0x0, 0x4, 0xff, 0x70, 0x0,
    0x0, 0x0, 0x0, 0x0, 0x0, 0x0, 0xef, 0xd0,
    0x0, 0x0, 0xd, 0xff, 0x10, 0x0, 0x0, 0x0,
    0x0, 0x0, 0x0, 0x6f, 0xf6, 0x0, 0x0, 0x0,
    0x5f, 0xf8, 0x0, 0x0, 0x0, 0x0, 0x0, 0x0,
    0xe, 0xfe, 0x0, 0x0, 0x0, 0x0, 0xef, 0xe0,
    0x0, 0x0, 0x0, 0x0, 0x0, 0x7, 0xff, 0x70,
    0x22, 0x22, 0x22, 0x28, 0x93, 0x22, 0x22, 0x22,
    0x10, 0x0, 0x1, 0xff, 0xe0, 0x3f, 0xff, 0xff,
    0xff, 0xff, 0xff, 0xff, 0xff, 0xfa, 0x0, 0x0,
    0xbf, 0xf9, 0x3, 0xff, 0xff, 0xff, 0xff, 0xff,
    0xff, 0xff, 0xff, 0xa0, 0x0, 0x6f, 0xff, 0x80,
    0x15, 0x55, 0x55, 0x56, 0xff, 0xb5, 0x55, 0x55,
    0x53, 0x0, 0x2f, 0xff, 0xf8, 0x0, 0x0, 0x0,
    0x0, 0x1f, 0xf8, 0x0, 0x0, 0x0, 0x0, 0x1e,
    0xff, 0xff, 0x80, 0x0, 0x0, 0x0, 0x1, 0xff,
    0x80, 0x0, 0x0, 0x0, 0xa, 0xff, 0xdf, 0xf8,
    0x0, 0x0, 0x0, 0x0, 0x1f, 0xf8, 0x0, 0x0,
    0x0, 0x0, 0x3f, 0xe2, 0xff, 0x80, 0x0, 0x0,
    0x0, 0x1, 0xff, 0x80, 0x0, 0x0, 0x0, 0x0,
    0xa3, 0x1f, 0xf8, 0x0, 0x0, 0x0, 0x0, 0x2f,
    0xf8, 0x0, 0x0, 0x0, 0x0, 0x0, 0x1, 0xff,
    0x80, 0x4, 0xff, 0xff, 0xff, 0xff, 0xff, 0xff,
    0xff, 0xd0, 0x0, 0x0, 0x1f, 0xf8, 0x0, 0x4f,
    0xff, 0xff, 0xff, 0xff, 0xff, 0xff, 0xfd, 0x0,
    0x0, 0x1, 0xff, 0x80, 0x1, 0x66, 0x66, 0x67,
    0xff, 0xb6, 0x66, 0x66, 0x50, 0x0, 0x0, 0x1f,
    0xf8, 0x0, 0x0, 0x0, 0x0, 0x1f, 0xf8, 0x0,
    0x0, 0x0, 0x0, 0x0, 0x1, 0xff, 0x80, 0x0,
    0x0, 0x0, 0x1, 0xff, 0x80, 0x0, 0x0, 0x0,
    0x0, 0x0, 0x1f, 0xf8, 0x0, 0x0, 0x0, 0x0,
    0x1f, 0xf8, 0x0, 0x0, 0x0, 0x0, 0x0, 0x1,
    0xff, 0x80, 0x0, 0x0, 0x0, 0x1, 0xff, 0x80,
    0x0, 0x0, 0x0, 0x0, 0x0, 0x1f, 0xf8, 0x0,
    0x0, 0x0, 0x0, 0x1f, 0xf8, 0x0, 0x0, 0x0,
    0x0, 0x0, 0x1, 0xff, 0x80, 0x33, 0x33, 0x33,
    0x34, 0xff, 0xa3, 0x33, 0x33, 0x33, 0x0, 0x0,
    0x1f, 0xf8, 0xe, 0xff, 0xff, 0xff, 0xff, 0xff,
    0xff, 0xff, 0xff, 0xf0, 0x0, 0x1, 0xff, 0x80,
    0xef, 0xff, 0xff, 0xff, 0xff, 0xff, 0xff, 0xff,
    0xff, 0x0, 0x0, 0x1f, 0xf8, 0x3, 0x44, 0x44,
    0x44, 0x44, 0x44, 0x44, 0x44, 0x44, 0x40,

    /* U+5012 "倒" */
    0x0, 0x0, 0x0, 0x0, 0x0, 0x0, 0x0, 0x0,
    0x0, 0x0, 0x0, 0x0, 0x0, 0x0, 0x0, 0x4,
    0xfa, 0x10, 0x0, 0x0, 0x0, 0x0, 0x0, 0x0,
    0x2, 0x65, 0x0, 0x0, 0x9, 0xfe, 0x68, 0x88,
    0x88, 0x88, 0x88, 0x30, 0x22, 0x6, 0xfe, 0x0,
    0x0, 0xe, 0xf8, 0xbf, 0xff, 0xff, 0xff, 0xff,
    0x64, 0xfe, 0x6, 0xfe, 0x0, 0x0, 0x5f, 0xf2,
    0x79, 0xcf, 0xfb, 0x99, 0x99, 0x44, 0xfe, 0x6,
    0xfe, 0x0, 0x0, 0xcf, 0xc0, 0x0, 0xaf, 0xd0,
    0x1, 0x0, 0x4, 0xfe, 0x6, 0xfe, 0x0, 0x3,
    0xff, 0x60, 0x1, 0xff, 0x60, 0x8f, 0x70, 0x4,
    0xfe, 0x6, 0xfe, 0x0, 0xb, 0xff, 0x20, 0x8,
    0xfd, 0x0, 0x4f, 0xf2, 0x4, 0xfe, 0x6, 0xfe,
    0x0, 0x4f, 0xff, 0x20, 0x1f, 0xf4, 0x2, 0x5e,
    0xfc, 0x4, 0xfe, 0x6, 0xfe, 0x0, 0xdf, 0xff,
    0x21, 0xcf, 0xfe, 0xff, 0xff, 0xff, 0x54, 0xfe,
    0x6, 0xfe, 0x8, 0xff, 0xff, 0x20, 0xff, 0xff,
    0xfe, 0xb9, 0xbf, 0xd4, 0xfe, 0x6, 0xfe, 0x3f,
    0xff, 0xff, 0x20, 0x9a, 0x63, 0x10, 0x0, 0x3f,
    0xa5, 0xfe, 0x6, 0xfe, 0xe, 0xf7, 0xff, 0x20,
    0x0, 0x5, 0xdd, 0x0, 0x1, 0x4, 0xfe, 0x6,
    0xfe, 0x7, 0x82, 0xff, 0x20, 0x0, 0x6, 0xff,
    0x0, 0x0, 0x4, 0xfe, 0x6, 0xfe, 0x1, 0x2,
    0xff, 0x20, 0x0, 0x6, 0xff, 0x0, 0x0, 0x4,
    0xfe, 0x6, 0xfe, 0x0, 0x2, 0xff, 0x22, 0xff,
    0xff, 0xff, 0xff, 0xff, 0x24, 0xfe, 0x6, 0xfe,
    0x0, 0x2, 0xff, 0x22, 0xff, 0xff, 0xff, 0xff,
    0xff, 0x24, 0xfe, 0x6, 0xfe, 0x0, 0x2, 0xff,
    0x20, 0x33, 0x38, 0xff, 0x33, 0x33, 0x4, 0xfe,
    0x6, 0xfe, 0x0, 0x2, 0xff, 0x20, 0x0, 0x6,
    0xff, 0x0, 0x0, 0x4, 0xfe, 0x6, 0xfe, 0x0,
    0x2, 0xff, 0x20, 0x0, 0x6, 0xff, 0x0, 0x0,
    0x11, 0x44, 0x6, 0xfe, 0x0, 0x2, 0xff, 0x20,
    0x0, 0x6, 0xff, 0x58, 0xbf, 0xa0, 0x0, 0x6,
    0xfe, 0x0, 0x2, 0xff, 0x20, 0x36, 0x9d, 0xff,
    0xff, 0xff, 0xb0, 0x0, 0x6, 0xfe, 0x0, 0x2,
    0xff, 0x2d, 0xff, 0xff, 0xff, 0xfc, 0x96, 0x20,
    0x0, 0x6, 0xfe, 0x0, 0x2, 0xff, 0x2a, 0xff,
    0xd9, 0x63, 0x0, 0x0, 0x2, 0x33, 0x3a, 0xfe,
    0x0, 0x2, 0xff, 0x23, 0x30, 0x0, 0x0, 0x0,
    0x0, 0x3, 0xff, 0xff, 0xfb, 0x0, 0x2, 0xff,
    0x20, 0x0, 0x0, 0x0, 0x0, 0x0, 0x0, 0xdf,
    0xfd, 0x90, 0x0, 0x0, 0x0, 0x0, 0x0, 0x0,
    0x0, 0x0, 0x0, 0x0, 0x0, 0x0, 0x0,

    /* U+5065 "健" */
    0x0, 0x0, 0x1, 0x10, 0x0, 0x0, 0x0, 0x0,
    0x0, 0x23, 0x10, 0x0, 0x0, 0x0, 0x0, 0x0,
    0x9f, 0xb0, 0x0, 0x0, 0x0, 0x0, 0x9, 0xf8,
    0x0, 0x0, 0x0, 0x0, 0x0, 0xe, 0xfa, 0x66,
    0x66, 0x95, 0x1, 0x11, 0xaf, 0x91, 0x11, 0x10,
    0x0, 0x0, 0x4, 0xff, 0x5f, 0xff, 0xff, 0xf3,
    0xef, 0xff, 0xff, 0xff, 0xff, 0x0, 0x0, 0x0,
    0x9f, 0xe0, 0xcc, 0xcf, 0xfd, 0xb, 0xbb, 0xef,
    0xeb, 0xbf, 0xf0, 0x0, 0x0, 0xf, 0xf9, 0x0,
    0x0, 0xff, 0x70, 0x0, 0x9, 0xf8, 0x0, 0xff,
    0x0, 0x0, 0x5, 0xff, 0x40, 0x0, 0x7f, 0xf1,
    0x77, 0x77, 0xcf, 0xc7, 0x7f, 0xf7, 0x60, 0x0,
    0xcf, 0xf2, 0x0, 0xd, 0xf8, 0x1f, 0xff, 0xff,
    0xff, 0xff, 0xff, 0xfe, 0x0, 0x5f, 0xff, 0x20,
    0x5, 0xff, 0x10, 0x77, 0x77, 0xcf, 0xc7, 0x7f,
    0xf8, 0x70, 0xd, 0xff, 0xf2, 0x0, 0xdf, 0x70,
    0x0, 0x0, 0x9, 0xf8, 0x0, 0xff, 0x0, 0x8,
    0xff, 0xff, 0x20, 0x9f, 0xf5, 0x53, 0x8, 0x99,
    0xdf, 0xc9, 0x9f, 0xf0, 0x0, 0xef, 0xef, 0xf2,
    0x8f, 0xff, 0xff, 0xf2, 0xef, 0xff, 0xff, 0xff,
    0xff, 0x0, 0x7, 0xf4, 0xff, 0x25, 0xfb, 0xbc,
    0xff, 0x4, 0x44, 0xbf, 0xa4, 0x44, 0x40, 0x0,
    0x17, 0x1f, 0xf2, 0x2, 0x0, 0x4f, 0xe0, 0x0,
    0x9, 0xf8, 0x0, 0x0, 0x0, 0x0, 0x1, 0xff,
    0x20, 0x0, 0x7, 0xfc, 0x3f, 0xff, 0xff, 0xff,
    0xff, 0xf5, 0x0, 0x0, 0x1f, 0xf2, 0x5c, 0x40,
    0x9f, 0x93, 0xff, 0xff, 0xff, 0xff, 0xff, 0x50,
    0x0, 0x1, 0xff, 0x27, 0xf9, 0xd, 0xf6, 0x0,
    0x0, 0xaf, 0x80, 0x0, 0x0, 0x0, 0x0, 0x1f,
    0xf2, 0x1f, 0xf2, 0xff, 0x21, 0x11, 0x1a, 0xf9,
    0x11, 0x11, 0x10, 0x0, 0x1, 0xff, 0x20, 0xbf,
    0xdf, 0xe0, 0xef, 0xff, 0xff, 0xff, 0xff, 0xff,
    0x20, 0x0, 0x1f, 0xf2, 0x3, 0xff, 0xf9, 0xd,
    0xee, 0xef, 0xff, 0xee, 0xee, 0xe2, 0x0, 0x1,
    0xff, 0x20, 0xa, 0xff, 0x40, 0x0, 0x0, 0x9f,
    0x80, 0x0, 0x0, 0x0, 0x0, 0x1f, 0xf2, 0x0,
    0xcf, 0xfe, 0x30, 0x0, 0x9, 0xf8, 0x0, 0x0,
    0x0, 0x0, 0x1, 0xff, 0x20, 0x7f, 0xff, 0xff,
    0x82, 0x0, 0x9f, 0x80, 0x0, 0x0, 0x0, 0x0,
    0x1f, 0xf2, 0x4f, 0xf8, 0x2d, 0xff, 0xfc, 0x96,
    0x44, 0x33, 0x33, 0x33, 0x0, 0x1, 0xff, 0x8f,
    0xfb, 0x0, 0x8, 0xef, 0xff, 0xff, 0xff, 0xff,
    0xff, 0x90, 0x0, 0x1f, 0xf3, 0x9a, 0x0, 0x0,
    0x0, 0x58, 0xbd, 0xef, 0xff, 0xff, 0xf3, 0x0,
    0x0, 0x0, 0x0, 0x0, 0x0, 0x0, 0x0, 0x0,
    0x0, 0x0, 0x0, 0x0, 0x0,

    /* U+5148 "先" */
    0x0, 0x0, 0x0, 0x0, 0x0, 0x0, 0x44, 0x20,
    0x0, 0x0, 0x0, 0x0, 0x0, 0x0, 0x0, 0x4,
    0xa7, 0x20, 0x2, 0xff, 0x70, 0x0, 0x0, 0x0,
    0x0, 0x0, 0x0, 0x0, 0x9, 0xff, 0x20, 0x2,
    0xff, 0x70, 0x0, 0x0, 0x0, 0x0, 0x0, 0x0,
    0x0, 0xd, 0xfd, 0x0, 0x2, 0xff, 0x70, 0x0,
    0x0, 0x0, 0x0, 0x0, 0x0, 0x0, 0x3f, 0xfc,
    0x77, 0x78, 0xff, 0xb7, 0x77, 0x77, 0x77, 0x72,
    0x0, 0x0, 0x0, 0x9f, 0xff, 0xff, 0xff, 0xff,
    0xff, 0xff, 0xff, 0xff, 0xf5, 0x0, 0x0, 0x1,
    0xff, 0xff, 0xff, 0xff, 0xff, 0xff, 0xff, 0xff,
    0xff, 0xf5, 0x0, 0x0, 0x8, 0xff, 0x40, 0x0,
    0x3, 0xff, 0x70, 0x0, 0x0, 0x0, 0x0, 0x0,
    0x0, 0x1f, 0xfc, 0x0, 0x0, 0x2, 0xff, 0x70,
    0x0, 0x0, 0x0, 0x0, 0x0, 0x0, 0xbf, 0xf4,
    0x0, 0x0, 0x2, 0xff, 0x70, 0x0, 0x0, 0x0,
    0x0, 0x0, 0x0, 0x5e, 0xb0, 0x0, 0x0, 0x2,
    0xff, 0x70, 0x0, 0x0, 0x0, 0x0, 0x0, 0x0,
    0x0, 0x10, 0x0, 0x0, 0x2, 0xff, 0x70, 0x0,
    0x0, 0x0, 0x0, 0x0, 0x9, 0x99, 0x99, 0x99,
    0x99, 0x9a, 0xff, 0xc9, 0x99, 0x99, 0x99, 0x99,
    0x93, 0x1f, 0xff, 0xff, 0xff, 0xff, 0xff, 0xff,
    0xff, 0xff, 0xff, 0xff, 0xff, 0xf6, 0x1f, 0xff,
    0xff, 0xff, 0xff, 0xff, 0xff, 0xff, 0xff, 0xff,
    0xff, 0xff, 0xf6, 0x0, 0x0, 0x0, 0x3, 0xff,
    0x80, 0x0, 0xa, 0xff, 0x0, 0x0, 0x0, 0x0,
    0x0, 0x0, 0x0, 0x6, 0xff, 0x50, 0x0, 0xa,
    0xff, 0x0, 0x0, 0x0, 0x0, 0x0, 0x0, 0x0,
    0x9, 0xff, 0x10, 0x0, 0xa, 0xff, 0x0, 0x0,
    0x0, 0x0, 0x0, 0x0, 0x0, 0xe, 0xfe, 0x0,
    0x0, 0xa, 0xff, 0x0, 0x0, 0x0, 0x0, 0x0,
    0x0, 0x0, 0x6f, 0xf8, 0x0, 0x0, 0xa, 0xff,
    0x0, 0x0, 0x3, 0x0, 0x0, 0x0, 0x0, 0xdf,
    0xf1, 0x0, 0x0, 0xa, 0xff, 0x0, 0x0, 0xa,
    0xe6, 0x0, 0x0, 0xa, 0xff, 0xa0, 0x0, 0x0,
    0xa, 0xff, 0x0, 0x0, 0xb, 0xfa, 0x0, 0x1,
    0xbf, 0xfe, 0x10, 0x0, 0x0, 0xa, 0xff, 0x0,
    0x0, 0xd, 0xf8, 0x1, 0x8f, 0xff, 0xe3, 0x0,
    0x0, 0x0, 0x9, 0xff, 0x97, 0x77, 0x9f, 0xf5,
    0x3f, 0xff, 0xfd, 0x20, 0x0, 0x0, 0x0, 0x6,
    0xff, 0xff, 0xff, 0xff, 0xf0, 0x8, 0xfe, 0x70,
    0x0, 0x0, 0x0, 0x0, 0x0, 0x8d, 0xff, 0xff,
    0xfc, 0x30, 0x0, 0x60, 0x0, 0x0, 0x0, 0x0,
    0x0, 0x0, 0x0, 0x0, 0x0, 0x0, 0x0,

    /* U+5165 "入" */
    0x0, 0x0, 0x0, 0x0, 0x0, 0x0, 0x0, 0x0,
    0x0, 0x0, 0x0, 0x0, 0x0, 0x0, 0x0, 0x0,
    0x0, 0xb5, 0x0, 0x0, 0x0, 0x0, 0x0, 0x0,
    0x0, 0x0, 0x0, 0x0, 0x0, 0x8, 0xff, 0x70,
    0x0, 0x0, 0x0, 0x0, 0x0, 0x0, 0x0, 0x0,
    0x0, 0x0, 0x8, 0xff, 0xf8, 0x0, 0x0, 0x0,
    0x0, 0x0, 0x0, 0x0, 0x0, 0x0, 0x0, 0x0,
    0x6f, 0xff, 0x60, 0x0, 0x0, 0x0, 0x0, 0x0,
    0x0, 0x0, 0x0, 0x0, 0x0, 0x4, 0xff, 0xf3,
    0x0, 0x0, 0x0, 0x0, 0x0, 0x0, 0x0, 0x0,
    0x0, 0x0, 0x0, 0x7f, 0xfe, 0x0, 0x0, 0x0,
    0x0, 0x0, 0x0, 0x0, 0x0, 0x0, 0x0, 0x0,
    0xb, 0xff, 0x80, 0x0, 0x0, 0x0, 0x0, 0x0,
    0x0, 0x0, 0x0, 0x0, 0x0, 0xd, 0xff, 0xf2,
    0x0, 0x0, 0x0, 0x0, 0x0, 0x0, 0x0, 0x0,
    0x0, 0x0, 0x2f, 0xff, 0xfb, 0x0, 0x0, 0x0,
    0x0, 0x0, 0x0, 0x0, 0x0, 0x0, 0x0, 0x6f,
    0xff, 0xff, 0x40, 0x0, 0x0, 0x0, 0x0, 0x0,
    0x0, 0x0, 0x0, 0x0, 0xbf, 0xf9, 0xff, 0xc0,
    0x0, 0x0, 0x0, 0x0, 0x0, 0x0, 0x0, 0x0,
    0x1, 0xff, 0xf0, 0xbf, 0xf5, 0x0, 0x0, 0x0,
    0x0, 0x0, 0x0, 0x0, 0x0, 0x7, 0xff, 0x90,
    0x3f, 0xfd, 0x0, 0x0, 0x0, 0x0, 0x0, 0x0,
    0x0, 0x0, 0x1e, 0xff, 0x30, 0xa, 0xff, 0x60,
    0x0, 0x0, 0x0, 0x0, 0x0, 0x0, 0x0, 0x8f,
    0xfd, 0x0, 0x2, 0xff, 0xe1, 0x0, 0x0, 0x0,
    0x0, 0x0, 0x0, 0x1, 0xff, 0xf4, 0x0, 0x0,
    0x9f, 0xfa, 0x0, 0x0, 0x0, 0x0, 0x0, 0x0,
    0xa, 0xff, 0xb0, 0x0, 0x0, 0x1f, 0xff, 0x40,
    0x0, 0x0, 0x0, 0x0, 0x0, 0x7f, 0xff, 0x20,
    0x0, 0x0, 0x7, 0xff, 0xe2, 0x0, 0x0, 0x0,
    0x0, 0x5, 0xff, 0xf8, 0x0, 0x0, 0x0, 0x0,
    0xcf, 0xfd, 0x10, 0x0, 0x0, 0x0, 0x3f, 0xff,
    0xb0, 0x0, 0x0, 0x0, 0x0, 0x2e, 0xff, 0xc0,
    0x0, 0x0, 0x6, 0xff, 0xfc, 0x0, 0x0, 0x0,
    0x0, 0x0, 0x4, 0xff, 0xfd, 0x20, 0x1, 0xbf,
    0xff, 0xd1, 0x0, 0x0, 0x0, 0x0, 0x0, 0x0,
    0x8f, 0xff, 0xf6, 0x5e, 0xff, 0xfc, 0x20, 0x0,
    0x0, 0x0, 0x0, 0x0, 0x0, 0x8, 0xff, 0xfb,
    0x2d, 0xff, 0x90, 0x0, 0x0, 0x0, 0x0, 0x0,
    0x0, 0x0, 0x0, 0x6f, 0xf3, 0x1, 0xc4, 0x0,
    0x0, 0x0, 0x0, 0x0, 0x0, 0x0, 0x0, 0x0,
    0x2, 0xa0,

    /* U+5168 "全" */
    0x0, 0x0, 0x0, 0x0, 0x0, 0x0, 0x7, 0x50,
    0x0, 0x0, 0x0, 0x0, 0x0, 0x0, 0x0, 0x0,
    0x0, 0x0, 0x0, 0x0, 0x5f, 0xfa, 0x0, 0x0,
    0x0, 0x0, 0x0, 0x0, 0x0, 0x0, 0x0, 0x0,
    0x0, 0x2, 0xff, 0xfc, 0x10, 0x0, 0x0, 0x0,
    0x0, 0x0, 0x0, 0x0, 0x0, 0x0, 0x0, 0x1d,
    0xff, 0xff, 0xc1, 0x0, 0x0, 0x0, 0x0, 0x0,
    0x0, 0x0, 0x0, 0x0, 0x2, 0xdf, 0xf7, 0x7f,
    0xfc, 0x10, 0x0, 0x0, 0x0, 0x0, 0x0, 0x0,
    0x0, 0x0, 0x3e, 0xff, 0x70, 0x7, 0xff, 0xe3,
    0x0, 0x0, 0x0, 0x0, 0x0, 0x0, 0x0, 0x5,
    0xff, 0xf7, 0x0, 0x0, 0x6f, 0xff, 0x50, 0x0,
    0x0, 0x0, 0x0, 0x0, 0x0, 0xaf, 0xff, 0x70,
    0x0, 0x0, 0x6, 0xff, 0xfa, 0x10, 0x0, 0x0,
    0x0, 0x0, 0x4e, 0xff, 0xe4, 0x0, 0x0, 0x0,
    0x0, 0x3e, 0xff, 0xe5, 0x0, 0x0, 0x0, 0x3b,
    0xff, 0xfb, 0x10, 0x0, 0x0, 0x0, 0x0, 0x1,
    0xbf, 0xff, 0xc3, 0x0, 0xb, 0xff, 0xff, 0xd5,
    0x55, 0x55, 0x55, 0x55, 0x55, 0x55, 0x5c, 0xff,
    0xff, 0xb1, 0x7, 0xff, 0xb9, 0xff, 0xff, 0xff,
    0xff, 0xff, 0xff, 0xff, 0xff, 0xbb, 0xff, 0x90,
    0x0, 0x94, 0x6, 0xff, 0xff, 0xff, 0xff, 0xff,
    0xff, 0xff, 0xff, 0x80, 0x5b, 0x0, 0x0, 0x0,
    0x0, 0x0, 0x0, 0x0, 0x5f, 0xf5, 0x0, 0x0,
    0x0, 0x0, 0x0, 0x0, 0x0, 0x0, 0x0, 0x0,
    0x0, 0x0, 0x5f, 0xf5, 0x0, 0x0, 0x0, 0x0,
    0x0, 0x0, 0x0, 0x0, 0x0, 0x0, 0x0, 0x0,
    0x5f, 0xf5, 0x0, 0x0, 0x0, 0x0, 0x0, 0x0,
    0x0, 0x0, 0x0, 0x22, 0x22, 0x22, 0x7f, 0xf7,
    0x22, 0x22, 0x22, 0x10, 0x0, 0x0, 0x0, 0x0,
    0x2, 0xff, 0xff, 0xff, 0xff, 0xff, 0xff, 0xff,
    0xff, 0x70, 0x0, 0x0, 0x0, 0x0, 0x2, 0xff,
    0xff, 0xff, 0xff, 0xff, 0xff, 0xff, 0xff, 0x70,
    0x0, 0x0, 0x0, 0x0, 0x0, 0x11, 0x11, 0x11,
    0x6f, 0xf6, 0x11, 0x11, 0x11, 0x0, 0x0, 0x0,
    0x0, 0x0, 0x0, 0x0, 0x0, 0x0, 0x5f, 0xf5,
    0x0, 0x0, 0x0, 0x0, 0x0, 0x0, 0x0, 0x0,
    0x0, 0x0, 0x0, 0x0, 0x5f, 0xf5, 0x0, 0x0,
    0x0, 0x0, 0x0, 0x0, 0x0, 0x0, 0x0, 0x0,
    0x0, 0x0, 0x5f, 0xf5, 0x0, 0x0, 0x0, 0x0,
    0x0, 0x0, 0x0, 0xbf, 0xff, 0xff, 0xff, 0xff,
    0xff, 0xff, 0xff, 0xff, 0xff, 0xff, 0xfe, 0x0,
    0x0, 0xcf, 0xff, 0xff, 0xff, 0xff, 0xff, 0xff,
    0xff, 0xff, 0xff, 0xff, 0xfe, 0x0, 0x0, 0x45,
    0x55, 0x55, 0x55, 0x55, 0x55, 0x55, 0x55, 0x55,
    0x55, 0x55, 0x55, 0x0,

    /* U+518D "再" */
    0xb, 0xff, 0xff, 0xff, 0xff, 0xff, 0xff, 0xff,
    0xff, 0xff, 0xff, 0xff, 0xc0, 0xc, 0xff, 0xff,
    0xff, 0xff, 0xff, 0xff, 0xff, 0xff, 0xff, 0xff,
    0xff, 0xd0, 0x5, 0x77, 0x77, 0x77, 0x77, 0x7a,
    0xff, 0x87, 0x77, 0x77, 0x77, 0x77, 0x60, 0x0,
    0x0, 0x0, 0x0, 0x0, 0x6, 0xff, 0x20, 0x0,
    0x0, 0x0, 0x0, 0x0, 0x0, 0x1, 0x22, 0x22,
    0x22, 0x27, 0xff, 0x42, 0x22, 0x22, 0x22, 0x10,
    0x0, 0x0, 0x9, 0xff, 0xff, 0xff, 0xff, 0xff,
    0xff, 0xff, 0xff, 0xff, 0x90, 0x0, 0x0, 0x9,
    0xff, 0xff, 0xff, 0xff, 0xff, 0xff, 0xff, 0xff,
    0xff, 0x90, 0x0, 0x0, 0x9, 0xff, 0x33, 0x33,
    0x38, 0xff, 0x53, 0x33, 0x33, 0xff, 0x90, 0x0,
    0x0, 0x9, 0xff, 0x0, 0x0, 0x6, 0xff, 0x20,
    0x0, 0x0, 0xff, 0x90, 0x0, 0x0, 0x9, 0xff,
    0x0, 0x0, 0x6, 0xff, 0x20, 0x0, 0x0, 0xff,
    0x90, 0x0, 0x0, 0x9, 0xff, 0xff, 0xff, 0xff,
    0xff, 0xff, 0xff, 0xff, 0xff, 0x90, 0x0, 0x0,
    0x9, 0xff, 0xff, 0xff, 0xff, 0xff, 0xff, 0xff,
    0xff, 0xff, 0x90, 0x0, 0x0, 0x9, 0xff, 0x33,
    0x33, 0x38, 0xff, 0x63, 0x33, 0x33, 0xff, 0x90,
    0x0, 0x0, 0x9, 0xff, 0x0, 0x0, 0x6, 0xff,
    0x20, 0x0, 0x0, 0xff, 0x90, 0x0, 0x0, 0x9,
    0xff, 0x0, 0x0, 0x6, 0xff, 0x20, 0x0, 0x0,
    0xff, 0x90, 0x0, 0xcf, 0xff, 0xff, 0xff, 0xff,
    0xff, 0xff, 0xff, 0xff, 0xff, 0xff, 0xff, 0xfe,
    0xdf, 0xff, 0xff, 0xff, 0xff, 0xff, 0xff, 0xff,
    0xff, 0xff, 0xff, 0xff, 0xfe, 0x67, 0x7c, 0xff,
    0x77, 0x77, 0x77, 0x77, 0x77, 0x77, 0x77, 0xff,
    0xc7, 0x76, 0x0, 0x9, 0xff, 0x0, 0x0, 0x0,
    0x0, 0x0, 0x0, 0x0, 0xff, 0x90, 0x0, 0x0,
    0x9, 0xff, 0x0, 0x0, 0x0, 0x0, 0x0, 0x0,
    0x0, 0xff, 0x90, 0x0, 0x0, 0x9, 0xff, 0x0,
    0x0, 0x0, 0x0, 0x0, 0x0, 0x0, 0xff, 0x90,
    0x0, 0x0, 0x9, 0xff, 0x0, 0x0, 0x0, 0x0,
    0x3, 0x76, 0x68, 0xff, 0x80, 0x0, 0x0, 0x9,
    0xff, 0x0, 0x0, 0x0, 0x0, 0x3, 0xff, 0xff,
    0xff, 0x40, 0x0, 0x0, 0x9, 0xff, 0x0, 0x0,
    0x0, 0x0, 0x0, 0xdf, 0xfe, 0xb5, 0x0, 0x0,

    /* U+51C6 "准" */
    0x0, 0x0, 0x0, 0x0, 0x0, 0x0, 0x0, 0x0,
    0x0, 0x0, 0x0, 0x0, 0x0, 0x0, 0x0, 0x0,
    0x0, 0x0, 0xd, 0xb5, 0x0, 0x6d, 0x70, 0x0,
    0x0, 0x0, 0x29, 0xe1, 0x0, 0x0, 0x0, 0x4f,
    0xf5, 0x0, 0xcf, 0xf2, 0x0, 0x0, 0x0, 0x5f,
    0xfa, 0x0, 0x0, 0x0, 0xaf, 0xe0, 0x0, 0x3f,
    0xfa, 0x0, 0x0, 0x0, 0xc, 0xff, 0x50, 0x0,
    0x1, 0xff, 0x90, 0x0, 0xa, 0xff, 0x20, 0x0,
    0x0, 0x2, 0xff, 0xe0, 0x0, 0x9, 0xff, 0x85,
    0x55, 0x58, 0xf9, 0x55, 0x55, 0x51, 0x0, 0x8f,
    0xf8, 0x0, 0x2f, 0xff, 0xff, 0xff, 0xff, 0xff,
    0xff, 0xff, 0xf3, 0x0, 0x1f, 0xff, 0x10, 0xbf,
    0xfe, 0xdd, 0xdd, 0xdf, 0xfe, 0xdd, 0xdd, 0xd3,
    0x0, 0x8, 0xf9, 0x16, 0xff, 0xf7, 0x0, 0x0,
    0xf, 0xf7, 0x0, 0x0, 0x0, 0x0, 0x1, 0x10,
    0x2f, 0xff, 0xf7, 0x0, 0x0, 0xf, 0xf7, 0x0,
    0x0, 0x0, 0x0, 0x0, 0x1, 0xdf, 0xff, 0xf7,
    0x11, 0x11, 0x1f, 0xf8, 0x11, 0x11, 0x0, 0x0,
    0x0, 0xd, 0xff, 0x7e, 0xff, 0xff, 0xff, 0xff,
    0xff, 0xff, 0xff, 0xa0, 0x0, 0x0, 0x8, 0xfa,
    0xe, 0xff, 0xff, 0xff, 0xff, 0xff, 0xff, 0xff,
    0xa0, 0x0, 0x0, 0x0, 0x70, 0xe, 0xf8, 0x22,
    0x22, 0x3f, 0xf9, 0x22, 0x22, 0x20, 0x0, 0x0,
    0x41, 0x0, 0xe, 0xf7, 0x0, 0x0, 0xf, 0xf7,
    0x0, 0x0, 0x0, 0x0, 0x0, 0xef, 0x60, 0xe,
    0xf7, 0x0, 0x0, 0xf, 0xf7, 0x0, 0x0, 0x0,
    0x0, 0x6, 0xff, 0x90, 0xe, 0xfa, 0x55, 0x55,
    0x6f, 0xfa, 0x55, 0x55, 0x30, 0x0, 0xc, 0xff,
    0x30, 0xe, 0xff, 0xff, 0xff, 0xff, 0xff, 0xff,
    0xff, 0xa0, 0x0, 0x3f, 0xfc, 0x0, 0xe, 0xfe,
    0xdd, 0xdd, 0xef, 0xfe, 0xdd, 0xdd, 0x80, 0x0,
    0x9f, 0xf6, 0x0, 0xe, 0xf7, 0x0, 0x0, 0xf,
    0xf7, 0x0, 0x0, 0x0, 0x1, 0xff, 0xf0, 0x0,
    0xe, 0xf7, 0x0, 0x0, 0xf, 0xf7, 0x0, 0x0,
    0x0, 0x8, 0xff, 0x80, 0x0, 0xe, 0xf7, 0x0,
    0x0, 0xf, 0xf8, 0x0, 0x0, 0x0, 0x1f, 0xff,
    0x20, 0x0, 0xe, 0xff, 0xff, 0xff, 0xff, 0xff,
    0xff, 0xff, 0xfb, 0x7f, 0xfa, 0x0, 0x0, 0xe,
    0xff, 0xff, 0xff, 0xff, 0xff, 0xff, 0xff, 0xfb,
    0x4, 0xb3, 0x0, 0x0, 0xe, 0xf9, 0x44, 0x44,
    0x44, 0x44, 0x44, 0x44, 0x43, 0x0, 0x0, 0x0,
    0x0, 0xe, 0xf7, 0x0, 0x0, 0x0, 0x0, 0x0,
    0x0, 0x0,

    /* U+521A "刚" */
    0x0, 0x0, 0x0, 0x0, 0x0, 0x0, 0x0, 0x0,
    0x0, 0x0, 0x0, 0x0, 0x13, 0x33, 0x33, 0x33,
    0x33, 0x33, 0x33, 0x10, 0x0, 0x0, 0x7, 0xfe,
    0x7f, 0xff, 0xff, 0xff, 0xff, 0xff, 0xff, 0x60,
    0x0, 0x0, 0x7, 0xfe, 0x7f, 0xff, 0xff, 0xff,
    0xff, 0xff, 0xff, 0x60, 0x9, 0x93, 0x7, 0xfe,
    0x7f, 0xe0, 0x0, 0x0, 0x0, 0x0, 0xef, 0x60,
    0xf, 0xf4, 0x7, 0xfe, 0x7f, 0xe0, 0x0, 0x0,
    0xb, 0x81, 0xef, 0x60, 0xf, 0xf4, 0x7, 0xfe,
    0x7f, 0xe0, 0x71, 0x0, 0x3f, 0xf0, 0xef, 0x60,
    0xf, 0xf4, 0x7, 0xfe, 0x7f, 0xe8, 0xfa, 0x0,
    0x7f, 0xa0, 0xef, 0x60, 0xf, 0xf4, 0x7, 0xfe,
    0x7f, 0xe1, 0xff, 0x30, 0xbf, 0x50, 0xef, 0x60,
    0xf, 0xf4, 0x7, 0xfe, 0x7f, 0xe0, 0x7f, 0xb0,
    0xff, 0x10, 0xef, 0x60, 0xf, 0xf4, 0x7, 0xfe,
    0x7f, 0xe0, 0xe, 0xf9, 0xfb, 0x0, 0xef, 0x60,
    0xf, 0xf4, 0x7, 0xfe, 0x7f, 0xe0, 0x7, 0xff,
    0xf6, 0x0, 0xef, 0x60, 0xf, 0xf4, 0x7, 0xfe,
    0x7f, 0xe0, 0x0, 0xef, 0xf2, 0x0, 0xef, 0x60,
    0xf, 0xf4, 0x7, 0xfe, 0x7f, 0xe0, 0x0, 0x8f,
    0xe0, 0x0, 0xef, 0x60, 0xf, 0xf4, 0x7, 0xfe,
    0x7f, 0xe0, 0x0, 0xbf, 0xf4, 0x0, 0xef, 0x60,
    0xf, 0xf4, 0x7, 0xfe, 0x7f, 0xe0, 0x2, 0xff,
    0xfb, 0x0, 0xef, 0x60, 0xf, 0xf4, 0x7, 0xfe,
    0x7f, 0xe0, 0x9, 0xfc, 0xff, 0x20, 0xef, 0x60,
    0xf, 0xf4, 0x7, 0xfe, 0x7f, 0xe0, 0x1f, 0xf3,
    0xaf, 0x90, 0xef, 0x60, 0xf, 0xf4, 0x7, 0xfe,
    0x7f, 0xe0, 0x9f, 0xc0, 0x3f, 0xe0, 0xef, 0x60,
    0xf, 0xf4, 0x7, 0xfe, 0x7f, 0xe2, 0xff, 0x40,
    0xd, 0xf3, 0xef, 0x60, 0x0, 0x0, 0x7, 0xfe,
    0x7f, 0xeb, 0xfb, 0x0, 0x5, 0x30, 0xef, 0x60,
    0x0, 0x0, 0x7, 0xfe, 0x7f, 0xfa, 0xf3, 0x0,
    0x0, 0x0, 0xef, 0x60, 0x0, 0x0, 0x7, 0xfe,
    0x7f, 0xe0, 0x20, 0x0, 0x0, 0x0, 0xff, 0x60,
    0x0, 0x0, 0x7, 0xfe, 0x7f, 0xe0, 0x0, 0x0,
    0x8d, 0xcd, 0xff, 0x40, 0x2, 0x65, 0x5b, 0xfe,
    0x7f, 0xe0, 0x0, 0x0, 0x5f, 0xff, 0xfb, 0x0,
    0x3, 0xff, 0xff, 0xfa, 0x7f, 0xe0, 0x0, 0x0,
    0x5, 0x54, 0x10, 0x0, 0x0, 0xdf, 0xec, 0x80,

    /* U+5230 "到" */
    0x0, 0x0, 0x0, 0x0, 0x0, 0x0, 0x0, 0x0,
    0x0, 0x0, 0x0, 0xbb, 0x70, 0xaa, 0xaa, 0xaa,
    0xaa, 0xaa, 0xaa, 0xaa, 0x30, 0x0, 0x0, 0xe,
    0xf9, 0xf, 0xff, 0xff, 0xff, 0xff, 0xff, 0xff,
    0xf5, 0x5f, 0xf1, 0x0, 0xef, 0x90, 0x88, 0x89,
    0xff, 0xd8, 0x88, 0x88, 0x88, 0x25, 0xff, 0x10,
    0xe, 0xf9, 0x0, 0x0, 0x8f, 0xf4, 0x0, 0x88,
    0x0, 0x0, 0x5f, 0xf1, 0x0, 0xef, 0x90, 0x0,
    0x1f, 0xfc, 0x0, 0x5f, 0xf5, 0x0, 0x5, 0xff,
    0x10, 0xe, 0xf9, 0x0, 0x9, 0xff, 0x20, 0x0,
    0xaf, 0xf2, 0x0, 0x5f, 0xf1, 0x0, 0xef, 0x90,
    0x4, 0xff, 0x70, 0x1, 0x25, 0xff, 0xc0, 0x5,
    0xff, 0x10, 0xe, 0xf9, 0x3, 0xff, 0xfe, 0xff,
    0xff, 0xff, 0xff, 0x70, 0x5f, 0xf1, 0x0, 0xef,
    0x90, 0x1f, 0xff, 0xff, 0xff, 0xfe, 0xdd, 0xff,
    0x15, 0xff, 0x10, 0xe, 0xf9, 0x0, 0x9a, 0x76,
    0x43, 0x10, 0x0, 0x2f, 0x80, 0x5f, 0xf1, 0x0,
    0xef, 0x90, 0x0, 0x0, 0x0, 0xdd, 0x50, 0x0,
    0x10, 0x5, 0xff, 0x10, 0xe, 0xf9, 0x0, 0x0,
    0x0, 0xf, 0xf6, 0x0, 0x0, 0x0, 0x5f, 0xf1,
    0x0, 0xef, 0x90, 0x1, 0x11, 0x11, 0xff, 0x71,
    0x11, 0x10, 0x5, 0xff, 0x10, 0xe, 0xf9, 0x4,
    0xff, 0xff, 0xff, 0xff, 0xff, 0xff, 0xb0, 0x5f,
    0xf1, 0x0, 0xef, 0x90, 0x4f, 0xff, 0xff, 0xff,
    0xff, 0xff, 0xfb, 0x5, 0xff, 0x10, 0xe, 0xf9,
    0x0, 0x22, 0x22, 0x3f, 0xf8, 0x22, 0x22, 0x20,
    0x5f, 0xf1, 0x0, 0xef, 0x90, 0x0, 0x0, 0x0,
    0xff, 0x60, 0x0, 0x0, 0x5, 0xff, 0x10, 0xe,
    0xf9, 0x0, 0x0, 0x0, 0xf, 0xf6, 0x0, 0x0,
    0x0, 0x4c, 0xc1, 0x0, 0xef, 0x90, 0x0, 0x0,
    0x0, 0xff, 0x60, 0x36, 0x9c, 0x0, 0x0, 0x0,
    0xe, 0xf9, 0x0, 0x0, 0x0, 0x4f, 0xfe, 0xff,
    0xff, 0xf1, 0x0, 0x0, 0x0, 0xef, 0x90, 0x57,
    0xad, 0xff, 0xff, 0xff, 0xff, 0xfb, 0x10, 0x0,
    0x0, 0xe, 0xf9, 0x1f, 0xff, 0xff, 0xff, 0xeb,
    0x85, 0x20, 0x0, 0x0, 0x77, 0x78, 0xff, 0x90,
    0xef, 0xeb, 0x85, 0x10, 0x0, 0x0, 0x0, 0x0,
    0xa, 0xff, 0xff, 0xf5, 0x3, 0x10, 0x0, 0x0,
    0x0, 0x0, 0x0, 0x0, 0x0, 0x5f, 0xfe, 0xb6,
    0x0, 0x0, 0x0, 0x0, 0x0, 0x0, 0x0, 0x0,
    0x0, 0x0, 0x0, 0x0, 0x0,

    /* U+524D "前" */
    0x0, 0x0, 0x0, 0x33, 0x0, 0x0, 0x0, 0x0,
    0x0, 0x7, 0x20, 0x0, 0x0, 0x0, 0x0, 0xc,
    0xff, 0x20, 0x0, 0x0, 0x0, 0x0, 0x7f, 0xf9,
    0x0, 0x0, 0x0, 0x0, 0x4, 0xff, 0xd0, 0x0,
    0x0, 0x0, 0x1, 0xef, 0xf1, 0x0, 0x0, 0x0,
    0x0, 0x0, 0x9f, 0xf8, 0x0, 0x0, 0x0, 0x9,
    0xff, 0x60, 0x0, 0x0, 0x3, 0x33, 0x33, 0x4f,
    0xf9, 0x33, 0x33, 0x33, 0x5f, 0xfd, 0x33, 0x33,
    0x32, 0x3f, 0xff, 0xff, 0xff, 0xff, 0xff, 0xff,
    0xff, 0xff, 0xff, 0xff, 0xff, 0xfb, 0x3f, 0xff,
    0xff, 0xff, 0xff, 0xff, 0xff, 0xff, 0xff, 0xff,
    0xff, 0xff, 0xfb, 0x2, 0x22, 0x22, 0x22, 0x22,
    0x22, 0x22, 0x22, 0x22, 0x22, 0x22, 0x22, 0x21,
    0x0, 0x0, 0x0, 0x0, 0x0, 0x0, 0x0, 0x0,
    0x0, 0x0, 0x2, 0x33, 0x0, 0x0, 0x5a, 0xaa,
    0xaa, 0xaa, 0xaa, 0x90, 0x0, 0x55, 0x10, 0x9,
    0xff, 0x0, 0x0, 0x9f, 0xff, 0xff, 0xff, 0xff,
    0xe0, 0x2, 0xff, 0x40, 0x9, 0xff, 0x0, 0x0,
    0x9f, 0xf9, 0x99, 0x99, 0xdf, 0xe0, 0x2, 0xff,
    0x40, 0x9, 0xff, 0x0, 0x0, 0x9f, 0xd0, 0x0,
    0x0, 0x9f, 0xe0, 0x2, 0xff, 0x40, 0x9, 0xff,
    0x0, 0x0, 0x9f, 0xd1, 0x11, 0x11, 0xaf, 0xe0,
    0x2, 0xff, 0x40, 0x9, 0xff, 0x0, 0x0, 0x9f,
    0xff, 0xff, 0xff, 0xff, 0xe0, 0x2, 0xff, 0x40,
    0x9, 0xff, 0x0, 0x0, 0x9f, 0xfd, 0xdd, 0xdd,
    0xff, 0xe0, 0x2, 0xff, 0x40, 0x9, 0xff, 0x0,
    0x0, 0x9f, 0xd0, 0x0, 0x0, 0x9f, 0xe0, 0x2,
    0xff, 0x40, 0x9, 0xff, 0x0, 0x0, 0x9f, 0xd0,
    0x0, 0x0, 0x9f, 0xe0, 0x2, 0xff, 0x40, 0x9,
    0xff, 0x0, 0x0, 0x9f, 0xfb, 0xbb, 0xbb, 0xef,
    0xe0, 0x2, 0xff, 0x40, 0x9, 0xff, 0x0, 0x0,
    0x9f, 0xff, 0xff, 0xff, 0xff, 0xe0, 0x2, 0xff,
    0x40, 0x9, 0xff, 0x0, 0x0, 0x9f, 0xe3, 0x33,
    0x33, 0xbf, 0xe0, 0x2, 0xff, 0x40, 0x9, 0xff,
    0x0, 0x0, 0x9f, 0xd0, 0x0, 0x0, 0x9f, 0xe0,
    0x0, 0x0, 0x0, 0x9, 0xff, 0x0, 0x0, 0x9f,
    0xd0, 0x0, 0x0, 0x9f, 0xe0, 0x0, 0x0, 0x0,
    0x9, 0xff, 0x0, 0x0, 0x9f, 0xd0, 0x2, 0x22,
    0xbf, 0xd0, 0x0, 0x3, 0x65, 0x6c, 0xfe, 0x0,
    0x0, 0x9f, 0xd0, 0xa, 0xff, 0xff, 0xb0, 0x0,
    0x3, 0xff, 0xff, 0xfb, 0x0, 0x0, 0x9f, 0xd0,
    0x4, 0xff, 0xea, 0x10, 0x0, 0x0, 0xef, 0xfd,
    0x91, 0x0, 0x0, 0x0, 0x0, 0x0, 0x0, 0x0,
    0x0, 0x0, 0x0, 0x0, 0x0, 0x0, 0x0,

    /* U+52A1 "务" */
    0x0, 0x0, 0x0, 0x0, 0x8, 0x74, 0x0, 0x0,
    0x0, 0x0, 0x0, 0x0, 0x0, 0x0, 0x0, 0x0,
    0x0, 0x6f, 0xfa, 0x0, 0x0, 0x0, 0x0, 0x0,
    0x0, 0x0, 0x0, 0x0, 0x0, 0x3, 0xff, 0xe1,
    0x0, 0x0, 0x0, 0x0, 0x0, 0x0, 0x0, 0x0,
    0x0, 0x0, 0x3f, 0xff, 0xfe, 0xee, 0xee, 0xee,
    0xee, 0xef, 0xa1, 0x0, 0x0, 0x0, 0x5, 0xff,
    0xff, 0xff, 0xff, 0xff, 0xff, 0xff, 0xff, 0xf2,
    0x0, 0x0, 0x0, 0x8f, 0xff, 0x94, 0x44, 0x44,
    0x44, 0x44, 0x7f, 0xff, 0x40, 0x0, 0x0, 0x4d,
    0xff, 0xff, 0xf4, 0x0, 0x0, 0x0, 0x6, 0xff,
    0xf5, 0x0, 0x0, 0x4, 0xff, 0xfb, 0x3d, 0xff,
    0x70, 0x0, 0x3, 0xbf, 0xfe, 0x40, 0x0, 0x0,
    0x0, 0x8e, 0x50, 0x1, 0xcf, 0xfe, 0x63, 0xbf,
    0xff, 0x90, 0x0, 0x0, 0x0, 0x0, 0x1, 0x0,
    0x0, 0x7, 0xff, 0xff, 0xff, 0xd3, 0x0, 0x0,
    0x0, 0x0, 0x0, 0x0, 0x0, 0x26, 0xae, 0xff,
    0xff, 0xff, 0xfb, 0x85, 0x20, 0x0, 0x0, 0x26,
    0x8a, 0xcf, 0xff, 0xff, 0xfd, 0x98, 0xcf, 0xff,
    0xff, 0xff, 0xed, 0xb7, 0x4f, 0xff, 0xff, 0xff,
    0xc7, 0x20, 0x0, 0x1, 0x5a, 0xef, 0xff, 0xff,
    0xf2, 0xd, 0xeb, 0x86, 0x30, 0x0, 0x9, 0x96,
    0x0, 0x0, 0x1, 0x35, 0x79, 0x60, 0x0, 0x0,
    0x0, 0x0, 0x0, 0x1f, 0xfa, 0x0, 0x0, 0x0,
    0x0, 0x0, 0x0, 0x0, 0x0, 0x0, 0x0, 0x0,
    0x4f, 0xf7, 0x0, 0x0, 0x0, 0x0, 0x0, 0x0,
    0x0, 0x7f, 0xff, 0xff, 0xff, 0xff, 0xff, 0xff,
    0xff, 0xff, 0xff, 0xf6, 0x0, 0x0, 0x7f, 0xff,
    0xff, 0xff, 0xff, 0xff, 0xff, 0xff, 0xff, 0xff,
    0xf4, 0x0, 0x0, 0x13, 0x33, 0x33, 0x39, 0xff,
    0x73, 0x33, 0x33, 0x33, 0x9f, 0xf2, 0x0, 0x0,
    0x0, 0x0, 0x0, 0x2f, 0xfd, 0x0, 0x0, 0x0,
    0x0, 0x9f, 0xf0, 0x0, 0x0, 0x0, 0x0, 0x1,
    0xcf, 0xf4, 0x0, 0x0, 0x0, 0x0, 0xcf, 0xc0,
    0x0, 0x0, 0x0, 0x0, 0x2d, 0xff, 0x80, 0x0,
    0x0, 0x0, 0x0, 0xff, 0x90, 0x0, 0x0, 0x0,
    0x19, 0xff, 0xf8, 0x0, 0x0, 0x0, 0x0, 0x5,
    0xff, 0x50, 0x0, 0x1, 0x6a, 0xff, 0xff, 0x70,
    0x0, 0x2, 0x32, 0x22, 0x3d, 0xff, 0x0, 0x0,
    0x1e, 0xff, 0xff, 0xa1, 0x0, 0x0, 0x4, 0xff,
    0xff, 0xff, 0xf8, 0x0, 0x0, 0x5, 0xfd, 0x82,
    0x0, 0x0, 0x0, 0x0, 0xef, 0xff, 0xfd, 0x70,
    0x0, 0x0, 0x0, 0x20, 0x0, 0x0, 0x0, 0x0,
    0x0, 0x0, 0x0, 0x0, 0x0, 0x0, 0x0,

    /* U+52A8 "动" */
    0x0, 0x0, 0x0, 0x0, 0x0, 0x0, 0x0, 0x0,
    0x1f, 0xf7, 0x0, 0x0, 0x0, 0x1, 0x33, 0x33,
    0x33, 0x33, 0x33, 0x10, 0x0, 0x1f, 0xf7, 0x0,
    0x0, 0x0, 0x5, 0xff, 0xff, 0xff, 0xff, 0xff,
    0x60, 0x0, 0x1f, 0xf7, 0x0, 0x0, 0x0, 0x5,
    0xff, 0xff, 0xff, 0xff, 0xff, 0x60, 0x0, 0x1f,
    0xf7, 0x0, 0x0, 0x0, 0x0, 0x0, 0x0, 0x0,
    0x0, 0x0, 0x0, 0x0, 0x1f, 0xf7, 0x0, 0x0,
    0x0, 0x0, 0x0, 0x0, 0x0, 0x0, 0x0, 0x3,
    0x55, 0x6f, 0xf9, 0x55, 0x55, 0x52, 0x0, 0x0,
    0x0, 0x0, 0x0, 0x0, 0xb, 0xff, 0xff, 0xff,
    0xff, 0xff, 0xf8, 0x0, 0x0, 0x0, 0x0, 0x0,
    0x0, 0xb, 0xff, 0xff, 0xff, 0xff, 0xff, 0xf7,
    0x4f, 0xff, 0xff, 0xff, 0xff, 0xff, 0xe0, 0x0,
    0x4f, 0xf4, 0x0, 0x1f, 0xf7, 0x4f, 0xff, 0xff,
    0xff, 0xff, 0xff, 0xe0, 0x0, 0x5f, 0xf2, 0x0,
    0x2f, 0xf6, 0x26, 0x66, 0xdf, 0xf6, 0x66, 0x66,
    0x50, 0x0, 0x6f, 0xf1, 0x0, 0x2f, 0xf6, 0x0,
    0x0, 0xef, 0xb0, 0x0, 0x0, 0x0, 0x0, 0x8f,
    0xf0, 0x0, 0x3f, 0xf5, 0x0, 0x2, 0xff, 0x70,
    0x0, 0x30, 0x0, 0x0, 0x9f, 0xe0, 0x0, 0x3f,
    0xf4, 0x0, 0x6, 0xff, 0x20, 0x1f, 0xf3, 0x0,
    0x0, 0xcf, 0xc0, 0x0, 0x4f, 0xf4, 0x0, 0xa,
    0xfd, 0x0, 0xc, 0xf9, 0x0, 0x0, 0xff, 0x90,
    0x0, 0x5f, 0xf3, 0x0, 0xf, 0xf8, 0x0, 0x6,
    0xff, 0x0, 0x3, 0xff, 0x50, 0x0, 0x6f, 0xf2,
    0x0, 0x5f, 0xf2, 0x0, 0x1, 0xff, 0x60, 0x6,
    0xff, 0x20, 0x0, 0x7f, 0xf2, 0x0, 0xaf, 0xc0,
    0x2, 0x59, 0xff, 0xb0, 0xc, 0xff, 0x0, 0x0,
    0x8f, 0xf0, 0x2, 0xff, 0xca, 0xef, 0xff, 0xff,
    0xf1, 0x2f, 0xfa, 0x0, 0x0, 0x9f, 0xf0, 0xd,
    0xff, 0xff, 0xff, 0xfd, 0x9f, 0xf5, 0x9f, 0xf3,
    0x0, 0x0, 0xbf, 0xe0, 0xc, 0xff, 0xfd, 0x95,
    0x10, 0xd, 0xc5, 0xef, 0xd0, 0x0, 0x0, 0xdf,
    0xc0, 0x6, 0xc6, 0x20, 0x0, 0x0, 0x0, 0xb,
    0xff, 0x70, 0x0, 0x1, 0xff, 0xa0, 0x0, 0x0,
    0x0, 0x0, 0x0, 0x0, 0x8f, 0xfd, 0x6, 0x87,
    0x7c, 0xff, 0x60, 0x0, 0x0, 0x0, 0x0, 0x0,
    0x0, 0xef, 0xf2, 0x6, 0xff, 0xff, 0xfe, 0x10,
    0x0, 0x0, 0x0, 0x0, 0x0, 0x0, 0x1d, 0x50,
    0x1, 0xff, 0xff, 0xb2, 0x0, 0x0, 0x0, 0x0,
    0x0, 0x0, 0x0, 0x1, 0x0, 0x0, 0x0, 0x0,
    0x0, 0x0,

    /* U+52A9 "助" */
    0x0, 0x0, 0x0, 0x0, 0x0, 0x0, 0x0, 0x0,
    0x4, 0x76, 0x0, 0x0, 0x0, 0x0, 0x0, 0x33,
    0x33, 0x33, 0x33, 0x30, 0x0, 0x0, 0xaf, 0xd0,
    0x0, 0x0, 0x0, 0x0, 0xf, 0xff, 0xff, 0xff,
    0xff, 0x40, 0x0, 0xa, 0xfd, 0x0, 0x0, 0x0,
    0x0, 0x0, 0xff, 0xff, 0xff, 0xff, 0xf4, 0x0,
    0x0, 0xaf, 0xd0, 0x0, 0x0, 0x0, 0x0, 0xf,
    0xf6, 0x22, 0x24, 0xff, 0x40, 0x0, 0xa, 0xfd,
    0x0, 0x0, 0x0, 0x0, 0x0, 0xff, 0x40, 0x0,
    0x2f, 0xf4, 0x0, 0x0, 0xbf, 0xd0, 0x0, 0x0,
    0x0, 0x0, 0xf, 0xf4, 0x0, 0x2, 0xff, 0x44,
    0x55, 0x5c, 0xfe, 0x55, 0x55, 0x55, 0x0, 0x0,
    0xff, 0x84, 0x44, 0x6f, 0xf4, 0xdf, 0xff, 0xff,
    0xff, 0xff, 0xff, 0xf0, 0x0, 0xf, 0xff, 0xff,
    0xff, 0xff, 0x4d, 0xff, 0xff, 0xff, 0xff, 0xff,
    0xff, 0x0, 0x0, 0xff, 0xff, 0xff, 0xff, 0xf4,
    0x12, 0x22, 0xef, 0xb2, 0x22, 0x9f, 0xf0, 0x0,
    0xf, 0xf4, 0x0, 0x2, 0xff, 0x40, 0x0, 0xf,
    0xf9, 0x0, 0x8, 0xff, 0x0, 0x0, 0xff, 0x40,
    0x0, 0x2f, 0xf4, 0x0, 0x1, 0xff, 0x70, 0x0,
    0x9f, 0xe0, 0x0, 0xf, 0xf4, 0x0, 0x2, 0xff,
    0x40, 0x0, 0x2f, 0xf5, 0x0, 0x9, 0xfe, 0x0,
    0x0, 0xff, 0x85, 0x55, 0x6f, 0xf4, 0x0, 0x4,
    0xff, 0x30, 0x0, 0xaf, 0xd0, 0x0, 0xf, 0xff,
    0xff, 0xff, 0xff, 0x40, 0x0, 0x8f, 0xf1, 0x0,
    0xa, 0xfd, 0x0, 0x0, 0xff, 0xff, 0xff, 0xff,
    0xf4, 0x0, 0xc, 0xfd, 0x0, 0x0, 0xbf, 0xc0,
    0x0, 0xf, 0xf4, 0x0, 0x2, 0xff, 0x40, 0x1,
    0xff, 0x80, 0x0, 0xb, 0xfb, 0x0, 0x0, 0xff,
    0x40, 0x0, 0x2f, 0xf4, 0x0, 0x5f, 0xf4, 0x0,
    0x0, 0xcf, 0xb0, 0x0, 0xf, 0xf4, 0x0, 0x2,
    0xff, 0x97, 0xb, 0xff, 0x0, 0x0, 0xd, 0xfa,
    0x0, 0x0, 0xff, 0x53, 0x69, 0xdf, 0xff, 0xd3,
    0xff, 0xa0, 0x0, 0x0, 0xff, 0x90, 0x3, 0x6f,
    0xff, 0xff, 0xff, 0xff, 0xea, 0xcf, 0xf3, 0x0,
    0x0, 0xf, 0xf7, 0x0, 0xef, 0xff, 0xff, 0xfd,
    0x96, 0x20, 0x8f, 0xfa, 0x0, 0x0, 0x2, 0xff,
    0x60, 0xb, 0xff, 0xc8, 0x51, 0x0, 0x0, 0x7f,
    0xfe, 0x10, 0x0, 0x0, 0x6f, 0xf4, 0x0, 0x43,
    0x0, 0x0, 0x0, 0x0, 0x9f, 0xff, 0x40, 0x8,
    0x77, 0x7e, 0xff, 0x10, 0x0, 0x0, 0x0, 0x0,
    0x0, 0x4f, 0xff, 0x50, 0x0, 0xbf, 0xff, 0xff,
    0xa0, 0x0, 0x0, 0x0, 0x0, 0x0, 0x0, 0x5e,
    0x30, 0x0, 0x7, 0xff, 0xfd, 0x80, 0x0, 0x0,
    0x0, 0x0, 0x0, 0x0, 0x0, 0x0, 0x0, 0x0,
    0x0, 0x0, 0x0, 0x0, 0x0,

    /* U+5371 "危" */
    0x0, 0x0, 0x0, 0x0, 0xa9, 0x60, 0x0, 0x0,
    0x0, 0x0, 0x0, 0x0, 0x0, 0x0, 0x0, 0x0,
    0x0, 0x5f, 0xfc, 0x0, 0x0, 0x0, 0x0, 0x0,
    0x0, 0x0, 0x0, 0x0, 0x0, 0x0, 0xd, 0xff,
    0xfe, 0xee, 0xee, 0xee, 0x50, 0x0, 0x0, 0x0,
    0x0, 0x0, 0x0, 0x8, 0xff, 0xff, 0xff, 0xff,
    0xff, 0xff, 0x20, 0x0, 0x0, 0x0, 0x0, 0x0,
    0x3, 0xff, 0xe4, 0x44, 0x44, 0x4a, 0xff, 0x90,
    0x0, 0x0, 0x0, 0x0, 0x0, 0x1, 0xdf, 0xf5,
    0x0, 0x0, 0x1, 0xff, 0xf1, 0x0, 0x0, 0x0,
    0x0, 0x0, 0x0, 0xdf, 0xfa, 0x0, 0x0, 0x0,
    0x8f, 0xf7, 0x0, 0x0, 0x0, 0x0, 0x0, 0x1,
    0xcf, 0xff, 0xff, 0xff, 0xff, 0xff, 0xff, 0xff,
    0xff, 0xff, 0xff, 0xf0, 0x2, 0xdf, 0xff, 0xff,
    0xff, 0xff, 0xff, 0xff, 0xff, 0xff, 0xff, 0xff,
    0xff, 0x0, 0xef, 0xff, 0xff, 0x76, 0x66, 0x66,
    0x66, 0x66, 0x66, 0x66, 0x66, 0x66, 0x60, 0x3,
    0xfc, 0x9f, 0xf1, 0x0, 0x0, 0x0, 0x0, 0x0,
    0x0, 0x0, 0x0, 0x0, 0x0, 0x2, 0x7, 0xff,
    0x10, 0x13, 0x33, 0x33, 0x33, 0x33, 0x33, 0x31,
    0x0, 0x0, 0x0, 0x0, 0x8f, 0xf1, 0x6, 0xff,
    0xff, 0xff, 0xff, 0xff, 0xff, 0x80, 0x0, 0x0,
    0x0, 0x8, 0xff, 0x0, 0x6f, 0xff, 0xff, 0xff,
    0xff, 0xff, 0xf7, 0x0, 0x0, 0x0, 0x0, 0x9f,
    0xf0, 0x6, 0xff, 0x10, 0x0, 0x0, 0x3, 0xff,
    0x50, 0x0, 0x0, 0x0, 0xa, 0xfe, 0x0, 0x6f,
    0xf1, 0x0, 0x0, 0x0, 0x3f, 0xf4, 0x0, 0x0,
    0x0, 0x0, 0xcf, 0xc0, 0x6, 0xff, 0x10, 0x0,
    0x0, 0x5, 0xff, 0x20, 0x0, 0x0, 0x0, 0xf,
    0xf9, 0x0, 0x6f, 0xf1, 0x0, 0x0, 0x0, 0xaf,
    0xf0, 0x0, 0x0, 0x0, 0x2, 0xff, 0x60, 0x6,
    0xff, 0x10, 0x6, 0xed, 0xef, 0xfc, 0x0, 0x0,
    0x0, 0x0, 0x7f, 0xf3, 0x0, 0x6f, 0xf1, 0x0,
    0x2f, 0xff, 0xfe, 0x40, 0x3, 0x0, 0x0, 0xd,
    0xfe, 0x0, 0x6, 0xff, 0x10, 0x0, 0x45, 0x54,
    0x0, 0x0, 0xed, 0x50, 0x3, 0xff, 0x80, 0x0,
    0x6f, 0xf1, 0x0, 0x0, 0x0, 0x0, 0x0, 0xf,
    0xf8, 0x0, 0xbf, 0xf2, 0x0, 0x6, 0xff, 0x20,
    0x0, 0x0, 0x0, 0x0, 0x3, 0xff, 0x50, 0x6f,
    0xfb, 0x0, 0x0, 0x4f, 0xfc, 0x66, 0x55, 0x55,
    0x55, 0x67, 0xef, 0xf1, 0x1e, 0xff, 0x20, 0x0,
    0x0, 0xdf, 0xff, 0xff, 0xff, 0xff, 0xff, 0xff,
    0xf9, 0x0, 0x2e, 0x60, 0x0, 0x0, 0x2, 0x9d,
    0xef, 0xff, 0xff, 0xff, 0xfe, 0xd7, 0x0, 0x0,
    0x10, 0x0, 0x0, 0x0, 0x0, 0x0, 0x0, 0x0,
    0x0, 0x0, 0x0, 0x0, 0x0,

    /* U+5373 "即" */
    0x0, 0x22, 0x22, 0x22, 0x22, 0x22, 0x20, 0x0,
    0x0, 0x0, 0x0, 0x0, 0x0, 0xf, 0xff, 0xff,
    0xff, 0xff, 0xff, 0x0, 0xef, 0xff, 0xff, 0xff,
    0xf9, 0x0, 0xff, 0xff, 0xff, 0xff, 0xff, 0xf0,
    0xe, 0xff, 0xff, 0xff, 0xff, 0x90, 0xf, 0xfa,
    0x22, 0x22, 0x2a, 0xff, 0x0, 0xef, 0xd6, 0x66,
    0x6f, 0xf9, 0x0, 0xff, 0x90, 0x0, 0x0, 0x8f,
    0xf0, 0xe, 0xfa, 0x0, 0x0, 0xef, 0x90, 0xf,
    0xf9, 0x0, 0x0, 0x8, 0xff, 0x0, 0xef, 0xa0,
    0x0, 0xe, 0xf9, 0x0, 0xff, 0xc6, 0x66, 0x66,
    0xbf, 0xf0, 0xe, 0xfa, 0x0, 0x0, 0xef, 0x90,
    0xf, 0xff, 0xff, 0xff, 0xff, 0xff, 0x0, 0xef,
    0xa0, 0x0, 0xe, 0xf9, 0x0, 0xff, 0xfe, 0xee,
    0xee, 0xff, 0xf0, 0xe, 0xfa, 0x0, 0x0, 0xef,
    0x90, 0xf, 0xf9, 0x0, 0x0, 0x8, 0xff, 0x0,
    0xef, 0xa0, 0x0, 0xe, 0xf9, 0x0, 0xff, 0x90,
    0x0, 0x0, 0x8f, 0xf0, 0xe, 0xfa, 0x0, 0x0,
    0xef, 0x90, 0xf, 0xf9, 0x0, 0x0, 0x8, 0xff,
    0x0, 0xef, 0xa0, 0x0, 0xe, 0xf9, 0x0, 0xff,
    0xff, 0xff, 0xff, 0xff, 0xf0, 0xe, 0xfa, 0x0,
    0x0, 0xef, 0x90, 0xf, 0xff, 0xff, 0xff, 0xff,
    0xff, 0x0, 0xef, 0xa0, 0x0, 0xe, 0xf9, 0x0,
    0xff, 0xb4, 0x44, 0x44, 0x44, 0x40, 0xe, 0xfa,
    0x0, 0x0, 0xef, 0x90, 0xf, 0xf9, 0x0, 0x0,
    0x61, 0x0, 0x0, 0xef, 0xa0, 0x0, 0xe, 0xf9,
    0x0, 0xff, 0x90, 0x1, 0xdf, 0x90, 0x0, 0xe,
    0xfa, 0x0, 0x0, 0xef, 0x90, 0xf, 0xf9, 0x0,
    0xb, 0xff, 0x20, 0x0, 0xef, 0xa1, 0x66, 0x7f,
    0xf9, 0x0, 0xff, 0x90, 0x0, 0x2f, 0xfc, 0x0,
    0xe, 0xfa, 0xd, 0xff, 0xff, 0x60, 0x1f, 0xf9,
    0x1, 0x5a, 0xff, 0xf5, 0x0, 0xef, 0xa0, 0x9f,
    0xfc, 0x70, 0x4, 0xff, 0xdc, 0xff, 0xff, 0xff,
    0xd0, 0xe, 0xfa, 0x0, 0x0, 0x0, 0x1, 0xdf,
    0xff, 0xff, 0xfc, 0x7a, 0xff, 0x50, 0xef, 0xa0,
    0x0, 0x0, 0x0, 0xd, 0xff, 0xfc, 0x71, 0x0,
    0x2f, 0xf7, 0xe, 0xfa, 0x0, 0x0, 0x0, 0x0,
    0x7e, 0x71, 0x0, 0x0, 0x0, 0x72, 0x0, 0xef,
    0xa0, 0x0, 0x0, 0x0, 0x1, 0x0, 0x0, 0x0,
    0x0, 0x0, 0x0, 0xe, 0xfa, 0x0, 0x0, 0x0,
    0x0,

    /* U+53CA "及" */
    0x0, 0x0, 0x0, 0x0, 0x0, 0x0, 0x0, 0x0,
    0x0, 0x0, 0x0, 0x0, 0x0, 0x6, 0xff, 0xff,
    0xff, 0xff, 0xff, 0xff, 0xff, 0xff, 0xd0, 0x0,
    0x0, 0x0, 0x6, 0xff, 0xff, 0xff, 0xff, 0xff,
    0xff, 0xff, 0xff, 0x90, 0x0, 0x0, 0x0, 0x4,
    0x99, 0x99, 0xef, 0xf9, 0x99, 0x99, 0x9b, 0xff,
    0x60, 0x0, 0x0, 0x0, 0x0, 0x0, 0x0, 0xbf,
    0xf0, 0x0, 0x0, 0x7, 0xff, 0x20, 0x0, 0x0,
    0x0, 0x0, 0x0, 0x0, 0xbf, 0xf2, 0x0, 0x0,
    0xb, 0xff, 0x0, 0x0, 0x0, 0x0, 0x0, 0x0,
    0x0, 0xcf, 0xf7, 0x0, 0x0, 0xf, 0xfc, 0x0,
    0x0, 0x0, 0x0, 0x0, 0x0, 0x0, 0xcf, 0xfc,
    0x0, 0x0, 0x3f, 0xfb, 0x55, 0x55, 0x62, 0x0,
    0x0, 0x0, 0x0, 0xdf, 0xff, 0x10, 0x0, 0x8f,
    0xff, 0xff, 0xff, 0xff, 0x40, 0x0, 0x0, 0x0,
    0xef, 0xff, 0x80, 0x0, 0xcf, 0xff, 0xff, 0xff,
    0xff, 0x0, 0x0, 0x0, 0x0, 0xff, 0xff, 0xe0,
    0x0, 0x11, 0x11, 0x11, 0x3f, 0xfb, 0x0, 0x0,
    0x0, 0x3, 0xff, 0xcf, 0xf7, 0x0, 0x0, 0x0,
    0x0, 0x8f, 0xf6, 0x0, 0x0, 0x0, 0x6, 0xff,
    0x6b, 0xfe, 0x10, 0x0, 0x0, 0x0, 0xff, 0xf1,
    0x0, 0x0, 0x0, 0x9, 0xff, 0x32, 0xff, 0xa0,
    0x0, 0x0, 0x7, 0xff, 0x80, 0x0, 0x0, 0x0,
    0xd, 0xff, 0x0, 0xaf, 0xf4, 0x0, 0x0, 0x1e,
    0xff, 0x10, 0x0, 0x0, 0x0, 0x3f, 0xfb, 0x0,
    0x2f, 0xfe, 0x20, 0x0, 0xcf, 0xf7, 0x0, 0x0,
    0x0, 0x0, 0x9f, 0xf5, 0x0, 0x6, 0xff, 0xe1,
    0x9, 0xff, 0xd0, 0x0, 0x0, 0x0, 0x1, 0xff,
    0xf0, 0x0, 0x0, 0x9f, 0xfd, 0x8f, 0xff, 0x30,
    0x0, 0x0, 0x0, 0x9, 0xff, 0x90, 0x0, 0x0,
    0xc, 0xff, 0xff, 0xf4, 0x0, 0x0, 0x0, 0x0,
    0x4f, 0xff, 0x10, 0x0, 0x0, 0x2, 0xff, 0xff,
    0xb0, 0x0, 0x0, 0x0, 0x1, 0xef, 0xf7, 0x0,
    0x0, 0x0, 0x7f, 0xff, 0xff, 0xfe, 0x70, 0x0,
    0x0, 0xc, 0xff, 0xd0, 0x0, 0x0, 0x5d, 0xff,
    0xfc, 0x8f, 0xff, 0xfe, 0x83, 0x0, 0xbf, 0xfe,
    0x20, 0x4, 0xaf, 0xff, 0xfe, 0x60, 0x1, 0xaf,
    0xff, 0xff, 0xe7, 0x3f, 0xf3, 0x0, 0xa, 0xff,
    0xff, 0x91, 0x0, 0x0, 0x3, 0xaf, 0xff, 0xf3,
    0x5, 0x40, 0x0, 0x1, 0xec, 0x60, 0x0, 0x0,
    0x0, 0x0, 0x0, 0x6b, 0x80, 0x0, 0x0, 0x0,
    0x0, 0x10, 0x0, 0x0, 0x0, 0x0, 0x0, 0x0,
    0x0, 0x0,

    /* U+53D1 "发" */
    0x0, 0x0, 0x0, 0x0, 0x0, 0x0, 0x47, 0x41,
    0x0, 0x0, 0x10, 0x0, 0x0, 0x0, 0x0, 0x0,
    0x0, 0xb8, 0x50, 0x0, 0x9f, 0xf5, 0x0, 0x7,
    0xf7, 0x0, 0x0, 0x0, 0x0, 0x0, 0x4, 0xff,
    0x90, 0x0, 0xcf, 0xf2, 0x0, 0xc, 0xff, 0x60,
    0x0, 0x0, 0x0, 0x0, 0x9, 0xff, 0x40, 0x0,
    0xff, 0xf0, 0x0, 0x1, 0xdf, 0xf4, 0x0, 0x0,
    0x0, 0x0, 0xe, 0xfe, 0x0, 0x2, 0xff, 0xd0,
    0x0, 0x0, 0x2f, 0xfe, 0x0, 0x0, 0x0, 0x0,
    0x6f, 0xf7, 0x0, 0x5, 0xff, 0xa0, 0x0, 0x0,
    0x4, 0xc3, 0x0, 0x0, 0x0, 0x1, 0xef, 0xf6,
    0x55, 0x5a, 0xff, 0xa5, 0x55, 0x55, 0x55, 0x55,
    0x55, 0x0, 0x0, 0xa, 0xff, 0xff, 0xff, 0xff,
    0xff, 0xff, 0xff, 0xff, 0xff, 0xff, 0xff, 0x10,
    0x0, 0x5, 0xff, 0xff, 0xff, 0xff, 0xff, 0xff,
    0xff, 0xff, 0xff, 0xff, 0xff, 0x10, 0x0, 0x0,
    0x73, 0x21, 0x11, 0x7f, 0xfb, 0x11, 0x11, 0x11,
    0x11, 0x11, 0x11, 0x0, 0x0, 0x0, 0x0, 0x0,
    0x0, 0xcf, 0xf5, 0x0, 0x0, 0x0, 0x0, 0x0,
    0x0, 0x0, 0x0, 0x0, 0x0, 0x0, 0x3, 0xff,
    0xf1, 0x0, 0x0, 0x0, 0x0, 0x0, 0x0, 0x0,
    0x0, 0x0, 0x0, 0x0, 0x9, 0xff, 0xff, 0xff,
    0xff, 0xff, 0xff, 0xf8, 0x0, 0x0, 0x0, 0x0,
    0x0, 0x0, 0x1f, 0xff, 0xff, 0xff, 0xff, 0xff,
    0xff, 0xfa, 0x0, 0x0, 0x0, 0x0, 0x0, 0x0,
    0xaf, 0xff, 0xc7, 0x77, 0x77, 0x77, 0xef, 0xf4,
    0x0, 0x0, 0x0, 0x0, 0x0, 0x4, 0xff, 0xff,
    0xf2, 0x0, 0x0, 0x4, 0xff, 0xd0, 0x0, 0x0,
    0x0, 0x0, 0x0, 0xd, 0xff, 0xbf, 0xfc, 0x0,
    0x0, 0xd, 0xff, 0x40, 0x0, 0x0, 0x0, 0x0,
    0x0, 0xbf, 0xfe, 0x16, 0xff, 0x80, 0x0, 0xaf,
    0xfa, 0x0, 0x0, 0x0, 0x0, 0x0, 0xa, 0xff,
    0xf4, 0x0, 0xbf, 0xf8, 0x9, 0xff, 0xe1, 0x0,
    0x0, 0x0, 0x0, 0x0, 0x9f, 0xff, 0x60, 0x0,
    0x1d, 0xff, 0xcf, 0xff, 0x30, 0x0, 0x0, 0x0,
    0x0, 0x1c, 0xff, 0xf8, 0x0, 0x0, 0x1, 0xdf,
    0xff, 0xf3, 0x0, 0x0, 0x0, 0x0, 0x5, 0xff,
    0xff, 0x60, 0x0, 0x0, 0x18, 0xff, 0xff, 0xf9,
    0x10, 0x0, 0x0, 0x0, 0xb, 0xff, 0xe4, 0x0,
    0x0, 0x17, 0xff, 0xff, 0xdf, 0xff, 0xf9, 0x20,
    0x0, 0x0, 0x0, 0xbb, 0x10, 0x1, 0x6b, 0xff,
    0xff, 0xd4, 0x3, 0xcf, 0xff, 0xfd, 0x95, 0x10,
    0x0, 0x0, 0x0, 0xe, 0xff, 0xff, 0xe6, 0x0,
    0x0, 0x5, 0xdf, 0xff, 0xff, 0xa0, 0x0, 0x0,
    0x0, 0x4, 0xfe, 0x94, 0x0, 0x0, 0x0, 0x0,
    0x3, 0x8d, 0xfe, 0x0, 0x0, 0x0, 0x0, 0x0,
    0x30, 0x0, 0x0, 0x0, 0x0, 0x0, 0x0, 0x0,
    0x23, 0x0,

    /* U+53EF "可" */
    0x18, 0x88, 0x88, 0x88, 0x88, 0x88, 0x88, 0x88,
    0x88, 0x88, 0x88, 0x88, 0x86, 0x2f, 0xff, 0xff,
    0xff, 0xff, 0xff, 0xff, 0xff, 0xff, 0xff, 0xff,
    0xff, 0xfa, 0x2f, 0xff, 0xff, 0xff, 0xff, 0xff,
    0xff, 0xff, 0xff, 0xff, 0xff, 0xff, 0xfa, 0x0,
    0x0, 0x0, 0x0, 0x0, 0x0, 0x0, 0x0, 0x0,
    0x6, 0xff, 0x50, 0x0, 0x0, 0x0, 0x0, 0x0,
    0x0, 0x0, 0x0, 0x0, 0x0, 0x5, 0xff, 0x50,
    0x0, 0x0, 0x0, 0x0, 0x0, 0x0, 0x0, 0x0,
    0x0, 0x0, 0x5, 0xff, 0x50, 0x0, 0x0, 0x1,
    0x44, 0x44, 0x44, 0x44, 0x44, 0x40, 0x0, 0x5,
    0xff, 0x50, 0x0, 0x0, 0x6, 0xff, 0xff, 0xff,
    0xff, 0xff, 0xf1, 0x0, 0x5, 0xff, 0x50, 0x0,
    0x0, 0x6, 0xff, 0xff, 0xff, 0xff, 0xff, 0xf1,
    0x0, 0x5, 0xff, 0x50, 0x0, 0x0, 0x6, 0xff,
    0x32, 0x22, 0x22, 0x9f, 0xf1, 0x0, 0x5, 0xff,
    0x50, 0x0, 0x0, 0x6, 0xff, 0x10, 0x0, 0x0,
    0x7f, 0xf1, 0x0, 0x5, 0xff, 0x50, 0x0, 0x0,
    0x6, 0xff, 0x10, 0x0, 0x0, 0x7f, 0xf1, 0x0,
    0x5, 0xff, 0x50, 0x0, 0x0, 0x6, 0xff, 0x10,
    0x0, 0x0, 0x7f, 0xf1, 0x0, 0x5, 0xff, 0x50,
    0x0, 0x0, 0x6, 0xff, 0x10, 0x0, 0x0, 0x7f,
    0xf1, 0x0, 0x5, 0xff, 0x50, 0x0, 0x0, 0x6,
    0xff, 0x43, 0x33, 0x33, 0x9f, 0xf1, 0x0, 0x5,
    0xff, 0x50, 0x0, 0x0, 0x6, 0xff, 0xff, 0xff,
    0xff, 0xff, 0xf1, 0x0, 0x5, 0xff, 0x50, 0x0,
    0x0, 0x6, 0xff, 0xff, 0xff, 0xff, 0xff, 0xf1,
    0x0, 0x5, 0xff, 0x50, 0x0, 0x0, 0x6, 0xff,
    0x43, 0x33, 0x33, 0x33, 0x30, 0x0, 0x5, 0xff,
    0x50, 0x0, 0x0, 0x6, 0xff, 0x10, 0x0, 0x0,
    0x0, 0x0, 0x0, 0x5, 0xff, 0x50, 0x0, 0x0,
    0x2, 0x66, 0x0, 0x0, 0x0, 0x0, 0x0, 0x0,
    0x5, 0xff, 0x50, 0x0, 0x0, 0x0, 0x0, 0x0,
    0x0, 0x0, 0x0, 0x0, 0x0, 0x6, 0xff, 0x50,
    0x0, 0x0, 0x0, 0x0, 0x0, 0x0, 0x0, 0x1,
    0xcb, 0xbb, 0xbe, 0xff, 0x40, 0x0, 0x0, 0x0,
    0x0, 0x0, 0x0, 0x0, 0x0, 0xbf, 0xff, 0xff,
    0xfe, 0x0, 0x0, 0x0, 0x0, 0x0, 0x0, 0x0,
    0x0, 0x0, 0x6f, 0xff, 0xec, 0x81, 0x0, 0x0,

    /* U+540E "后" */
    0x0, 0x0, 0x0, 0x0, 0x0, 0x0, 0x0, 0x0,
    0x0, 0x0, 0x0, 0x30, 0x0, 0x0, 0x0, 0x0,
    0x0, 0x0, 0x0, 0x0, 0x0, 0x13, 0x57, 0xad,
    0xff, 0x90, 0x0, 0x0, 0x0, 0x2, 0x35, 0x67,
    0x9a, 0xbd, 0xef, 0xff, 0xff, 0xff, 0xff, 0x70,
    0x0, 0x0, 0xd, 0xff, 0xff, 0xff, 0xff, 0xff,
    0xff, 0xff, 0xda, 0x74, 0x10, 0x0, 0x0, 0x0,
    0xdf, 0xff, 0xfe, 0xcb, 0x98, 0x65, 0x31, 0x0,
    0x0, 0x0, 0x0, 0x0, 0x0, 0xd, 0xfe, 0x10,
    0x0, 0x0, 0x0, 0x0, 0x0, 0x0, 0x0, 0x0,
    0x0, 0x0, 0x0, 0xdf, 0xd0, 0x0, 0x0, 0x0,
    0x0, 0x0, 0x0, 0x0, 0x0, 0x0, 0x0, 0x0,
    0xd, 0xfd, 0x0, 0x0, 0x0, 0x0, 0x0, 0x0,
    0x0, 0x0, 0x0, 0x0, 0x0, 0x0, 0xdf, 0xff,
    0xff, 0xff, 0xff, 0xff, 0xff, 0xff, 0xff, 0xff,
    0xff, 0xb0, 0x0, 0xd, 0xff, 0xff, 0xff, 0xff,
    0xff, 0xff, 0xff, 0xff, 0xff, 0xff, 0xfb, 0x0,
    0x0, 0xdf, 0xe8, 0x88, 0x88, 0x88, 0x88, 0x88,
    0x88, 0x88, 0x88, 0x88, 0x60, 0x0, 0xd, 0xfd,
    0x0, 0x0, 0x0, 0x0, 0x0, 0x0, 0x0, 0x0,
    0x0, 0x0, 0x0, 0x0, 0xef, 0xc0, 0x0, 0x0,
    0x0, 0x0, 0x0, 0x0, 0x0, 0x0, 0x0, 0x0,
    0x0, 0xe, 0xfb, 0x0, 0x0, 0x0, 0x0, 0x0,
    0x0, 0x0, 0x0, 0x0, 0x0, 0x0, 0x0, 0xff,
    0xa0, 0x1f, 0xff, 0xff, 0xff, 0xff, 0xff, 0xff,
    0xff, 0xb0, 0x0, 0x0, 0x1f, 0xf8, 0x1, 0xff,
    0xff, 0xff, 0xff, 0xff, 0xff, 0xff, 0xfc, 0x0,
    0x0, 0x3, 0xff, 0x60, 0x1f, 0xfb, 0x77, 0x77,
    0x77, 0x77, 0x77, 0xff, 0xc0, 0x0, 0x0, 0x5f,
    0xf4, 0x1, 0xff, 0x80, 0x0, 0x0, 0x0, 0x0,
    0xf, 0xfc, 0x0, 0x0, 0x9, 0xff, 0x10, 0x1f,
    0xf8, 0x0, 0x0, 0x0, 0x0, 0x0, 0xff, 0xc0,
    0x0, 0x0, 0xdf, 0xd0, 0x1, 0xff, 0x80, 0x0,
    0x0, 0x0, 0x0, 0xf, 0xfc, 0x0, 0x0, 0x2f,
    0xf8, 0x0, 0x1f, 0xf8, 0x0, 0x0, 0x0, 0x0,
    0x0, 0xff, 0xc0, 0x0, 0x7, 0xff, 0x40, 0x1,
    0xff, 0x80, 0x0, 0x0, 0x0, 0x0, 0xf, 0xfc,
    0x0, 0x1, 0xff, 0xe0, 0x0, 0x1f, 0xfb, 0x77,
    0x77, 0x77, 0x77, 0x77, 0xff, 0xc0, 0x0, 0x8f,
    0xf6, 0x0, 0x1, 0xff, 0xff, 0xff, 0xff, 0xff,
    0xff, 0xff, 0xfc, 0x0, 0xd, 0xfd, 0x0, 0x0,
    0x1f, 0xff, 0xff, 0xff, 0xff, 0xff, 0xff, 0xff,
    0xc0, 0x0, 0x9, 0x50, 0x0, 0x1, 0xff, 0x80,
    0x0, 0x0, 0x0, 0x0, 0xe, 0xeb, 0x0, 0x0,
    0x0, 0x0, 0x0, 0x0, 0x0, 0x0, 0x0, 0x0,
    0x0, 0x0, 0x0, 0x0, 0x0,

    /* U+542C "听" */
    0x0, 0x0, 0x0, 0x0, 0x0, 0x0, 0x0, 0x0,
    0x0, 0x0, 0x11, 0x0, 0x0, 0x0, 0x0, 0x0,
    0x0, 0x0, 0x0, 0x0, 0x0, 0x5, 0xaf, 0xe2,
    0x0, 0x0, 0x0, 0x0, 0x0, 0x0, 0x0, 0x1,
    0x48, 0xbf, 0xff, 0xff, 0xe1, 0xe, 0xff, 0xff,
    0xff, 0xf1, 0x0, 0x8d, 0xff, 0xff, 0xff, 0xfb,
    0x61, 0x0, 0xef, 0xff, 0xff, 0xff, 0x10, 0xd,
    0xff, 0xfe, 0xb7, 0x40, 0x0, 0x0, 0xe, 0xfc,
    0x88, 0xbf, 0xf1, 0x0, 0xdf, 0xe2, 0x0, 0x0,
    0x0, 0x0, 0x0, 0xef, 0x80, 0x7, 0xff, 0x10,
    0xd, 0xfd, 0x0, 0x0, 0x0, 0x0, 0x0, 0xe,
    0xf8, 0x0, 0x7f, 0xf1, 0x0, 0xdf, 0xd0, 0x0,
    0x0, 0x0, 0x0, 0x0, 0xef, 0x80, 0x7, 0xff,
    0x10, 0xd, 0xfd, 0x0, 0x0, 0x0, 0x0, 0x0,
    0xe, 0xf8, 0x0, 0x7f, 0xf1, 0x0, 0xdf, 0xf9,
    0x99, 0x99, 0x99, 0x99, 0x93, 0xef, 0x80, 0x7,
    0xff, 0x10, 0xd, 0xff, 0xff, 0xff, 0xff, 0xff,
    0xff, 0x6e, 0xf8, 0x0, 0x7f, 0xf1, 0x0, 0xef,
    0xff, 0xff, 0xff, 0xff, 0xff, 0xf6, 0xef, 0x80,
    0x7, 0xff, 0x10, 0xe, 0xfd, 0x0, 0x0, 0x9f,
    0xf1, 0x0, 0xe, 0xf8, 0x0, 0x7f, 0xf1, 0x0,
    0xef, 0xc0, 0x0, 0x9, 0xff, 0x10, 0x0, 0xef,
    0x80, 0x7, 0xff, 0x10, 0xf, 0xfb, 0x0, 0x0,
    0x9f, 0xf1, 0x0, 0xe, 0xf8, 0x0, 0x7f, 0xf1,
    0x1, 0xff, 0xa0, 0x0, 0x9, 0xff, 0x10, 0x0,
    0xef, 0x90, 0x7, 0xff, 0x10, 0x3f, 0xf7, 0x0,
    0x0, 0x9f, 0xf1, 0x0, 0xe, 0xff, 0xff, 0xff,
    0xf1, 0x5, 0xff, 0x50, 0x0, 0x9, 0xff, 0x10,
    0x0, 0xef, 0xff, 0xff, 0xff, 0x10, 0x9f, 0xf2,
    0x0, 0x0, 0x9f, 0xf1, 0x0, 0xe, 0xfc, 0x77,
    0x77, 0x70, 0xe, 0xff, 0x0, 0x0, 0x9, 0xff,
    0x10, 0x0, 0xef, 0x80, 0x0, 0x0, 0x2, 0xff,
    0xa0, 0x0, 0x0, 0x9f, 0xf1, 0x0, 0x7, 0x84,
    0x0, 0x0, 0x0, 0x8f, 0xf5, 0x0, 0x0, 0x9,
    0xff, 0x10, 0x0, 0x0, 0x0, 0x0, 0x0, 0x1f,
    0xff, 0x10, 0x0, 0x0, 0x9f, 0xf1, 0x0, 0x0,
    0x0, 0x0, 0x0, 0xa, 0xff, 0x90, 0x0, 0x0,
    0x9, 0xff, 0x10, 0x0, 0x0, 0x0, 0x0, 0x0,
    0xdf, 0xe1, 0x0, 0x0, 0x0, 0x9f, 0xf1, 0x0,
    0x0, 0x0, 0x0, 0x0, 0x0, 0x96, 0x0, 0x0,
    0x0, 0x9, 0xff, 0x10, 0x0, 0x0, 0x0, 0x0,
    0x0, 0x0, 0x0, 0x0, 0x0, 0x0, 0x0, 0x0,
    0x0, 0x0,

    /* U+542F "启" */
    0x0, 0x0, 0x0, 0x0, 0x0, 0x0, 0x13, 0x0,
    0x0, 0x0, 0x0, 0x0, 0x0, 0x0, 0x0, 0x0,
    0x0, 0x0, 0xbf, 0xf1, 0x0, 0x0, 0x0, 0x0,
    0x0, 0x0, 0x0, 0x0, 0x0, 0x0, 0x6, 0xff,
    0x90, 0x0, 0x0, 0x0, 0x0, 0x0, 0x0, 0x0,
    0x0, 0x0, 0x0, 0xe, 0xff, 0x10, 0x0, 0x0,
    0x0, 0x0, 0x0, 0x5, 0x77, 0x77, 0x77, 0x77,
    0xcf, 0xf9, 0x77, 0x77, 0x77, 0x74, 0x0, 0x0,
    0xaf, 0xff, 0xff, 0xff, 0xff, 0xff, 0xff, 0xff,
    0xff, 0xff, 0x80, 0x0, 0xa, 0xff, 0xff, 0xff,
    0xff, 0xff, 0xff, 0xff, 0xff, 0xff, 0xf8, 0x0,
    0x0, 0xaf, 0xf0, 0x0, 0x0, 0x0, 0x0, 0x0,
    0x0, 0x1, 0xff, 0x80, 0x0, 0xa, 0xff, 0x0,
    0x0, 0x0, 0x0, 0x0, 0x0, 0x0, 0x1f, 0xf8,
    0x0, 0x0, 0xaf, 0xf0, 0x0, 0x0, 0x0, 0x0,
    0x0, 0x0, 0x1, 0xff, 0x80, 0x0, 0xa, 0xff,
    0xff, 0xff, 0xff, 0xff, 0xff, 0xff, 0xff, 0xff,
    0xf8, 0x0, 0x0, 0xbf, 0xff, 0xff, 0xff, 0xff,
    0xff, 0xff, 0xff, 0xff, 0xff, 0x80, 0x0, 0xb,
    0xff, 0x77, 0x77, 0x77, 0x77, 0x77, 0x77, 0x77,
    0x77, 0x73, 0x0, 0x0, 0xcf, 0xd0, 0x0, 0x0,
    0x0, 0x0, 0x0, 0x0, 0x0, 0x0, 0x0, 0x0,
    0xc, 0xfd, 0x0, 0x0, 0x0, 0x0, 0x0, 0x0,
    0x0, 0x0, 0x0, 0x0, 0x0, 0xef, 0xc1, 0xff,
    0xff, 0xff, 0xff, 0xff, 0xff, 0xff, 0xff, 0xf1,
    0x0, 0xf, 0xfa, 0x1f, 0xff, 0xff, 0xff, 0xff,
    0xff, 0xff, 0xff, 0xff, 0x10, 0x2, 0xff, 0x71,
    0xff, 0xb7, 0x77, 0x77, 0x77, 0x77, 0x77, 0xcf,
    0xf1, 0x0, 0x5f, 0xf5, 0x1f, 0xf7, 0x0, 0x0,
    0x0, 0x0, 0x0, 0x8, 0xff, 0x10, 0xa, 0xff,
    0x21, 0xff, 0x70, 0x0, 0x0, 0x0, 0x0, 0x0,
    0x8f, 0xf1, 0x0, 0xef, 0xd0, 0x1f, 0xf7, 0x0,
    0x0, 0x0, 0x0, 0x0, 0x8, 0xff, 0x10, 0x4f,
    0xf8, 0x1, 0xff, 0x70, 0x0, 0x0, 0x0, 0x0,
    0x0, 0x8f, 0xf1, 0xd, 0xff, 0x30, 0x1f, 0xff,
    0xff, 0xff, 0xff, 0xff, 0xff, 0xff, 0xff, 0x16,
    0xff, 0xc0, 0x1, 0xff, 0xff, 0xff, 0xff, 0xff,
    0xff, 0xff, 0xff, 0xf1, 0xbf, 0xf3, 0x0, 0x1f,
    0xfb, 0x66, 0x66, 0x66, 0x66, 0x66, 0x6b, 0xff,
    0x10, 0x99, 0x0, 0x1, 0xff, 0x70, 0x0, 0x0,
    0x0, 0x0, 0x0, 0x8f, 0xf1, 0x0, 0x0, 0x0,
    0x0, 0x0, 0x0, 0x0, 0x0, 0x0, 0x0, 0x0,
    0x0, 0x0,

    /* U+544A "告" */
    0x0, 0x0, 0x1, 0x10, 0x0, 0x0, 0x57, 0x70,
    0x0, 0x0, 0x0, 0x0, 0x0, 0x0, 0x0, 0x9,
    0xfd, 0x20, 0x0, 0xbf, 0xf0, 0x0, 0x0, 0x0,
    0x0, 0x0, 0x0, 0x0, 0xf, 0xfe, 0x0, 0x0,
    0xbf, 0xf0, 0x0, 0x0, 0x0, 0x0, 0x0, 0x0,
    0x0, 0x6f, 0xf8, 0x0, 0x0, 0xbf, 0xf0, 0x0,
    0x0, 0x0, 0x0, 0x0, 0x0, 0x0, 0xef, 0xf8,
    0x66, 0x66, 0xdf, 0xf7, 0x66, 0x66, 0x66, 0x62,
    0x0, 0x0, 0x7, 0xff, 0xff, 0xff, 0xff, 0xff,
    0xff, 0xff, 0xff, 0xff, 0xf5, 0x0, 0x0, 0x2f,
    0xff, 0xee, 0xee, 0xee, 0xff, 0xff, 0xee, 0xee,
    0xee, 0xe4, 0x0, 0x0, 0xcf, 0xf6, 0x0, 0x0,
    0x0, 0xbf, 0xf0, 0x0, 0x0, 0x0, 0x0, 0x0,
    0xb, 0xff, 0xb0, 0x0, 0x0, 0x0, 0xbf, 0xf0,
    0x0, 0x0, 0x0, 0x0, 0x0, 0x3, 0xcd, 0x0,
    0x0, 0x0, 0x0, 0xbf, 0xf0, 0x0, 0x0, 0x0,
    0x0, 0x0, 0x16, 0x67, 0x66, 0x66, 0x66, 0x66,
    0xdf, 0xf6, 0x66, 0x66, 0x66, 0x66, 0x61, 0x2f,
    0xff, 0xff, 0xff, 0xff, 0xff, 0xff, 0xff, 0xff,
    0xff, 0xff, 0xff, 0xf4, 0x2f, 0xff, 0xff, 0xff,
    0xff, 0xff, 0xff, 0xff, 0xff, 0xff, 0xff, 0xff,
    0xf4, 0x0, 0x0, 0x0, 0x0, 0x0, 0x0, 0x0,
    0x0, 0x0, 0x0, 0x0, 0x0, 0x0, 0x0, 0x0,
    0x0, 0x0, 0x0, 0x0, 0x0, 0x0, 0x0, 0x0,
    0x0, 0x0, 0x0, 0x0, 0x0, 0x67, 0x77, 0x77,
    0x77, 0x77, 0x77, 0x77, 0x77, 0x77, 0x10, 0x0,
    0x0, 0x0, 0xdf, 0xff, 0xff, 0xff, 0xff, 0xff,
    0xff, 0xff, 0xff, 0x30, 0x0, 0x0, 0x0, 0xdf,
    0xff, 0xff, 0xff, 0xff, 0xff, 0xff, 0xff, 0xff,
    0x30, 0x0, 0x0, 0x0, 0xdf, 0xc0, 0x0, 0x0,
    0x0, 0x0, 0x0, 0x7, 0xff, 0x30, 0x0, 0x0,
    0x0, 0xdf, 0xc0, 0x0, 0x0, 0x0, 0x0, 0x0,
    0x7, 0xff, 0x30, 0x0, 0x0, 0x0, 0xdf, 0xc0,
    0x0, 0x0, 0x0, 0x0, 0x0, 0x7, 0xff, 0x30,
    0x0, 0x0, 0x0, 0xdf, 0xc0, 0x0, 0x0, 0x0,
    0x0, 0x0, 0x7, 0xff, 0x30, 0x0, 0x0, 0x0,
    0xdf, 0xe7, 0x77, 0x77, 0x77, 0x77, 0x77, 0x7b,
    0xff, 0x30, 0x0, 0x0, 0x0, 0xdf, 0xff, 0xff,
    0xff, 0xff, 0xff, 0xff, 0xff, 0xff, 0x30, 0x0,
    0x0, 0x0, 0xdf, 0xff, 0xff, 0xff, 0xff, 0xff,
    0xff, 0xff, 0xff, 0x30, 0x0, 0x0, 0x0, 0xdf,
    0xc0, 0x0, 0x0, 0x0, 0x0, 0x0, 0x7, 0xff,
    0x30, 0x0,

    /* U+54CD "响" */
    0x0, 0x0, 0x0, 0x0, 0x0, 0x0, 0x0, 0x18,
    0x52, 0x0, 0x0, 0x0, 0x0, 0x0, 0x0, 0x0,
    0x0, 0x0, 0x0, 0x6, 0xff, 0xe0, 0x0, 0x0,
    0x0, 0x0, 0x0, 0x0, 0x0, 0x0, 0x0, 0x0,
    0xbf, 0xf6, 0x0, 0x0, 0x0, 0xe, 0xff, 0xff,
    0xff, 0x30, 0x0, 0x0, 0xf, 0xfe, 0x0, 0x0,
    0x0, 0x0, 0xef, 0xff, 0xff, 0xf3, 0x0, 0x0,
    0x5, 0xff, 0x80, 0x0, 0x0, 0x0, 0xe, 0xf9,
    0x66, 0xff, 0x30, 0xef, 0xff, 0xff, 0xff, 0xff,
    0xff, 0xff, 0xf1, 0xef, 0x50, 0xe, 0xf3, 0xe,
    0xff, 0xff, 0xff, 0xff, 0xff, 0xff, 0xff, 0x1e,
    0xf5, 0x0, 0xef, 0x30, 0xef, 0xb4, 0x44, 0x44,
    0x44, 0x44, 0x9f, 0xf1, 0xef, 0x50, 0xe, 0xf3,
    0xe, 0xf9, 0x0, 0x0, 0x0, 0x0, 0x7, 0xff,
    0x1e, 0xf5, 0x0, 0xef, 0x30, 0xef, 0x90, 0x0,
    0x0, 0x0, 0x0, 0x7f, 0xf1, 0xef, 0x50, 0xe,
    0xf3, 0xe, 0xf9, 0x9, 0xee, 0xee, 0xea, 0x7,
    0xff, 0x1e, 0xf5, 0x0, 0xef, 0x30, 0xef, 0x90,
    0xaf, 0xff, 0xff, 0xb0, 0x7f, 0xf1, 0xef, 0x50,
    0xe, 0xf3, 0xe, 0xf9, 0xa, 0xf1, 0x0, 0xfb,
    0x7, 0xff, 0x1e, 0xf5, 0x0, 0xef, 0x30, 0xef,
    0x90, 0xaf, 0x10, 0xf, 0xb0, 0x7f, 0xf1, 0xef,
    0x50, 0xe, 0xf3, 0xe, 0xf9, 0xa, 0xf1, 0x0,
    0xfb, 0x7, 0xff, 0x1e, 0xf5, 0x0, 0xef, 0x30,
    0xef, 0x90, 0xaf, 0x10, 0xf, 0xb0, 0x7f, 0xf1,
    0xef, 0x95, 0x5f, 0xf3, 0xe, 0xf9, 0xa, 0xf1,
    0x0, 0xfb, 0x7, 0xff, 0x1e, 0xff, 0xff, 0xff,
    0x30, 0xef, 0x90, 0xaf, 0x21, 0x1f, 0xb0, 0x7f,
    0xf1, 0xef, 0xff, 0xff, 0xf3, 0xe, 0xf9, 0xa,
    0xff, 0xff, 0xfb, 0x7, 0xff, 0x1e, 0xf7, 0x11,
    0x11, 0x0, 0xef, 0x90, 0xaf, 0xdc, 0xcc, 0x90,
    0x7f, 0xf1, 0xef, 0x50, 0x0, 0x0, 0xe, 0xf9,
    0xa, 0xf1, 0x0, 0x0, 0x7, 0xff, 0x17, 0x72,
    0x0, 0x0, 0x0, 0xef, 0x90, 0x11, 0x0, 0x0,
    0x0, 0x7f, 0xf1, 0x0, 0x0, 0x0, 0x0, 0xe,
    0xf9, 0x0, 0x0, 0x0, 0x0, 0x7, 0xff, 0x10,
    0x0, 0x0, 0x0, 0x0, 0xef, 0x90, 0x0, 0x0,
    0x1, 0x32, 0x9f, 0xf0, 0x0, 0x0, 0x0, 0x0,
    0xe, 0xf9, 0x0, 0x0, 0x0, 0x3f, 0xff, 0xfe,
    0x0, 0x0, 0x0, 0x0, 0x0, 0xef, 0x90, 0x0,
    0x0, 0x0, 0xdf, 0xfc, 0x30, 0x0, 0x0, 0x0,
    0x0, 0x0, 0x0, 0x0, 0x0, 0x0, 0x1, 0x10,
    0x0, 0x0,

    /* U+5668 "器" */
    0x0, 0x3, 0x33, 0x33, 0x33, 0x32, 0x0, 0x13,
    0x33, 0x33, 0x33, 0x32, 0x0, 0x0, 0x2, 0xff,
    0xff, 0xff, 0xff, 0xa0, 0x7, 0xff, 0xff, 0xff,
    0xff, 0xa0, 0x0, 0x0, 0x2f, 0xff, 0xff, 0xff,
    0xfa, 0x0, 0x7f, 0xff, 0xff, 0xff, 0xfa, 0x0,
    0x0, 0x2, 0xff, 0x20, 0x0, 0xcf, 0xa0, 0x7,
    0xfe, 0x0, 0x0, 0xcf, 0xa0, 0x0, 0x0, 0x2f,
    0xf2, 0x0, 0xc, 0xfa, 0x0, 0x7f, 0xe0, 0x0,
    0xc, 0xfa, 0x0, 0x0, 0x2, 0xff, 0x20, 0x0,
    0xcf, 0xa0, 0x7, 0xfe, 0x0, 0x0, 0xcf, 0xa0,
    0x0, 0x0, 0x2f, 0xff, 0xff, 0xff, 0xfa, 0x0,
    0x7f, 0xff, 0xff, 0xff, 0xfa, 0x0, 0x0, 0x2,
    0xff, 0xff, 0xff, 0xff, 0xa0, 0x7, 0xff, 0xff,
    0xff, 0xff, 0xa0, 0x0, 0x0, 0x3, 0x33, 0x33,
    0x33, 0x6f, 0xc5, 0x13, 0x5e, 0xe6, 0x33, 0x32,
    0x0, 0x0, 0x0, 0x0, 0x0, 0x0, 0xc, 0xff,
    0x20, 0x5, 0xef, 0xf9, 0x10, 0x0, 0x0, 0x0,
    0x0, 0x0, 0x0, 0x6, 0xff, 0x90, 0x0, 0x0,
    0x7f, 0xf6, 0x0, 0x0, 0x4, 0xff, 0xff, 0xff,
    0xff, 0xff, 0xff, 0xff, 0xff, 0xff, 0xff, 0xff,
    0xff, 0xb0, 0x4f, 0xff, 0xff, 0xff, 0xff, 0xff,
    0xff, 0xff, 0xff, 0xff, 0xff, 0xff, 0xfb, 0x1,
    0x55, 0x55, 0x5a, 0xff, 0xf6, 0x55, 0x55, 0x8f,
    0xff, 0x75, 0x55, 0x55, 0x40, 0x0, 0x0, 0x9,
    0xff, 0xf4, 0x0, 0x0, 0x0, 0x7f, 0xfe, 0x40,
    0x0, 0x0, 0x0, 0x0, 0x3c, 0xff, 0xe4, 0x0,
    0x0, 0x0, 0x0, 0x6f, 0xff, 0xb3, 0x0, 0x0,
    0x3, 0xbf, 0xff, 0xf7, 0x44, 0x43, 0x0, 0x24,
    0x44, 0x8f, 0xff, 0xfd, 0x71, 0x8, 0xff, 0xff,
    0xff, 0xff, 0xff, 0xa0, 0x6, 0xff, 0xff, 0xff,
    0xff, 0xff, 0xf2, 0x1f, 0xff, 0xff, 0xff, 0xff,
    0xfa, 0x0, 0x6f, 0xff, 0xff, 0xff, 0xff, 0xf6,
    0x0, 0x33, 0xff, 0x30, 0x0, 0xdf, 0xa0, 0x6,
    0xff, 0x0, 0x0, 0xcf, 0xb3, 0x0, 0x0, 0x2f,
    0xf3, 0x0, 0xd, 0xfa, 0x0, 0x6f, 0xf0, 0x0,
    0xc, 0xfb, 0x0, 0x0, 0x2, 0xff, 0x30, 0x0,
    0xdf, 0xa0, 0x6, 0xff, 0x0, 0x0, 0xcf, 0xb0,
    0x0, 0x0, 0x2f, 0xff, 0xff, 0xff, 0xfa, 0x0,
    0x6f, 0xff, 0xff, 0xff, 0xfb, 0x0, 0x0, 0x2,
    0xff, 0xff, 0xff, 0xff, 0xa0, 0x6, 0xff, 0xff,
    0xff, 0xff, 0xb0, 0x0, 0x0, 0x2f, 0xf7, 0x44,
    0x4b, 0xd8, 0x0, 0x6f, 0xf4, 0x44, 0x4b, 0xd9,
    0x0, 0x0,

    /* U+56DE "回" */
    0x69, 0x99, 0x99, 0x99, 0x99, 0x99, 0x99, 0x99,
    0x99, 0x99, 0x99, 0x97, 0xaf, 0xff, 0xff, 0xff,
    0xff, 0xff, 0xff, 0xff, 0xff, 0xff, 0xff, 0xfb,
    0xaf, 0xff, 0xff, 0xff, 0xff, 0xff, 0xff, 0xff,
    0xff, 0xff, 0xff, 0xfb, 0xaf, 0xf0, 0x0, 0x0,
    0x0, 0x0, 0x0, 0x0, 0x0, 0x0, 0x1f, 0xfb,
    0xaf, 0xf0, 0x0, 0x0, 0x0, 0x0, 0x0, 0x0,
    0x0, 0x0, 0x1f, 0xfb, 0xaf, 0xf0, 0x0, 0x0,
    0x0, 0x0, 0x0, 0x0, 0x0, 0x0, 0x1f, 0xfb,
    0xaf, 0xf0, 0x0, 0x0, 0x0, 0x0, 0x0, 0x0,
    0x0, 0x0, 0x1f, 0xfb, 0xaf, 0xf0, 0x0, 0x8f,
    0xff, 0xff, 0xff, 0xff, 0xf8, 0x0, 0x1f, 0xfb,
    0xaf, 0xf0, 0x0, 0x8f, 0xff, 0xff, 0xff, 0xff,
    0xf8, 0x0, 0x1f, 0xfb, 0xaf, 0xf0, 0x0, 0x8f,
    0xf5, 0x55, 0x55, 0x6f, 0xf8, 0x0, 0x1f, 0xfb,
    0xaf, 0xf0, 0x0, 0x8f, 0xe0, 0x0, 0x0, 0x1f,
    0xf8, 0x0, 0x1f, 0xfb, 0xaf, 0xf0, 0x0, 0x8f,
    0xe0, 0x0, 0x0, 0x1f, 0xf8, 0x0, 0x1f, 0xfb,
    0xaf, 0xf0, 0x0, 0x8f, 0xe0, 0x0, 0x0, 0x1f,
    0xf8, 0x0, 0x1f, 0xfb, 0xaf, 0xf0, 0x0, 0x8f,
    0xe0, 0x0, 0x0, 0x1f, 0xf8, 0x0, 0x1f, 0xfb,
    0xaf, 0xf0, 0x0, 0x8f, 0xe0, 0x0, 0x0, 0x1f,
    0xf8, 0x0, 0x1f, 0xfb, 0xaf, 0xf0, 0x0, 0x8f,
    0xff, 0xff, 0xff, 0xff, 0xf8, 0x0, 0x1f, 0xfb,
    0xaf, 0xf0, 0x0, 0x8f, 0xff, 0xff, 0xff, 0xff,
    0xf8, 0x0, 0x1f, 0xfb, 0xaf, 0xf0, 0x0, 0x24,
    0x44, 0x44, 0x44, 0x44, 0x42, 0x0, 0x1f, 0xfb,
    0xaf, 0xf0, 0x0, 0x0, 0x0, 0x0, 0x0, 0x0,
    0x0, 0x0, 0x1f, 0xfb, 0xaf, 0xf0, 0x0, 0x0,
    0x0, 0x0, 0x0, 0x0, 0x0, 0x0, 0x1f, 0xfb,
    0xaf, 0xf0, 0x0, 0x0, 0x0, 0x0, 0x0, 0x0,
    0x0, 0x0, 0x1f, 0xfb, 0xaf, 0xff, 0xff, 0xff,
    0xff, 0xff, 0xff, 0xff, 0xff, 0xff, 0xff, 0xfb,
    0xaf, 0xff, 0xff, 0xff, 0xff, 0xff, 0xff, 0xff,
    0xff, 0xff, 0xff, 0xfb, 0xaf, 0xf7, 0x77, 0x77,
    0x77, 0x77, 0x77, 0x77, 0x77, 0x77, 0x8f, 0xfb,
    0xaf, 0xf0, 0x0, 0x0, 0x0, 0x0, 0x0, 0x0,
    0x0, 0x0, 0x1f, 0xfb,

    /* U+5728 "在" */
    0x0, 0x0, 0x0, 0x0, 0x3, 0x51, 0x0, 0x0,
    0x0, 0x0, 0x0, 0x0, 0x0, 0x0, 0x0, 0x0,
    0x0, 0x9, 0xff, 0x40, 0x0, 0x0, 0x0, 0x0,
    0x0, 0x0, 0x0, 0x0, 0x0, 0x0, 0xe, 0xfe,
    0x0, 0x0, 0x0, 0x0, 0x0, 0x0, 0x0, 0x0,
    0x0, 0x0, 0x0, 0x4f, 0xf9, 0x0, 0x0, 0x0,
    0x0, 0x0, 0x0, 0x0, 0x17, 0x77, 0x77, 0x77,
    0xcf, 0xfa, 0x77, 0x77, 0x77, 0x77, 0x77, 0x77,
    0x71, 0x3f, 0xff, 0xff, 0xff, 0xff, 0xff, 0xff,
    0xff, 0xff, 0xff, 0xff, 0xff, 0xf3, 0x3f, 0xff,
    0xff, 0xff, 0xff, 0xff, 0xff, 0xff, 0xff, 0xff,
    0xff, 0xff, 0xf3, 0x0, 0x0, 0x0, 0x2f, 0xfe,
    0x10, 0x0, 0x0, 0x0, 0x0, 0x0, 0x0, 0x0,
    0x0, 0x0, 0x0, 0xaf, 0xf6, 0x0, 0x0, 0x4,
    0x99, 0x10, 0x0, 0x0, 0x0, 0x0, 0x0, 0x5,
    0xff, 0xd0, 0x0, 0x0, 0x7, 0xff, 0x20, 0x0,
    0x0, 0x0, 0x0, 0x0, 0xe, 0xff, 0x40, 0x0,
    0x0, 0x7, 0xff, 0x20, 0x0, 0x0, 0x0, 0x0,
    0x0, 0x9f, 0xfa, 0x0, 0x0, 0x0, 0x7, 0xff,
    0x20, 0x0, 0x0, 0x0, 0x0, 0x6, 0xff, 0xf1,
    0x0, 0x0, 0x0, 0x7, 0xff, 0x20, 0x0, 0x0,
    0x0, 0x0, 0x4f, 0xff, 0xd0, 0x3, 0x77, 0x77,
    0x7b, 0xff, 0x87, 0x77, 0x77, 0x10, 0x6, 0xff,
    0xff, 0xd0, 0x6, 0xff, 0xff, 0xff, 0xff, 0xff,
    0xff, 0xff, 0x20, 0x8f, 0xff, 0xff, 0xd0, 0x6,
    0xff, 0xff, 0xff, 0xff, 0xff, 0xff, 0xff, 0x20,
    0x8f, 0xf6, 0xcf, 0xd0, 0x0, 0x0, 0x0, 0x7,
    0xff, 0x20, 0x0, 0x0, 0x0, 0x1d, 0x40, 0xcf,
    0xd0, 0x0, 0x0, 0x0, 0x7, 0xff, 0x20, 0x0,
    0x0, 0x0, 0x0, 0x0, 0xcf, 0xd0, 0x0, 0x0,
    0x0, 0x7, 0xff, 0x20, 0x0, 0x0, 0x0, 0x0,
    0x0, 0xcf, 0xd0, 0x0, 0x0, 0x0, 0x7, 0xff,
    0x20, 0x0, 0x0, 0x0, 0x0, 0x0, 0xcf, 0xd0,
    0x0, 0x0, 0x0, 0x7, 0xff, 0x20, 0x0, 0x0,
    0x0, 0x0, 0x0, 0xcf, 0xd0, 0x0, 0x0, 0x0,
    0x7, 0xff, 0x20, 0x0, 0x0, 0x0, 0x0, 0x0,
    0xcf, 0xd0, 0x0, 0x0, 0x0, 0x7, 0xff, 0x20,
    0x0, 0x0, 0x0, 0x0, 0x0, 0xcf, 0xd0, 0x7f,
    0xff, 0xff, 0xff, 0xff, 0xff, 0xff, 0xff, 0xf3,
    0x0, 0x0, 0xcf, 0xd0, 0x7f, 0xff, 0xff, 0xff,
    0xff, 0xff, 0xff, 0xff, 0xf3, 0x0, 0x0, 0xcf,
    0xd0, 0x37, 0x77, 0x77, 0x77, 0x77, 0x77, 0x77,
    0x77, 0x71,

    /* U+5730 "地" */
    0x0, 0x0, 0x0, 0x0, 0x0, 0x0, 0x0, 0x0,
    0x2, 0x66, 0x0, 0x0, 0x0, 0x0, 0x0, 0x5,
    0xff, 0x10, 0x0, 0x0, 0x0, 0x0, 0x6f, 0xf0,
    0x0, 0x0, 0x0, 0x0, 0x0, 0x5f, 0xf1, 0x0,
    0x0, 0x0, 0x0, 0x6, 0xff, 0x0, 0x0, 0x0,
    0x0, 0x0, 0x5, 0xff, 0x10, 0x0, 0x7, 0x73,
    0x0, 0x6f, 0xf0, 0x0, 0x0, 0x0, 0x0, 0x0,
    0x5f, 0xf1, 0x0, 0x0, 0xff, 0x60, 0x6, 0xff,
    0x0, 0x0, 0x0, 0x0, 0x0, 0x5, 0xff, 0x10,
    0x0, 0xf, 0xf6, 0x0, 0x6f, 0xf0, 0x0, 0x24,
    0x0, 0x0, 0x0, 0x5f, 0xf1, 0x0, 0x0, 0xff,
    0x60, 0x6, 0xff, 0x2, 0x8f, 0xfb, 0x0, 0x79,
    0x9b, 0xff, 0xa9, 0x91, 0xf, 0xf6, 0x0, 0x6f,
    0xfb, 0xff, 0xff, 0xb0, 0xc, 0xff, 0xff, 0xff,
    0xff, 0x20, 0xff, 0x60, 0x1a, 0xff, 0xff, 0xff,
    0xfb, 0x0, 0xac, 0xcd, 0xff, 0xdc, 0xc2, 0xf,
    0xf9, 0xaf, 0xff, 0xfd, 0x71, 0xcf, 0xb0, 0x0,
    0x0, 0x5f, 0xf1, 0x0, 0x1, 0xff, 0xff, 0xff,
    0xff, 0x0, 0xc, 0xfa, 0x0, 0x0, 0x5, 0xff,
    0x10, 0x29, 0xff, 0xff, 0xf8, 0x9f, 0xf0, 0x0,
    0xcf, 0xa0, 0x0, 0x0, 0x5f, 0xf1, 0xc, 0xff,
    0xff, 0x90, 0x6, 0xff, 0x0, 0xc, 0xfa, 0x0,
    0x0, 0x5, 0xff, 0x10, 0x5f, 0xaf, 0xf6, 0x0,
    0x6f, 0xf0, 0x0, 0xcf, 0xa0, 0x0, 0x0, 0x5f,
    0xf1, 0x0, 0x10, 0xff, 0x60, 0x6, 0xff, 0x0,
    0xd, 0xf9, 0x0, 0x0, 0x5, 0xff, 0x10, 0x0,
    0xf, 0xf6, 0x0, 0x6f, 0xf0, 0x0, 0xef, 0x80,
    0x0, 0x0, 0x5f, 0xf3, 0x8e, 0x20, 0xff, 0x60,
    0x6, 0xff, 0x15, 0x6f, 0xf7, 0x0, 0x0, 0x5,
    0xff, 0xff, 0xf6, 0xf, 0xf6, 0x0, 0x6f, 0xf0,
    0xff, 0xff, 0x20, 0x0, 0x18, 0xef, 0xff, 0xf9,
    0x20, 0xff, 0x60, 0x6, 0xff, 0x9, 0xb9, 0x30,
    0x0, 0xbf, 0xff, 0xff, 0x91, 0x0, 0xf, 0xf6,
    0x0, 0x6f, 0xf0, 0x0, 0x1, 0x0, 0xa, 0xff,
    0xf9, 0x10, 0x0, 0x0, 0xff, 0x60, 0x0, 0x0,
    0x0, 0x0, 0x6e, 0x80, 0x5f, 0x81, 0x0, 0x0,
    0x0, 0xf, 0xf6, 0x0, 0x0, 0x0, 0x0, 0x8,
    0xfd, 0x0, 0x0, 0x0, 0x0, 0x0, 0x0, 0xff,
    0x70, 0x0, 0x0, 0x0, 0x0, 0xbf, 0xb0, 0x0,
    0x0, 0x0, 0x0, 0x0, 0xd, 0xfe, 0x65, 0x55,
    0x55, 0x55, 0x8f, 0xf7, 0x0, 0x0, 0x0, 0x0,
    0x0, 0x0, 0x7f, 0xff, 0xff, 0xff, 0xff, 0xff,
    0xff, 0x10, 0x0, 0x0, 0x0, 0x0, 0x0, 0x0,
    0x7d, 0xef, 0xff, 0xff, 0xff, 0xeb, 0x20,

    /* U+58F0 "声" */
    0x0, 0x0, 0x0, 0x0, 0x0, 0x0, 0x4b, 0xb2,
    0x0, 0x0, 0x0, 0x0, 0x0, 0x0, 0x0, 0x0,
    0x0, 0x0, 0x0, 0x5f, 0xf3, 0x0, 0x0, 0x0,
    0x0, 0x0, 0x0, 0x33, 0x33, 0x33, 0x33, 0x33,
    0x8f, 0xf6, 0x33, 0x33, 0x33, 0x33, 0x33, 0x0,
    0xff, 0xff, 0xff, 0xff, 0xff, 0xff, 0xff, 0xff,
    0xff, 0xff, 0xff, 0xff, 0x0, 0xff, 0xff, 0xff,
    0xff, 0xff, 0xff, 0xff, 0xff, 0xff, 0xff, 0xff,
    0xff, 0x0, 0x0, 0x0, 0x0, 0x0, 0x0, 0x5f,
    0xf3, 0x0, 0x0, 0x0, 0x0, 0x0, 0x0, 0x0,
    0x0, 0x0, 0x0, 0x0, 0x5f, 0xf3, 0x0, 0x0,
    0x0, 0x0, 0x0, 0x0, 0x4, 0xff, 0xff, 0xff,
    0xff, 0xff, 0xff, 0xff, 0xff, 0xff, 0xff, 0xb0,
    0x0, 0x4, 0xff, 0xff, 0xff, 0xff, 0xff, 0xff,
    0xff, 0xff, 0xff, 0xff, 0xb0, 0x0, 0x1, 0x44,
    0x44, 0x44, 0x44, 0x44, 0x44, 0x44, 0x44, 0x44,
    0x44, 0x30, 0x0, 0x0, 0x0, 0x0, 0x0, 0x0,
    0x0, 0x0, 0x0, 0x0, 0x0, 0x0, 0x0, 0x0,
    0x0, 0x9c, 0xcc, 0xcc, 0xcc, 0xcc, 0xcc, 0xcc,
    0xcc, 0xcc, 0xcc, 0x30, 0x0, 0x0, 0xbf, 0xff,
    0xff, 0xff, 0xff, 0xff, 0xff, 0xff, 0xff, 0xff,
    0x30, 0x0, 0x0, 0xbf, 0xd4, 0x44, 0x44, 0x8f,
    0xf7, 0x44, 0x44, 0x48, 0xff, 0x30, 0x0, 0x0,
    0xcf, 0xc0, 0x0, 0x0, 0x4f, 0xf3, 0x0, 0x0,
    0x5, 0xff, 0x30, 0x0, 0x0, 0xcf, 0xb0, 0x0,
    0x0, 0x4f, 0xf3, 0x0, 0x0, 0x5, 0xff, 0x30,
    0x0, 0x0, 0xdf, 0xb0, 0x0, 0x0, 0x4f, 0xf3,
    0x0, 0x0, 0x5, 0xff, 0x30, 0x0, 0x0, 0xff,
    0xff, 0xff, 0xff, 0xff, 0xff, 0xff, 0xff, 0xff,
    0xff, 0x30, 0x0, 0x2, 0xff, 0xff, 0xff, 0xff,
    0xff, 0xff, 0xff, 0xff, 0xff, 0xff, 0x30, 0x0,
    0x5, 0xff, 0x74, 0x44, 0x44, 0x44, 0x44, 0x44,
    0x44, 0x48, 0xff, 0x30, 0x0, 0xb, 0xff, 0x0,
    0x0, 0x0, 0x0, 0x0, 0x0, 0x0, 0x3, 0xaa,
    0x20, 0x0, 0x2f, 0xfa, 0x0, 0x0, 0x0, 0x0,
    0x0, 0x0, 0x0, 0x0, 0x0, 0x0, 0x0, 0xbf,
    0xf4, 0x0, 0x0, 0x0, 0x0, 0x0, 0x0, 0x0,
    0x0, 0x0, 0x0, 0x8, 0xff, 0xc0, 0x0, 0x0,
    0x0, 0x0, 0x0, 0x0, 0x0, 0x0, 0x0, 0x0,
    0xd, 0xff, 0x30, 0x0, 0x0, 0x0, 0x0, 0x0,
    0x0, 0x0, 0x0, 0x0, 0x0, 0x0, 0xb6, 0x0,
    0x0, 0x0, 0x0, 0x0, 0x0, 0x0, 0x0, 0x0,
    0x0, 0x0, 0x0, 0x0, 0x0, 0x0, 0x0, 0x0,
    0x0, 0x0, 0x0, 0x0, 0x0, 0x0, 0x0,

    /* U+5904 "处" */
    0x0, 0x0, 0x4, 0x10, 0x0, 0x0, 0x0, 0x0,
    0x77, 0x50, 0x0, 0x0, 0x0, 0x0, 0x0, 0x2,
    0xff, 0x90, 0x0, 0x0, 0x0, 0x1f, 0xfa, 0x0,
    0x0, 0x0, 0x0, 0x0, 0x0, 0x5f, 0xf7, 0x0,
    0x0, 0x0, 0x1, 0xff, 0xa0, 0x0, 0x0, 0x0,
    0x0, 0x0, 0x8, 0xff, 0x40, 0x0, 0x0, 0x0,
    0x1f, 0xfa, 0x0, 0x0, 0x0, 0x0, 0x0, 0x0,
    0xbf, 0xf2, 0x11, 0x12, 0x0, 0x1, 0xff, 0xa0,
    0x0, 0x0, 0x0, 0x0, 0x0, 0xf, 0xff, 0xff,
    0xff, 0xff, 0x60, 0x1f, 0xfa, 0x0, 0x0, 0x0,
    0x0, 0x0, 0x3, 0xff, 0xff, 0xff, 0xff, 0xf6,
    0x1, 0xff, 0xa0, 0x0, 0x0, 0x0, 0x0, 0x0,
    0x8f, 0xf6, 0x44, 0x49, 0xff, 0x30, 0x1f, 0xfd,
    0xa0, 0x0, 0x0, 0x0, 0x0, 0xc, 0xfe, 0x0,
    0x0, 0xaf, 0xf1, 0x1, 0xff, 0xff, 0xa0, 0x0,
    0x0, 0x0, 0x3, 0xff, 0xb0, 0x0, 0xd, 0xfe,
    0x0, 0x1f, 0xff, 0xff, 0x70, 0x0, 0x0, 0x0,
    0x9f, 0xff, 0x0, 0x0, 0xff, 0xb0, 0x1, 0xff,
    0xbd, 0xff, 0x50, 0x0, 0x0, 0xf, 0xff, 0xf4,
    0x0, 0x3f, 0xf7, 0x0, 0x1f, 0xfa, 0x2f, 0xff,
    0x20, 0x0, 0x8, 0xff, 0xff, 0x90, 0x8, 0xff,
    0x30, 0x1, 0xff, 0xa0, 0x5f, 0xfd, 0x0, 0x2,
    0xff, 0xd7, 0xfe, 0x0, 0xdf, 0xe0, 0x0, 0x1f,
    0xfa, 0x0, 0x9f, 0xf9, 0x0, 0x3d, 0xf4, 0x1f,
    0xf6, 0x3f, 0xf9, 0x0, 0x1, 0xff, 0xa0, 0x0,
    0xef, 0xf1, 0x0, 0x6, 0x0, 0xbf, 0xd9, 0xff,
    0x40, 0x0, 0x1f, 0xfa, 0x0, 0x4, 0xb2, 0x0,
    0x0, 0x0, 0x4, 0xff, 0xff, 0xd0, 0x0, 0x1,
    0xff, 0xa0, 0x0, 0x0, 0x0, 0x0, 0x0, 0x0,
    0xc, 0xff, 0xf5, 0x0, 0x0, 0x1f, 0xfa, 0x0,
    0x0, 0x0, 0x0, 0x0, 0x0, 0x0, 0x6f, 0xff,
    0x0, 0x0, 0x1, 0xff, 0xa0, 0x0, 0x0, 0x0,
    0x0, 0x0, 0x0, 0x1e, 0xff, 0xfb, 0x0, 0x0,
    0x1f, 0xfa, 0x0, 0x0, 0x0, 0x0, 0x0, 0x0,
    0xb, 0xff, 0xff, 0xfc, 0x20, 0x1, 0xff, 0xa0,
    0x0, 0x0, 0x0, 0x0, 0x0, 0xb, 0xff, 0xe2,
    0xdf, 0xff, 0x92, 0x0, 0x0, 0x0, 0x0, 0x0,
    0x0, 0x0, 0x3c, 0xff, 0xf3, 0x1, 0xbf, 0xff,
    0xfc, 0x84, 0x22, 0x10, 0x0, 0x1, 0x0, 0x8f,
    0xff, 0xf3, 0x0, 0x0, 0x6e, 0xff, 0xff, 0xff,
    0xff, 0xff, 0xff, 0xd0, 0xaf, 0xff, 0xd3, 0x0,
    0x0, 0x0, 0x6, 0xdf, 0xff, 0xff, 0xff, 0xff,
    0xf6, 0x0, 0xbf, 0x80, 0x0, 0x0, 0x0, 0x0,
    0x0, 0x4, 0x78, 0x9a, 0xaa, 0xaa, 0x10, 0x0,
    0x30, 0x0, 0x0, 0x0, 0x0, 0x0, 0x0, 0x0,
    0x0, 0x0, 0x0, 0x0, 0x0,

    /* U+5907 "备" */
    0x0, 0x0, 0x0, 0x0, 0x1, 0x74, 0x10, 0x0,
    0x0, 0x0, 0x0, 0x0, 0x0, 0x0, 0x0, 0x0,
    0x0, 0x0, 0xb, 0xff, 0x70, 0x0, 0x0, 0x0,
    0x0, 0x0, 0x0, 0x0, 0x0, 0x0, 0x0, 0x0,
    0x8f, 0xfd, 0x22, 0x22, 0x22, 0x22, 0x30, 0x0,
    0x0, 0x0, 0x0, 0x0, 0x0, 0x8, 0xff, 0xff,
    0xff, 0xff, 0xff, 0xff, 0xfe, 0x40, 0x0, 0x0,
    0x0, 0x0, 0x0, 0x9f, 0xff, 0xff, 0xff, 0xff,
    0xff, 0xff, 0xfe, 0x10, 0x0, 0x0, 0x0, 0x0,
    0x2d, 0xff, 0xf9, 0x11, 0x11, 0x11, 0x15, 0xff,
    0xf2, 0x0, 0x0, 0x0, 0x0, 0x19, 0xff, 0xff,
    0xff, 0xa0, 0x0, 0x0, 0x6f, 0xff, 0x40, 0x0,
    0x0, 0x0, 0x0, 0xcf, 0xfe, 0x61, 0xbf, 0xfe,
    0x50, 0x2b, 0xff, 0xe4, 0x0, 0x0, 0x0, 0x0,
    0x0, 0x1d, 0xa1, 0x0, 0x7, 0xff, 0xfd, 0xff,
    0xfb, 0x10, 0x0, 0x0, 0x0, 0x0, 0x0, 0x0,
    0x0, 0x0, 0x0, 0x8f, 0xff, 0xff, 0xe4, 0x0,
    0x0, 0x0, 0x0, 0x0, 0x0, 0x0, 0x0, 0x16,
    0xbf, 0xff, 0xff, 0xff, 0xff, 0xfb, 0x72, 0x0,
    0x0, 0x0, 0x2, 0x58, 0xad, 0xff, 0xff, 0xfc,
    0x71, 0x49, 0xef, 0xff, 0xff, 0xfd, 0xb8, 0x60,
    0x1f, 0xff, 0xff, 0xff, 0xe8, 0x20, 0x0, 0x0,
    0x4, 0xaf, 0xff, 0xff, 0xff, 0x60, 0x9, 0xff,
    0xda, 0x63, 0x0, 0x0, 0x0, 0x0, 0x0, 0x0,
    0x25, 0x8b, 0xeb, 0x0, 0x2, 0x41, 0x9f, 0xff,
    0xff, 0xff, 0xff, 0xff, 0xff, 0xff, 0xff, 0xf0,
    0x0, 0x0, 0x0, 0x0, 0x9f, 0xff, 0xff, 0xff,
    0xff, 0xff, 0xff, 0xff, 0xff, 0xf0, 0x0, 0x0,
    0x0, 0x0, 0x9f, 0xf5, 0x44, 0x44, 0xbf, 0xf4,
    0x44, 0x44, 0xef, 0xf0, 0x0, 0x0, 0x0, 0x0,
    0x9f, 0xf1, 0x0, 0x0, 0xaf, 0xf0, 0x0, 0x0,
    0xdf, 0xf0, 0x0, 0x0, 0x0, 0x0, 0x9f, 0xf5,
    0x44, 0x44, 0xbf, 0xf4, 0x44, 0x44, 0xef, 0xf0,
    0x0, 0x0, 0x0, 0x0, 0x9f, 0xff, 0xff, 0xff,
    0xff, 0xff, 0xff, 0xff, 0xff, 0xf0, 0x0, 0x0,
    0x0, 0x0, 0x9f, 0xfc, 0xcc, 0xcc, 0xef, 0xfc,
    0xcc, 0xcc, 0xff, 0xf0, 0x0, 0x0, 0x0, 0x0,
    0x9f, 0xf1, 0x0, 0x0, 0xaf, 0xf0, 0x0, 0x0,
    0xdf, 0xf0, 0x0, 0x0, 0x0, 0x0, 0x9f, 0xf1,
    0x0, 0x0, 0xaf, 0xf0, 0x0, 0x0, 0xdf, 0xf0,
    0x0, 0x0, 0x0, 0x0, 0x9f, 0xff, 0xff, 0xff,
    0xff, 0xff, 0xff, 0xff, 0xff, 0xf0, 0x0, 0x0,
    0x0, 0x0, 0x9f, 0xff, 0xff, 0xff, 0xff, 0xff,
    0xff, 0xff, 0xff, 0xf0, 0x0, 0x0, 0x0, 0x0,
    0x9f, 0xf6, 0x44, 0x44, 0x44, 0x44, 0x44, 0x44,
    0xde, 0xe0, 0x0, 0x0,

    /* U+590D "复" */
    0x0, 0x0, 0x0, 0x52, 0x0, 0x0, 0x0, 0x0,
    0x0, 0x0, 0x0, 0x0, 0x0, 0x0, 0x0, 0x0,
    0x3f, 0xf7, 0x0, 0x0, 0x0, 0x0, 0x0, 0x0,
    0x0, 0x0, 0x0, 0x0, 0x0, 0xc, 0xfe, 0x10,
    0x0, 0x0, 0x0, 0x0, 0x0, 0x0, 0x0, 0x0,
    0x0, 0x0, 0x8, 0xff, 0xff, 0xff, 0xff, 0xff,
    0xff, 0xff, 0xff, 0xff, 0xf9, 0x0, 0x0, 0x4,
    0xff, 0xff, 0xff, 0xff, 0xff, 0xff, 0xff, 0xff,
    0xff, 0xff, 0x90, 0x0, 0x4, 0xff, 0xd3, 0x22,
    0x22, 0x22, 0x22, 0x22, 0x22, 0x22, 0x22, 0x21,
    0x0, 0x5, 0xff, 0xe2, 0x0, 0x0, 0x0, 0x0,
    0x0, 0x0, 0x0, 0x0, 0x0, 0x0, 0x4, 0xff,
    0xe4, 0xff, 0xff, 0xff, 0xff, 0xff, 0xff, 0xff,
    0xff, 0xfa, 0x0, 0x0, 0xa, 0xe2, 0x1f, 0xfe,
    0xcc, 0xcc, 0xcc, 0xcc, 0xcc, 0xcc, 0xff, 0xa0,
    0x0, 0x0, 0x1, 0x1, 0xff, 0x80, 0x0, 0x0,
    0x0, 0x0, 0x0, 0x1f, 0xfa, 0x0, 0x0, 0x0,
    0x0, 0x1f, 0xff, 0xff, 0xff, 0xff, 0xff, 0xff,
    0xff, 0xff, 0xa0, 0x0, 0x0, 0x0, 0x1, 0xff,
    0xeb, 0xbb, 0xbb, 0xbb, 0xbb, 0xbb, 0xcf, 0xfa,
    0x0, 0x0, 0x0, 0x0, 0x1f, 0xf8, 0x0, 0x0,
    0x0, 0x0, 0x0, 0x1, 0xff, 0xa0, 0x0, 0x0,
    0x0, 0x1, 0xff, 0xeb, 0xbb, 0xbb, 0xbb, 0xbb,
    0xbb, 0xcf, 0xfa, 0x0, 0x0, 0x0, 0x0, 0x1f,
    0xff, 0xff, 0xff, 0xff, 0xff, 0xff, 0xff, 0xff,
    0xa0, 0x0, 0x0, 0x0, 0x0, 0x0, 0x7f, 0xf8,
    0x0, 0x0, 0x0, 0x0, 0x0, 0x0, 0x0, 0x0,
    0x0, 0x0, 0x0, 0x6f, 0xfe, 0x21, 0x11, 0x11,
    0x11, 0x11, 0x20, 0x0, 0x0, 0x0, 0x0, 0x0,
    0x6f, 0xff, 0xff, 0xff, 0xff, 0xff, 0xff, 0xff,
    0xb1, 0x0, 0x0, 0x0, 0x0, 0x9f, 0xff, 0xed,
    0xdd, 0xdd, 0xdd, 0xdd, 0xff, 0xfb, 0x0, 0x0,
    0x0, 0x4, 0xdf, 0xfe, 0xff, 0x60, 0x0, 0x0,
    0x1, 0xaf, 0xfb, 0x0, 0x0, 0x0, 0x1, 0xef,
    0xf9, 0x7, 0xff, 0xb3, 0x0, 0x6, 0xef, 0xfa,
    0x0, 0x0, 0x0, 0x0, 0x2, 0xc4, 0x0, 0x5,
    0xef, 0xfb, 0x8e, 0xff, 0xe5, 0x0, 0x0, 0x0,
    0x0, 0x0, 0x0, 0x0, 0x0, 0x15, 0xff, 0xff,
    0xff, 0xe4, 0x0, 0x0, 0x0, 0x0, 0x0, 0x1,
    0x35, 0x7a, 0xdf, 0xff, 0xff, 0xff, 0xff, 0xff,
    0xc9, 0x76, 0x43, 0x10, 0xaf, 0xff, 0xff, 0xff,
    0xff, 0xb7, 0x20, 0x38, 0xcf, 0xff, 0xff, 0xff,
    0xfb, 0x5, 0xff, 0xff, 0xda, 0x83, 0x0, 0x0,
    0x0, 0x0, 0x15, 0x8a, 0xce, 0xff, 0x20, 0x6,
    0x31, 0x0, 0x0, 0x0, 0x0, 0x0, 0x0, 0x0,
    0x0, 0x0, 0x0, 0x10, 0x0,

    /* U+5929 "天" */
    0x0, 0xaa, 0xaa, 0xaa, 0xaa, 0xaa, 0xaa, 0xaa,
    0xaa, 0xaa, 0xaa, 0xa9, 0x0, 0x0, 0xf, 0xff,
    0xff, 0xff, 0xff, 0xff, 0xff, 0xff, 0xff, 0xff,
    0xff, 0xf0, 0x0, 0x0, 0xff, 0xff, 0xff, 0xff,
    0xff, 0xff, 0xff, 0xff, 0xff, 0xff, 0xff, 0x0,
    0x0, 0x0, 0x0, 0x0, 0x0, 0x0, 0x9f, 0xf2,
    0x0, 0x0, 0x0, 0x0, 0x0, 0x0, 0x0, 0x0,
    0x0, 0x0, 0x0, 0x8, 0xff, 0x10, 0x0, 0x0,
    0x0, 0x0, 0x0, 0x0, 0x0, 0x0, 0x0, 0x0,
    0x0, 0x8f, 0xf1, 0x0, 0x0, 0x0, 0x0, 0x0,
    0x0, 0x0, 0x0, 0x0, 0x0, 0x0, 0x9, 0xff,
    0x10, 0x0, 0x0, 0x0, 0x0, 0x0, 0x0, 0x0,
    0x0, 0x0, 0x0, 0x0, 0xaf, 0xf1, 0x0, 0x0,
    0x0, 0x0, 0x0, 0x0, 0x0, 0x0, 0x0, 0x0,
    0x0, 0xa, 0xff, 0x0, 0x0, 0x0, 0x0, 0x0,
    0x0, 0x0, 0xff, 0xff, 0xff, 0xff, 0xff, 0xff,
    0xff, 0xff, 0xff, 0xff, 0xff, 0xff, 0x10, 0xf,
    0xff, 0xff, 0xff, 0xff, 0xff, 0xff, 0xff, 0xff,
    0xff, 0xff, 0xff, 0xf1, 0x0, 0xaa, 0xaa, 0xaa,
    0xaa, 0xab, 0xff, 0xff, 0xaa, 0xaa, 0xaa, 0xaa,
    0xaa, 0x0, 0x0, 0x0, 0x0, 0x0, 0x0, 0x8f,
    0xff, 0xf4, 0x0, 0x0, 0x0, 0x0, 0x0, 0x0,
    0x0, 0x0, 0x0, 0x0, 0xe, 0xff, 0xff, 0xc0,
    0x0, 0x0, 0x0, 0x0, 0x0, 0x0, 0x0, 0x0,
    0x0, 0x6, 0xff, 0xa8, 0xff, 0x50, 0x0, 0x0,
    0x0, 0x0, 0x0, 0x0, 0x0, 0x0, 0x1, 0xef,
    0xf3, 0xe, 0xfe, 0x10, 0x0, 0x0, 0x0, 0x0,
    0x0, 0x0, 0x0, 0x0, 0xcf, 0xfb, 0x0, 0x6f,
    0xfd, 0x0, 0x0, 0x0, 0x0, 0x0, 0x0, 0x0,
    0x0, 0xaf, 0xfe, 0x10, 0x0, 0xbf, 0xfb, 0x0,
    0x0, 0x0, 0x0, 0x0, 0x0, 0x1, 0xbf, 0xff,
    0x30, 0x0, 0x1, 0xdf, 0xfc, 0x10, 0x0, 0x0,
    0x0, 0x0, 0x4, 0xef, 0xff, 0x50, 0x0, 0x0,
    0x2, 0xef, 0xfe, 0x50, 0x0, 0x0, 0x0, 0x2a,
    0xff, 0xfe, 0x40, 0x0, 0x0, 0x0, 0x2, 0xdf,
    0xff, 0xb5, 0x0, 0x3, 0xaf, 0xff, 0xfb, 0x10,
    0x0, 0x0, 0x0, 0x0, 0x0, 0xaf, 0xff, 0xfe,
    0x70, 0x5f, 0xff, 0xe5, 0x0, 0x0, 0x0, 0x0,
    0x0, 0x0, 0x0, 0x5d, 0xff, 0xf5, 0x0, 0x8d,
    0x60, 0x0, 0x0, 0x0, 0x0, 0x0, 0x0, 0x0,
    0x0, 0x4, 0xba, 0x0, 0x0, 0x0, 0x0, 0x0,
    0x0, 0x0, 0x0, 0x0, 0x0, 0x0, 0x0, 0x0,
    0x0, 0x0,

    /* U+5931 "失" */
    0x0, 0x0, 0x0, 0x0, 0x0, 0x1, 0x55, 0x20,
    0x0, 0x0, 0x0, 0x0, 0x0, 0x0, 0x0, 0x0,
    0x9c, 0x81, 0x0, 0x4f, 0xf7, 0x0, 0x0, 0x0,
    0x0, 0x0, 0x0, 0x0, 0x0, 0xf, 0xff, 0x0,
    0x4, 0xff, 0x70, 0x0, 0x0, 0x0, 0x0, 0x0,
    0x0, 0x0, 0x5, 0xff, 0xa0, 0x0, 0x4f, 0xf7,
    0x0, 0x0, 0x0, 0x0, 0x0, 0x0, 0x0, 0x0,
    0xbf, 0xf4, 0x0, 0x4, 0xff, 0x70, 0x0, 0x0,
    0x0, 0x0, 0x0, 0x0, 0x0, 0x1f, 0xff, 0xba,
    0xaa, 0xcf, 0xfd, 0xaa, 0xaa, 0xaa, 0xaa, 0x30,
    0x0, 0x0, 0x8, 0xff, 0xff, 0xff, 0xff, 0xff,
    0xff, 0xff, 0xff, 0xff, 0xf5, 0x0, 0x0, 0x1,
    0xff, 0xff, 0xff, 0xff, 0xff, 0xff, 0xff, 0xff,
    0xff, 0xff, 0x50, 0x0, 0x0, 0xaf, 0xf8, 0x0,
    0x0, 0x4, 0xff, 0x70, 0x0, 0x0, 0x0, 0x0,
    0x0, 0x0, 0x5f, 0xfe, 0x10, 0x0, 0x0, 0x4f,
    0xf7, 0x0, 0x0, 0x0, 0x0, 0x0, 0x0, 0xd,
    0xff, 0x50, 0x0, 0x0, 0x5, 0xff, 0x60, 0x0,
    0x0, 0x0, 0x0, 0x0, 0x0, 0x7, 0x90, 0x0,
    0x0, 0x0, 0x6f, 0xf5, 0x0, 0x0, 0x0, 0x0,
    0x0, 0x0, 0x0, 0x0, 0x0, 0x0, 0x0, 0x8,
    0xff, 0x40, 0x0, 0x0, 0x0, 0x0, 0x0, 0x3,
    0xff, 0xff, 0xff, 0xff, 0xff, 0xff, 0xff, 0xff,
    0xff, 0xff, 0xff, 0xff, 0xa0, 0x3f, 0xff, 0xff,
    0xff, 0xff, 0xff, 0xff, 0xff, 0xff, 0xff, 0xff,
    0xff, 0xfa, 0x2, 0x99, 0x99, 0x99, 0x99, 0x9b,
    0xff, 0xff, 0xd9, 0x99, 0x99, 0x99, 0x99, 0x60,
    0x0, 0x0, 0x0, 0x0, 0x0, 0xaf, 0xff, 0xfe,
    0x10, 0x0, 0x0, 0x0, 0x0, 0x0, 0x0, 0x0,
    0x0, 0x0, 0x2f, 0xfe, 0x6f, 0xf9, 0x0, 0x0,
    0x0, 0x0, 0x0, 0x0, 0x0, 0x0, 0x0, 0xd,
    0xff, 0x70, 0xcf, 0xf4, 0x0, 0x0, 0x0, 0x0,
    0x0, 0x0, 0x0, 0x0, 0xb, 0xff, 0xe0, 0x3,
    0xff, 0xf4, 0x0, 0x0, 0x0, 0x0, 0x0, 0x0,
    0x0, 0xb, 0xff, 0xf3, 0x0, 0x8, 0xff, 0xf4,
    0x0, 0x0, 0x0, 0x0, 0x0, 0x0, 0x4d, 0xff,
    0xf4, 0x0, 0x0, 0x9, 0xff, 0xf9, 0x10, 0x0,
    0x0, 0x0, 0x3, 0xaf, 0xff, 0xf4, 0x0, 0x0,
    0x0, 0xa, 0xff, 0xfe, 0x60, 0x0, 0x0, 0x5b,
    0xff, 0xff, 0xc2, 0x0, 0x0, 0x0, 0x0, 0x6,
    0xff, 0xff, 0xfb, 0x50, 0x4f, 0xff, 0xfd, 0x60,
    0x0, 0x0, 0x0, 0x0, 0x0, 0x1, 0xbf, 0xff,
    0xfd, 0x0, 0x7f, 0xc5, 0x0, 0x0, 0x0, 0x0,
    0x0, 0x0, 0x0, 0x0, 0x28, 0xef, 0x30, 0x0,
    0x20, 0x0, 0x0, 0x0, 0x0, 0x0, 0x0, 0x0,
    0x0, 0x0, 0x0, 0x20, 0x0,

    /* U+597D "好" */
    0x0, 0x0, 0x27, 0x62, 0x0, 0x0, 0x0, 0x0,
    0x0, 0x0, 0x0, 0x0, 0x0, 0x0, 0x0, 0x5,
    0xff, 0x40, 0x0, 0x0, 0x0, 0x0, 0x0, 0x0,
    0x0, 0x0, 0x0, 0x0, 0x0, 0x7f, 0xf1, 0x0,
    0x0, 0x5, 0x66, 0x66, 0x66, 0x66, 0x67, 0x60,
    0x0, 0x0, 0xa, 0xfe, 0x0, 0x0, 0x0, 0xbf,
    0xff, 0xff, 0xff, 0xff, 0xff, 0xc0, 0x0, 0x0,
    0xcf, 0xc0, 0x0, 0x0, 0xb, 0xff, 0xff, 0xff,
    0xff, 0xff, 0xf8, 0x0, 0x0, 0xe, 0xf9, 0x0,
    0x0, 0x0, 0x0, 0x0, 0x0, 0x0, 0x7f, 0xfc,
    0x0, 0xb, 0xff, 0xff, 0xff, 0xff, 0xfc, 0x10,
    0x0, 0x0, 0x0, 0x4f, 0xfe, 0x10, 0x0, 0xcf,
    0xff, 0xff, 0xff, 0xff, 0xf0, 0x0, 0x0, 0x0,
    0x3e, 0xfe, 0x20, 0x0, 0x5, 0x7c, 0xff, 0x77,
    0x7c, 0xfe, 0x0, 0x0, 0x0, 0x3e, 0xfe, 0x20,
    0x0, 0x0, 0x0, 0xbf, 0xc0, 0x0, 0xbf, 0xc0,
    0x0, 0x0, 0xb, 0xff, 0x20, 0x0, 0x0, 0x0,
    0xf, 0xf9, 0x0, 0xe, 0xf9, 0x0, 0x0, 0x0,
    0xbf, 0xe0, 0x0, 0x0, 0x0, 0x3, 0xff, 0x50,
    0x1, 0xff, 0x60, 0x0, 0x0, 0xb, 0xfe, 0x0,
    0x0, 0x0, 0x0, 0x7f, 0xf1, 0x0, 0x4f, 0xf3,
    0xef, 0xff, 0xff, 0xff, 0xff, 0xff, 0xff, 0xc0,
    0xb, 0xfd, 0x0, 0x9, 0xff, 0xe, 0xff, 0xff,
    0xff, 0xff, 0xff, 0xff, 0xfd, 0x0, 0xff, 0xb0,
    0x0, 0xef, 0xb0, 0x88, 0x88, 0x88, 0xef, 0xf8,
    0x88, 0x88, 0x70, 0x2f, 0xff, 0xa0, 0x4f, 0xf6,
    0x0, 0x0, 0x0, 0xb, 0xfe, 0x0, 0x0, 0x0,
    0x0, 0x3e, 0xff, 0xdb, 0xff, 0x10, 0x0, 0x0,
    0x0, 0xbf, 0xe0, 0x0, 0x0, 0x0, 0x0, 0x1b,
    0xff, 0xff, 0xa0, 0x0, 0x0, 0x0, 0xb, 0xfe,
    0x0, 0x0, 0x0, 0x0, 0x0, 0x8, 0xff, 0xf9,
    0x0, 0x0, 0x0, 0x0, 0xbf, 0xe0, 0x0, 0x0,
    0x0, 0x0, 0x0, 0x5f, 0xff, 0xf9, 0x0, 0x0,
    0x0, 0xb, 0xfe, 0x0, 0x0, 0x0, 0x0, 0x0,
    0x3f, 0xff, 0xff, 0xf9, 0x0, 0x0, 0x0, 0xbf,
    0xe0, 0x0, 0x0, 0x0, 0x0, 0x1e, 0xff, 0x53,
    0xff, 0xf4, 0x0, 0x0, 0xb, 0xfe, 0x0, 0x0,
    0x0, 0x0, 0x4e, 0xff, 0x80, 0x3, 0xfb, 0x0,
    0x0, 0x0, 0xbf, 0xe0, 0x0, 0x0, 0x0, 0x9f,
    0xff, 0xa0, 0x0, 0x4, 0x0, 0x5, 0x76, 0x7e,
    0xfd, 0x0, 0x0, 0x0, 0xb, 0xff, 0x70, 0x0,
    0x0, 0x0, 0x0, 0x8f, 0xff, 0xff, 0xa0, 0x0,
    0x0, 0x0, 0xc, 0x30, 0x0, 0x0, 0x0, 0x0,
    0x2, 0xff, 0xfc, 0x80, 0x0, 0x0, 0x0, 0x0,
    0x0, 0x0, 0x0, 0x0, 0x0, 0x0, 0x0, 0x0,
    0x0, 0x0, 0x0, 0x0, 0x0,

    /* U+5982 "如" */
    0x0, 0x0, 0x27, 0x61, 0x0, 0x0, 0x0, 0x0,
    0x0, 0x0, 0x0, 0x0, 0x0, 0x0, 0x6, 0xff,
    0x20, 0x0, 0x0, 0x0, 0x0, 0x0, 0x0, 0x0,
    0x0, 0x0, 0x0, 0x8f, 0xf0, 0x0, 0x0, 0x0,
    0x0, 0x0, 0x0, 0x0, 0x0, 0x0, 0x0, 0xb,
    0xfd, 0x0, 0x0, 0x0, 0x19, 0x99, 0x99, 0x99,
    0x99, 0x99, 0x0, 0x0, 0xdf, 0xa0, 0x0, 0x0,
    0x2, 0xff, 0xff, 0xff, 0xff, 0xff, 0xe0, 0x0,
    0xf, 0xf8, 0x0, 0x0, 0x0, 0x2f, 0xfe, 0xdd,
    0xdd, 0xdf, 0xfe, 0xaf, 0xff, 0xff, 0xff, 0xff,
    0xfe, 0x72, 0xff, 0x40, 0x0, 0x0, 0xaf, 0xea,
    0xff, 0xff, 0xff, 0xff, 0xff, 0xf7, 0x2f, 0xf4,
    0x0, 0x0, 0xa, 0xfe, 0x47, 0x7c, 0xfe, 0x77,
    0x78, 0xff, 0x52, 0xff, 0x40, 0x0, 0x0, 0xaf,
    0xe0, 0x0, 0xdf, 0xa0, 0x0, 0x5f, 0xf4, 0x2f,
    0xf4, 0x0, 0x0, 0xa, 0xfe, 0x0, 0x1f, 0xf6,
    0x0, 0x8, 0xff, 0x22, 0xff, 0x40, 0x0, 0x0,
    0xaf, 0xe0, 0x4, 0xff, 0x30, 0x0, 0xaf, 0xf0,
    0x2f, 0xf4, 0x0, 0x0, 0xa, 0xfe, 0x0, 0x8f,
    0xe0, 0x0, 0xd, 0xfc, 0x2, 0xff, 0x40, 0x0,
    0x0, 0xaf, 0xe0, 0xd, 0xfa, 0x0, 0x1, 0xff,
    0x90, 0x2f, 0xf4, 0x0, 0x0, 0xa, 0xfe, 0x2,
    0xff, 0x70, 0x0, 0x6f, 0xf4, 0x2, 0xff, 0x40,
    0x0, 0x0, 0xaf, 0xe0, 0x5f, 0xff, 0x60, 0xc,
    0xff, 0x0, 0x2f, 0xf4, 0x0, 0x0, 0xa, 0xfe,
    0x0, 0x6f, 0xff, 0x92, 0xff, 0xb0, 0x2, 0xff,
    0x40, 0x0, 0x0, 0xaf, 0xe0, 0x0, 0x4e, 0xff,
    0xff, 0xf4, 0x0, 0x2f, 0xf4, 0x0, 0x0, 0xa,
    0xfe, 0x0, 0x0, 0x2d, 0xff, 0xfd, 0x0, 0x2,
    0xff, 0x40, 0x0, 0x0, 0xaf, 0xe0, 0x0, 0x0,
    0x1e, 0xff, 0xf4, 0x0, 0x2f, 0xf4, 0x0, 0x0,
    0xa, 0xfe, 0x0, 0x0, 0xa, 0xff, 0xff, 0xf4,
    0x2, 0xff, 0x50, 0x0, 0x0, 0xaf, 0xe0, 0x0,
    0x9, 0xff, 0xea, 0xff, 0xf4, 0x2f, 0xff, 0xff,
    0xff, 0xff, 0xfe, 0x0, 0x1a, 0xff, 0xe2, 0x8,
    0xfe, 0x12, 0xff, 0xff, 0xff, 0xff, 0xff, 0xe1,
    0x8f, 0xff, 0xe2, 0x0, 0x9, 0x30, 0x2f, 0xf9,
    0x66, 0x66, 0x6c, 0xfe, 0x6f, 0xff, 0xb2, 0x0,
    0x0, 0x0, 0x2, 0xff, 0x40, 0x0, 0x0, 0xaf,
    0xe0, 0xad, 0x50, 0x0, 0x0, 0x0, 0x0, 0x17,
    0x72, 0x0, 0x0, 0x0, 0x11, 0x1, 0x0, 0x0,
    0x0, 0x0, 0x0, 0x0, 0x0, 0x0, 0x0, 0x0,
    0x0, 0x0,

    /* U+5B88 "守" */
    0x0, 0x0, 0x0, 0x0, 0x0, 0x2, 0x67, 0x0,
    0x0, 0x0, 0x0, 0x0, 0x0, 0x0, 0x0, 0x0,
    0x0, 0x0, 0xb, 0xff, 0x30, 0x0, 0x0, 0x0,
    0x0, 0x0, 0x0, 0x0, 0x0, 0x0, 0x0, 0x3,
    0xff, 0xb0, 0x0, 0x0, 0x0, 0x0, 0x0, 0x1,
    0x33, 0x33, 0x33, 0x33, 0x33, 0xdf, 0xf4, 0x33,
    0x33, 0x33, 0x33, 0x20, 0x7, 0xff, 0xff, 0xff,
    0xff, 0xff, 0xff, 0xff, 0xff, 0xff, 0xff, 0xff,
    0xc0, 0x7, 0xff, 0xff, 0xff, 0xff, 0xff, 0xff,
    0xff, 0xff, 0xff, 0xff, 0xff, 0xc0, 0x7, 0xff,
    0x53, 0x33, 0x33, 0x33, 0x33, 0x33, 0x33, 0x33,
    0x33, 0xff, 0xc0, 0x7, 0xff, 0x20, 0x0, 0x0,
    0x0, 0x0, 0x0, 0x66, 0x30, 0x0, 0xef, 0xc0,
    0x7, 0xff, 0x20, 0x0, 0x0, 0x0, 0x0, 0x1,
    0xff, 0x80, 0x0, 0xef, 0xc0, 0x3, 0x77, 0x10,
    0x0, 0x0, 0x0, 0x0, 0x1, 0xff, 0x80, 0x0,
    0x77, 0x60, 0x0, 0x0, 0x0, 0x0, 0x0, 0x0,
    0x0, 0x1, 0xff, 0x80, 0x0, 0x0, 0x0, 0x9,
    0x99, 0x99, 0x99, 0x99, 0x99, 0x99, 0x9a, 0xff,
    0xc9, 0x99, 0x99, 0x95, 0x1f, 0xff, 0xff, 0xff,
    0xff, 0xff, 0xff, 0xff, 0xff, 0xff, 0xff, 0xff,
    0xf8, 0x1f, 0xff, 0xff, 0xff, 0xff, 0xff, 0xff,
    0xff, 0xff, 0xff, 0xff, 0xff, 0xf8, 0x0, 0x0,
    0x0, 0x0, 0x0, 0x0, 0x0, 0x1, 0xff, 0x80,
    0x0, 0x0, 0x0, 0x0, 0x0, 0x8, 0x90, 0x0,
    0x0, 0x0, 0x1, 0xff, 0x80, 0x0, 0x0, 0x0,
    0x0, 0x0, 0x8f, 0xf9, 0x0, 0x0, 0x0, 0x1,
    0xff, 0x80, 0x0, 0x0, 0x0, 0x0, 0x0, 0xc,
    0xff, 0x80, 0x0, 0x0, 0x1, 0xff, 0x80, 0x0,
    0x0, 0x0, 0x0, 0x0, 0x1, 0xdf, 0xf5, 0x0,
    0x0, 0x1, 0xff, 0x80, 0x0, 0x0, 0x0, 0x0,
    0x0, 0x0, 0x2f, 0xff, 0x10, 0x0, 0x1, 0xff,
    0x80, 0x0, 0x0, 0x0, 0x0, 0x0, 0x0, 0x7,
    0xff, 0x80, 0x0, 0x1, 0xff, 0x80, 0x0, 0x0,
    0x0, 0x0, 0x0, 0x0, 0x0, 0xc7, 0x0, 0x0,
    0x1, 0xff, 0x80, 0x0, 0x0, 0x0, 0x0, 0x0,
    0x0, 0x0, 0x0, 0x0, 0x0, 0x2, 0xff, 0x80,
    0x0, 0x0, 0x0, 0x0, 0x0, 0x0, 0x0, 0x0,
    0x29, 0x98, 0x8b, 0xff, 0x70, 0x0, 0x0, 0x0,
    0x0, 0x0, 0x0, 0x0, 0x0, 0xe, 0xff, 0xff,
    0xff, 0x30, 0x0, 0x0, 0x0, 0x0, 0x0, 0x0,
    0x0, 0x0, 0x9, 0xff, 0xfe, 0xb4, 0x0, 0x0,
    0x0, 0x0, 0x0, 0x0, 0x0, 0x0, 0x0, 0x0,
    0x0, 0x0, 0x0, 0x0, 0x0, 0x0, 0x0,

    /* U+5B89 "安" */
    0x0, 0x0, 0x0, 0x0, 0x0, 0x3, 0x71, 0x0,
    0x0, 0x0, 0x0, 0x0, 0x0, 0x0, 0x0, 0x0,
    0x0, 0x0, 0x7f, 0xf9, 0x0, 0x0, 0x0, 0x0,
    0x0, 0x0, 0x0, 0x0, 0x0, 0x0, 0x0, 0xe,
    0xff, 0x10, 0x0, 0x0, 0x0, 0x0, 0x0, 0x2,
    0x66, 0x66, 0x66, 0x66, 0x6c, 0xff, 0xa6, 0x66,
    0x66, 0x66, 0x66, 0x30, 0x7, 0xff, 0xff, 0xff,
    0xff, 0xff, 0xff, 0xff, 0xff, 0xff, 0xff, 0xff,
    0x80, 0x7, 0xff, 0xff, 0xff, 0xff, 0xff, 0xff,
    0xff, 0xff, 0xff, 0xff, 0xff, 0x80, 0x7, 0xff,
    0x30, 0x0, 0x0, 0x0, 0x0, 0x0, 0x0, 0x0,
    0x4, 0xff, 0x80, 0x7, 0xff, 0x20, 0x0, 0x0,
    0xad, 0xa2, 0x0, 0x0, 0x0, 0x3, 0xff, 0x80,
    0x7, 0xff, 0x20, 0x0, 0x2, 0xff, 0xf0, 0x0,
    0x0, 0x0, 0x3, 0xff, 0x80, 0x3, 0x77, 0x10,
    0x0, 0x9, 0xff, 0x80, 0x0, 0x0, 0x0, 0x1,
    0x77, 0x40, 0x0, 0x0, 0x0, 0x0, 0x1f, 0xff,
    0x10, 0x0, 0x0, 0x0, 0x0, 0x0, 0x0, 0x8,
    0x88, 0x88, 0x88, 0xbf, 0xfe, 0x88, 0x88, 0x88,
    0x88, 0x88, 0x88, 0x81, 0x1f, 0xff, 0xff, 0xff,
    0xff, 0xff, 0xff, 0xff, 0xff, 0xff, 0xff, 0xff,
    0xf2, 0x1f, 0xff, 0xff, 0xff, 0xff, 0xff, 0xff,
    0xff, 0xff, 0xff, 0xff, 0xff, 0xf2, 0x0, 0x0,
    0x0, 0x4f, 0xfd, 0x0, 0x0, 0x0, 0x4f, 0xfb,
    0x0, 0x0, 0x0, 0x0, 0x0, 0x0, 0xef, 0xf4,
    0x0, 0x0, 0x0, 0xdf, 0xf3, 0x0, 0x0, 0x0,
    0x0, 0x0, 0xa, 0xff, 0xa0, 0x0, 0x0, 0x6,
    0xff, 0xb0, 0x0, 0x0, 0x0, 0x0, 0x0, 0x5f,
    0xff, 0xfa, 0x40, 0x0, 0x3f, 0xff, 0x30, 0x0,
    0x0, 0x0, 0x0, 0x0, 0x28, 0xef, 0xff, 0xfe,
    0x94, 0xef, 0xf6, 0x0, 0x0, 0x0, 0x0, 0x0,
    0x0, 0x0, 0x4, 0xaf, 0xff, 0xff, 0xff, 0xa0,
    0x0, 0x0, 0x0, 0x0, 0x0, 0x0, 0x0, 0x0,
    0x0, 0x6f, 0xff, 0xff, 0xf8, 0x10, 0x0, 0x0,
    0x0, 0x0, 0x0, 0x0, 0x0, 0x6, 0xef, 0xff,
    0xff, 0xff, 0xfa, 0x20, 0x0, 0x0, 0x0, 0x0,
    0x0, 0x49, 0xff, 0xff, 0xd3, 0x18, 0xff, 0xff,
    0xfb, 0x20, 0x0, 0x1, 0x59, 0xcf, 0xff, 0xff,
    0xe6, 0x0, 0x0, 0x7, 0xef, 0xff, 0xfa, 0x10,
    0x6, 0xff, 0xff, 0xff, 0xc5, 0x0, 0x0, 0x0,
    0x0, 0x7, 0xef, 0xff, 0x50, 0x0, 0xbf, 0xea,
    0x61, 0x0, 0x0, 0x0, 0x0, 0x0, 0x0, 0x19,
    0xf6, 0x0, 0x0, 0x12, 0x0, 0x0, 0x0, 0x0,
    0x0, 0x0, 0x0, 0x0, 0x0, 0x10, 0x0,

    /* U+5B8C "完" */
    0x0, 0x0, 0x0, 0x0, 0x0, 0x4, 0x92, 0x0,
    0x0, 0x0, 0x0, 0x0, 0x0, 0x0, 0x0, 0x0,
    0x0, 0x0, 0x5f, 0xfa, 0x0, 0x0, 0x0, 0x0,
    0x0, 0x0, 0x0, 0x0, 0x0, 0x0, 0x0, 0xe,
    0xff, 0x20, 0x0, 0x0, 0x0, 0x0, 0x0, 0x6,
    0x66, 0x66, 0x66, 0x66, 0x6b, 0xff, 0xb6, 0x66,
    0x66, 0x66, 0x66, 0x20, 0xe, 0xff, 0xff, 0xff,
    0xff, 0xff, 0xff, 0xff, 0xff, 0xff, 0xff, 0xff,
    0x60, 0xe, 0xff, 0xff, 0xff, 0xff, 0xff, 0xff,
    0xff, 0xff, 0xff, 0xff, 0xff, 0x60, 0xe, 0xfb,
    0x0, 0x0, 0x0, 0x0, 0x0, 0x0, 0x0, 0x0,
    0x5, 0xff, 0x60, 0xe, 0xfa, 0x0, 0x0, 0x0,
    0x0, 0x0, 0x0, 0x0, 0x0, 0x4, 0xff, 0x60,
    0xe, 0xfa, 0x4, 0x55, 0x55, 0x55, 0x55, 0x55,
    0x55, 0x55, 0x4, 0xff, 0x60, 0xe, 0xfa, 0xa,
    0xff, 0xff, 0xff, 0xff, 0xff, 0xff, 0xff, 0x14,
    0xff, 0x60, 0x0, 0x0, 0xa, 0xff, 0xff, 0xff,
    0xff, 0xff, 0xff, 0xff, 0x10, 0x0, 0x0, 0x0,
    0x0, 0x0, 0x0, 0x0, 0x0, 0x0, 0x0, 0x0,
    0x0, 0x0, 0x0, 0x0, 0x0, 0x0, 0x0, 0x0,
    0x0, 0x0, 0x0, 0x0, 0x0, 0x0, 0x0, 0x0,
    0x0, 0x23, 0x33, 0x33, 0x33, 0x33, 0x33, 0x33,
    0x33, 0x33, 0x33, 0x33, 0x33, 0x30, 0x8f, 0xff,
    0xff, 0xff, 0xff, 0xff, 0xff, 0xff, 0xff, 0xff,
    0xff, 0xff, 0xf1, 0x8f, 0xff, 0xff, 0xff, 0xff,
    0xff, 0xff, 0xff, 0xff, 0xff, 0xff, 0xff, 0xf1,
    0x12, 0x22, 0x22, 0x28, 0xff, 0x62, 0x22, 0x6f,
    0xf7, 0x22, 0x22, 0x22, 0x20, 0x0, 0x0, 0x0,
    0x8, 0xff, 0x10, 0x0, 0x4f, 0xf5, 0x0, 0x0,
    0x0, 0x0, 0x0, 0x0, 0x0, 0xa, 0xff, 0x0,
    0x0, 0x4f, 0xf5, 0x0, 0x0, 0x0, 0x0, 0x0,
    0x0, 0x0, 0xe, 0xfd, 0x0, 0x0, 0x4f, 0xf5,
    0x0, 0x0, 0x0, 0x0, 0x0, 0x0, 0x0, 0x6f,
    0xf9, 0x0, 0x0, 0x4f, 0xf5, 0x0, 0x0, 0xb,
    0x50, 0x0, 0x0, 0x1, 0xef, 0xf3, 0x0, 0x0,
    0x4f, 0xf5, 0x0, 0x0, 0xe, 0xf7, 0x0, 0x0,
    0x3d, 0xff, 0x90, 0x0, 0x0, 0x4f, 0xf5, 0x0,
    0x0, 0xf, 0xf5, 0x1, 0x5b, 0xff, 0xfc, 0x0,
    0x0, 0x0, 0x3f, 0xfb, 0x66, 0x66, 0xaf, 0xf2,
    0x9f, 0xff, 0xff, 0x80, 0x0, 0x0, 0x0, 0xf,
    0xff, 0xff, 0xff, 0xff, 0xd0, 0x1f, 0xfe, 0x82,
    0x0, 0x0, 0x0, 0x0, 0x4, 0xce, 0xff, 0xff,
    0xfc, 0x20, 0x4, 0x20, 0x0, 0x0, 0x0, 0x0,
    0x0, 0x0, 0x0, 0x0, 0x0, 0x0, 0x0,

    /* U+5B9E "实" */
    0x0, 0x0, 0x0, 0x0, 0x0, 0x15, 0x50, 0x0,
    0x0, 0x0, 0x0, 0x0, 0x0, 0x0, 0x0, 0x0,
    0x0, 0xe, 0xff, 0x10, 0x0, 0x0, 0x0, 0x0,
    0x0, 0x0, 0x0, 0x0, 0x0, 0x0, 0x7f, 0xf9,
    0x0, 0x0, 0x0, 0x0, 0x0, 0x3, 0x77, 0x77,
    0x77, 0x77, 0x78, 0xff, 0xf7, 0x77, 0x77, 0x77,
    0x77, 0x40, 0x7f, 0xff, 0xff, 0xff, 0xff, 0xff,
    0xff, 0xff, 0xff, 0xff, 0xff, 0xf9, 0x7, 0xff,
    0xff, 0xff, 0xff, 0xff, 0xff, 0xff, 0xff, 0xff,
    0xff, 0xff, 0x90, 0x7f, 0xf1, 0x0, 0x0, 0x0,
    0x0, 0x0, 0x0, 0x0, 0x0, 0x1f, 0xf9, 0x7,
    0xff, 0x10, 0x3b, 0x20, 0x0, 0x2b, 0xb6, 0x0,
    0x0, 0x1, 0xff, 0x90, 0x7f, 0xf1, 0x1e, 0xff,
    0x80, 0x3, 0xff, 0x80, 0x0, 0x0, 0x1f, 0xf9,
    0x3, 0x77, 0x0, 0x4e, 0xff, 0xc0, 0x4f, 0xf7,
    0x0, 0x0, 0x0, 0x77, 0x40, 0x0, 0x0, 0x0,
    0xb, 0xfe, 0x14, 0xff, 0x60, 0x0, 0x0, 0x0,
    0x0, 0x0, 0x0, 0x82, 0x0, 0x8, 0x20, 0x5f,
    0xf5, 0x0, 0x0, 0x0, 0x0, 0x0, 0x0, 0xaf,
    0xf8, 0x0, 0x0, 0x7, 0xff, 0x40, 0x0, 0x0,
    0x0, 0x0, 0x0, 0x6, 0xef, 0xfd, 0x20, 0x0,
    0xaf, 0xf1, 0x0, 0x0, 0x0, 0x0, 0x0, 0x0,
    0x1, 0xbf, 0xf7, 0x0, 0xd, 0xff, 0x0, 0x0,
    0x0, 0x0, 0x0, 0x0, 0x0, 0x0, 0x8a, 0x0,
    0x0, 0xff, 0xc0, 0x0, 0x0, 0x0, 0x0, 0x0,
    0x34, 0x44, 0x44, 0x44, 0x44, 0x6f, 0xfb, 0x44,
    0x44, 0x44, 0x44, 0x44, 0xe, 0xff, 0xff, 0xff,
    0xff, 0xff, 0xff, 0xff, 0xff, 0xff, 0xff, 0xff,
    0xf1, 0xef, 0xff, 0xff, 0xff, 0xff, 0xff, 0xff,
    0xff, 0xff, 0xff, 0xff, 0xff, 0x10, 0x0, 0x0,
    0x0, 0x0, 0xcf, 0xf6, 0x3, 0x0, 0x0, 0x0,
    0x0, 0x0, 0x0, 0x0, 0x0, 0x0, 0xaf, 0xfc,
    0x5, 0xfd, 0x71, 0x0, 0x0, 0x0, 0x0, 0x0,
    0x0, 0x3, 0xdf, 0xfe, 0x20, 0xbf, 0xff, 0xfa,
    0x40, 0x0, 0x0, 0x0, 0x0, 0x3a, 0xff, 0xfd,
    0x10, 0x0, 0x39, 0xff, 0xff, 0xc4, 0x0, 0x0,
    0x48, 0xdf, 0xff, 0xfa, 0x10, 0x0, 0x0, 0x1,
    0x7e, 0xff, 0xfb, 0x20, 0x5f, 0xff, 0xff, 0xb3,
    0x0, 0x0, 0x0, 0x0, 0x0, 0x7, 0xef, 0xfb,
    0x0, 0xaf, 0xd8, 0x20, 0x0, 0x0, 0x0, 0x0,
    0x0, 0x0, 0x1, 0x9e, 0x10, 0x1, 0x10, 0x0,
    0x0, 0x0, 0x0, 0x0, 0x0, 0x0, 0x0, 0x0,
    0x10, 0x0,

    /* U+5BB6 "家" */
    0x0, 0x0, 0x0, 0x0, 0x0, 0x2, 0x67, 0x0,
    0x0, 0x0, 0x0, 0x0, 0x0, 0x0, 0x0, 0x0,
    0x0, 0x0, 0x0, 0xff, 0xf1, 0x0, 0x0, 0x0,
    0x0, 0x0, 0x0, 0x1, 0x11, 0x11, 0x11, 0x11,
    0x19, 0xff, 0xa1, 0x11, 0x11, 0x11, 0x11, 0x10,
    0x0, 0x9f, 0xff, 0xff, 0xff, 0xff, 0xff, 0xff,
    0xff, 0xff, 0xff, 0xff, 0xfe, 0x0, 0x9, 0xff,
    0xff, 0xff, 0xff, 0xff, 0xff, 0xff, 0xff, 0xff,
    0xff, 0xff, 0xe0, 0x0, 0x9f, 0xf3, 0x33, 0x33,
    0x33, 0x33, 0x33, 0x33, 0x33, 0x33, 0x3c, 0xfe,
    0x0, 0x9, 0xfe, 0x0, 0x0, 0x0, 0x0, 0x0,
    0x0, 0x0, 0x0, 0x0, 0xbf, 0xe0, 0x0, 0x9f,
    0xe0, 0x45, 0x55, 0x55, 0x55, 0x55, 0x55, 0x55,
    0x55, 0xb, 0xfe, 0x0, 0x8, 0xdc, 0xd, 0xff,
    0xff, 0xff, 0xff, 0xff, 0xff, 0xff, 0xf0, 0xad,
    0xc0, 0x0, 0x0, 0x0, 0xce, 0xee, 0xee, 0xff,
    0xfe, 0xee, 0xee, 0xee, 0x0, 0x0, 0x0, 0x0,
    0x0, 0x0, 0x0, 0x6, 0xef, 0xf8, 0x0, 0x0,
    0x0, 0x10, 0x0, 0x0, 0x0, 0x0, 0x0, 0x1,
    0x7e, 0xff, 0xfc, 0x0, 0x0, 0x0, 0x3e, 0xd2,
    0x0, 0x0, 0x0, 0x3, 0x8c, 0xff, 0xfd, 0x8f,
    0xf9, 0x0, 0x0, 0x5f, 0xff, 0xa0, 0x0, 0x0,
    0x5e, 0xff, 0xff, 0xb4, 0x0, 0x9f, 0xf5, 0x0,
    0x9f, 0xff, 0x60, 0x0, 0x0, 0x0, 0xdf, 0xc7,
    0x20, 0x2, 0xaf, 0xff, 0xd3, 0xdf, 0xfd, 0x20,
    0x0, 0x0, 0x0, 0x2, 0x20, 0x0, 0x3a, 0xff,
    0xe9, 0xff, 0xff, 0xff, 0x40, 0x0, 0x0, 0x0,
    0x0, 0x0, 0x16, 0xcf, 0xff, 0x81, 0xd, 0xff,
    0xbe, 0xfb, 0x0, 0x0, 0x0, 0x0, 0x27, 0xbf,
    0xff, 0xf8, 0x10, 0x9, 0xff, 0xf0, 0x7f, 0xf3,
    0x0, 0x0, 0x0, 0x7, 0xff, 0xfc, 0x60, 0x0,
    0x3d, 0xff, 0xff, 0x20, 0xef, 0xd0, 0x0, 0x0,
    0x0, 0xa, 0x82, 0x0, 0x3, 0xbf, 0xfe, 0x9f,
    0xf4, 0x6, 0xff, 0xa0, 0x0, 0x0, 0x0, 0x0,
    0x0, 0x4b, 0xff, 0xf9, 0x16, 0xff, 0x30, 0xb,
    0xff, 0x90, 0x0, 0x0, 0x0, 0x27, 0xef, 0xff,
    0xb3, 0x0, 0x7f, 0xf3, 0x0, 0x1d, 0xff, 0xb1,
    0x0, 0x9, 0xef, 0xff, 0xfb, 0x30, 0x0, 0xd,
    0xff, 0x0, 0x0, 0x1d, 0xff, 0xf8, 0x0, 0xaf,
    0xfe, 0x92, 0x2, 0x65, 0x6c, 0xff, 0x90, 0x0,
    0x0, 0x1b, 0xff, 0x60, 0x1, 0x94, 0x0, 0x0,
    0xf, 0xff, 0xff, 0xd1, 0x0, 0x0, 0x0, 0x5,
    0x80, 0x0, 0x0, 0x0, 0x0, 0x0, 0xbf, 0xfe,
    0x91, 0x0, 0x0, 0x0, 0x0, 0x0, 0x0, 0x0,
    0x0, 0x0, 0x0, 0x0, 0x0, 0x0, 0x0, 0x0,
    0x0, 0x0, 0x0, 0x0, 0x0,

    /* U+5C06 "将" */
    0x0, 0x0, 0xa, 0xa6, 0x0, 0x0, 0x0, 0x0,
    0x74, 0x0, 0x0, 0x0, 0x0, 0x0, 0x0, 0xe,
    0xf9, 0x0, 0x0, 0x0, 0x9, 0xff, 0xa0, 0x0,
    0x0, 0x0, 0x0, 0x0, 0xe, 0xf9, 0x0, 0x0,
    0x0, 0x8f, 0xff, 0x32, 0x22, 0x22, 0x0, 0x0,
    0x0, 0xe, 0xf9, 0x0, 0x0, 0xa, 0xff, 0xff,
    0xff, 0xff, 0xff, 0xc1, 0x4, 0x10, 0xe, 0xf9,
    0x0, 0x3, 0xdf, 0xff, 0xff, 0xff, 0xff, 0xff,
    0xd0, 0x8f, 0xd1, 0xe, 0xf9, 0x1, 0x9f, 0xff,
    0x90, 0x0, 0x0, 0x1c, 0xff, 0x30, 0x4f, 0xfd,
    0xe, 0xf9, 0xc, 0xff, 0xd5, 0x96, 0x0, 0x1,
    0xcf, 0xf7, 0x0, 0x5, 0xff, 0xbe, 0xf9, 0x0,
    0xa5, 0x9, 0xff, 0x70, 0x4e, 0xff, 0x90, 0x0,
    0x0, 0x8f, 0xff, 0xf9, 0x0, 0x0, 0x0, 0x9f,
    0xfb, 0xff, 0xf6, 0x0, 0x0, 0x0, 0xc, 0x7e,
    0xf9, 0x0, 0x0, 0x0, 0x2e, 0xff, 0xfe, 0x30,
    0x0, 0x0, 0x0, 0x0, 0xe, 0xf9, 0x0, 0x1,
    0x6c, 0xff, 0xff, 0x92, 0x44, 0x20, 0x0, 0x0,
    0x0, 0xe, 0xf9, 0x7, 0xdf, 0xff, 0xff, 0x81,
    0x2, 0xff, 0x60, 0x0, 0x0, 0x0, 0xe, 0xf9,
    0x4, 0xff, 0xfb, 0x71, 0x0, 0x2, 0xff, 0x60,
    0x0, 0x0, 0x0, 0xf, 0xf9, 0x0, 0x75, 0x0,
    0x0, 0x0, 0x2, 0xff, 0x60, 0x0, 0x0, 0x1,
    0xbf, 0xf9, 0x1f, 0xff, 0xff, 0xff, 0xff, 0xff,
    0xff, 0xff, 0xfa, 0x0, 0x2d, 0xff, 0xf9, 0x1f,
    0xff, 0xff, 0xff, 0xff, 0xff, 0xff, 0xff, 0xfa,
    0x4, 0xef, 0xff, 0xf9, 0x6, 0x66, 0x76, 0x66,
    0x66, 0x68, 0xff, 0xa6, 0x64, 0x7f, 0xff, 0x5e,
    0xf9, 0x0, 0x7, 0xe5, 0x0, 0x0, 0x2, 0xff,
    0x60, 0x0, 0xaf, 0xe3, 0xe, 0xf9, 0x0, 0xc,
    0xff, 0x40, 0x0, 0x2, 0xff, 0x60, 0x0, 0x1c,
    0x20, 0xe, 0xf9, 0x0, 0x1, 0xef, 0xf2, 0x0,
    0x2, 0xff, 0x60, 0x0, 0x0, 0x0, 0xe, 0xf9,
    0x0, 0x0, 0x3f, 0xfc, 0x0, 0x2, 0xff, 0x60,
    0x0, 0x0, 0x0, 0xe, 0xf9, 0x0, 0x0, 0x8,
    0xff, 0x30, 0x2, 0xff, 0x60, 0x0, 0x0, 0x0,
    0xe, 0xf9, 0x0, 0x0, 0x1, 0x91, 0x0, 0x2,
    0xff, 0x60, 0x0, 0x0, 0x0, 0xe, 0xf9, 0x0,
    0x0, 0x0, 0x1, 0x76, 0x68, 0xff, 0x60, 0x0,
    0x0, 0x0, 0xe, 0xf9, 0x0, 0x0, 0x0, 0x0,
    0xef, 0xff, 0xff, 0x20, 0x0, 0x0, 0x0, 0xe,
    0xf9, 0x0, 0x0, 0x0, 0x0, 0xaf, 0xfe, 0xb4,
    0x0, 0x0,

    /* U+5C0F "小" */
    0x0, 0x0, 0x0, 0x0, 0x0, 0x0, 0x44, 0x30,
    0x0, 0x0, 0x0, 0x0, 0x0, 0x0, 0x0, 0x0,
    0x0, 0x0, 0x0, 0x1f, 0xfb, 0x0, 0x0, 0x0,
    0x0, 0x0, 0x0, 0x0, 0x0, 0x0, 0x0, 0x0,
    0x1, 0xff, 0xb0, 0x0, 0x0, 0x0, 0x0, 0x0,
    0x0, 0x0, 0x0, 0x0, 0x0, 0x0, 0x1f, 0xfb,
    0x0, 0x0, 0x0, 0x0, 0x0, 0x0, 0x0, 0x0,
    0x0, 0x0, 0x0, 0x1, 0xff, 0xb0, 0x0, 0x0,
    0x0, 0x0, 0x0, 0x0, 0x0, 0x0, 0x0, 0x0,
    0x0, 0x1f, 0xfb, 0x0, 0x0, 0x0, 0x0, 0x0,
    0x0, 0x0, 0x0, 0x0, 0x0, 0x0, 0x1, 0xff,
    0xb0, 0x0, 0x0, 0x0, 0x0, 0x0, 0x0, 0x0,
    0x6, 0xb8, 0x30, 0x0, 0x1f, 0xfb, 0x0, 0x1,
    0x7d, 0x70, 0x0, 0x0, 0x0, 0x0, 0xaf, 0xf6,
    0x0, 0x1, 0xff, 0xb0, 0x0, 0x1f, 0xfe, 0x10,
    0x0, 0x0, 0x0, 0xd, 0xff, 0x10, 0x0, 0x1f,
    0xfb, 0x0, 0x0, 0x8f, 0xf9, 0x0, 0x0, 0x0,
    0x2, 0xff, 0xd0, 0x0, 0x1, 0xff, 0xb0, 0x0,
    0x1, 0xff, 0xf1, 0x0, 0x0, 0x0, 0x7f, 0xf8,
    0x0, 0x0, 0x1f, 0xfb, 0x0, 0x0, 0x8, 0xff,
    0x90, 0x0, 0x0, 0xc, 0xff, 0x30, 0x0, 0x1,
    0xff, 0xb0, 0x0, 0x0, 0x1f, 0xff, 0x10, 0x0,
    0x1, 0xff, 0xe0, 0x0, 0x0, 0x1f, 0xfb, 0x0,
    0x0, 0x0, 0xaf, 0xf8, 0x0, 0x0, 0x8f, 0xf8,
    0x0, 0x0, 0x1, 0xff, 0xb0, 0x0, 0x0, 0x3,
    0xff, 0xe0, 0x0, 0xf, 0xff, 0x10, 0x0, 0x0,
    0x1f, 0xfb, 0x0, 0x0, 0x0, 0xd, 0xff, 0x40,
    0x8, 0xff, 0xa0, 0x0, 0x0, 0x1, 0xff, 0xb0,
    0x0, 0x0, 0x0, 0x7f, 0xfa, 0x2, 0xff, 0xf2,
    0x0, 0x0, 0x0, 0x1f, 0xfb, 0x0, 0x0, 0x0,
    0x1, 0xff, 0xf0, 0x8f, 0xf8, 0x0, 0x0, 0x0,
    0x1, 0xff, 0xb0, 0x0, 0x0, 0x0, 0xd, 0xff,
    0x40, 0x3b, 0x0, 0x0, 0x0, 0x0, 0x1f, 0xfb,
    0x0, 0x0, 0x0, 0x0, 0x9f, 0xa2, 0x0, 0x0,
    0x0, 0x0, 0x0, 0x1, 0xff, 0xb0, 0x0, 0x0,
    0x0, 0x2, 0x10, 0x0, 0x0, 0x0, 0x0, 0x0,
    0x0, 0x1f, 0xfb, 0x0, 0x0, 0x0, 0x0, 0x0,
    0x0, 0x0, 0x0, 0x0, 0x0, 0x0, 0x1, 0xff,
    0xb0, 0x0, 0x0, 0x0, 0x0, 0x0, 0x0, 0x0,
    0x0, 0x2, 0xba, 0xaa, 0xcf, 0xfa, 0x0, 0x0,
    0x0, 0x0, 0x0, 0x0, 0x0, 0x0, 0x0, 0xd,
    0xff, 0xff, 0xff, 0x40, 0x0, 0x0, 0x0, 0x0,
    0x0, 0x0, 0x0, 0x0, 0x0, 0x8f, 0xff, 0xdb,
    0x40, 0x0, 0x0, 0x0, 0x0, 0x0, 0x0, 0x0,
    0x0, 0x0, 0x0, 0x0, 0x0, 0x0, 0x0, 0x0,
    0x0, 0x0, 0x0, 0x0, 0x0,

    /* U+5C1A "尚" */
    0x0, 0x0, 0x0, 0x0, 0x4, 0x77, 0x0, 0x0,
    0x0, 0x0, 0x0, 0x3, 0x80, 0x0, 0x0, 0x9,
    0xff, 0x10, 0x0, 0x0, 0x2b, 0x60, 0x6f, 0xf8,
    0x0, 0x0, 0x9, 0xff, 0x10, 0x0, 0x0, 0xaf,
    0xf5, 0xc, 0xff, 0x40, 0x0, 0x9, 0xff, 0x10,
    0x0, 0x2, 0xff, 0xb0, 0x2, 0xff, 0xe0, 0x0,
    0x9, 0xff, 0x10, 0x0, 0xb, 0xff, 0x20, 0x0,
    0x7f, 0xf8, 0x0, 0x9, 0xff, 0x10, 0x0, 0x6f,
    0xf6, 0x0, 0x0, 0xd, 0xff, 0x10, 0x9, 0xff,
    0x10, 0x2, 0xff, 0xb0, 0x0, 0x0, 0x6, 0x92,
    0x0, 0x9, 0xff, 0x10, 0x0, 0x7c, 0x10, 0x0,
    0x47, 0x77, 0x77, 0x77, 0x7c, 0xff, 0x77, 0x77,
    0x77, 0x77, 0x74, 0x9f, 0xff, 0xff, 0xff, 0xff,
    0xff, 0xff, 0xff, 0xff, 0xff, 0xf9, 0x9f, 0xff,
    0xff, 0xff, 0xff, 0xff, 0xff, 0xff, 0xff, 0xff,
    0xf9, 0x9f, 0xf0, 0x0, 0x0, 0x0, 0x0, 0x0,
    0x0, 0x0, 0xe, 0xf9, 0x9f, 0xf0, 0x0, 0x0,
    0x0, 0x0, 0x0, 0x0, 0x0, 0xe, 0xf9, 0x9f,
    0xf0, 0x1, 0xdd, 0xdd, 0xdd, 0xdd, 0xdd, 0x10,
    0xe, 0xf9, 0x9f, 0xf0, 0x1, 0xff, 0xff, 0xff,
    0xff, 0xff, 0x10, 0xe, 0xf9, 0x9f, 0xf0, 0x1,
    0xff, 0x85, 0x55, 0x58, 0xff, 0x10, 0xe, 0xf9,
    0x9f, 0xf0, 0x1, 0xff, 0x40, 0x0, 0x4, 0xff,
    0x10, 0xe, 0xf9, 0x9f, 0xf0, 0x1, 0xff, 0x40,
    0x0, 0x4, 0xff, 0x10, 0xe, 0xf9, 0x9f, 0xf0,
    0x1, 0xff, 0x40, 0x0, 0x4, 0xff, 0x10, 0xe,
    0xf9, 0x9f, 0xf0, 0x1, 0xff, 0xfe, 0xee, 0xef,
    0xff, 0x10, 0xe, 0xf9, 0x9f, 0xf0, 0x1, 0xff,
    0xff, 0xff, 0xff, 0xff, 0x10, 0xe, 0xf9, 0x9f,
    0xf0, 0x1, 0xff, 0x74, 0x44, 0x44, 0x44, 0x0,
    0xe, 0xf9, 0x9f, 0xf0, 0x1, 0xff, 0x40, 0x0,
    0x0, 0x0, 0x0, 0xe, 0xf9, 0x9f, 0xf0, 0x0,
    0x0, 0x0, 0x0, 0x0, 0x7, 0x88, 0x9f, 0xf8,
    0x9f, 0xf0, 0x0, 0x0, 0x0, 0x0, 0x0, 0x7,
    0xff, 0xff, 0xf4, 0x9f, 0xf0, 0x0, 0x0, 0x0,
    0x0, 0x0, 0x3, 0xee, 0xda, 0x50,

    /* U+5C3D "尽" */
    0x0, 0x0, 0x4, 0x44, 0x44, 0x44, 0x44, 0x44,
    0x44, 0x44, 0x44, 0x44, 0x0, 0x0, 0x0, 0x0,
    0xf, 0xff, 0xff, 0xff, 0xff, 0xff, 0xff, 0xff,
    0xff, 0xff, 0x10, 0x0, 0x0, 0x0, 0xf, 0xff,
    0xff, 0xff, 0xff, 0xff, 0xff, 0xff, 0xff, 0xff,
    0x10, 0x0, 0x0, 0x0, 0xf, 0xfc, 0x22, 0x22,
    0x22, 0x22, 0x22, 0x22, 0x2a, 0xff, 0x10, 0x0,
    0x0, 0x0, 0xf, 0xfb, 0x0, 0x0, 0x0, 0x0,
    0x0, 0x0, 0x9, 0xff, 0x10, 0x0, 0x0, 0x0,
    0xf, 0xfb, 0x0, 0x0, 0x0, 0x0, 0x0, 0x0,
    0x9, 0xff, 0x10, 0x0, 0x0, 0x0, 0xf, 0xfb,
    0x0, 0x0, 0x0, 0x0, 0x0, 0x0, 0x9, 0xff,
    0x10, 0x0, 0x0, 0x0, 0xf, 0xff, 0xff, 0xff,
    0xff, 0xff, 0xff, 0xff, 0xff, 0xff, 0x10, 0x0,
    0x0, 0x0, 0x1f, 0xff, 0xff, 0xff, 0xff, 0xff,
    0xff, 0xff, 0xff, 0xff, 0x10, 0x0, 0x0, 0x0,
    0x3f, 0xfb, 0x66, 0x66, 0x66, 0x66, 0x6b, 0xff,
    0x86, 0x66, 0x0, 0x0, 0x0, 0x0, 0x5f, 0xf6,
    0x0, 0x0, 0x0, 0x0, 0x2, 0xff, 0x80, 0x0,
    0x0, 0x0, 0x0, 0x0, 0x8f, 0xf3, 0x0, 0x0,
    0x0, 0x0, 0x0, 0xcf, 0xe0, 0x0, 0x0, 0x0,
    0x0, 0x0, 0xbf, 0xf1, 0x0, 0x96, 0x10, 0x0,
    0x0, 0x5f, 0xf8, 0x0, 0x0, 0x0, 0x0, 0x1,
    0xff, 0xc0, 0x6, 0xff, 0xfc, 0x71, 0x0, 0xd,
    0xff, 0x30, 0x0, 0x0, 0x0, 0x7, 0xff, 0x70,
    0x5, 0xbf, 0xff, 0xff, 0xb4, 0x3, 0xff, 0xd0,
    0x0, 0x0, 0x0, 0xd, 0xff, 0x20, 0x0, 0x1,
    0x6b, 0xff, 0xff, 0x30, 0xaf, 0xfb, 0x0, 0x0,
    0x0, 0x5f, 0xfb, 0x0, 0x0, 0x0, 0x0, 0x29,
    0xfa, 0x0, 0x1d, 0xff, 0xb0, 0x0, 0x2, 0xef,
    0xf3, 0x0, 0x0, 0x0, 0x0, 0x0, 0x11, 0x0,
    0x2, 0xef, 0xfd, 0x30, 0xc, 0xff, 0xa0, 0x0,
    0x0, 0x0, 0x0, 0x0, 0x0, 0x0, 0x0, 0x3e,
    0xff, 0xb0, 0x2, 0xed, 0x0, 0x6, 0xea, 0x63,
    0x0, 0x0, 0x0, 0x0, 0x0, 0x1, 0xcd, 0x0,
    0x0, 0x32, 0x0, 0x1e, 0xff, 0xff, 0xea, 0x50,
    0x0, 0x0, 0x0, 0x0, 0x1, 0x0, 0x0, 0x0,
    0x0, 0x3, 0x7c, 0xff, 0xff, 0xff, 0xb5, 0x0,
    0x0, 0x0, 0x0, 0x0, 0x0, 0x0, 0x0, 0x0,
    0x0, 0x5, 0xae, 0xff, 0xff, 0xf9, 0x30, 0x0,
    0x0, 0x0, 0x0, 0x0, 0x0, 0x0, 0x0, 0x0,
    0x0, 0x4a, 0xff, 0xff, 0xa0, 0x0, 0x0, 0x0,
    0x0, 0x0, 0x0, 0x0, 0x0, 0x0, 0x0, 0x0,
    0x17, 0xdf, 0x10, 0x0, 0x0, 0x0, 0x0, 0x0,
    0x0, 0x0, 0x0, 0x0, 0x0, 0x0, 0x0, 0x2,
    0x0, 0x0, 0x0, 0x0,

    /* U+5DF2 "已" */
    0x4f, 0xff, 0xff, 0xff, 0xff, 0xff, 0xff, 0xff,
    0xff, 0xff, 0xf1, 0x0, 0x4, 0xff, 0xff, 0xff,
    0xff, 0xff, 0xff, 0xff, 0xff, 0xff, 0xff, 0x10,
    0x0, 0x29, 0x99, 0x99, 0x99, 0x99, 0x99, 0x99,
    0x99, 0x99, 0xdf, 0xf1, 0x0, 0x0, 0x0, 0x0,
    0x0, 0x0, 0x0, 0x0, 0x0, 0x0, 0x9, 0xff,
    0x10, 0x0, 0x0, 0x0, 0x0, 0x0, 0x0, 0x0,
    0x0, 0x0, 0x0, 0x9f, 0xf1, 0x0, 0x0, 0xa,
    0xa7, 0x0, 0x0, 0x0, 0x0, 0x0, 0x0, 0x9,
    0xff, 0x10, 0x0, 0x0, 0xff, 0xa0, 0x0, 0x0,
    0x0, 0x0, 0x0, 0x0, 0x9f, 0xf1, 0x0, 0x0,
    0xf, 0xfa, 0x0, 0x0, 0x0, 0x0, 0x0, 0x0,
    0x9, 0xff, 0x10, 0x0, 0x0, 0xff, 0xa0, 0x0,
    0x0, 0x0, 0x0, 0x0, 0x0, 0x9f, 0xf1, 0x0,
    0x0, 0xf, 0xfd, 0x88, 0x88, 0x88, 0x88, 0x88,
    0x88, 0x8d, 0xff, 0x10, 0x0, 0x0, 0xff, 0xff,
    0xff, 0xff, 0xff, 0xff, 0xff, 0xff, 0xff, 0xf1,
    0x0, 0x0, 0xf, 0xff, 0xff, 0xff, 0xff, 0xff,
    0xff, 0xff, 0xff, 0xff, 0x10, 0x0, 0x0, 0xff,
    0xa0, 0x0, 0x0, 0x0, 0x0, 0x0, 0x0, 0x9f,
    0xf1, 0x0, 0x0, 0xf, 0xfa, 0x0, 0x0, 0x0,
    0x0, 0x0, 0x0, 0x1, 0x33, 0x0, 0x0, 0x0,
    0xff, 0xa0, 0x0, 0x0, 0x0, 0x0, 0x0, 0x0,
    0x0, 0x0, 0x0, 0x0, 0xf, 0xfa, 0x0, 0x0,
    0x0, 0x0, 0x0, 0x0, 0x0, 0x0, 0x2, 0x0,
    0x0, 0xff, 0xa0, 0x0, 0x0, 0x0, 0x0, 0x0,
    0x0, 0x0, 0x1, 0xfa, 0x40, 0xf, 0xfa, 0x0,
    0x0, 0x0, 0x0, 0x0, 0x0, 0x0, 0x0, 0x3f,
    0xf8, 0x0, 0xff, 0xb0, 0x0, 0x0, 0x0, 0x0,
    0x0, 0x0, 0x0, 0x6, 0xff, 0x60, 0xf, 0xfc,
    0x0, 0x0, 0x0, 0x0, 0x0, 0x0, 0x0, 0x0,
    0xbf, 0xf3, 0x0, 0xdf, 0xf7, 0x21, 0x0, 0x0,
    0x0, 0x0, 0x0, 0x13, 0x9f, 0xfe, 0x0, 0x6,
    0xff, 0xff, 0xff, 0xff, 0xff, 0xff, 0xff, 0xff,
    0xff, 0xff, 0x70, 0x0, 0x9, 0xff, 0xff, 0xff,
    0xff, 0xff, 0xff, 0xff, 0xff, 0xfe, 0x60, 0x0,
    0x0, 0x1, 0x57, 0x78, 0x88, 0x88, 0x88, 0x88,
    0x88, 0x75, 0x10, 0x0,

    /* U+5E2E "帮" */
    0x0, 0x0, 0x0, 0x47, 0x70, 0x0, 0x0, 0x0,
    0x0, 0x0, 0x0, 0x0, 0x0, 0x0, 0x0, 0x0,
    0x9f, 0xf0, 0x0, 0x0, 0x3, 0x33, 0x33, 0x33,
    0x32, 0x0, 0x3, 0x33, 0x33, 0xbf, 0xf3, 0x33,
    0x33, 0xe, 0xff, 0xff, 0xff, 0xff, 0x90, 0x2f,
    0xff, 0xff, 0xff, 0xff, 0xff, 0xff, 0xe, 0xff,
    0xff, 0xff, 0xff, 0xa0, 0x2d, 0xdd, 0xdd, 0xff,
    0xfe, 0xdd, 0xdd, 0xe, 0xf9, 0x11, 0x2e, 0xfc,
    0x0, 0x0, 0x0, 0x0, 0x9f, 0xf0, 0x0, 0x0,
    0xe, 0xf8, 0x0, 0x9f, 0xe1, 0x0, 0x8, 0xee,
    0xee, 0xff, 0xfe, 0xee, 0xe4, 0xe, 0xf8, 0x5,
    0xff, 0x40, 0x0, 0x9, 0xff, 0xff, 0xff, 0xff,
    0xff, 0xf4, 0xe, 0xf8, 0x5, 0xef, 0xb1, 0x0,
    0x0, 0x11, 0x11, 0xaf, 0xf2, 0x11, 0x10, 0xe,
    0xf8, 0x0, 0x1d, 0xfd, 0x0, 0x0, 0x0, 0x0,
    0xaf, 0xf0, 0x0, 0x0, 0xe, 0xf8, 0x0, 0x2,
    0xff, 0x90, 0x9f, 0xff, 0xff, 0xff, 0xff, 0xff,
    0xff, 0xe, 0xf8, 0x0, 0x0, 0xbf, 0xe0, 0x9f,
    0xff, 0xff, 0xff, 0xff, 0xff, 0xff, 0xe, 0xf8,
    0x0, 0x1, 0xdf, 0xd0, 0x12, 0x22, 0x3e, 0xff,
    0x42, 0x22, 0x22, 0xe, 0xf9, 0xce, 0xef, 0xff,
    0x80, 0x0, 0x3, 0xdf, 0xf9, 0x0, 0x0, 0x0,
    0xe, 0xf8, 0x6f, 0xff, 0xf9, 0x0, 0x3, 0xaf,
    0xff, 0xb0, 0x0, 0x5, 0xcc, 0x2e, 0xf8, 0x2,
    0x22, 0x0, 0x0, 0xa, 0xff, 0xf8, 0x0, 0x0,
    0x7, 0xff, 0x36, 0x63, 0x0, 0x0, 0x0, 0x0,
    0x0, 0xcf, 0x85, 0x55, 0x55, 0x5a, 0xff, 0x85,
    0x55, 0x55, 0x55, 0x50, 0x0, 0x0, 0xe, 0xff,
    0xff, 0xff, 0xff, 0xff, 0xff, 0xff, 0xff, 0xff,
    0xf1, 0x0, 0x0, 0xe, 0xff, 0xff, 0xff, 0xff,
    0xff, 0xff, 0xff, 0xff, 0xff, 0xf1, 0x0, 0x0,
    0xe, 0xfb, 0x0, 0x0, 0x7, 0xff, 0x30, 0x0,
    0x0, 0x8f, 0xf1, 0x0, 0x0, 0xe, 0xfb, 0x0,
    0x0, 0x7, 0xff, 0x30, 0x0, 0x0, 0x8f, 0xf1,
    0x0, 0x0, 0xe, 0xfb, 0x0, 0x0, 0x7, 0xff,
    0x30, 0x0, 0x0, 0x8f, 0xf1, 0x0, 0x0, 0xe,
    0xfb, 0x0, 0x0, 0x7, 0xff, 0x30, 0x24, 0x44,
    0xbf, 0xf0, 0x0, 0x0, 0xe, 0xfb, 0x0, 0x0,
    0x7, 0xff, 0x30, 0x6f, 0xff, 0xff, 0xc0, 0x0,
    0x0, 0xd, 0xeb, 0x0, 0x0, 0x7, 0xff, 0x30,
    0xe, 0xee, 0xc9, 0x10, 0x0, 0x0, 0x0, 0x0,
    0x0, 0x0, 0x7, 0xff, 0x30, 0x0, 0x0, 0x0,
    0x0, 0x0,

    /* U+5E38 "常" */
    0x0, 0x0, 0x0, 0x0, 0x0, 0x6, 0x63, 0x0,
    0x0, 0x0, 0x0, 0x0, 0x0, 0x18, 0xea, 0x0,
    0x0, 0x1f, 0xf9, 0x0, 0x0, 0x5f, 0xb5, 0x0,
    0x0, 0xc, 0xff, 0x70, 0x0, 0x1f, 0xf9, 0x0,
    0x0, 0xef, 0xf4, 0x0, 0x0, 0x1, 0xff, 0xf2,
    0x0, 0x1f, 0xf9, 0x0, 0xa, 0xff, 0x60, 0x0,
    0x24, 0x44, 0xaf, 0xa4, 0x44, 0x5f, 0xfb, 0x44,
    0x49, 0xeb, 0x44, 0x44, 0x9f, 0xff, 0xff, 0xff,
    0xff, 0xff, 0xff, 0xff, 0xff, 0xff, 0xff, 0xfe,
    0x9f, 0xff, 0xff, 0xff, 0xff, 0xff, 0xff, 0xff,
    0xff, 0xff, 0xff, 0xfe, 0x9f, 0xe0, 0x0, 0x0,
    0x0, 0x0, 0x0, 0x0, 0x0, 0x0, 0xa, 0xfe,
    0x9f, 0xe0, 0xa, 0xaa, 0xaa, 0xaa, 0xaa, 0xaa,
    0xaa, 0xa6, 0xa, 0xfe, 0x9f, 0xe0, 0x1f, 0xff,
    0xff, 0xff, 0xff, 0xff, 0xff, 0xf9, 0xa, 0xfe,
    0x8e, 0xd0, 0x1f, 0xf8, 0x33, 0x33, 0x33, 0x33,
    0x4f, 0xf9, 0x9, 0xed, 0x0, 0x0, 0x1f, 0xf6,
    0x0, 0x0, 0x0, 0x0, 0x1f, 0xf9, 0x0, 0x0,
    0x0, 0x0, 0x1f, 0xf7, 0x0, 0x0, 0x0, 0x0,
    0x1f, 0xf9, 0x0, 0x0, 0x0, 0x0, 0x1f, 0xff,
    0xff, 0xff, 0xff, 0xff, 0xff, 0xf9, 0x0, 0x0,
    0x0, 0x0, 0x1d, 0xdd, 0xdd, 0xdf, 0xff, 0xdd,
    0xdd, 0xd8, 0x0, 0x0, 0x0, 0x0, 0x0, 0x0,
    0x0, 0xd, 0xfd, 0x0, 0x0, 0x0, 0x0, 0x0,
    0x0, 0x34, 0x44, 0x44, 0x44, 0x4e, 0xfe, 0x44,
    0x44, 0x44, 0x44, 0x10, 0x0, 0xcf, 0xff, 0xff,
    0xff, 0xff, 0xff, 0xff, 0xff, 0xff, 0xff, 0x50,
    0x0, 0xcf, 0xff, 0xff, 0xff, 0xff, 0xff, 0xff,
    0xff, 0xff, 0xff, 0x50, 0x0, 0xcf, 0xf0, 0x0,
    0x0, 0xd, 0xfd, 0x0, 0x0, 0x5, 0xff, 0x50,
    0x0, 0xcf, 0xf0, 0x0, 0x0, 0xd, 0xfd, 0x0,
    0x0, 0x5, 0xff, 0x50, 0x0, 0xcf, 0xf0, 0x0,
    0x0, 0xd, 0xfd, 0x0, 0x0, 0x5, 0xff, 0x50,
    0x0, 0xcf, 0xf0, 0x0, 0x0, 0xd, 0xfd, 0x0,
    0x22, 0x27, 0xff, 0x40, 0x0, 0xcf, 0xf0, 0x0,
    0x0, 0xd, 0xfd, 0x0, 0xff, 0xff, 0xff, 0x20,
    0x0, 0xbf, 0xf0, 0x0, 0x0, 0xd, 0xfd, 0x0,
    0xaf, 0xff, 0xe6, 0x0, 0x0, 0x0, 0x0, 0x0,
    0x0, 0xd, 0xfd, 0x0, 0x12, 0x21, 0x0, 0x0,

    /* U+5E73 "平" */
    0x0, 0x79, 0x99, 0x99, 0x99, 0x99, 0x99, 0x99,
    0x99, 0x99, 0x99, 0x99, 0x10, 0x0, 0xcf, 0xff,
    0xff, 0xff, 0xff, 0xff, 0xff, 0xff, 0xff, 0xff,
    0xff, 0x20, 0x0, 0xbf, 0xff, 0xff, 0xff, 0xff,
    0xff, 0xff, 0xff, 0xff, 0xff, 0xff, 0x20, 0x0,
    0x0, 0x0, 0x0, 0x0, 0x2, 0xff, 0x80, 0x0,
    0x0, 0x0, 0x0, 0x0, 0x0, 0x0, 0x5a, 0x80,
    0x0, 0x2, 0xff, 0x80, 0x0, 0x3, 0xd9, 0x40,
    0x0, 0x0, 0x0, 0xaf, 0xf1, 0x0, 0x2, 0xff,
    0x80, 0x0, 0x9, 0xff, 0x50, 0x0, 0x0, 0x0,
    0x3f, 0xf8, 0x0, 0x2, 0xff, 0x80, 0x0, 0xf,
    0xfd, 0x0, 0x0, 0x0, 0x0, 0xc, 0xff, 0x0,
    0x2, 0xff, 0x80, 0x0, 0x6f, 0xf6, 0x0, 0x0,
    0x0, 0x0, 0x6, 0xff, 0x50, 0x2, 0xff, 0x80,
    0x0, 0xdf, 0xd0, 0x0, 0x0, 0x0, 0x0, 0x1,
    0xff, 0xa0, 0x2, 0xff, 0x80, 0x6, 0xff, 0x50,
    0x0, 0x0, 0x0, 0x0, 0x0, 0xa8, 0x30, 0x2,
    0xff, 0x80, 0x3, 0x9a, 0x0, 0x0, 0x0, 0x0,
    0x0, 0x0, 0x0, 0x0, 0x2, 0xff, 0x80, 0x0,
    0x0, 0x0, 0x0, 0x0, 0x3f, 0xff, 0xff, 0xff,
    0xff, 0xff, 0xff, 0xff, 0xff, 0xff, 0xff, 0xff,
    0xfb, 0x3f, 0xff, 0xff, 0xff, 0xff, 0xff, 0xff,
    0xff, 0xff, 0xff, 0xff, 0xff, 0xfc, 0x2a, 0xaa,
    0xaa, 0xaa, 0xaa, 0xab, 0xff, 0xda, 0xaa, 0xaa,
    0xaa, 0xaa, 0xa8, 0x0, 0x0, 0x0, 0x0, 0x0,
    0x2, 0xff, 0x80, 0x0, 0x0, 0x0, 0x0, 0x0,
    0x0, 0x0, 0x0, 0x0, 0x0, 0x2, 0xff, 0x80,
    0x0, 0x0, 0x0, 0x0, 0x0, 0x0, 0x0, 0x0,
    0x0, 0x0, 0x2, 0xff, 0x80, 0x0, 0x0, 0x0,
    0x0, 0x0, 0x0, 0x0, 0x0, 0x0, 0x0, 0x2,
    0xff, 0x80, 0x0, 0x0, 0x0, 0x0, 0x0, 0x0,
    0x0, 0x0, 0x0, 0x0, 0x2, 0xff, 0x80, 0x0,
    0x0, 0x0, 0x0, 0x0, 0x0, 0x0, 0x0, 0x0,
    0x0, 0x2, 0xff, 0x80, 0x0, 0x0, 0x0, 0x0,
    0x0, 0x0, 0x0, 0x0, 0x0, 0x0, 0x2, 0xff,
    0x80, 0x0, 0x0, 0x0, 0x0, 0x0, 0x0, 0x0,
    0x0, 0x0, 0x0, 0x2, 0xff, 0x80, 0x0, 0x0,
    0x0, 0x0, 0x0, 0x0, 0x0, 0x0, 0x0, 0x0,
    0x2, 0xff, 0x80, 0x0, 0x0, 0x0, 0x0, 0x0,

    /* U+5E76 "并" */
    0x0, 0x0, 0x0, 0x38, 0x0, 0x0, 0x0, 0x0,
    0x0, 0x67, 0x20, 0x0, 0x0, 0x0, 0x0, 0x7,
    0xff, 0x80, 0x0, 0x0, 0x0, 0x0, 0xef, 0xf4,
    0x0, 0x0, 0x0, 0x0, 0x0, 0xef, 0xf3, 0x0,
    0x0, 0x0, 0x5, 0xff, 0xd0, 0x0, 0x0, 0x0,
    0x0, 0x0, 0x5f, 0xfc, 0x0, 0x0, 0x0, 0xb,
    0xff, 0x50, 0x0, 0x0, 0x0, 0x0, 0x0, 0xc,
    0xff, 0x40, 0x0, 0x0, 0x3f, 0xfc, 0x0, 0x0,
    0x0, 0x0, 0x0, 0x0, 0x5, 0xe8, 0x20, 0x0,
    0x0, 0xaf, 0xf3, 0x0, 0x0, 0x0, 0x4, 0xff,
    0xff, 0xff, 0xff, 0xff, 0xff, 0xff, 0xff, 0xff,
    0xff, 0xff, 0xd0, 0x4, 0xff, 0xff, 0xff, 0xff,
    0xff, 0xff, 0xff, 0xff, 0xff, 0xff, 0xff, 0xe0,
    0x2, 0x88, 0x88, 0x8f, 0xfe, 0x88, 0x88, 0x88,
    0xaf, 0xfc, 0x88, 0x88, 0x70, 0x0, 0x0, 0x0,
    0xf, 0xfc, 0x0, 0x0, 0x0, 0x3f, 0xf8, 0x0,
    0x0, 0x0, 0x0, 0x0, 0x0, 0xf, 0xfc, 0x0,
    0x0, 0x0, 0x3f, 0xf8, 0x0, 0x0, 0x0, 0x0,
    0x0, 0x0, 0xf, 0xfc, 0x0, 0x0, 0x0, 0x3f,
    0xf8, 0x0, 0x0, 0x0, 0x0, 0x0, 0x0, 0xf,
    0xfc, 0x0, 0x0, 0x0, 0x3f, 0xf8, 0x0, 0x0,
    0x0, 0x0, 0x0, 0x0, 0xf, 0xfc, 0x0, 0x0,
    0x0, 0x3f, 0xf8, 0x0, 0x0, 0x0, 0x3f, 0xff,
    0xff, 0xff, 0xff, 0xff, 0xff, 0xff, 0xff, 0xff,
    0xff, 0xff, 0xfb, 0x3f, 0xff, 0xff, 0xff, 0xff,
    0xff, 0xff, 0xff, 0xff, 0xff, 0xff, 0xff, 0xfb,
    0x18, 0x88, 0x88, 0xaf, 0xfc, 0x88, 0x88, 0x88,
    0xaf, 0xfc, 0x88, 0x88, 0x86, 0x0, 0x0, 0x0,
    0x6f, 0xf6, 0x0, 0x0, 0x0, 0x3f, 0xf8, 0x0,
    0x0, 0x0, 0x0, 0x0, 0x0, 0xbf, 0xf2, 0x0,
    0x0, 0x0, 0x3f, 0xf8, 0x0, 0x0, 0x0, 0x0,
    0x0, 0x3, 0xff, 0xd0, 0x0, 0x0, 0x0, 0x3f,
    0xf8, 0x0, 0x0, 0x0, 0x0, 0x0, 0xc, 0xff,
    0x60, 0x0, 0x0, 0x0, 0x3f, 0xf8, 0x0, 0x0,
    0x0, 0x0, 0x0, 0xaf, 0xfe, 0x0, 0x0, 0x0,
    0x0, 0x3f, 0xf8, 0x0, 0x0, 0x0, 0x0, 0xa,
    0xff, 0xf3, 0x0, 0x0, 0x0, 0x0, 0x3f, 0xf8,
    0x0, 0x0, 0x0, 0x4, 0xef, 0xff, 0x50, 0x0,
    0x0, 0x0, 0x0, 0x3f, 0xf8, 0x0, 0x0, 0x0,
    0xb, 0xff, 0xf6, 0x0, 0x0, 0x0, 0x0, 0x0,
    0x3f, 0xf8, 0x0, 0x0, 0x0, 0x0, 0xcc, 0x20,
    0x0, 0x0, 0x0, 0x0, 0x0, 0x3f, 0xf8, 0x0,
    0x0, 0x0, 0x0, 0x0, 0x0, 0x0, 0x0, 0x0,
    0x0, 0x0, 0x0, 0x0, 0x0, 0x0, 0x0,

    /* U+5EAD "庭" */
    0x0, 0x0, 0x0, 0x0, 0x0, 0x0, 0x27, 0x80,
    0x0, 0x0, 0x0, 0x0, 0x0, 0x0, 0x0, 0x0,
    0x0, 0x0, 0x0, 0x7f, 0xf2, 0x0, 0x0, 0x0,
    0x0, 0x0, 0x0, 0x0, 0x0, 0x0, 0x0, 0x0,
    0x1f, 0xfa, 0x0, 0x0, 0x0, 0x0, 0x0, 0x0,
    0xdf, 0xff, 0xff, 0xff, 0xff, 0xff, 0xff, 0xff,
    0xff, 0xff, 0xff, 0xf4, 0x0, 0xdf, 0xff, 0xff,
    0xff, 0xff, 0xff, 0xff, 0xff, 0xff, 0xff, 0xff,
    0xf4, 0x0, 0xdf, 0xc5, 0x55, 0x55, 0x55, 0x55,
    0x55, 0x55, 0x55, 0x55, 0x55, 0x51, 0x0, 0xdf,
    0xa0, 0x0, 0x0, 0x1, 0x0, 0x0, 0x0, 0x0,
    0x3, 0x81, 0x0, 0x0, 0xdf, 0xa3, 0xff, 0xff,
    0xfe, 0x40, 0x2, 0x46, 0x9c, 0xff, 0xfb, 0x0,
    0x0, 0xdf, 0xa3, 0xff, 0xff, 0xff, 0x47, 0xff,
    0xff, 0xff, 0xff, 0xc7, 0x0, 0x0, 0xdf, 0xa0,
    0x22, 0x2c, 0xfb, 0x2, 0xfe, 0xdb, 0xff, 0x60,
    0x0, 0x0, 0x0, 0xdf, 0xa0, 0x0, 0x5f, 0xf2,
    0x0, 0x0, 0x1, 0xff, 0x40, 0x0, 0x0, 0x0,
    0xdf, 0xa0, 0x0, 0xdf, 0x70, 0x0, 0x0, 0x1,
    0xff, 0x40, 0x0, 0x0, 0x0, 0xdf, 0xa0, 0xa,
    0xfc, 0x0, 0x0, 0x22, 0x24, 0xff, 0x62, 0x22,
    0x10, 0x0, 0xef, 0xa0, 0x8f, 0xff, 0xff, 0x80,
    0xef, 0xff, 0xff, 0xff, 0xff, 0x60, 0x0, 0xef,
    0x90, 0xef, 0xff, 0xff, 0x80, 0xef, 0xff, 0xff,
    0xff, 0xff, 0x60, 0x0, 0xff, 0x80, 0x52, 0x0,
    0xdf, 0x40, 0x0, 0x2, 0xff, 0x50, 0x0, 0x0,
    0x0, 0xff, 0x70, 0x24, 0x1, 0xff, 0x10, 0x0,
    0x1, 0xff, 0x40, 0x0, 0x0, 0x1, 0xff, 0x53,
    0xfd, 0x6, 0xfd, 0x0, 0x0, 0x1, 0xff, 0x40,
    0x0, 0x0, 0x3, 0xff, 0x40, 0xdf, 0x4d, 0xf7,
    0x2, 0x22, 0x23, 0xff, 0x62, 0x22, 0x20, 0x6,
    0xff, 0x10, 0x8f, 0xef, 0xf1, 0xe, 0xff, 0xff,
    0xff, 0xff, 0xff, 0xf1, 0x9, 0xfe, 0x0, 0x1f,
    0xff, 0xa0, 0xe, 0xff, 0xff, 0xff, 0xff, 0xff,
    0xf1, 0xc, 0xfb, 0x0, 0xa, 0xff, 0x80, 0x0,
    0x0, 0x0, 0x0, 0x0, 0x0, 0x0, 0x1f, 0xf8,
    0x0, 0x5f, 0xff, 0xfa, 0x20, 0x0, 0x0, 0x0,
    0x0, 0x0, 0x0, 0x6f, 0xf4, 0x4, 0xff, 0xec,
    0xff, 0xfc, 0x96, 0x54, 0x44, 0x44, 0x44, 0x43,
    0xcf, 0xe0, 0x7f, 0xfe, 0x20, 0x8f, 0xff, 0xff,
    0xff, 0xff, 0xff, 0xff, 0xf6, 0x4d, 0x80, 0x3f,
    0xd2, 0x0, 0x0, 0x59, 0xce, 0xff, 0xff, 0xff,
    0xff, 0xf1, 0x0, 0x10, 0x3, 0x0, 0x0, 0x0,
    0x0, 0x0, 0x0, 0x0, 0x0, 0x0, 0x0,

    /* U+5EB7 "康" */
    0x0, 0x0, 0x0, 0x0, 0x0, 0x0, 0x3, 0x77,
    0x0, 0x0, 0x0, 0x0, 0x0, 0x0, 0x0, 0x0,
    0x0, 0x0, 0x0, 0x0, 0xcf, 0xf3, 0x0, 0x0,
    0x0, 0x0, 0x0, 0x0, 0x2, 0x22, 0x22, 0x22,
    0x22, 0x26, 0xff, 0xc2, 0x22, 0x22, 0x22, 0x22,
    0x0, 0x0, 0xcf, 0xff, 0xff, 0xff, 0xff, 0xff,
    0xff, 0xff, 0xff, 0xff, 0xff, 0xf5, 0x0, 0xc,
    0xff, 0xff, 0xff, 0xff, 0xff, 0xff, 0xff, 0xff,
    0xff, 0xff, 0xff, 0x50, 0x0, 0xcf, 0xb1, 0x11,
    0x11, 0x11, 0x1b, 0xff, 0x11, 0x11, 0x11, 0x11,
    0x10, 0x0, 0xc, 0xfa, 0x0, 0x0, 0x0, 0x0,
    0xaf, 0xe0, 0x0, 0x0, 0x0, 0x0, 0x0, 0x0,
    0xcf, 0xa0, 0x7f, 0xff, 0xff, 0xff, 0xff, 0xff,
    0xff, 0xff, 0xf0, 0x0, 0x0, 0xc, 0xfa, 0x6,
    0xdd, 0xdd, 0xdd, 0xff, 0xfd, 0xdd, 0xde, 0xff,
    0x0, 0x0, 0x0, 0xcf, 0xa0, 0x0, 0x0, 0x0,
    0xa, 0xfe, 0x0, 0x0, 0x6f, 0xf0, 0x0, 0x0,
    0xd, 0xfa, 0x8b, 0xbb, 0xbb, 0xbb, 0xef, 0xfb,
    0xbb, 0xbd, 0xff, 0xfe, 0x90, 0x0, 0xdf, 0xab,
    0xff, 0xff, 0xff, 0xff, 0xff, 0xff, 0xff, 0xff,
    0xff, 0xfa, 0x0, 0xd, 0xfa, 0x12, 0x22, 0x22,
    0x22, 0xbf, 0xf2, 0x22, 0x27, 0xff, 0x54, 0x30,
    0x0, 0xdf, 0x90, 0x0, 0x0, 0x0, 0xa, 0xfe,
    0x0, 0x0, 0x6f, 0xf0, 0x0, 0x0, 0xe, 0xf9,
    0x9, 0xcc, 0xcc, 0xcc, 0xef, 0xfc, 0xcc, 0xce,
    0xff, 0x0, 0x0, 0x0, 0xff, 0x70, 0xbf, 0xff,
    0xff, 0xff, 0xff, 0xff, 0xff, 0xff, 0xf0, 0x0,
    0x0, 0x1f, 0xf6, 0x5, 0xb2, 0x0, 0x0, 0xbf,
    0xf1, 0x0, 0x0, 0x39, 0x0, 0x0, 0x2, 0xff,
    0x40, 0xdf, 0xf8, 0x0, 0xa, 0xff, 0xc0, 0x0,
    0x6f, 0xfc, 0x0, 0x0, 0x5f, 0xf2, 0x0, 0x9f,
    0xfd, 0x0, 0xbf, 0xff, 0xa2, 0xcf, 0xfc, 0x30,
    0x0, 0x8, 0xff, 0x0, 0x0, 0x4e, 0x86, 0xdf,
    0xff, 0xff, 0xff, 0xe5, 0x0, 0x0, 0x0, 0xcf,
    0xc0, 0x0, 0x4, 0xbf, 0xff, 0xff, 0xe4, 0xff,
    0xf5, 0x0, 0x0, 0x0, 0xf, 0xf8, 0x2, 0x8e,
    0xff, 0xfa, 0x3a, 0xfe, 0x3, 0xef, 0xfc, 0x40,
    0x0, 0x6, 0xff, 0x46, 0xff, 0xfe, 0x81, 0x0,
    0xaf, 0xe0, 0x1, 0xbf, 0xff, 0xfa, 0x40, 0xdf,
    0xe0, 0x1f, 0xd6, 0x2, 0x21, 0x2c, 0xfe, 0x0,
    0x0, 0x3b, 0xff, 0xf2, 0x1e, 0xf7, 0x0, 0x10,
    0x0, 0xdf, 0xff, 0xff, 0xb0, 0x0, 0x0, 0x2,
    0x75, 0x0, 0x9, 0x10, 0x0, 0x0, 0x7, 0xff,
    0xfc, 0x91, 0x0, 0x0, 0x0, 0x0, 0x0,

    /* U+5F00 "开" */
    0x4, 0xff, 0xff, 0xff, 0xff, 0xff, 0xff, 0xff,
    0xff, 0xff, 0xff, 0xff, 0xd0, 0x4, 0xff, 0xff,
    0xff, 0xff, 0xff, 0xff, 0xff, 0xff, 0xff, 0xff,
    0xff, 0xe0, 0x2, 0x77, 0x77, 0x7e, 0xff, 0x77,
    0x77, 0x77, 0x7f, 0xfe, 0x77, 0x77, 0x70, 0x0,
    0x0, 0x0, 0xc, 0xfe, 0x0, 0x0, 0x0, 0xe,
    0xfc, 0x0, 0x0, 0x0, 0x0, 0x0, 0x0, 0xc,
    0xfe, 0x0, 0x0, 0x0, 0xe, 0xfc, 0x0, 0x0,
    0x0, 0x0, 0x0, 0x0, 0xc, 0xfe, 0x0, 0x0,
    0x0, 0xe, 0xfc, 0x0, 0x0, 0x0, 0x0, 0x0,
    0x0, 0xc, 0xfe, 0x0, 0x0, 0x0, 0xe, 0xfc,
    0x0, 0x0, 0x0, 0x0, 0x0, 0x0, 0xc, 0xfe,
    0x0, 0x0, 0x0, 0xe, 0xfc, 0x0, 0x0, 0x0,
    0x0, 0x0, 0x0, 0xc, 0xfe, 0x0, 0x0, 0x0,
    0xe, 0xfc, 0x0, 0x0, 0x0, 0x0, 0x0, 0x0,
    0xc, 0xfe, 0x0, 0x0, 0x0, 0xe, 0xfc, 0x0,
    0x0, 0x0, 0x3f, 0xff, 0xff, 0xff, 0xff, 0xff,
    0xff, 0xff, 0xff, 0xff, 0xff, 0xff, 0xfb, 0x3f,
    0xff, 0xff, 0xff, 0xff, 0xff, 0xff, 0xff, 0xff,
    0xff, 0xff, 0xff, 0xfc, 0x18, 0x88, 0x88, 0x8f,
    0xfd, 0x88, 0x88, 0x88, 0x8f, 0xfe, 0x88, 0x88,
    0x86, 0x0, 0x0, 0x0, 0x2f, 0xf8, 0x0, 0x0,
    0x0, 0xe, 0xfc, 0x0, 0x0, 0x0, 0x0, 0x0,
    0x0, 0x6f, 0xf5, 0x0, 0x0, 0x0, 0xe, 0xfc,
    0x0, 0x0, 0x0, 0x0, 0x0, 0x0, 0xbf, 0xf3,
    0x0, 0x0, 0x0, 0xe, 0xfc, 0x0, 0x0, 0x0,
    0x0, 0x0, 0x2, 0xff, 0xd0, 0x0, 0x0, 0x0,
    0xe, 0xfc, 0x0, 0x0, 0x0, 0x0, 0x0, 0x9,
    0xff, 0x70, 0x0, 0x0, 0x0, 0xe, 0xfc, 0x0,
    0x0, 0x0, 0x0, 0x0, 0x4f, 0xff, 0x10, 0x0,
    0x0, 0x0, 0xe, 0xfc, 0x0, 0x0, 0x0, 0x0,
    0x2, 0xef, 0xf7, 0x0, 0x0, 0x0, 0x0, 0xe,
    0xfc, 0x0, 0x0, 0x0, 0x0, 0x2d, 0xff, 0xb0,
    0x0, 0x0, 0x0, 0x0, 0xe, 0xfc, 0x0, 0x0,
    0x0, 0x5, 0xef, 0xfe, 0x10, 0x0, 0x0, 0x0,
    0x0, 0xe, 0xfc, 0x0, 0x0, 0x0, 0xc, 0xff,
    0xd1, 0x0, 0x0, 0x0, 0x0, 0x0, 0xe, 0xfc,
    0x0, 0x0, 0x0, 0x0, 0xba, 0x0, 0x0, 0x0,
    0x0, 0x0, 0x0, 0xe, 0xfc, 0x0, 0x0, 0x0,
    0x0, 0x0, 0x0, 0x0, 0x0, 0x0, 0x0, 0x0,
    0x0, 0x0, 0x0, 0x0, 0x0,

    /* U+5F02 "异" */
    0x0, 0x2, 0x33, 0x33, 0x33, 0x33, 0x33, 0x33,
    0x33, 0x33, 0x33, 0x10, 0x0, 0x0, 0xd, 0xff,
    0xff, 0xff, 0xff, 0xff, 0xff, 0xff, 0xff, 0xff,
    0x60, 0x0, 0x0, 0xd, 0xff, 0xff, 0xff, 0xff,
    0xff, 0xff, 0xff, 0xff, 0xff, 0x60, 0x0, 0x0,
    0xd, 0xfb, 0x0, 0x0, 0x0, 0x0, 0x0, 0x0,
    0x2, 0xff, 0x60, 0x0, 0x0, 0xd, 0xfb, 0x0,
    0x0, 0x0, 0x0, 0x0, 0x0, 0x2, 0xff, 0x60,
    0x0, 0x0, 0xd, 0xfc, 0x33, 0x33, 0x33, 0x33,
    0x33, 0x33, 0x35, 0xff, 0x60, 0x0, 0x0, 0xd,
    0xff, 0xff, 0xff, 0xff, 0xff, 0xff, 0xff, 0xff,
    0xff, 0x60, 0x0, 0x0, 0xd, 0xff, 0xff, 0xff,
    0xff, 0xff, 0xff, 0xff, 0xff, 0xff, 0x60, 0x0,
    0x0, 0xd, 0xfb, 0x0, 0x0, 0x0, 0x0, 0x0,
    0x0, 0x0, 0x0, 0x27, 0x20, 0x0, 0xc, 0xfc,
    0x0, 0x0, 0x0, 0x0, 0x0, 0x0, 0x0, 0x0,
    0x7f, 0xf2, 0x0, 0xa, 0xff, 0x96, 0x55, 0x44,
    0x44, 0x44, 0x44, 0x45, 0x58, 0xff, 0xe0, 0x0,
    0x3, 0xff, 0xff, 0xff, 0xff, 0xff, 0xff, 0xff,
    0xff, 0xff, 0xff, 0x70, 0x0, 0x0, 0x39, 0xce,
    0xef, 0xff, 0xff, 0xff, 0xff, 0xff, 0xfe, 0xb5,
    0x0, 0x0, 0x0, 0x0, 0x36, 0x60, 0x0, 0x0,
    0x0, 0x5, 0x64, 0x0, 0x0, 0x0, 0x0, 0x0,
    0x0, 0x8f, 0xf0, 0x0, 0x0, 0x0, 0xd, 0xfb,
    0x0, 0x0, 0x0, 0x0, 0x0, 0x0, 0x8f, 0xf0,
    0x0, 0x0, 0x0, 0xd, 0xfb, 0x0, 0x0, 0x0,
    0x26, 0x66, 0x66, 0xcf, 0xf7, 0x66, 0x66, 0x66,
    0x6e, 0xfd, 0x66, 0x66, 0x65, 0x4f, 0xff, 0xff,
    0xff, 0xff, 0xff, 0xff, 0xff, 0xff, 0xff, 0xff,
    0xff, 0xfc, 0x4f, 0xff, 0xff, 0xff, 0xff, 0xff,
    0xff, 0xff, 0xff, 0xff, 0xff, 0xff, 0xfc, 0x0,
    0x0, 0x5, 0xff, 0x80, 0x0, 0x0, 0x0, 0xd,
    0xfb, 0x0, 0x0, 0x0, 0x0, 0x0, 0x2e, 0xff,
    0x20, 0x0, 0x0, 0x0, 0xd, 0xfb, 0x0, 0x0,
    0x0, 0x0, 0x3, 0xef, 0xf7, 0x0, 0x0, 0x0,
    0x0, 0xd, 0xfb, 0x0, 0x0, 0x0, 0x2, 0x9f,
    0xff, 0xa0, 0x0, 0x0, 0x0, 0x0, 0xd, 0xfb,
    0x0, 0x0, 0x0, 0xd, 0xff, 0xf8, 0x0, 0x0,
    0x0, 0x0, 0x0, 0xd, 0xfb, 0x0, 0x0, 0x0,
    0x1, 0xea, 0x20, 0x0, 0x0, 0x0, 0x0, 0x0,
    0xd, 0xfb, 0x0, 0x0, 0x0, 0x0, 0x0, 0x0,
    0x0, 0x0, 0x0, 0x0, 0x0, 0x0, 0x0, 0x0,
    0x0, 0x0,

    /* U+5F53 "当" */
    0x0, 0x0, 0x0, 0x0, 0x0, 0x35, 0x51, 0x0,
    0x0, 0x0, 0x0, 0x0, 0x0, 0x10, 0x0, 0x0,
    0xa, 0xff, 0x20, 0x0, 0x0, 0x23, 0x0, 0x7,
    0xdd, 0x0, 0x0, 0x0, 0xaf, 0xf2, 0x0, 0x0,
    0xb, 0xfd, 0x30, 0x8f, 0xf7, 0x0, 0x0, 0xa,
    0xff, 0x20, 0x0, 0x2, 0xff, 0xe0, 0x0, 0xdf,
    0xf2, 0x0, 0x0, 0xaf, 0xf2, 0x0, 0x0, 0x9f,
    0xf6, 0x0, 0x4, 0xff, 0xc0, 0x0, 0xa, 0xff,
    0x20, 0x0, 0x1f, 0xfd, 0x0, 0x0, 0xb, 0xff,
    0x40, 0x0, 0xaf, 0xf2, 0x0, 0x8, 0xff, 0x40,
    0x0, 0x0, 0x3f, 0xfa, 0x0, 0xa, 0xff, 0x20,
    0x2, 0xff, 0xb0, 0x0, 0x0, 0x0, 0xcb, 0x40,
    0x0, 0xaf, 0xf2, 0x0, 0x5e, 0xf2, 0x0, 0x0,
    0x0, 0x0, 0x0, 0x0, 0xa, 0xff, 0x20, 0x0,
    0x2, 0x0, 0x0, 0x5, 0xaa, 0xaa, 0xaa, 0xaa,
    0xef, 0xfb, 0xaa, 0xaa, 0xaa, 0xaa, 0x0, 0x8f,
    0xff, 0xff, 0xff, 0xff, 0xff, 0xff, 0xff, 0xff,
    0xff, 0xf1, 0x8, 0xff, 0xff, 0xff, 0xff, 0xff,
    0xff, 0xff, 0xff, 0xff, 0xff, 0x10, 0x0, 0x0,
    0x0, 0x0, 0x0, 0x0, 0x0, 0x0, 0x0, 0xbf,
    0xf1, 0x0, 0x0, 0x0, 0x0, 0x0, 0x0, 0x0,
    0x0, 0x0, 0xb, 0xff, 0x10, 0x0, 0x0, 0x0,
    0x0, 0x0, 0x0, 0x0, 0x0, 0x0, 0xbf, 0xf1,
    0x0, 0x8f, 0xff, 0xff, 0xff, 0xff, 0xff, 0xff,
    0xff, 0xff, 0xff, 0x10, 0x9, 0xff, 0xff, 0xff,
    0xff, 0xff, 0xff, 0xff, 0xff, 0xff, 0xf1, 0x0,
    0x48, 0x88, 0x88, 0x88, 0x88, 0x88, 0x88, 0x88,
    0x8d, 0xff, 0x10, 0x0, 0x0, 0x0, 0x0, 0x0,
    0x0, 0x0, 0x0, 0x0, 0xbf, 0xf1, 0x0, 0x0,
    0x0, 0x0, 0x0, 0x0, 0x0, 0x0, 0x0, 0xb,
    0xff, 0x10, 0x0, 0x0, 0x0, 0x0, 0x0, 0x0,
    0x0, 0x0, 0x0, 0xbf, 0xf1, 0x8, 0x88, 0x88,
    0x88, 0x88, 0x88, 0x88, 0x88, 0x88, 0x8d, 0xff,
    0x11, 0xff, 0xff, 0xff, 0xff, 0xff, 0xff, 0xff,
    0xff, 0xff, 0xff, 0xf1, 0x1f, 0xff, 0xff, 0xff,
    0xff, 0xff, 0xff, 0xff, 0xff, 0xff, 0xff, 0x10,
    0x0, 0x0, 0x0, 0x0, 0x0, 0x0, 0x0, 0x0,
    0x0, 0xbf, 0xf1,

    /* U+5F85 "待" */
    0x0, 0x0, 0x0, 0x1, 0x0, 0x0, 0x0, 0x0,
    0x2, 0x20, 0x0, 0x0, 0x0, 0x0, 0x0, 0x0,
    0x9, 0xfa, 0x20, 0x0, 0x0, 0x3, 0xff, 0x50,
    0x0, 0x0, 0x0, 0x0, 0x0, 0x6, 0xff, 0xd0,
    0x0, 0x0, 0x0, 0x3f, 0xf5, 0x0, 0x0, 0x0,
    0x0, 0x0, 0x6, 0xff, 0xe2, 0x0, 0x11, 0x11,
    0x14, 0xff, 0x61, 0x11, 0x11, 0x0, 0x0, 0x9,
    0xff, 0xf3, 0x0, 0x1f, 0xff, 0xff, 0xff, 0xff,
    0xff, 0xff, 0xf8, 0x0, 0x2c, 0xff, 0xf3, 0x0,
    0x1, 0xff, 0xff, 0xff, 0xff, 0xff, 0xff, 0xff,
    0x80, 0x9, 0xff, 0xe2, 0x1, 0x0, 0x4, 0x44,
    0x44, 0x7f, 0xf8, 0x44, 0x44, 0x42, 0x0, 0x1e,
    0xc1, 0x0, 0xdd, 0x60, 0x0, 0x0, 0x3, 0xff,
    0x50, 0x0, 0x0, 0x0, 0x0, 0x30, 0x0, 0x8f,
    0xf5, 0x0, 0x0, 0x0, 0x3f, 0xf5, 0x0, 0x0,
    0x0, 0x0, 0x0, 0x0, 0x5f, 0xfb, 0x57, 0x77,
    0x77, 0x79, 0xff, 0xa7, 0x77, 0x77, 0x76, 0x0,
    0x0, 0x3f, 0xfe, 0x1b, 0xff, 0xff, 0xff, 0xff,
    0xff, 0xff, 0xff, 0xff, 0xe0, 0x0, 0x2e, 0xff,
    0x90, 0xae, 0xee, 0xee, 0xee, 0xee, 0xef, 0xff,
    0xfe, 0xed, 0x0, 0x3e, 0xff, 0xf8, 0x0, 0x0,
    0x0, 0x0, 0x0, 0x0, 0x5f, 0xf3, 0x0, 0x0,
    0x5f, 0xff, 0xff, 0x80, 0x0, 0x0, 0x0, 0x0,
    0x0, 0x5, 0xff, 0x30, 0x0, 0xe, 0xff, 0x9f,
    0xf8, 0x2, 0x66, 0x66, 0x66, 0x66, 0x66, 0xaf,
    0xf8, 0x66, 0x40, 0x7f, 0x80, 0xef, 0x80, 0x6f,
    0xff, 0xff, 0xff, 0xff, 0xff, 0xff, 0xff, 0xfb,
    0x0, 0x60, 0xe, 0xf8, 0x6, 0xff, 0xff, 0xff,
    0xff, 0xff, 0xff, 0xff, 0xff, 0xa0, 0x0, 0x0,
    0xef, 0x80, 0x0, 0x1, 0x50, 0x0, 0x0, 0x5,
    0xff, 0x30, 0x0, 0x0, 0x0, 0xe, 0xf8, 0x0,
    0x4, 0xff, 0x70, 0x0, 0x0, 0x5f, 0xf3, 0x0,
    0x0, 0x0, 0x0, 0xef, 0x80, 0x0, 0xc, 0xff,
    0x40, 0x0, 0x5, 0xff, 0x30, 0x0, 0x0, 0x0,
    0xe, 0xf8, 0x0, 0x0, 0x1e, 0xfe, 0x0, 0x0,
    0x5f, 0xf3, 0x0, 0x0, 0x0, 0x0, 0xef, 0x80,
    0x0, 0x0, 0x5f, 0xf9, 0x0, 0x5, 0xff, 0x30,
    0x0, 0x0, 0x0, 0xe, 0xf8, 0x0, 0x0, 0x0,
    0xcb, 0x30, 0x0, 0x5f, 0xf3, 0x0, 0x0, 0x0,
    0x0, 0xef, 0x80, 0x0, 0x0, 0x0, 0x2, 0x77,
    0x6b, 0xff, 0x20, 0x0, 0x0, 0x0, 0xe, 0xf8,
    0x0, 0x0, 0x0, 0x0, 0x1f, 0xff, 0xff, 0xe0,
    0x0, 0x0, 0x0, 0x0, 0xef, 0x80, 0x0, 0x0,
    0x0, 0x0, 0xcf, 0xfd, 0xa2, 0x0, 0x0,

    /* U+5F88 "很" */
    0x0, 0x0, 0x0, 0x12, 0x0, 0x0, 0x0, 0x0,
    0x0, 0x0, 0x0, 0x0, 0x0, 0x0, 0x0, 0x0,
    0xc, 0xfb, 0x10, 0x44, 0x44, 0x44, 0x44, 0x44,
    0x44, 0x41, 0x0, 0x0, 0x0, 0x9, 0xff, 0xa0,
    0xe, 0xff, 0xff, 0xff, 0xff, 0xff, 0xff, 0x60,
    0x0, 0x0, 0x8, 0xff, 0xc0, 0x0, 0xef, 0xff,
    0xff, 0xff, 0xff, 0xff, 0xf6, 0x0, 0x0, 0x9,
    0xff, 0xd1, 0x0, 0xe, 0xf9, 0x0, 0x0, 0x0,
    0x1, 0xff, 0x60, 0x0, 0x1c, 0xff, 0xd2, 0x0,
    0x0, 0xef, 0x90, 0x0, 0x0, 0x0, 0x1f, 0xf6,
    0x0, 0x9, 0xff, 0xd1, 0x1, 0x0, 0xe, 0xfb,
    0x22, 0x22, 0x22, 0x23, 0xff, 0x60, 0x0, 0x1e,
    0xa0, 0x1, 0xed, 0x50, 0xef, 0xff, 0xff, 0xff,
    0xff, 0xff, 0xf6, 0x0, 0x0, 0x20, 0x0, 0xbf,
    0xf3, 0xe, 0xff, 0xff, 0xff, 0xff, 0xff, 0xff,
    0x60, 0x0, 0x0, 0x0, 0x7f, 0xf8, 0x0, 0xef,
    0x90, 0x0, 0x0, 0x0, 0x1f, 0xf6, 0x0, 0x0,
    0x0, 0x5f, 0xfd, 0x0, 0xe, 0xf9, 0x0, 0x0,
    0x0, 0x1, 0xff, 0x60, 0x0, 0x0, 0x4f, 0xff,
    0x80, 0x0, 0xef, 0xa2, 0x22, 0x22, 0x22, 0x3f,
    0xf6, 0x0, 0x0, 0x5f, 0xff, 0xf8, 0x0, 0xe,
    0xff, 0xff, 0xff, 0xff, 0xff, 0xff, 0x60, 0x0,
    0x7f, 0xff, 0xff, 0x80, 0x0, 0xef, 0xff, 0xff,
    0xff, 0xff, 0xff, 0xf6, 0x0, 0xd, 0xff, 0x7f,
    0xf8, 0x0, 0xe, 0xfa, 0x11, 0xef, 0x71, 0x11,
    0x11, 0x10, 0x0, 0x5f, 0x60, 0xff, 0x80, 0x0,
    0xef, 0x90, 0x8, 0xfd, 0x0, 0x0, 0xae, 0x10,
    0x0, 0x40, 0xf, 0xf8, 0x0, 0xe, 0xf9, 0x0,
    0x2f, 0xf5, 0x2, 0xcf, 0xfb, 0x0, 0x0, 0x0,
    0xff, 0x80, 0x0, 0xef, 0x90, 0x0, 0xcf, 0xc6,
    0xff, 0xf9, 0x0, 0x0, 0x0, 0xf, 0xf8, 0x0,
    0xe, 0xf9, 0x0, 0x5, 0xff, 0xff, 0xe4, 0x0,
    0x0, 0x0, 0x0, 0xff, 0x80, 0x0, 0xef, 0x90,
    0x0, 0xb, 0xff, 0xb0, 0x0, 0x0, 0x0, 0x0,
    0xf, 0xf8, 0x0, 0xe, 0xf9, 0x0, 0x0, 0x2f,
    0xff, 0x30, 0x0, 0x0, 0x0, 0x0, 0xff, 0x80,
    0x0, 0xef, 0x90, 0x1, 0x50, 0x6f, 0xff, 0x40,
    0x0, 0x0, 0x0, 0xf, 0xf8, 0x0, 0x1f, 0xfc,
    0xad, 0xff, 0x10, 0x7f, 0xff, 0x91, 0x0, 0x0,
    0x0, 0xff, 0x80, 0x8, 0xff, 0xff, 0xff, 0xf2,
    0x0, 0x7f, 0xff, 0xf8, 0x0, 0x0, 0xf, 0xf8,
    0x0, 0xbf, 0xff, 0xd9, 0x51, 0x0, 0x0, 0x4d,
    0xff, 0x30, 0x0, 0x0, 0xff, 0x80, 0x2, 0xd7,
    0x20, 0x0, 0x0, 0x0, 0x0, 0x7, 0x60, 0x0,
    0x0, 0x0, 0x0, 0x0, 0x0, 0x0, 0x0, 0x0,
    0x0, 0x0, 0x0, 0x0, 0x0,

    /* U+5FC3 "心" */
    0x0, 0x0, 0x0, 0x0, 0x0, 0x30, 0x0, 0x0,
    0x0, 0x0, 0x0, 0x0, 0x0, 0x0, 0x0, 0x0,
    0x0, 0x0, 0xbf, 0x80, 0x0, 0x0, 0x0, 0x0,
    0x0, 0x0, 0x0, 0x0, 0x0, 0x0, 0x0, 0x3f,
    0xff, 0xc2, 0x0, 0x0, 0x0, 0x0, 0x0, 0x0,
    0x0, 0x0, 0x0, 0x0, 0x0, 0x2d, 0xff, 0xf5,
    0x0, 0x0, 0x0, 0x0, 0x0, 0x0, 0x0, 0x0,
    0x0, 0x0, 0x0, 0x9, 0xff, 0xf8, 0x0, 0x0,
    0x0, 0x0, 0x0, 0x0, 0x0, 0x0, 0x0, 0x0,
    0x0, 0x6, 0xff, 0xfb, 0x0, 0x0, 0x0, 0x0,
    0x0, 0x0, 0x0, 0x0, 0x0, 0x0, 0x0, 0x4,
    0xff, 0xf9, 0x0, 0x0, 0x0, 0x0, 0x0, 0x0,
    0x0, 0x0, 0x35, 0x50, 0x0, 0x2, 0xed, 0x10,
    0x0, 0x0, 0x0, 0x0, 0x0, 0x0, 0x0, 0xa,
    0xff, 0x0, 0x0, 0x2, 0x10, 0x0, 0x0, 0x10,
    0x0, 0x0, 0x2, 0x41, 0x0, 0xaf, 0xf0, 0x0,
    0x0, 0x0, 0x0, 0x8, 0xea, 0x0, 0x0, 0x0,
    0x8f, 0xf1, 0xa, 0xff, 0x0, 0x0, 0x0, 0x0,
    0x0, 0xbf, 0xf1, 0x0, 0x0, 0xa, 0xff, 0x0,
    0xaf, 0xf0, 0x0, 0x0, 0x0, 0x0, 0x5, 0xff,
    0x80, 0x0, 0x0, 0xdf, 0xd0, 0xa, 0xff, 0x0,
    0x0, 0x0, 0x0, 0x0, 0xe, 0xfe, 0x0, 0x0,
    0xf, 0xfa, 0x0, 0xaf, 0xf0, 0x0, 0x0, 0x0,
    0x0, 0x0, 0x9f, 0xf5, 0x0, 0x2, 0xff, 0x70,
    0xa, 0xff, 0x0, 0x0, 0x0, 0x0, 0x0, 0x2,
    0xff, 0xb0, 0x0, 0x5f, 0xf5, 0x0, 0xaf, 0xf0,
    0x0, 0x0, 0x0, 0x0, 0x0, 0xd, 0xff, 0x0,
    0x9, 0xff, 0x10, 0xa, 0xff, 0x0, 0x0, 0x0,
    0x0, 0x0, 0x0, 0x8f, 0xf5, 0x0, 0xef, 0xe0,
    0x0, 0xaf, 0xf0, 0x0, 0x0, 0x0, 0x6, 0x71,
    0x3, 0xff, 0xa0, 0x2f, 0xfa, 0x0, 0xa, 0xff,
    0x0, 0x0, 0x0, 0x0, 0x8f, 0xf0, 0xf, 0xfe,
    0x8, 0xff, 0x60, 0x0, 0xaf, 0xf0, 0x0, 0x0,
    0x0, 0x9, 0xfe, 0x0, 0xbc, 0x50, 0x3a, 0xf1,
    0x0, 0xa, 0xff, 0x0, 0x0, 0x0, 0x0, 0xbf,
    0xc0, 0x1, 0x0, 0x0, 0x1, 0x0, 0x0, 0xaf,
    0xf0, 0x0, 0x0, 0x0, 0xe, 0xfa, 0x0, 0x0,
    0x0, 0x0, 0x0, 0x0, 0x8, 0xff, 0xb7, 0x66,
    0x66, 0x7c, 0xff, 0x60, 0x0, 0x0, 0x0, 0x0,
    0x0, 0x0, 0x3f, 0xff, 0xff, 0xff, 0xff, 0xff,
    0xd0, 0x0, 0x0, 0x0, 0x0, 0x0, 0x0, 0x0,
    0x4c, 0xef, 0xff, 0xff, 0xfd, 0xa1, 0x0, 0x0,
    0x0, 0x0,

    /* U+5FEB "快" */
    0x0, 0x0, 0x5a, 0xa0, 0x0, 0x0, 0x0, 0x1,
    0xaa, 0x50, 0x0, 0x0, 0x0, 0x0, 0x0, 0x7,
    0xff, 0x10, 0x0, 0x0, 0x0, 0x1f, 0xf7, 0x0,
    0x0, 0x0, 0x0, 0x0, 0x0, 0x7f, 0xf1, 0x0,
    0x0, 0x0, 0x1, 0xff, 0x70, 0x0, 0x0, 0x0,
    0x0, 0x0, 0x7, 0xff, 0x10, 0x0, 0x0, 0x0,
    0x1f, 0xf7, 0x0, 0x0, 0x0, 0x0, 0x0, 0x0,
    0x7f, 0xf1, 0x0, 0x2, 0x22, 0x23, 0xff, 0x82,
    0x22, 0x22, 0x10, 0x0, 0x0, 0x7, 0xff, 0x9a,
    0x2, 0xff, 0xff, 0xff, 0xff, 0xff, 0xff, 0xf6,
    0x0, 0x0, 0xfd, 0x7f, 0xfe, 0xf2, 0x2f, 0xff,
    0xff, 0xff, 0xff, 0xff, 0xff, 0x60, 0x0, 0x2f,
    0xc7, 0xff, 0x8f, 0xa0, 0x33, 0x33, 0x5f, 0xf9,
    0x33, 0x4f, 0xf6, 0x0, 0x5, 0xfb, 0x7f, 0xf2,
    0xff, 0x0, 0x0, 0x1, 0xff, 0x70, 0x0, 0xff,
    0x60, 0x0, 0x7f, 0x97, 0xff, 0x1c, 0xf5, 0x0,
    0x0, 0x1f, 0xf7, 0x0, 0xf, 0xf6, 0x0, 0xa,
    0xf6, 0x7f, 0xf1, 0x7a, 0x20, 0x0, 0x2, 0xff,
    0x70, 0x0, 0xff, 0x60, 0x0, 0xef, 0x37, 0xff,
    0x10, 0x0, 0x0, 0x0, 0x2f, 0xf6, 0x0, 0xf,
    0xf6, 0x0, 0x2f, 0xf0, 0x7f, 0xf1, 0x0, 0x0,
    0x0, 0x3, 0xff, 0x50, 0x0, 0xff, 0x60, 0x0,
    0x57, 0x7, 0xff, 0x10, 0xef, 0xff, 0xff, 0xff,
    0xff, 0xff, 0xff, 0xff, 0xf7, 0x0, 0x0, 0x7f,
    0xf1, 0xe, 0xff, 0xff, 0xff, 0xff, 0xff, 0xff,
    0xff, 0xff, 0x70, 0x0, 0x7, 0xff, 0x10, 0x78,
    0x88, 0x88, 0xdf, 0xff, 0xc8, 0x88, 0x88, 0x84,
    0x0, 0x0, 0x7f, 0xf1, 0x0, 0x0, 0x0, 0xe,
    0xff, 0xfd, 0x0, 0x0, 0x0, 0x0, 0x0, 0x7,
    0xff, 0x10, 0x0, 0x0, 0x3, 0xff, 0xcf, 0xf5,
    0x0, 0x0, 0x0, 0x0, 0x0, 0x7f, 0xf1, 0x0,
    0x0, 0x0, 0xbf, 0xf1, 0xef, 0xd0, 0x0, 0x0,
    0x0, 0x0, 0x7, 0xff, 0x10, 0x0, 0x0, 0x5f,
    0xfa, 0x7, 0xff, 0x90, 0x0, 0x0, 0x0, 0x0,
    0x7f, 0xf1, 0x0, 0x0, 0x2e, 0xff, 0x10, 0xd,
    0xff, 0x50, 0x0, 0x0, 0x0, 0x7, 0xff, 0x10,
    0x0, 0x2e, 0xff, 0x60, 0x0, 0x3f, 0xff, 0x60,
    0x0, 0x0, 0x0, 0x7f, 0xf1, 0x0, 0x4e, 0xff,
    0x90, 0x0, 0x0, 0x8f, 0xff, 0x91, 0x0, 0x0,
    0x7, 0xff, 0x11, 0x9f, 0xff, 0xa0, 0x0, 0x0,
    0x0, 0x8f, 0xff, 0xf6, 0x0, 0x0, 0x7f, 0xf1,
    0x7f, 0xff, 0x80, 0x0, 0x0, 0x0, 0x0, 0x7f,
    0xff, 0x30, 0x0, 0x7, 0xff, 0x10, 0x7d, 0x30,
    0x0, 0x0, 0x0, 0x0, 0x0, 0x2b, 0x70, 0x0,
    0x0, 0x0, 0x0, 0x0, 0x0, 0x0, 0x0, 0x0,
    0x0, 0x0, 0x0, 0x0, 0x0,

    /* U+6001 "态" */
    0x0, 0x0, 0x0, 0x0, 0x0, 0x0, 0x44, 0x30,
    0x0, 0x0, 0x0, 0x0, 0x0, 0x0, 0x0, 0x0,
    0x0, 0x0, 0x0, 0x2f, 0xf9, 0x0, 0x0, 0x0,
    0x0, 0x0, 0x0, 0x0, 0x0, 0x0, 0x0, 0x0,
    0x5, 0xff, 0x60, 0x0, 0x0, 0x0, 0x0, 0x0,
    0x0, 0x0, 0x0, 0x0, 0x0, 0x0, 0x7f, 0xf3,
    0x0, 0x0, 0x0, 0x0, 0x0, 0x0, 0x2f, 0xff,
    0xff, 0xff, 0xff, 0xff, 0xff, 0xff, 0xff, 0xff,
    0xff, 0xff, 0xfa, 0x2, 0xff, 0xff, 0xff, 0xff,
    0xff, 0xff, 0xff, 0xff, 0xff, 0xff, 0xff, 0xff,
    0xb0, 0x17, 0x77, 0x77, 0x77, 0x77, 0xbf, 0xff,
    0xff, 0x97, 0x77, 0x77, 0x77, 0x75, 0x0, 0x0,
    0x0, 0x0, 0x0, 0xc, 0xff, 0x3f, 0xfb, 0x0,
    0x0, 0x0, 0x0, 0x0, 0x0, 0x0, 0x0, 0x0,
    0x4, 0xff, 0xa0, 0x9f, 0xf6, 0x0, 0x0, 0x0,
    0x0, 0x0, 0x0, 0x0, 0x0, 0x1, 0xef, 0xf3,
    0x1, 0xff, 0xf3, 0x0, 0x0, 0x0, 0x0, 0x0,
    0x0, 0x0, 0x1, 0xdf, 0xf8, 0x0, 0x5, 0xff,
    0xf4, 0x0, 0x0, 0x0, 0x0, 0x0, 0x0, 0x2,
    0xcf, 0xfc, 0x34, 0x0, 0x8, 0xff, 0xf6, 0x0,
    0x0, 0x0, 0x0, 0x0, 0x7, 0xff, 0xfd, 0x9f,
    0xfa, 0x10, 0xa, 0xff, 0xfc, 0x30, 0x0, 0x0,
    0x1, 0x7e, 0xff, 0xfc, 0x15, 0xef, 0xfe, 0x30,
    0x8, 0xff, 0xff, 0xc7, 0x10, 0x2c, 0xff, 0xff,
    0xf7, 0x0, 0x1, 0xbf, 0xff, 0x50, 0x3, 0xef,
    0xff, 0xfc, 0x0, 0xcf, 0xfe, 0x81, 0x0, 0x0,
    0x1, 0x9f, 0xb1, 0x0, 0x0, 0x7d, 0xff, 0x10,
    0x3, 0xa5, 0x0, 0x0, 0x0, 0x8, 0xf6, 0x40,
    0x0, 0x0, 0x0, 0x4, 0x50, 0x0, 0x0, 0x52,
    0x1, 0x77, 0x20, 0xcf, 0xf7, 0x0, 0x0, 0x5,
    0xa8, 0x0, 0x0, 0x0, 0xe, 0xf8, 0x3f, 0xf5,
    0x1, 0xdf, 0xf6, 0x0, 0x0, 0xaf, 0xf1, 0x0,
    0x0, 0x3, 0xff, 0x53, 0xff, 0x50, 0x1, 0xdf,
    0xf4, 0x0, 0x2, 0xff, 0x90, 0x0, 0x0, 0x8f,
    0xf0, 0x3f, 0xf5, 0x0, 0x2, 0xff, 0xa0, 0x13,
    0xa, 0xff, 0x20, 0x0, 0xd, 0xfc, 0x3, 0xff,
    0x50, 0x0, 0x5, 0x60, 0x4, 0xfd, 0x3f, 0xf9,
    0x0, 0x4, 0xff, 0x60, 0x3f, 0xf6, 0x0, 0x0,
    0x0, 0x0, 0x7f, 0xe0, 0xcf, 0xf0, 0x0, 0xcf,
    0xf1, 0x1, 0xff, 0xc5, 0x55, 0x55, 0x55, 0x6e,
    0xfc, 0x6, 0xff, 0x50, 0x1c, 0xf9, 0x0, 0xd,
    0xff, 0xff, 0xff, 0xff, 0xff, 0xff, 0x50, 0x1f,
    0xe6, 0x0, 0x4, 0x10, 0x0, 0x2a, 0xef, 0xff,
    0xff, 0xff, 0xfd, 0x70, 0x0, 0x30, 0x0,

    /* U+6025 "急" */
    0x0, 0x0, 0x0, 0x0, 0x41, 0x0, 0x0, 0x0,
    0x0, 0x0, 0x0, 0x0, 0x0, 0x0, 0x0, 0x0,
    0x9, 0xff, 0x70, 0x0, 0x0, 0x0, 0x0, 0x0,
    0x0, 0x0, 0x0, 0x0, 0x0, 0x4f, 0xff, 0x43,
    0x33, 0x33, 0x32, 0x0, 0x0, 0x0, 0x0, 0x0,
    0x0, 0x3, 0xff, 0xff, 0xff, 0xff, 0xff, 0xff,
    0x80, 0x0, 0x0, 0x0, 0x0, 0x0, 0x3e, 0xff,
    0xed, 0xdd, 0xdd, 0xdf, 0xff, 0x90, 0x0, 0x0,
    0x0, 0x0, 0x5, 0xff, 0xf6, 0x0, 0x0, 0x0,
    0x2f, 0xfd, 0x0, 0x0, 0x0, 0x0, 0x1, 0x9f,
    0xff, 0x50, 0x0, 0x0, 0x0, 0xdf, 0xf3, 0x0,
    0x0, 0x0, 0x0, 0x2e, 0xff, 0xff, 0xff, 0xff,
    0xff, 0xff, 0xff, 0xff, 0xff, 0xff, 0x0, 0x0,
    0x9, 0xfc, 0xff, 0xff, 0xff, 0xff, 0xff, 0xff,
    0xff, 0xff, 0xff, 0x0, 0x0, 0x0, 0x50, 0x11,
    0x11, 0x11, 0x11, 0x11, 0x11, 0x11, 0x1a, 0xff,
    0x0, 0x0, 0x0, 0x0, 0x0, 0x0, 0x0, 0x0,
    0x0, 0x0, 0x0, 0x9, 0xff, 0x0, 0x0, 0x0,
    0x0, 0x9f, 0xff, 0xff, 0xff, 0xff, 0xff, 0xff,
    0xff, 0xff, 0x0, 0x0, 0x0, 0x0, 0x9f, 0xff,
    0xff, 0xff, 0xff, 0xff, 0xff, 0xff, 0xff, 0x0,
    0x0, 0x0, 0x0, 0x0, 0x0, 0x0, 0x0, 0x0,
    0x0, 0x0, 0x9, 0xff, 0x0, 0x0, 0x0, 0x0,
    0x0, 0x0, 0x0, 0x0, 0x0, 0x0, 0x0, 0x9,
    0xff, 0x0, 0x0, 0x0, 0x8, 0xff, 0xff, 0xff,
    0xff, 0xff, 0xff, 0xff, 0xff, 0xff, 0x0, 0x0,
    0x0, 0x8, 0xff, 0xff, 0xff, 0xff, 0xff, 0xff,
    0xff, 0xff, 0xff, 0x0, 0x0, 0x0, 0x0, 0x11,
    0x11, 0x11, 0x16, 0xe3, 0x11, 0x11, 0x11, 0x11,
    0x0, 0x0, 0x0, 0x0, 0x0, 0x0, 0x0, 0x3f,
    0xfd, 0x10, 0x0, 0x0, 0x16, 0x90, 0x0, 0x0,
    0x4c, 0x50, 0xaf, 0xe0, 0x7, 0xff, 0xd1, 0x0,
    0x0, 0x8f, 0xf5, 0x0, 0x0, 0xbf, 0xf1, 0xaf,
    0xe0, 0x0, 0x8f, 0xfb, 0x0, 0x0, 0xe, 0xfe,
    0x0, 0x2, 0xff, 0x90, 0xaf, 0xe0, 0x0, 0xa,
    0xff, 0x20, 0xc9, 0x36, 0xff, 0x70, 0xb, 0xff,
    0x20, 0xaf, 0xe0, 0x0, 0x1, 0xa2, 0x0, 0xff,
    0x70, 0xdf, 0xe0, 0x5f, 0xfa, 0x0, 0x9f, 0xf7,
    0x44, 0x44, 0x44, 0x49, 0xff, 0x40, 0x7f, 0xf6,
    0x6e, 0xf2, 0x0, 0x5f, 0xff, 0xff, 0xff, 0xff,
    0xff, 0xfe, 0x0, 0x1f, 0xa3, 0x0, 0x40, 0x0,
    0x6, 0xce, 0xff, 0xff, 0xff, 0xfe, 0xb3, 0x0,
    0x1, 0x0,

    /* U+606F "息" */
    0x0, 0x0, 0x0, 0x0, 0x0, 0x4, 0xa8, 0x50,
    0x0, 0x0, 0x0, 0x0, 0x0, 0x0, 0x0, 0x0,
    0x0, 0x0, 0xa, 0xff, 0x70, 0x0, 0x0, 0x0,
    0x0, 0x0, 0x0, 0x0, 0x0, 0x0, 0x0, 0xe,
    0xfe, 0x0, 0x0, 0x0, 0x0, 0x0, 0x0, 0x0,
    0x0, 0x9f, 0xff, 0xff, 0xff, 0xff, 0xff, 0xff,
    0xff, 0xf9, 0x0, 0x0, 0x0, 0x0, 0x9f, 0xff,
    0xff, 0xff, 0xff, 0xff, 0xff, 0xff, 0xf9, 0x0,
    0x0, 0x0, 0x0, 0x9f, 0xe1, 0x11, 0x11, 0x11,
    0x11, 0x11, 0x1f, 0xf9, 0x0, 0x0, 0x0, 0x0,
    0x9f, 0xe0, 0x0, 0x0, 0x0, 0x0, 0x0, 0xf,
    0xf9, 0x0, 0x0, 0x0, 0x0, 0x9f, 0xff, 0xff,
    0xff, 0xff, 0xff, 0xff, 0xff, 0xf9, 0x0, 0x0,
    0x0, 0x0, 0x9f, 0xfd, 0xdd, 0xdd, 0xdd, 0xdd,
    0xdd, 0xdf, 0xf9, 0x0, 0x0, 0x0, 0x0, 0x9f,
    0xe0, 0x0, 0x0, 0x0, 0x0, 0x0, 0xf, 0xf9,
    0x0, 0x0, 0x0, 0x0, 0x9f, 0xe2, 0x22, 0x22,
    0x22, 0x22, 0x22, 0x2f, 0xf9, 0x0, 0x0, 0x0,
    0x0, 0x9f, 0xff, 0xff, 0xff, 0xff, 0xff, 0xff,
    0xff, 0xf9, 0x0, 0x0, 0x0, 0x0, 0x9f, 0xfc,
    0xcc, 0xcc, 0xcc, 0xcc, 0xcc, 0xcf, 0xf9, 0x0,
    0x0, 0x0, 0x0, 0x9f, 0xe0, 0x0, 0x0, 0x0,
    0x0, 0x0, 0xf, 0xf9, 0x0, 0x0, 0x0, 0x0,
    0x9f, 0xfd, 0xdd, 0xdd, 0xdd, 0xdd, 0xdd, 0xdf,
    0xf9, 0x0, 0x0, 0x0, 0x0, 0x9f, 0xff, 0xff,
    0xff, 0xff, 0xff, 0xff, 0xff, 0xf9, 0x0, 0x0,
    0x0, 0x0, 0x23, 0x33, 0x33, 0x38, 0xf8, 0x33,
    0x33, 0x33, 0x32, 0x0, 0x0, 0x0, 0x0, 0x0,
    0x0, 0x0, 0x1e, 0xff, 0x30, 0x0, 0x0, 0x0,
    0x20, 0x0, 0x0, 0x18, 0x10, 0x57, 0x70, 0x2,
    0xff, 0xe1, 0x0, 0x0, 0x7e, 0xe0, 0x0, 0x0,
    0x7f, 0xf2, 0xaf, 0xf0, 0x0, 0x4f, 0xfa, 0x0,
    0x0, 0x6f, 0xf8, 0x0, 0x0, 0xef, 0xc0, 0xaf,
    0xf0, 0x0, 0x9, 0xff, 0x30, 0x40, 0xc, 0xff,
    0x20, 0x5, 0xff, 0x60, 0xaf, 0xf0, 0x0, 0x0,
    0xb3, 0x0, 0xce, 0x63, 0xff, 0xa0, 0xd, 0xfe,
    0x0, 0xaf, 0xf0, 0x0, 0x0, 0x0, 0x0, 0xff,
    0x80, 0xcf, 0xf2, 0x7f, 0xf7, 0x0, 0x8f, 0xf9,
    0x65, 0x55, 0x55, 0x6a, 0xff, 0x50, 0x5f, 0xe4,
    0x29, 0xe0, 0x0, 0x4f, 0xff, 0xff, 0xff, 0xff,
    0xff, 0xfe, 0x0, 0x6, 0x0, 0x0, 0x0, 0x0,
    0x6, 0xce, 0xff, 0xff, 0xff, 0xfe, 0xb2, 0x0,
    0x0, 0x0,

    /* U+60A8 "您" */
    0x0, 0x0, 0x0, 0x44, 0x0, 0x1, 0x51, 0x0,
    0x0, 0x0, 0x0, 0x0, 0x0, 0x0, 0x0, 0x1,
    0xff, 0x90, 0x8, 0xff, 0x20, 0x0, 0x0, 0x0,
    0x0, 0x0, 0x0, 0x0, 0xa, 0xff, 0x10, 0x1f,
    0xfc, 0x0, 0x0, 0x0, 0x0, 0x0, 0x0, 0x0,
    0x0, 0x6f, 0xf7, 0x0, 0x8f, 0xff, 0xff, 0xff,
    0xff, 0xff, 0xff, 0xe3, 0x0, 0x3, 0xff, 0xd0,
    0x2, 0xff, 0xff, 0xff, 0xff, 0xff, 0xff, 0xff,
    0xe0, 0x0, 0x2e, 0xff, 0x80, 0xd, 0xff, 0x42,
    0x22, 0x44, 0x32, 0x23, 0xff, 0x70, 0x2, 0xef,
    0xff, 0x80, 0xcf, 0xf7, 0x0, 0x0, 0xff, 0x80,
    0x7, 0xff, 0x10, 0x4e, 0xff, 0xff, 0x80, 0xaf,
    0xa0, 0x0, 0x0, 0xff, 0x80, 0x8, 0xd8, 0x0,
    0xaf, 0xf7, 0xff, 0x80, 0x6, 0x4, 0xa6, 0x0,
    0xff, 0x80, 0x4b, 0x10, 0x0, 0xd, 0x70, 0xff,
    0x80, 0x0, 0xd, 0xfd, 0x0, 0xff, 0x81, 0xff,
    0xc0, 0x0, 0x0, 0x0, 0xff, 0x80, 0x0, 0x6f,
    0xf5, 0x0, 0xff, 0x80, 0x5f, 0xf8, 0x0, 0x0,
    0x0, 0xff, 0x80, 0x3, 0xff, 0xc0, 0x0, 0xff,
    0x80, 0xb, 0xff, 0x20, 0x0, 0x0, 0xff, 0x80,
    0x2e, 0xfe, 0x20, 0x0, 0xff, 0x80, 0x2, 0xff,
    0xa0, 0x0, 0x0, 0xff, 0x80, 0x2d, 0xf4, 0x0,
    0x0, 0xff, 0x80, 0x0, 0x9f, 0xc0, 0x0, 0x0,
    0xff, 0x80, 0x0, 0x40, 0xe, 0xff, 0xff, 0x60,
    0x0, 0x15, 0x0, 0x0, 0x0, 0xff, 0x80, 0x0,
    0x0, 0x38, 0xff, 0xfc, 0x10, 0x0, 0x0, 0x0,
    0x0, 0x0, 0x66, 0x30, 0x0, 0x1c, 0xf8, 0x43,
    0x10, 0x0, 0x0, 0x0, 0x0, 0x0, 0x0, 0x0,
    0x0, 0x0, 0xc, 0xff, 0x50, 0x0, 0x0, 0x1,
    0x30, 0x0, 0x0, 0x9, 0x30, 0x9d, 0xc0, 0x1,
    0xdf, 0xf2, 0x0, 0x0, 0x8f, 0xe1, 0x0, 0x0,
    0x6f, 0xf3, 0xaf, 0xe0, 0x0, 0x2f, 0xfd, 0x0,
    0x0, 0x4f, 0xf8, 0x0, 0x0, 0xcf, 0xe0, 0xaf,
    0xe0, 0x0, 0x7, 0xff, 0x40, 0x31, 0xc, 0xff,
    0x10, 0x3, 0xff, 0x80, 0xaf, 0xe0, 0x0, 0x0,
    0xa3, 0x0, 0x8f, 0xa4, 0xff, 0x90, 0xb, 0xff,
    0x20, 0xaf, 0xe0, 0x0, 0x0, 0x0, 0x0, 0xbf,
    0xc0, 0xdf, 0xf0, 0x4f, 0xfa, 0x0, 0x9f, 0xf8,
    0x65, 0x55, 0x55, 0x68, 0xff, 0x90, 0x7f, 0xf5,
    0x3c, 0xf3, 0x0, 0x5f, 0xff, 0xff, 0xff, 0xff,
    0xff, 0xff, 0x30, 0x1d, 0x60, 0x0, 0x30, 0x0,
    0x6, 0xce, 0xff, 0xff, 0xff, 0xff, 0xc5, 0x0,
    0x0, 0x0,

    /* U+611F "感" */
    0x0, 0x0, 0x0, 0x0, 0x0, 0x0, 0x0, 0xa,
    0xa5, 0x4, 0x81, 0x0, 0x0, 0x0, 0x0, 0x0,
    0x0, 0x0, 0x0, 0x0, 0xe, 0xf7, 0x1d, 0xfe,
    0x50, 0x0, 0x0, 0x0, 0x0, 0x0, 0x0, 0x0,
    0x0, 0xe, 0xf8, 0x0, 0x9f, 0xe1, 0x0, 0x0,
    0x6f, 0xff, 0xff, 0xff, 0xff, 0xff, 0xff, 0xff,
    0xff, 0xff, 0xff, 0xf7, 0x0, 0x7f, 0xff, 0xff,
    0xff, 0xff, 0xff, 0xff, 0xff, 0xff, 0xff, 0xff,
    0xf7, 0x0, 0x7f, 0xe2, 0x22, 0x22, 0x22, 0x22,
    0x2b, 0xfd, 0x22, 0x22, 0x22, 0x21, 0x0, 0x7f,
    0xe0, 0x0, 0x0, 0x0, 0x0, 0x7, 0xfe, 0x0,
    0x3, 0x62, 0x0, 0x0, 0x7f, 0xe2, 0xff, 0xff,
    0xff, 0xff, 0x75, 0xff, 0x10, 0xa, 0xfe, 0x0,
    0x0, 0x7f, 0xd1, 0xcc, 0xcc, 0xcc, 0xcc, 0x52,
    0xff, 0x40, 0x2f, 0xf7, 0x0, 0x0, 0x8f, 0xd0,
    0x0, 0x0, 0x0, 0x0, 0x0, 0xff, 0x80, 0xaf,
    0xe0, 0x0, 0x0, 0xaf, 0xb0, 0xcd, 0xdd, 0xdd,
    0xdd, 0x10, 0xbf, 0xd5, 0xff, 0x70, 0x0, 0x0,
    0xcf, 0x90, 0xef, 0xff, 0xff, 0xff, 0x10, 0x6f,
    0xfe, 0xfc, 0x0, 0x0, 0x0, 0xff, 0x70, 0xef,
    0x20, 0x0, 0xff, 0x10, 0x1f, 0xff, 0xf2, 0x2,
    0x50, 0x3, 0xff, 0x40, 0xef, 0x20, 0x0, 0xff,
    0x10, 0x1e, 0xff, 0x60, 0x4, 0xfb, 0x8, 0xff,
    0x0, 0xef, 0x87, 0x77, 0xff, 0x13, 0xef, 0xff,
    0xc0, 0x6, 0xfa, 0x1f, 0xfa, 0x0, 0xef, 0xff,
    0xff, 0xff, 0x8f, 0xff, 0xdf, 0xfc, 0x6d, 0xf8,
    0x8f, 0xf4, 0x0, 0x55, 0x55, 0x55, 0x55, 0x8f,
    0xf5, 0xb, 0xff, 0xff, 0xf2, 0x3e, 0xb0, 0x0,
    0x0, 0x0, 0x2, 0x80, 0x6, 0x20, 0x0, 0x7d,
    0xfe, 0x60, 0x1, 0x20, 0x0, 0x34, 0x40, 0x1f,
    0xfb, 0x0, 0x0, 0x0, 0x0, 0x10, 0x0, 0x0,
    0x8, 0x20, 0xaf, 0xe0, 0x5, 0xff, 0xb0, 0x0,
    0x0, 0x8e, 0xd0, 0x0, 0x0, 0x7f, 0xf2, 0xaf,
    0xe0, 0x0, 0x6f, 0xf8, 0x0, 0x10, 0x5f, 0xf8,
    0x0, 0x0, 0xef, 0xb0, 0xaf, 0xe0, 0x0, 0xa,
    0xfd, 0x10, 0xdc, 0x5b, 0xff, 0x20, 0x8, 0xff,
    0x40, 0xaf, 0xe0, 0x0, 0x0, 0x50, 0x0, 0xef,
    0x82, 0xff, 0xa0, 0x2f, 0xfb, 0x0, 0x9f, 0xf4,
    0x11, 0x11, 0x11, 0x16, 0xff, 0x50, 0xaf, 0xf3,
    0x4d, 0xf3, 0x0, 0x6f, 0xff, 0xff, 0xff, 0xff,
    0xff, 0xfe, 0x0, 0x3b, 0x50, 0x0, 0x20, 0x0,
    0x7, 0xde, 0xff, 0xff, 0xff, 0xfe, 0xb3, 0x0,
    0x0, 0x0,

    /* U+6210 "成" */
    0x0, 0x0, 0x0, 0x0, 0x0, 0x0, 0x0, 0x7,
    0x74, 0x0, 0x50, 0x0, 0x0, 0x0, 0x0, 0x0,
    0x0, 0x0, 0x0, 0x0, 0x1, 0xff, 0xa0, 0xbf,
    0xc3, 0x0, 0x0, 0x0, 0x0, 0x0, 0x0, 0x0,
    0x0, 0x0, 0x1f, 0xfa, 0x8, 0xff, 0xf9, 0x0,
    0x0, 0x0, 0x0, 0x0, 0x0, 0x0, 0x0, 0x0,
    0xff, 0xa0, 0x2, 0xdf, 0xfb, 0x0, 0x0, 0x0,
    0x0, 0x0, 0x0, 0x0, 0x0, 0xf, 0xfb, 0x0,
    0x0, 0x9f, 0x30, 0x0, 0x0, 0x9f, 0xff, 0xff,
    0xff, 0xff, 0xff, 0xff, 0xff, 0xff, 0xff, 0xff,
    0xf8, 0x0, 0x9, 0xff, 0xff, 0xff, 0xff, 0xff,
    0xff, 0xff, 0xff, 0xff, 0xff, 0xff, 0x80, 0x0,
    0x9f, 0xf9, 0x88, 0x88, 0x88, 0x88, 0xef, 0xe8,
    0x88, 0x88, 0x88, 0x84, 0x0, 0x9, 0xff, 0x10,
    0x0, 0x0, 0x0, 0xb, 0xfe, 0x0, 0x0, 0x0,
    0x0, 0x0, 0x0, 0x9f, 0xf1, 0x0, 0x0, 0x0,
    0x0, 0x9f, 0xf0, 0x0, 0x6, 0x51, 0x0, 0x0,
    0x9, 0xff, 0x21, 0x11, 0x11, 0x10, 0x7, 0xff,
    0x20, 0x1, 0xff, 0xb0, 0x0, 0x0, 0x9f, 0xff,
    0xff, 0xff, 0xff, 0x20, 0x5f, 0xf4, 0x0, 0x7f,
    0xf5, 0x0, 0x0, 0x9, 0xff, 0xff, 0xff, 0xff,
    0xf1, 0x3, 0xff, 0x60, 0xd, 0xfe, 0x0, 0x0,
    0x0, 0x9f, 0xf5, 0x44, 0x49, 0xff, 0x10, 0x1f,
    0xf9, 0x4, 0xff, 0x80, 0x0, 0x0, 0xa, 0xff,
    0x0, 0x0, 0x7f, 0xf1, 0x0, 0xef, 0xc0, 0xcf,
    0xf1, 0x0, 0x0, 0x0, 0xaf, 0xf0, 0x0, 0x7,
    0xff, 0x0, 0xb, 0xff, 0x6f, 0xf9, 0x0, 0x0,
    0x0, 0xb, 0xff, 0x0, 0x0, 0x8f, 0xf0, 0x0,
    0x8f, 0xff, 0xfe, 0x10, 0x0, 0x0, 0x0, 0xdf,
    0xd0, 0x0, 0x9, 0xff, 0x0, 0x4, 0xff, 0xff,
    0x60, 0x0, 0x0, 0x0, 0xf, 0xfb, 0x0, 0x0,
    0xbf, 0xd0, 0x0, 0xf, 0xff, 0xc0, 0x0, 0x40,
    0x0, 0x2, 0xff, 0x91, 0x32, 0x4e, 0xfb, 0x0,
    0x4, 0xff, 0xf4, 0x0, 0x9, 0xd4, 0x0, 0x5f,
    0xf6, 0x3f, 0xff, 0xff, 0x80, 0x5, 0xff, 0xff,
    0x90, 0x0, 0xaf, 0xa0, 0x9, 0xff, 0x20, 0xff,
    0xff, 0xc1, 0x6, 0xff, 0xff, 0xff, 0x20, 0xc,
    0xf8, 0x0, 0xef, 0xe0, 0x2, 0x22, 0x10, 0x1b,
    0xff, 0xf8, 0x5f, 0xfc, 0x0, 0xff, 0x60, 0x7f,
    0xf9, 0x0, 0x0, 0x0, 0x6f, 0xff, 0xf6, 0x0,
    0xcf, 0xfe, 0xcf, 0xf2, 0xd, 0xff, 0x20, 0x0,
    0x0, 0x8, 0xff, 0xe4, 0x0, 0x1, 0xdf, 0xff,
    0xfb, 0x0, 0x2d, 0x90, 0x0, 0x0, 0x0, 0x9,
    0xa1, 0x0, 0x0, 0x1, 0x9e, 0xea, 0x0, 0x0,
    0x1, 0x0, 0x0, 0x0, 0x0, 0x0, 0x0, 0x0,
    0x0, 0x0, 0x0, 0x0, 0x0,

    /* U+6211 "我" */
    0x0, 0x0, 0x0, 0x0, 0x0, 0x0, 0x0, 0x13,
    0x31, 0x0, 0x0, 0x0, 0x0, 0x0, 0x0, 0x0,
    0x0, 0x3, 0x7b, 0xf8, 0x4, 0xff, 0x60, 0x7,
    0x20, 0x0, 0x0, 0x0, 0x3, 0x69, 0xcf, 0xff,
    0xff, 0xf5, 0x3f, 0xf7, 0xc, 0xfe, 0x30, 0x0,
    0x0, 0xdf, 0xff, 0xff, 0xff, 0xfd, 0x95, 0x12,
    0xff, 0x70, 0x4f, 0xff, 0x30, 0x0, 0xa, 0xff,
    0xfd, 0xef, 0xf3, 0x0, 0x0, 0x1f, 0xf8, 0x0,
    0x4f, 0xfe, 0x20, 0x0, 0x24, 0x20, 0x7, 0xff,
    0x20, 0x0, 0x1, 0xff, 0x90, 0x0, 0x5f, 0xfd,
    0x0, 0x0, 0x0, 0x0, 0x7f, 0xf2, 0x0, 0x0,
    0xf, 0xf9, 0x0, 0x0, 0x8e, 0x40, 0x0, 0x0,
    0x0, 0x7, 0xff, 0x20, 0x0, 0x0, 0xff, 0xa0,
    0x0, 0x0, 0x10, 0x0, 0x16, 0x66, 0x66, 0xbf,
    0xf8, 0x66, 0x66, 0x6f, 0xfd, 0x66, 0x66, 0x66,
    0x64, 0x2, 0xff, 0xff, 0xff, 0xff, 0xff, 0xff,
    0xff, 0xff, 0xff, 0xff, 0xff, 0xff, 0xa0, 0x2f,
    0xff, 0xff, 0xff, 0xff, 0xff, 0xff, 0xff, 0xff,
    0xff, 0xff, 0xff, 0xfa, 0x0, 0x0, 0x0, 0x8,
    0xff, 0x20, 0x0, 0x0, 0x9f, 0xf1, 0x0, 0x0,
    0x0, 0x0, 0x0, 0x0, 0x0, 0x7f, 0xf2, 0x0,
    0x0, 0x7, 0xff, 0x30, 0x1, 0xb5, 0x0, 0x0,
    0x0, 0x0, 0x7, 0xff, 0x20, 0x0, 0x0, 0x4f,
    0xf5, 0x0, 0xaf, 0xf3, 0x0, 0x0, 0x0, 0x0,
    0x7f, 0xf4, 0x59, 0xcc, 0x2, 0xff, 0x80, 0x5f,
    0xf9, 0x0, 0x0, 0x0, 0x13, 0x6c, 0xff, 0xff,
    0xff, 0xf0, 0xf, 0xfc, 0x2f, 0xfe, 0x0, 0x0,
    0x5b, 0xef, 0xff, 0xff, 0xff, 0xfd, 0x96, 0x0,
    0xbf, 0xfd, 0xff, 0x40, 0x0, 0x5, 0xff, 0xff,
    0xff, 0xff, 0x50, 0x0, 0x0, 0x7, 0xff, 0xff,
    0x60, 0x0, 0x0, 0x1f, 0xc8, 0x52, 0x8f, 0xf2,
    0x0, 0x0, 0x0, 0x4f, 0xff, 0x80, 0x0, 0x10,
    0x0, 0x0, 0x0, 0x7, 0xff, 0x20, 0x0, 0x0,
    0x4e, 0xff, 0xe0, 0x0, 0xd, 0x40, 0x0, 0x0,
    0x0, 0x7f, 0xf2, 0x0, 0x0, 0x8f, 0xff, 0xff,
    0x30, 0x0, 0xff, 0x30, 0x0, 0x0, 0x7, 0xff,
    0x20, 0x3, 0xcf, 0xff, 0x9f, 0xfb, 0x0, 0x2f,
    0xf1, 0x0, 0x0, 0x0, 0x8f, 0xf2, 0x2a, 0xff,
    0xfe, 0x30, 0xbf, 0xf6, 0x5, 0xfe, 0x0, 0x8,
    0x99, 0x9e, 0xff, 0x13, 0xef, 0xfa, 0x10, 0x3,
    0xff, 0xfb, 0xef, 0xb0, 0x0, 0x7f, 0xff, 0xff,
    0xc0, 0x4, 0xc3, 0x0, 0x0, 0x6, 0xff, 0xff,
    0xf5, 0x0, 0x2, 0xff, 0xec, 0x91, 0x0, 0x0,
    0x0, 0x0, 0x0, 0x4, 0xdf, 0xf7, 0x0, 0x0,
    0x0, 0x0, 0x0, 0x0, 0x0, 0x0, 0x0, 0x0,
    0x0, 0x0, 0x0, 0x0, 0x0,

    /* U+6216 "或" */
    0x0, 0x0, 0x0, 0x0, 0x0, 0x0, 0x0, 0x34,
    0x40, 0x1, 0x10, 0x0, 0x0, 0x0, 0x0, 0x0,
    0x0, 0x0, 0x0, 0x0, 0xdf, 0xf0, 0xc, 0xf7,
    0x0, 0x0, 0x0, 0x0, 0x0, 0x0, 0x0, 0x0,
    0x0, 0xcf, 0xf0, 0x3e, 0xff, 0xe5, 0x0, 0x0,
    0x0, 0x0, 0x0, 0x0, 0x0, 0x0, 0xcf, 0xf0,
    0x0, 0x7f, 0xff, 0x40, 0x0, 0x0, 0x0, 0x0,
    0x0, 0x0, 0x0, 0xbf, 0xf1, 0x0, 0x4, 0xea,
    0x0, 0x1f, 0xff, 0xff, 0xff, 0xff, 0xff, 0xff,
    0xff, 0xff, 0xff, 0xff, 0xff, 0xf3, 0x1f, 0xff,
    0xff, 0xff, 0xff, 0xff, 0xff, 0xff, 0xff, 0xff,
    0xff, 0xff, 0xf3, 0x7, 0x77, 0x77, 0x77, 0x77,
    0x77, 0x77, 0xcf, 0xf9, 0x77, 0x77, 0x77, 0x71,
    0x0, 0x0, 0x0, 0x0, 0x0, 0x0, 0x0, 0x6f,
    0xf4, 0x0, 0x0, 0x0, 0x0, 0x0, 0x23, 0x33,
    0x33, 0x33, 0x33, 0x10, 0x4f, 0xf6, 0x0, 0x5,
    0x73, 0x0, 0x0, 0xaf, 0xff, 0xff, 0xff, 0xff,
    0x40, 0x3f, 0xf8, 0x0, 0xd, 0xff, 0x0, 0x0,
    0xaf, 0xff, 0xff, 0xff, 0xff, 0x40, 0x1f, 0xf9,
    0x0, 0x3f, 0xf9, 0x0, 0x0, 0xaf, 0xb0, 0x0,
    0x3, 0xff, 0x40, 0xf, 0xfc, 0x0, 0x9f, 0xf2,
    0x0, 0x0, 0xaf, 0xb0, 0x0, 0x3, 0xff, 0x40,
    0xd, 0xff, 0x1, 0xff, 0xc0, 0x0, 0x0, 0xaf,
    0xb0, 0x0, 0x3, 0xff, 0x40, 0xa, 0xff, 0x29,
    0xff, 0x50, 0x0, 0x0, 0xaf, 0xc1, 0x11, 0x15,
    0xff, 0x40, 0x7, 0xff, 0x7f, 0xfd, 0x0, 0x0,
    0x0, 0xaf, 0xff, 0xff, 0xff, 0xff, 0x40, 0x4,
    0xff, 0xff, 0xf3, 0x0, 0x0, 0x0, 0xaf, 0xff,
    0xff, 0xff, 0xff, 0x40, 0x0, 0xff, 0xff, 0x90,
    0x0, 0x0, 0x0, 0x1, 0x11, 0x11, 0x11, 0x11,
    0x0, 0x0, 0xbf, 0xfe, 0x10, 0x2, 0x0, 0x0,
    0x0, 0x0, 0x0, 0x1, 0x47, 0xb0, 0x2, 0xef,
    0xf8, 0x0, 0x7, 0xd4, 0x0, 0x0, 0x14, 0x7a,
    0xef, 0xff, 0xf2, 0x3e, 0xff, 0xfd, 0x0, 0x8,
    0xfc, 0x18, 0xbe, 0xff, 0xff, 0xff, 0xff, 0xc5,
    0xef, 0xff, 0xff, 0x60, 0xa, 0xfa, 0x1f, 0xff,
    0xff, 0xfe, 0xa7, 0x31, 0x8f, 0xff, 0xa3, 0xff,
    0xf3, 0xe, 0xf8, 0xe, 0xeb, 0x84, 0x10, 0x0,
    0x3d, 0xff, 0xf9, 0x0, 0x9f, 0xff, 0xdf, 0xf4,
    0x1, 0x0, 0x0, 0x0, 0x0, 0x5f, 0xff, 0x60,
    0x0, 0xc, 0xff, 0xff, 0xd0, 0x0, 0x0, 0x0,
    0x0, 0x0, 0x5, 0xc2, 0x0, 0x0, 0x0, 0x8d,
    0xeb, 0x10, 0x0, 0x0, 0x0, 0x0, 0x0, 0x0,
    0x0, 0x0, 0x0, 0x0, 0x0, 0x0, 0x0,

    /* U+6240 "所" */
    0x0, 0x0, 0x0, 0x0, 0x0, 0x0, 0x0, 0x0,
    0x0, 0x0, 0x0, 0x0, 0x0, 0x0, 0x0, 0x0,
    0x0, 0x0, 0x15, 0xa3, 0x0, 0x0, 0x0, 0x0,
    0x16, 0xbb, 0x0, 0x0, 0x0, 0x14, 0x69, 0xcf,
    0xff, 0xd0, 0x0, 0x3, 0x69, 0xdf, 0xff, 0xf7,
    0x0, 0x6, 0xef, 0xff, 0xff, 0xff, 0xfa, 0x26,
    0xdf, 0xff, 0xff, 0xff, 0xfa, 0x50, 0x0, 0x7f,
    0xff, 0xfc, 0xa7, 0x30, 0x0, 0x8f, 0xff, 0xfd,
    0xa7, 0x30, 0x0, 0x0, 0x7, 0xff, 0x20, 0x0,
    0x0, 0x0, 0x8, 0xff, 0x40, 0x0, 0x0, 0x0,
    0x0, 0x0, 0x7f, 0xf1, 0x0, 0x0, 0x0, 0x0,
    0x8f, 0xf1, 0x0, 0x0, 0x0, 0x0, 0x0, 0x7,
    0xff, 0x77, 0x77, 0x77, 0x72, 0x8, 0xff, 0x10,
    0x0, 0x0, 0x0, 0x0, 0x0, 0x7f, 0xff, 0xff,
    0xff, 0xff, 0x60, 0x8f, 0xf1, 0x0, 0x0, 0x0,
    0x0, 0x0, 0x7, 0xff, 0xee, 0xee, 0xef, 0xf6,
    0x8, 0xff, 0x20, 0x0, 0x0, 0x0, 0x0, 0x0,
    0x7f, 0xf1, 0x0, 0x1, 0xff, 0x60, 0x8f, 0xff,
    0xff, 0xff, 0xff, 0xff, 0x60, 0x7, 0xff, 0x10,
    0x0, 0x1f, 0xf6, 0x8, 0xff, 0xff, 0xff, 0xff,
    0xff, 0xf6, 0x0, 0x7f, 0xf1, 0x0, 0x1, 0xff,
    0x60, 0x8f, 0xf8, 0x77, 0x7f, 0xfc, 0x77, 0x20,
    0x8, 0xff, 0x42, 0x22, 0x4f, 0xf6, 0x8, 0xff,
    0x10, 0x0, 0xef, 0xa0, 0x0, 0x0, 0x8f, 0xff,
    0xff, 0xff, 0xff, 0x60, 0x9f, 0xf0, 0x0, 0xe,
    0xfa, 0x0, 0x0, 0x8, 0xff, 0xff, 0xff, 0xff,
    0xf6, 0xa, 0xff, 0x0, 0x0, 0xef, 0xa0, 0x0,
    0x0, 0x9f, 0xf2, 0x22, 0x22, 0x22, 0x10, 0xcf,
    0xd0, 0x0, 0xe, 0xfa, 0x0, 0x0, 0xa, 0xfd,
    0x0, 0x0, 0x0, 0x0, 0xf, 0xfb, 0x0, 0x0,
    0xef, 0xa0, 0x0, 0x0, 0xcf, 0xb0, 0x0, 0x0,
    0x0, 0x1, 0xff, 0x80, 0x0, 0xe, 0xfa, 0x0,
    0x0, 0xe, 0xf9, 0x0, 0x0, 0x0, 0x0, 0x7f,
    0xf5, 0x0, 0x0, 0xef, 0xa0, 0x0, 0x1, 0xff,
    0x70, 0x0, 0x0, 0x0, 0xc, 0xff, 0x0, 0x0,
    0xe, 0xfa, 0x0, 0x0, 0x4f, 0xf5, 0x0, 0x0,
    0x0, 0x2, 0xff, 0xa0, 0x0, 0x0, 0xef, 0xa0,
    0x0, 0x9, 0xff, 0x10, 0x0, 0x0, 0x0, 0xbf,
    0xf4, 0x0, 0x0, 0xe, 0xfa, 0x0, 0x0, 0xff,
    0xd0, 0x0, 0x0, 0x0, 0x5f, 0xfd, 0x0, 0x0,
    0x0, 0xef, 0xa0, 0x0, 0x4f, 0xf7, 0x0, 0x0,
    0x0, 0xd, 0xff, 0x30, 0x0, 0x0, 0xe, 0xfa,
    0x0, 0x0, 0x3d, 0x10, 0x0, 0x0, 0x0, 0x1c,
    0x70, 0x0, 0x0, 0x0, 0xef, 0xa0, 0x0, 0x0,
    0x0, 0x0, 0x0, 0x0, 0x0, 0x0, 0x0, 0x0,
    0x0, 0x0, 0x0, 0x0, 0x0,

    /* U+6253 "打" */
    0x0, 0x0, 0x6, 0x75, 0x0, 0x0, 0x0, 0x0,
    0x0, 0x0, 0x0, 0x0, 0x0, 0x0, 0x0, 0x0,
    0xdf, 0xb0, 0x0, 0x0, 0x0, 0x0, 0x0, 0x0,
    0x0, 0x0, 0x0, 0x0, 0x0, 0xd, 0xfb, 0x0,
    0x1, 0x33, 0x33, 0x33, 0x33, 0x33, 0x33, 0x33,
    0x20, 0x0, 0x0, 0xdf, 0xb0, 0x0, 0x6f, 0xff,
    0xff, 0xff, 0xff, 0xff, 0xff, 0xfa, 0x0, 0x0,
    0xd, 0xfb, 0x0, 0x6, 0xff, 0xff, 0xff, 0xff,
    0xff, 0xff, 0xff, 0xa0, 0x0, 0x0, 0xef, 0xc0,
    0x0, 0x25, 0x55, 0x55, 0x55, 0xff, 0xe5, 0x55,
    0x53, 0xc, 0xff, 0xff, 0xff, 0xff, 0xf4, 0x0,
    0x0, 0x0, 0xe, 0xfe, 0x0, 0x0, 0x0, 0xcf,
    0xff, 0xff, 0xff, 0xff, 0x40, 0x0, 0x0, 0x0,
    0xef, 0xe0, 0x0, 0x0, 0x5, 0x66, 0x6e, 0xfd,
    0x66, 0x62, 0x0, 0x0, 0x0, 0xe, 0xfe, 0x0,
    0x0, 0x0, 0x0, 0x0, 0xdf, 0xb0, 0x0, 0x0,
    0x0, 0x0, 0x0, 0xef, 0xe0, 0x0, 0x0, 0x0,
    0x0, 0xd, 0xfb, 0x0, 0x0, 0x0, 0x0, 0x0,
    0xe, 0xfe, 0x0, 0x0, 0x0, 0x0, 0x0, 0xdf,
    0xb0, 0x0, 0x0, 0x0, 0x0, 0x0, 0xef, 0xe0,
    0x0, 0x0, 0x0, 0x0, 0xd, 0xfb, 0x3, 0x83,
    0x0, 0x0, 0x0, 0xe, 0xfe, 0x0, 0x0, 0x0,
    0x0, 0x0, 0xef, 0xff, 0xff, 0x70, 0x0, 0x0,
    0x0, 0xef, 0xe0, 0x0, 0x0, 0x2, 0x6a, 0xef,
    0xff, 0xff, 0xf7, 0x0, 0x0, 0x0, 0xe, 0xfe,
    0x0, 0x0, 0x0, 0xef, 0xff, 0xff, 0xf9, 0x51,
    0x0, 0x0, 0x0, 0x0, 0xef, 0xe0, 0x0, 0x0,
    0x9, 0xff, 0xcf, 0xfb, 0x0, 0x0, 0x0, 0x0,
    0x0, 0xe, 0xfe, 0x0, 0x0, 0x0, 0x35, 0x0,
    0xdf, 0xb0, 0x0, 0x0, 0x0, 0x0, 0x0, 0xef,
    0xe0, 0x0, 0x0, 0x0, 0x0, 0xd, 0xfb, 0x0,
    0x0, 0x0, 0x0, 0x0, 0xe, 0xfe, 0x0, 0x0,
    0x0, 0x0, 0x0, 0xdf, 0xb0, 0x0, 0x0, 0x0,
    0x0, 0x0, 0xef, 0xe0, 0x0, 0x0, 0x0, 0x0,
    0xd, 0xfb, 0x0, 0x0, 0x0, 0x0, 0x0, 0xe,
    0xfe, 0x0, 0x0, 0x0, 0x0, 0x0, 0xdf, 0xb0,
    0x0, 0x0, 0x0, 0x0, 0x0, 0xef, 0xe0, 0x0,
    0x0, 0x0, 0x0, 0xd, 0xfb, 0x0, 0x0, 0x0,
    0x0, 0x0, 0xf, 0xfe, 0x0, 0x0, 0x0, 0x6,
    0x67, 0xff, 0xa0, 0x0, 0x0, 0xa, 0xaa, 0xab,
    0xff, 0xd0, 0x0, 0x0, 0x0, 0xdf, 0xff, 0xf7,
    0x0, 0x0, 0x0, 0xaf, 0xff, 0xff, 0xf8, 0x0,
    0x0, 0x0, 0x8, 0xff, 0xd7, 0x0, 0x0, 0x0,
    0x5, 0xff, 0xff, 0xd8, 0x0, 0x0, 0x0, 0x0,
    0x0, 0x0, 0x0, 0x0, 0x0, 0x0, 0x2, 0x11,
    0x0, 0x0, 0x0, 0x0, 0x0,

    /* U+62A4 "护" */
    0x0, 0x0, 0x47, 0x60, 0x0, 0x0, 0x0, 0x0,
    0x3, 0x0, 0x0, 0x0, 0x0, 0x0, 0x0, 0xaf,
    0xe0, 0x0, 0x0, 0x0, 0x2, 0xdf, 0x90, 0x0,
    0x0, 0x0, 0x0, 0x0, 0xaf, 0xe0, 0x0, 0x0,
    0x0, 0x0, 0xbf, 0xf5, 0x0, 0x0, 0x0, 0x0,
    0x0, 0xaf, 0xe0, 0x0, 0x0, 0x0, 0x0, 0x1f,
    0xfe, 0x0, 0x0, 0x0, 0x0, 0x0, 0xaf, 0xe0,
    0x0, 0x0, 0x0, 0x0, 0x8, 0xfe, 0x30, 0x0,
    0x0, 0x0, 0x0, 0xaf, 0xe0, 0x0, 0x5, 0xaa,
    0xaa, 0xab, 0xfb, 0xaa, 0xaa, 0xa0, 0x4f, 0xff,
    0xff, 0xff, 0xfe, 0x8, 0xff, 0xff, 0xff, 0xff,
    0xff, 0xff, 0xf1, 0x4f, 0xff, 0xff, 0xff, 0xfe,
    0x8, 0xff, 0xaa, 0xaa, 0xaa, 0xaa, 0xdf, 0xf1,
    0x17, 0x77, 0xcf, 0xf7, 0x76, 0x8, 0xff, 0x10,
    0x0, 0x0, 0x0, 0x7f, 0xf1, 0x0, 0x0, 0xaf,
    0xe0, 0x0, 0x8, 0xff, 0x10, 0x0, 0x0, 0x0,
    0x7f, 0xf1, 0x0, 0x0, 0xaf, 0xe0, 0x0, 0x8,
    0xff, 0x10, 0x0, 0x0, 0x0, 0x7f, 0xf1, 0x0,
    0x0, 0xaf, 0xe0, 0x0, 0x8, 0xff, 0x10, 0x0,
    0x0, 0x0, 0x7f, 0xf1, 0x0, 0x0, 0xaf, 0xe0,
    0x35, 0x8, 0xff, 0x88, 0x88, 0x88, 0x88, 0xcf,
    0xf1, 0x0, 0x0, 0xaf, 0xfe, 0xfe, 0x9, 0xff,
    0xff, 0xff, 0xff, 0xff, 0xff, 0xf1, 0x4, 0x8c,
    0xff, 0xff, 0xff, 0x9, 0xff, 0xff, 0xff, 0xff,
    0xff, 0xff, 0xf1, 0x9f, 0xff, 0xff, 0xf9, 0x40,
    0xa, 0xff, 0x0, 0x0, 0x0, 0x0, 0x7f, 0xf1,
    0x5f, 0xfb, 0xdf, 0xe0, 0x0, 0xc, 0xfd, 0x0,
    0x0, 0x0, 0x0, 0x48, 0x80, 0x15, 0x0, 0xaf,
    0xe0, 0x0, 0xe, 0xfb, 0x0, 0x0, 0x0, 0x0,
    0x0, 0x0, 0x0, 0x0, 0xaf, 0xe0, 0x0, 0x1f,
    0xf9, 0x0, 0x0, 0x0, 0x0, 0x0, 0x0, 0x0,
    0x0, 0xaf, 0xe0, 0x0, 0x5f, 0xf5, 0x0, 0x0,
    0x0, 0x0, 0x0, 0x0, 0x0, 0x0, 0xaf, 0xe0,
    0x0, 0xbf, 0xf2, 0x0, 0x0, 0x0, 0x0, 0x0,
    0x0, 0x0, 0x0, 0xaf, 0xe0, 0x1, 0xff, 0xc0,
    0x0, 0x0, 0x0, 0x0, 0x0, 0x0, 0x0, 0x0,
    0xaf, 0xe0, 0xa, 0xff, 0x60, 0x0, 0x0, 0x0,
    0x0, 0x0, 0x0, 0x5, 0x88, 0xef, 0xd0, 0x4f,
    0xff, 0x10, 0x0, 0x0, 0x0, 0x0, 0x0, 0x0,
    0x5, 0xff, 0xff, 0x90, 0x7f, 0xf6, 0x0, 0x0,
    0x0, 0x0, 0x0, 0x0, 0x0, 0x1, 0xff, 0xd8,
    0x0, 0x6, 0xb0, 0x0, 0x0, 0x0, 0x0, 0x0,
    0x0, 0x0, 0x0, 0x0, 0x0, 0x0, 0x0, 0x0,
    0x0, 0x0, 0x0, 0x0, 0x0, 0x0, 0x0,

    /* U+62A5 "报" */
    0x0, 0x0, 0x7a, 0xa0, 0x0, 0x0, 0x0, 0x0,
    0x0, 0x0, 0x0, 0x0, 0x0, 0x0, 0x0, 0xa,
    0xff, 0x0, 0x0, 0x77, 0x77, 0x77, 0x77, 0x77,
    0x77, 0x72, 0x0, 0x0, 0x0, 0xaf, 0xf0, 0x0,
    0xf, 0xff, 0xff, 0xff, 0xff, 0xff, 0xff, 0x50,
    0x0, 0x0, 0xa, 0xff, 0x0, 0x0, 0xff, 0xff,
    0xff, 0xff, 0xff, 0xff, 0xf4, 0x0, 0x0, 0x0,
    0xaf, 0xf0, 0x0, 0xf, 0xf7, 0x0, 0x0, 0x0,
    0x6, 0xff, 0x30, 0x0, 0x0, 0xa, 0xff, 0x0,
    0x0, 0xff, 0x70, 0x0, 0x0, 0x0, 0x7f, 0xf2,
    0x0, 0x5e, 0xee, 0xff, 0xfe, 0xed, 0xf, 0xf7,
    0x0, 0x0, 0x0, 0x9, 0xff, 0x0, 0x6, 0xff,
    0xff, 0xff, 0xff, 0xe0, 0xff, 0x70, 0x5, 0x54,
    0x45, 0xef, 0xd0, 0x0, 0x4b, 0xbb, 0xef, 0xfb,
    0xba, 0xf, 0xf7, 0x0, 0xaf, 0xff, 0xff, 0xf8,
    0x0, 0x0, 0x0, 0xa, 0xff, 0x0, 0x0, 0xff,
    0x70, 0x4, 0xcc, 0xdc, 0xb6, 0x0, 0x0, 0x0,
    0x0, 0xaf, 0xf0, 0x0, 0xf, 0xf7, 0x0, 0x0,
    0x0, 0x0, 0x0, 0x0, 0x0, 0x0, 0xa, 0xff,
    0x0, 0x0, 0xff, 0xff, 0xff, 0xff, 0xff, 0xff,
    0xfb, 0x0, 0x0, 0x0, 0xaf, 0xf0, 0x36, 0xf,
    0xff, 0xff, 0xff, 0xff, 0xff, 0xff, 0xd0, 0x0,
    0x0, 0xb, 0xff, 0xef, 0xf0, 0xff, 0xbe, 0xfc,
    0x66, 0x66, 0x6f, 0xf8, 0x0, 0x26, 0xae, 0xff,
    0xff, 0xff, 0x2f, 0xf7, 0x7f, 0xf1, 0x0, 0x4,
    0xff, 0x40, 0xa, 0xff, 0xff, 0xff, 0xa6, 0x10,
    0xff, 0x71, 0xff, 0x80, 0x0, 0xaf, 0xf0, 0x0,
    0x6f, 0xfc, 0xef, 0xf0, 0x0, 0xf, 0xf7, 0x9,
    0xff, 0x10, 0x1f, 0xfa, 0x0, 0x1, 0x51, 0xa,
    0xff, 0x0, 0x0, 0xff, 0x70, 0x2f, 0xfb, 0xa,
    0xff, 0x10, 0x0, 0x0, 0x0, 0xaf, 0xf0, 0x0,
    0xf, 0xf7, 0x0, 0x7f, 0xf9, 0xff, 0x80, 0x0,
    0x0, 0x0, 0xa, 0xff, 0x0, 0x0, 0xff, 0x70,
    0x0, 0xcf, 0xff, 0xe0, 0x0, 0x0, 0x0, 0x0,
    0xaf, 0xf0, 0x0, 0xf, 0xf7, 0x0, 0x3, 0xff,
    0xf8, 0x0, 0x0, 0x0, 0x0, 0xa, 0xff, 0x0,
    0x0, 0xff, 0x70, 0x1, 0xcf, 0xff, 0xf6, 0x0,
    0x0, 0x0, 0x0, 0xbf, 0xf0, 0x0, 0xf, 0xf7,
    0x2, 0xdf, 0xfd, 0xff, 0xfa, 0x10, 0x3, 0x76,
    0x7e, 0xfe, 0x0, 0x0, 0xff, 0x88, 0xff, 0xfa,
    0x6, 0xff, 0xff, 0x80, 0x4f, 0xff, 0xff, 0xa0,
    0x0, 0xf, 0xfc, 0xff, 0xf8, 0x0, 0x3, 0xef,
    0xf6, 0x0, 0xef, 0xfd, 0x90, 0x0, 0x0, 0xff,
    0x77, 0xd3, 0x0, 0x0, 0x0, 0x89, 0x0, 0x0,
    0x0, 0x0, 0x0, 0x0, 0x0, 0x0, 0x0, 0x0,
    0x0, 0x0, 0x0, 0x0, 0x0,

    /* U+6301 "持" */
    0x0, 0x0, 0x33, 0x0, 0x0, 0x0, 0x0, 0x0,
    0x2, 0x20, 0x0, 0x0, 0x0, 0x0, 0x0, 0x2f,
    0xf3, 0x0, 0x0, 0x0, 0x0, 0x5, 0xff, 0x20,
    0x0, 0x0, 0x0, 0x0, 0x2, 0xff, 0x30, 0x0,
    0x0, 0x0, 0x0, 0x5f, 0xf2, 0x0, 0x0, 0x0,
    0x0, 0x0, 0x2f, 0xf3, 0x0, 0x0, 0x0, 0x0,
    0x5, 0xff, 0x20, 0x0, 0x0, 0x0, 0x0, 0x2,
    0xff, 0x30, 0x0, 0x2f, 0xff, 0xff, 0xff, 0xff,
    0xff, 0xff, 0xe0, 0x0, 0x0, 0x3f, 0xf4, 0x0,
    0x2, 0xff, 0xff, 0xff, 0xff, 0xff, 0xff, 0xfe,
    0x0, 0x8f, 0xff, 0xff, 0xff, 0xe0, 0x4, 0x44,
    0x44, 0x8f, 0xf6, 0x44, 0x44, 0x40, 0x8, 0xff,
    0xff, 0xff, 0xfe, 0x0, 0x0, 0x0, 0x5, 0xff,
    0x20, 0x0, 0x0, 0x0, 0x35, 0x57, 0xff, 0x85,
    0x50, 0x0, 0x0, 0x0, 0x5f, 0xf2, 0x0, 0x0,
    0x0, 0x0, 0x0, 0x2f, 0xf3, 0x0, 0x47, 0x77,
    0x77, 0x7a, 0xff, 0x87, 0x77, 0x77, 0x71, 0x0,
    0x2, 0xff, 0x30, 0x9, 0xff, 0xff, 0xff, 0xff,
    0xff, 0xff, 0xff, 0xff, 0x30, 0x0, 0x2f, 0xf3,
    0x0, 0x8e, 0xee, 0xee, 0xee, 0xee, 0xef, 0xff,
    0xee, 0xe3, 0x0, 0x2, 0xff, 0x30, 0x20, 0x0,
    0x0, 0x0, 0x0, 0x0, 0xbf, 0xc0, 0x0, 0x0,
    0x0, 0x2f, 0xfc, 0xfd, 0x0, 0x0, 0x0, 0x0,
    0x0, 0xb, 0xfc, 0x0, 0x0, 0x4, 0x8d, 0xff,
    0xff, 0xf2, 0x66, 0x66, 0x66, 0x66, 0x66, 0xdf,
    0xd6, 0x66, 0xd, 0xff, 0xff, 0xfd, 0x72, 0x4f,
    0xff, 0xff, 0xff, 0xff, 0xff, 0xff, 0xff, 0xf0,
    0x9f, 0xfc, 0xff, 0x30, 0x4, 0xff, 0xff, 0xff,
    0xff, 0xff, 0xff, 0xff, 0xff, 0x3, 0x50, 0x2f,
    0xf3, 0x0, 0x0, 0x0, 0x50, 0x0, 0x0, 0xb,
    0xfc, 0x0, 0x0, 0x0, 0x2, 0xff, 0x30, 0x0,
    0x2, 0xef, 0x80, 0x0, 0x0, 0xbf, 0xc0, 0x0,
    0x0, 0x0, 0x2f, 0xf3, 0x0, 0x0, 0xb, 0xff,
    0x40, 0x0, 0xb, 0xfc, 0x0, 0x0, 0x0, 0x2,
    0xff, 0x30, 0x0, 0x0, 0x1e, 0xfe, 0x0, 0x0,
    0xbf, 0xc0, 0x0, 0x0, 0x0, 0x2f, 0xf3, 0x0,
    0x0, 0x0, 0x4f, 0xf8, 0x0, 0xb, 0xfc, 0x0,
    0x0, 0x0, 0x2, 0xff, 0x30, 0x0, 0x0, 0x0,
    0xbc, 0x30, 0x0, 0xbf, 0xc0, 0x0, 0x0, 0x66,
    0x8f, 0xf2, 0x0, 0x0, 0x0, 0x1, 0x3, 0x55,
    0x5d, 0xfb, 0x0, 0x0, 0xc, 0xff, 0xff, 0x0,
    0x0, 0x0, 0x0, 0x0, 0x4f, 0xff, 0xff, 0x80,
    0x0, 0x0, 0x7f, 0xeb, 0x30, 0x0, 0x0, 0x0,
    0x0, 0x0, 0xef, 0xfe, 0xa0, 0x0, 0x0, 0x0,
    0x0, 0x0, 0x0, 0x0, 0x0, 0x0, 0x0, 0x1,
    0x10, 0x0, 0x0, 0x0, 0x0,

    /* U+6309 "按" */
    0x0, 0x0, 0x2a, 0xa2, 0x0, 0x0, 0x0, 0x0,
    0x49, 0xb1, 0x0, 0x0, 0x0, 0x0, 0x0, 0x3,
    0xff, 0x30, 0x0, 0x0, 0x0, 0x6, 0xff, 0x60,
    0x0, 0x0, 0x0, 0x0, 0x0, 0x3f, 0xf3, 0x0,
    0x0, 0x0, 0x0, 0x1f, 0xfa, 0x0, 0x0, 0x0,
    0x0, 0x0, 0x3, 0xff, 0x30, 0x0, 0x22, 0x22,
    0x22, 0xef, 0xf2, 0x22, 0x22, 0x21, 0x0, 0x0,
    0x3f, 0xf3, 0x0, 0x4f, 0xff, 0xff, 0xff, 0xff,
    0xff, 0xff, 0xff, 0x70, 0x0, 0x4, 0xff, 0x40,
    0x4, 0xff, 0xff, 0xff, 0xff, 0xff, 0xff, 0xff,
    0xf7, 0xc, 0xff, 0xff, 0xff, 0xff, 0x5f, 0xf5,
    0x33, 0x33, 0x33, 0x33, 0x34, 0xff, 0x70, 0xcf,
    0xff, 0xff, 0xff, 0xf5, 0xff, 0x20, 0xb, 0x95,
    0x0, 0x0, 0x1f, 0xf7, 0x4, 0x55, 0x8f, 0xf8,
    0x55, 0x4f, 0xf2, 0x5, 0xff, 0x70, 0x0, 0x1,
    0xff, 0x70, 0x0, 0x3, 0xff, 0x30, 0x2, 0x88,
    0x10, 0xaf, 0xf2, 0x0, 0x0, 0x8, 0x83, 0x0,
    0x0, 0x3f, 0xf3, 0x0, 0x0, 0x0, 0xe, 0xfd,
    0x0, 0x0, 0x0, 0x0, 0x0, 0x0, 0x3, 0xff,
    0x30, 0x6, 0x66, 0x68, 0xff, 0xc6, 0x66, 0x66,
    0x66, 0x65, 0x0, 0x0, 0x3f, 0xf3, 0x2, 0xff,
    0xff, 0xff, 0xff, 0xff, 0xff, 0xff, 0xff, 0xd0,
    0x0, 0x3, 0xff, 0x30, 0x5f, 0xee, 0xff, 0xff,
    0xee, 0xee, 0xff, 0xfe, 0xec, 0x0, 0x0, 0x3f,
    0xfc, 0xff, 0x50, 0x8, 0xff, 0x50, 0x0, 0xe,
    0xfe, 0x0, 0x0, 0x15, 0xae, 0xff, 0xff, 0xf6,
    0x1, 0xff, 0xd0, 0x0, 0x3, 0xff, 0x90, 0x0,
    0x1f, 0xff, 0xff, 0xfb, 0x61, 0x0, 0x8f, 0xf5,
    0x0, 0x0, 0x8f, 0xf4, 0x0, 0x0, 0xdf, 0xdb,
    0xff, 0x30, 0x0, 0x1f, 0xff, 0x40, 0x0, 0x1e,
    0xfe, 0x0, 0x0, 0x4, 0x20, 0x3f, 0xf3, 0x0,
    0x2, 0xcf, 0xff, 0xc4, 0x9, 0xff, 0x60, 0x0,
    0x0, 0x0, 0x3, 0xff, 0x30, 0x0, 0x0, 0x4c,
    0xff, 0xfc, 0xff, 0xc0, 0x0, 0x0, 0x0, 0x0,
    0x3f, 0xf3, 0x0, 0x0, 0x0, 0x5, 0xdf, 0xff,
    0xf6, 0x0, 0x0, 0x0, 0x0, 0x3, 0xff, 0x30,
    0x0, 0x0, 0x0, 0x2a, 0xff, 0xff, 0xf9, 0x10,
    0x0, 0x0, 0x0, 0x3f, 0xf3, 0x0, 0x0, 0x2,
    0x9f, 0xff, 0xd8, 0xff, 0xff, 0x70, 0x0, 0x25,
    0x48, 0xff, 0x30, 0x5, 0x9e, 0xff, 0xff, 0x70,
    0x2, 0xbf, 0xff, 0xc2, 0x2, 0xff, 0xff, 0xf0,
    0x0, 0xaf, 0xff, 0xfa, 0x20, 0x0, 0x0, 0x6f,
    0xff, 0x50, 0xd, 0xfe, 0xb4, 0x0, 0x1, 0xfb,
    0x61, 0x0, 0x0, 0x0, 0x0, 0x2c, 0x60, 0x0,
    0x0, 0x0, 0x0, 0x0, 0x0, 0x0, 0x0, 0x0,
    0x0, 0x0, 0x0, 0x0, 0x0,

    /* U+636E "据" */
    0x0, 0x0, 0x36, 0x60, 0x0, 0x0, 0x0, 0x0,
    0x0, 0x0, 0x0, 0x0, 0x0, 0x0, 0x0, 0x7,
    0xfe, 0x0, 0x0, 0x44, 0x44, 0x44, 0x44, 0x44,
    0x44, 0x44, 0x40, 0x0, 0x0, 0x7f, 0xe0, 0x0,
    0xf, 0xff, 0xff, 0xff, 0xff, 0xff, 0xff, 0xfe,
    0x0, 0x0, 0x7, 0xfe, 0x0, 0x0, 0xff, 0xff,
    0xff, 0xff, 0xff, 0xff, 0xff, 0xe0, 0x0, 0x0,
    0x7f, 0xe0, 0x0, 0xf, 0xf9, 0x0, 0x0, 0x0,
    0x0, 0x8, 0xfe, 0x0, 0x0, 0x7, 0xfe, 0x0,
    0x0, 0xff, 0x90, 0x0, 0x0, 0x0, 0x0, 0x8f,
    0xe0, 0xb, 0xff, 0xff, 0xff, 0xfe, 0xf, 0xf9,
    0x0, 0x0, 0x0, 0x0, 0x8, 0xfe, 0x0, 0xbf,
    0xff, 0xff, 0xff, 0xe0, 0xff, 0xff, 0xff, 0xff,
    0xff, 0xff, 0xff, 0xe0, 0x4, 0x55, 0xaf, 0xf5,
    0x55, 0xf, 0xff, 0xff, 0xff, 0xff, 0xff, 0xff,
    0xfe, 0x0, 0x0, 0x7, 0xfe, 0x0, 0x0, 0xff,
    0xa3, 0x33, 0x3a, 0xff, 0x33, 0x33, 0x30, 0x0,
    0x0, 0x7f, 0xe0, 0x0, 0xf, 0xf9, 0x0, 0x0,
    0x8f, 0xe0, 0x0, 0x0, 0x0, 0x0, 0x7, 0xfe,
    0x0, 0x0, 0xff, 0x80, 0x0, 0x8, 0xfe, 0x0,
    0x0, 0x0, 0x0, 0x0, 0x7f, 0xe0, 0x24, 0xf,
    0xff, 0xff, 0xff, 0xff, 0xff, 0xff, 0xff, 0xa0,
    0x0, 0x7, 0xff, 0xef, 0xc1, 0xff, 0xff, 0xff,
    0xff, 0xff, 0xff, 0xff, 0xfa, 0x3, 0x7c, 0xff,
    0xff, 0xfd, 0x2f, 0xf8, 0x33, 0x33, 0xaf, 0xf3,
    0x33, 0x33, 0x20, 0xef, 0xff, 0xff, 0x83, 0x4,
    0xff, 0x40, 0x0, 0x8, 0xfe, 0x0, 0x0, 0x0,
    0xa, 0xfb, 0xbf, 0xe0, 0x0, 0x6f, 0xf2, 0x0,
    0x0, 0x8f, 0xe0, 0x0, 0x0, 0x0, 0x10, 0x7,
    0xfe, 0x0, 0x8, 0xff, 0x5d, 0xdd, 0xdf, 0xff,
    0xdd, 0xdd, 0xd0, 0x0, 0x0, 0x7f, 0xe0, 0x0,
    0xbf, 0xd5, 0xff, 0xff, 0xff, 0xff, 0xff, 0xff,
    0x0, 0x0, 0x7, 0xfe, 0x0, 0xf, 0xfa, 0x5f,
    0xf4, 0x44, 0x44, 0x44, 0x8f, 0xf0, 0x0, 0x0,
    0x7f, 0xe0, 0x3, 0xff, 0x65, 0xfe, 0x0, 0x0,
    0x0, 0x4, 0xff, 0x0, 0x0, 0x7, 0xfe, 0x0,
    0x8f, 0xf1, 0x5f, 0xe0, 0x0, 0x0, 0x0, 0x4f,
    0xf0, 0x0, 0x0, 0x7f, 0xe0, 0x1f, 0xfc, 0x5,
    0xfe, 0x0, 0x0, 0x0, 0x4, 0xff, 0x0, 0x26,
    0x6b, 0xfd, 0x8, 0xff, 0x60, 0x5f, 0xff, 0xff,
    0xff, 0xff, 0xff, 0xf0, 0x1, 0xff, 0xff, 0xa0,
    0xef, 0xd0, 0x5, 0xff, 0xff, 0xff, 0xff, 0xff,
    0xff, 0x0, 0xd, 0xfe, 0x91, 0x1, 0xa4, 0x0,
    0x5f, 0xe2, 0x22, 0x22, 0x22, 0x6e, 0xe0,

    /* U+63A5 "接" */
    0x0, 0x0, 0x56, 0x30, 0x0, 0x0, 0x0, 0x0,
    0x1, 0x10, 0x0, 0x0, 0x0, 0x0, 0x0, 0xc,
    0xf8, 0x0, 0x0, 0x0, 0x0, 0xe, 0xfa, 0x0,
    0x0, 0x0, 0x0, 0x0, 0x0, 0xcf, 0x80, 0x0,
    0x0, 0x0, 0x0, 0x7f, 0xf3, 0x0, 0x0, 0x0,
    0x0, 0x0, 0xc, 0xf8, 0x0, 0x2, 0xbb, 0xbb,
    0xbc, 0xff, 0xeb, 0xbb, 0xbb, 0xa0, 0x0, 0x0,
    0xcf, 0x80, 0x0, 0x3f, 0xff, 0xff, 0xff, 0xff,
    0xff, 0xff, 0xfe, 0x0, 0x0, 0xd, 0xf9, 0x0,
    0x1, 0x77, 0x8c, 0x77, 0x77, 0x77, 0xb8, 0x77,
    0x60, 0xe, 0xff, 0xff, 0xff, 0xf2, 0x0, 0x1e,
    0xf4, 0x0, 0x0, 0x3f, 0xf5, 0x0, 0x0, 0xef,
    0xff, 0xff, 0xff, 0x20, 0x0, 0x9f, 0xe0, 0x0,
    0xb, 0xfd, 0x0, 0x0, 0x5, 0x55, 0xef, 0xb5,
    0x50, 0x0, 0x1, 0xff, 0x60, 0x3, 0xff, 0x40,
    0x0, 0x0, 0x0, 0xc, 0xf8, 0x0, 0x4, 0x44,
    0x4c, 0xb5, 0x44, 0xcf, 0xd4, 0x44, 0x42, 0x0,
    0x0, 0xcf, 0x80, 0x3, 0xff, 0xff, 0xff, 0xff,
    0xff, 0xff, 0xff, 0xff, 0x90, 0x0, 0xc, 0xf8,
    0x0, 0x3f, 0xff, 0xff, 0xff, 0xff, 0xff, 0xff,
    0xff, 0xf8, 0x0, 0x0, 0xcf, 0x80, 0x20, 0x0,
    0x0, 0x4, 0xeb, 0x20, 0x0, 0x0, 0x0, 0x0,
    0x0, 0xc, 0xfd, 0xef, 0x0, 0x0, 0x0, 0xcf,
    0xd0, 0x0, 0x0, 0x0, 0x0, 0x2, 0x7b, 0xff,
    0xff, 0xf4, 0x33, 0x33, 0x6f, 0xf9, 0x33, 0x33,
    0x33, 0x33, 0x32, 0xff, 0xff, 0xfe, 0x94, 0xbf,
    0xff, 0xff, 0xff, 0xff, 0xff, 0xff, 0xff, 0xfd,
    0xe, 0xfd, 0xff, 0x80, 0xa, 0xff, 0xff, 0xff,
    0xff, 0xff, 0xff, 0xff, 0xff, 0xd0, 0x52, 0xc,
    0xf8, 0x0, 0x0, 0x1, 0xef, 0xa0, 0x0, 0x3,
    0xff, 0x60, 0x0, 0x0, 0x0, 0xcf, 0x80, 0x0,
    0x0, 0xbf, 0xe1, 0x0, 0x0, 0xbf, 0xf1, 0x0,
    0x0, 0x0, 0xc, 0xf8, 0x0, 0x0, 0x6f, 0xfe,
    0x83, 0x0, 0x5f, 0xf9, 0x0, 0x0, 0x0, 0x0,
    0xcf, 0x80, 0x0, 0x5, 0xbf, 0xff, 0xfd, 0x8f,
    0xfd, 0x0, 0x0, 0x0, 0x0, 0xc, 0xf8, 0x0,
    0x0, 0x0, 0x16, 0xcf, 0xff, 0xff, 0x70, 0x0,
    0x0, 0x0, 0x0, 0xcf, 0x80, 0x0, 0x0, 0x0,
    0x38, 0xef, 0xff, 0xff, 0xc4, 0x0, 0x0, 0x36,
    0x6e, 0xf8, 0x0, 0x35, 0x7a, 0xef, 0xff, 0xf9,
    0x6e, 0xff, 0xfc, 0x30, 0x4, 0xff, 0xff, 0x50,
    0xb, 0xff, 0xff, 0xfd, 0x71, 0x0, 0x6, 0xef,
    0xfd, 0x0, 0xe, 0xec, 0x70, 0x0, 0x3f, 0xc9,
    0x62, 0x0, 0x0, 0x0, 0x0, 0x8e, 0x20, 0x0,
    0x0, 0x0, 0x0, 0x0, 0x0, 0x0, 0x0, 0x0,
    0x0, 0x0, 0x0, 0x0, 0x0,

    /* U+63D0 "提" */
    0x0, 0x0, 0x7a, 0x70, 0x0, 0x0, 0x0, 0x0,
    0x0, 0x0, 0x0, 0x0, 0x0, 0x0, 0x0, 0x0,
    0xaf, 0xb0, 0x0, 0x5, 0xcc, 0xcc, 0xcc, 0xcc,
    0xcc, 0xcc, 0xb0, 0x0, 0x0, 0x0, 0xaf, 0xb0,
    0x0, 0x7, 0xff, 0xff, 0xff, 0xff, 0xff, 0xff,
    0xe0, 0x0, 0x0, 0x0, 0xaf, 0xb0, 0x0, 0x7,
    0xfe, 0x11, 0x11, 0x11, 0x11, 0x9f, 0xe0, 0x0,
    0x0, 0x0, 0xaf, 0xb0, 0x0, 0x7, 0xfe, 0x0,
    0x0, 0x0, 0x0, 0x8f, 0xe0, 0x0, 0x0, 0x0,
    0xaf, 0xb0, 0x0, 0x7, 0xff, 0xcc, 0xcc, 0xcc,
    0xcc, 0xef, 0xe0, 0x0, 0xe, 0xff, 0xff, 0xff,
    0xfa, 0x7, 0xff, 0xff, 0xff, 0xff, 0xff, 0xff,
    0xe0, 0x0, 0xe, 0xff, 0xff, 0xff, 0xfa, 0x7,
    0xfe, 0x0, 0x0, 0x0, 0x0, 0x8f, 0xe0, 0x0,
    0x7, 0x88, 0xdf, 0xd8, 0x85, 0x7, 0xfe, 0x0,
    0x0, 0x0, 0x0, 0x9f, 0xe0, 0x0, 0x0, 0x0,
    0xaf, 0xb0, 0x0, 0x7, 0xff, 0xff, 0xff, 0xff,
    0xff, 0xff, 0xe0, 0x0, 0x0, 0x0, 0xaf, 0xb0,
    0x0, 0x6, 0xee, 0xee, 0xee, 0xee, 0xee, 0xee,
    0xd0, 0x0, 0x0, 0x0, 0xaf, 0xb0, 0x0, 0x0,
    0x0, 0x0, 0x0, 0x0, 0x0, 0x0, 0x0, 0x0,
    0x0, 0x0, 0xaf, 0xb2, 0x74, 0xbc, 0xcc, 0xcc,
    0xcc, 0xcc, 0xcc, 0xcc, 0xcc, 0x50, 0x0, 0x0,
    0xbf, 0xff, 0xf9, 0xef, 0xff, 0xff, 0xff, 0xff,
    0xff, 0xff, 0xff, 0x60, 0x7, 0xbf, 0xff, 0xff,
    0xf8, 0x44, 0x44, 0x44, 0x7f, 0xf7, 0x44, 0x44,
    0x44, 0x20, 0xf, 0xff, 0xff, 0xd5, 0x10, 0x0,
    0x86, 0x10, 0x3f, 0xf3, 0x0, 0x0, 0x0, 0x0,
    0xc, 0xe9, 0xcf, 0xb0, 0x0, 0x3, 0xff, 0x20,
    0x3f, 0xf3, 0x0, 0x0, 0x0, 0x0, 0x1, 0x0,
    0xaf, 0xb0, 0x0, 0x5, 0xff, 0x0, 0x3f, 0xfd,
    0xcc, 0xcc, 0xc0, 0x0, 0x0, 0x0, 0xaf, 0xb0,
    0x0, 0x9, 0xfd, 0x0, 0x3f, 0xff, 0xff, 0xff,
    0xf0, 0x0, 0x0, 0x0, 0xaf, 0xb0, 0x0, 0xe,
    0xff, 0x20, 0x3f, 0xf7, 0x44, 0x44, 0x40, 0x0,
    0x0, 0x0, 0xaf, 0xb0, 0x0, 0x3f, 0xff, 0x90,
    0x3f, 0xf3, 0x0, 0x0, 0x0, 0x0, 0x0, 0x0,
    0xaf, 0xb0, 0x0, 0xbf, 0xed, 0xf6, 0x3f, 0xf3,
    0x0, 0x0, 0x0, 0x0, 0x0, 0x0, 0xaf, 0xb0,
    0x4, 0xff, 0x64, 0xff, 0xbf, 0xf3, 0x0, 0x0,
    0x0, 0x0, 0x3, 0x66, 0xdf, 0xa0, 0x2e, 0xfe,
    0x0, 0x7f, 0xff, 0xfa, 0x76, 0x66, 0x66, 0x60,
    0x4, 0xff, 0xff, 0x70, 0xef, 0xf4, 0x0, 0x4,
    0xef, 0xff, 0xff, 0xff, 0xff, 0xd0, 0x0, 0xff,
    0xd8, 0x0, 0x3e, 0x50, 0x0, 0x0, 0x4, 0x9b,
    0xcd, 0xdd, 0xdd, 0x70, 0x0, 0x0, 0x0, 0x0,
    0x1, 0x0, 0x0, 0x0, 0x0, 0x0, 0x0, 0x0,
    0x0, 0x0,

    /* U+64A4 "撤" */
    0x0, 0x1, 0x88, 0x0, 0x0, 0x1, 0x55, 0x0,
    0x0, 0x0, 0x98, 0x10, 0x0, 0x0, 0x0, 0x3f,
    0xf0, 0x0, 0x0, 0x7f, 0xe0, 0x0, 0x0, 0x2f,
    0xf2, 0x0, 0x0, 0x0, 0x3, 0xff, 0x0, 0x0,
    0x1, 0xff, 0x40, 0x0, 0x4, 0xff, 0x0, 0x0,
    0x0, 0x0, 0x3f, 0xf0, 0x6, 0xbb, 0xbf, 0xfe,
    0xbb, 0xb3, 0x7f, 0xd0, 0x0, 0x0, 0x0, 0x3,
    0xff, 0x0, 0x8f, 0xff, 0xff, 0xff, 0xff, 0x49,
    0xfa, 0x0, 0x0, 0x0, 0x0, 0x3f, 0xf0, 0x3,
    0x57, 0xff, 0x85, 0x55, 0x51, 0xcf, 0xec, 0xcc,
    0xcb, 0xd, 0xff, 0xff, 0xff, 0x50, 0x8f, 0xb0,
    0x6b, 0x0, 0xf, 0xff, 0xff, 0xff, 0xe0, 0xdf,
    0xff, 0xff, 0xf5, 0x1f, 0xf2, 0x9, 0xf6, 0x2,
    0xff, 0x87, 0xcf, 0xe7, 0x5, 0x58, 0xff, 0x65,
    0x2b, 0xfb, 0x68, 0xbf, 0xe0, 0x7f, 0xd0, 0x9,
    0xfa, 0x0, 0x0, 0x3f, 0xf0, 0x6, 0xff, 0xff,
    0xff, 0xff, 0x4c, 0xfe, 0x0, 0xbf, 0x70, 0x0,
    0x3, 0xff, 0x0, 0x2f, 0xec, 0x97, 0x46, 0xfa,
    0xff, 0xf1, 0xd, 0xf5, 0x0, 0x0, 0x3f, 0xf0,
    0x0, 0x20, 0x0, 0x0, 0x12, 0xaf, 0xff, 0x30,
    0xff, 0x30, 0x0, 0x3, 0xff, 0x0, 0xe, 0xff,
    0xff, 0xff, 0xec, 0xfe, 0xf5, 0x1f, 0xf0, 0x0,
    0x0, 0x3f, 0xf7, 0xc5, 0xef, 0xee, 0xee, 0xfe,
    0x1d, 0x6f, 0x95, 0xfe, 0x0, 0x1, 0x5a, 0xff,
    0xff, 0x7e, 0xf3, 0x0, 0x3f, 0xe0, 0x2, 0xfc,
    0x8f, 0xa0, 0x2, 0xff, 0xff, 0xff, 0xc4, 0xef,
    0x51, 0x15, 0xfe, 0x0, 0xf, 0xfc, 0xf5, 0x0,
    0xe, 0xff, 0xff, 0x10, 0xe, 0xff, 0xff, 0xff,
    0xe0, 0x0, 0xbf, 0xff, 0x0, 0x0, 0x75, 0x4f,
    0xf0, 0x0, 0xef, 0xba, 0xab, 0xfe, 0x0, 0x6,
    0xff, 0xb0, 0x0, 0x0, 0x3, 0xff, 0x0, 0xe,
    0xf3, 0x0, 0x3f, 0xe0, 0x0, 0x2f, 0xf7, 0x0,
    0x0, 0x0, 0x3f, 0xf0, 0x0, 0xef, 0xdc, 0xcd,
    0xfe, 0x0, 0x5, 0xff, 0x70, 0x0, 0x0, 0x3,
    0xff, 0x0, 0xe, 0xff, 0xff, 0xff, 0xe0, 0x0,
    0xef, 0xff, 0x10, 0x0, 0x0, 0x3f, 0xf0, 0x0,
    0xef, 0x40, 0x4, 0xfe, 0x0, 0x8f, 0xfe, 0xf9,
    0x0, 0x0, 0x3, 0xff, 0x0, 0xe, 0xf3, 0x0,
    0x3f, 0xe0, 0x6f, 0xf7, 0x6f, 0xf6, 0x0, 0x13,
    0x7f, 0xf0, 0x0, 0xef, 0x31, 0x36, 0xfe, 0x5f,
    0xfc, 0x0, 0xcf, 0xf5, 0x4, 0xff, 0xfd, 0x0,
    0xe, 0xf3, 0x2f, 0xff, 0xde, 0xfe, 0x10, 0x2,
    0xef, 0x90, 0xf, 0xfc, 0x30, 0x0, 0xef, 0x30,
    0xcd, 0xa2, 0x3d, 0x20, 0x0, 0x3, 0xb0, 0x0,
    0x0, 0x0, 0x0, 0x0, 0x0, 0x0, 0x0, 0x0,
    0x0, 0x0, 0x0, 0x0, 0x0,

    /* U+6536 "收" */
    0x0, 0x0, 0x0, 0x0, 0x44, 0x20, 0x0, 0xa,
    0x73, 0x0, 0x0, 0x0, 0x0, 0x0, 0x0, 0x0,
    0x1, 0xff, 0x70, 0x0, 0x2f, 0xf9, 0x0, 0x0,
    0x0, 0x0, 0x0, 0x0, 0x0, 0x1, 0xff, 0x70,
    0x0, 0x5f, 0xf5, 0x0, 0x0, 0x0, 0x0, 0x3,
    0x88, 0x0, 0x1, 0xff, 0x70, 0x0, 0x8f, 0xf2,
    0x0, 0x0, 0x0, 0x0, 0x7, 0xff, 0x10, 0x1,
    0xff, 0x70, 0x0, 0xcf, 0xe0, 0x0, 0x0, 0x0,
    0x0, 0x7, 0xff, 0x10, 0x1, 0xff, 0x70, 0x1,
    0xff, 0xc3, 0x33, 0x33, 0x33, 0x32, 0x7, 0xff,
    0x10, 0x1, 0xff, 0x70, 0x6, 0xff, 0xff, 0xff,
    0xff, 0xff, 0xfb, 0x7, 0xff, 0x10, 0x1, 0xff,
    0x70, 0xb, 0xff, 0xff, 0xff, 0xff, 0xff, 0xfb,
    0x7, 0xff, 0x10, 0x1, 0xff, 0x70, 0x2f, 0xfd,
    0x44, 0x44, 0x4e, 0xfd, 0x43, 0x7, 0xff, 0x10,
    0x1, 0xff, 0x70, 0x9f, 0xfd, 0x0, 0x0, 0xf,
    0xf9, 0x0, 0x7, 0xff, 0x10, 0x1, 0xff, 0x72,
    0xff, 0xff, 0x20, 0x0, 0x4f, 0xf6, 0x0, 0x7,
    0xff, 0x10, 0x1, 0xff, 0x8c, 0xff, 0xff, 0x80,
    0x0, 0x7f, 0xf2, 0x0, 0x7, 0xff, 0x10, 0x1,
    0xff, 0xbf, 0xfc, 0x8f, 0xd0, 0x0, 0xbf, 0xe0,
    0x0, 0x7, 0xff, 0x10, 0x1, 0xff, 0x78, 0xf2,
    0x2f, 0xf3, 0x1, 0xff, 0x90, 0x0, 0x7, 0xff,
    0x10, 0x1, 0xff, 0x70, 0x40, 0xc, 0xfb, 0x7,
    0xff, 0x30, 0x0, 0x7, 0xff, 0x10, 0x1, 0xff,
    0x70, 0x0, 0x6, 0xff, 0x3d, 0xfc, 0x0, 0x0,
    0x7, 0xff, 0x11, 0x6b, 0xff, 0x70, 0x0, 0x0,
    0xdf, 0xdf, 0xf5, 0x0, 0x0, 0x9, 0xff, 0xdf,
    0xff, 0xff, 0x70, 0x0, 0x0, 0x6f, 0xff, 0xd0,
    0x0, 0x0, 0x2e, 0xff, 0xff, 0xfd, 0xff, 0x70,
    0x0, 0x0, 0xd, 0xff, 0x70, 0x0, 0x0, 0x2f,
    0xff, 0xd8, 0x21, 0xff, 0x70, 0x0, 0x0, 0x5f,
    0xff, 0xc0, 0x0, 0x0, 0xb, 0xb4, 0x0, 0x1,
    0xff, 0x70, 0x0, 0x4, 0xff, 0xff, 0xfb, 0x0,
    0x0, 0x0, 0x0, 0x0, 0x1, 0xff, 0x70, 0x0,
    0x4f, 0xff, 0x6c, 0xff, 0xa0, 0x0, 0x0, 0x0,
    0x0, 0x1, 0xff, 0x70, 0x9, 0xff, 0xf5, 0x1,
    0xdf, 0xfd, 0x30, 0x0, 0x0, 0x0, 0x1, 0xff,
    0x75, 0xef, 0xff, 0x60, 0x0, 0x1d, 0xff, 0xf7,
    0x0, 0x0, 0x0, 0x1, 0xff, 0x76, 0xff, 0xd3,
    0x0, 0x0, 0x1, 0xaf, 0xf4, 0x0, 0x0, 0x0,
    0x1, 0xff, 0x70, 0xa8, 0x0, 0x0, 0x0, 0x0,
    0x6, 0x60, 0x0, 0x0, 0x0, 0x0, 0x0, 0x0,
    0x0, 0x0, 0x0, 0x0, 0x0, 0x0, 0x0,

    /* U+6570 "数" */
    0x0, 0x0, 0x0, 0x44, 0x10, 0x0, 0x0, 0x0,
    0x0, 0x0, 0x0, 0x0, 0x0, 0x0, 0x5, 0x40,
    0xf, 0xf6, 0x0, 0xa4, 0x0, 0xb, 0xe8, 0x0,
    0x0, 0x0, 0x0, 0x6, 0xfe, 0x0, 0xff, 0x60,
    0x7f, 0xf2, 0x0, 0xef, 0x80, 0x0, 0x0, 0x0,
    0x0, 0xd, 0xf7, 0xf, 0xf6, 0x1e, 0xf6, 0x0,
    0xf, 0xf5, 0x0, 0x0, 0x0, 0x0, 0x0, 0x7f,
    0xd0, 0xff, 0x68, 0xfb, 0x0, 0x3, 0xff, 0x20,
    0x0, 0x0, 0x0, 0x1, 0x35, 0xb5, 0x3f, 0xf8,
    0x39, 0x43, 0x30, 0x7f, 0xf0, 0x0, 0x0, 0x0,
    0x0, 0x8f, 0xff, 0xff, 0xff, 0xff, 0xff, 0xfe,
    0xb, 0xff, 0xff, 0xff, 0xff, 0xf8, 0x7, 0xdd,
    0xdd, 0xff, 0xff, 0xed, 0xdd, 0xc0, 0xff, 0xff,
    0xff, 0xff, 0xff, 0x80, 0x0, 0x0, 0x7f, 0xff,
    0xfe, 0x40, 0x0, 0x5f, 0xfb, 0x66, 0x6d, 0xfc,
    0x63, 0x0, 0x0, 0x8f, 0xff, 0xfd, 0xff, 0xa1,
    0xb, 0xff, 0xa0, 0x0, 0xef, 0x70, 0x0, 0x2,
    0xbf, 0xf8, 0xff, 0x65, 0xff, 0xd2, 0xff, 0xfe,
    0x0, 0x1f, 0xf4, 0x0, 0x7, 0xff, 0xf6, 0xf,
    0xf6, 0x3, 0xe4, 0x9f, 0xff, 0xf2, 0x4, 0xff,
    0x10, 0x0, 0x4f, 0xd4, 0x0, 0xef, 0x60, 0x0,
    0x3f, 0xf9, 0xef, 0x60, 0x7f, 0xe0, 0x0, 0x0,
    0x50, 0x0, 0x98, 0x30, 0x0, 0x6, 0xfe, 0x19,
    0xfc, 0xc, 0xfa, 0x0, 0x0, 0x2, 0x22, 0x4f,
    0xf7, 0x22, 0x23, 0x3, 0x50, 0x5f, 0xf3, 0xff,
    0x50, 0x0, 0x0, 0xff, 0xff, 0xff, 0xff, 0xff,
    0xfd, 0x0, 0x0, 0xff, 0xdf, 0xf0, 0x0, 0x0,
    0xf, 0xff, 0xff, 0xff, 0xff, 0xff, 0x80, 0x0,
    0x9, 0xff, 0xf9, 0x0, 0x0, 0x0, 0x0, 0xbf,
    0xc0, 0x0, 0x3f, 0xf2, 0x0, 0x0, 0x3f, 0xff,
    0x30, 0x0, 0x0, 0x0, 0x5f, 0xf4, 0x0, 0xc,
    0xfb, 0x0, 0x0, 0x0, 0xef, 0xf0, 0x0, 0x0,
    0x0, 0xd, 0xff, 0xe7, 0x9, 0xfe, 0x10, 0x0,
    0x0, 0xaf, 0xff, 0x90, 0x0, 0x0, 0x0, 0x17,
    0xef, 0xff, 0xff, 0x50, 0x0, 0x0, 0x8f, 0xff,
    0xff, 0x50, 0x0, 0x0, 0x0, 0x0, 0x8f, 0xff,
    0xf4, 0x0, 0x0, 0x5f, 0xfc, 0x2e, 0xff, 0x20,
    0x0, 0x0, 0x1, 0x9f, 0xff, 0xff, 0xf9, 0x0,
    0x8f, 0xfd, 0x10, 0x4f, 0xff, 0x50, 0x0, 0x5a,
    0xff, 0xfc, 0x32, 0xbf, 0x33, 0xcf, 0xfe, 0x20,
    0x0, 0x7f, 0xff, 0x90, 0x8f, 0xff, 0xe6, 0x0,
    0x0, 0x21, 0xff, 0xfa, 0x10, 0x0, 0x0, 0x6f,
    0xfa, 0x0, 0xd9, 0x40, 0x0, 0x0, 0x0, 0x7,
    0xe5, 0x0, 0x0, 0x0, 0x0, 0x3b, 0x0, 0x0,
    0x0, 0x0, 0x0, 0x0, 0x0, 0x1, 0x0, 0x0,
    0x0, 0x0, 0x0, 0x0, 0x0,

    /* U+6574 "整" */
    0x0, 0x0, 0x0, 0x17, 0x70, 0x0, 0x0, 0x0,
    0x3, 0x40, 0x0, 0x0, 0x0, 0x0, 0x0, 0x0,
    0x2, 0xff, 0x10, 0x0, 0x0, 0x0, 0xcf, 0xc0,
    0x0, 0x0, 0x0, 0x7, 0xee, 0xee, 0xef, 0xfe,
    0xee, 0xee, 0x40, 0x3f, 0xf6, 0x0, 0x0, 0x0,
    0x0, 0x7f, 0xff, 0xff, 0xff, 0xff, 0xff, 0xf4,
    0x9, 0xff, 0x97, 0x77, 0x77, 0x72, 0x0, 0x0,
    0x0, 0x2f, 0xf1, 0x0, 0x0, 0x1, 0xff, 0xff,
    0xff, 0xff, 0xff, 0x50, 0x8, 0xaa, 0xab, 0xff,
    0xba, 0xaa, 0x70, 0xbf, 0xfc, 0xbb, 0xbf, 0xfe,
    0xb3, 0x0, 0xcf, 0xff, 0xff, 0xff, 0xff, 0xfa,
    0x8f, 0xff, 0x80, 0x1, 0xff, 0x50, 0x0, 0xc,
    0xf4, 0x2, 0xff, 0x10, 0x7f, 0xdf, 0xfd, 0xff,
    0x30, 0x9f, 0xe0, 0x0, 0x0, 0xcf, 0xb9, 0xaf,
    0xfa, 0x9c, 0xfa, 0x3c, 0x18, 0xfe, 0x5f, 0xf7,
    0x0, 0x0, 0xc, 0xff, 0xff, 0xff, 0xff, 0xff,
    0xa0, 0x0, 0xc, 0xff, 0xfc, 0x0, 0x0, 0x0,
    0x0, 0x9, 0xff, 0xf9, 0xd4, 0x0, 0x0, 0x0,
    0x5f, 0xff, 0x40, 0x0, 0x0, 0x0, 0xa, 0xff,
    0xff, 0xcf, 0xf9, 0x0, 0x0, 0x7f, 0xff, 0xfe,
    0x50, 0x0, 0x0, 0x5d, 0xfe, 0x6f, 0xf2, 0x5e,
    0xf6, 0x5, 0xcf, 0xfe, 0x7f, 0xff, 0xb4, 0x0,
    0xbf, 0xfe, 0x22, 0xff, 0x10, 0x2a, 0x1d, 0xff,
    0xfb, 0x10, 0x2d, 0xff, 0xf6, 0x2, 0xf9, 0x10,
    0x2e, 0xe1, 0x0, 0x0, 0x5f, 0xc4, 0x0, 0x0,
    0x18, 0xfd, 0x0, 0x1, 0x55, 0x55, 0x55, 0x55,
    0x55, 0x55, 0x85, 0x55, 0x55, 0x55, 0x55, 0x20,
    0x0, 0xf, 0xff, 0xff, 0xff, 0xff, 0xff, 0xff,
    0xff, 0xff, 0xff, 0xff, 0xb0, 0x0, 0x0, 0xdd,
    0xdd, 0xdd, 0xdd, 0xde, 0xff, 0xdd, 0xdd, 0xdd,
    0xdd, 0xd9, 0x0, 0x0, 0x0, 0x2, 0x55, 0x0,
    0x0, 0x7f, 0xf2, 0x0, 0x0, 0x0, 0x0, 0x0,
    0x0, 0x0, 0x0, 0x5f, 0xf1, 0x0, 0x7, 0xff,
    0xdc, 0xcc, 0xcc, 0xca, 0x0, 0x0, 0x0, 0x0,
    0x5, 0xff, 0x10, 0x0, 0x7f, 0xff, 0xff, 0xff,
    0xff, 0xd0, 0x0, 0x0, 0x0, 0x0, 0x5f, 0xf1,
    0x0, 0x7, 0xff, 0x42, 0x22, 0x22, 0x22, 0x0,
    0x0, 0x0, 0x0, 0x5, 0xff, 0x10, 0x0, 0x7f,
    0xf2, 0x0, 0x0, 0x0, 0x0, 0x0, 0x0, 0xbe,
    0xee, 0xff, 0xfe, 0xee, 0xef, 0xff, 0xee, 0xee,
    0xee, 0xee, 0xee, 0xe5, 0xc, 0xff, 0xff, 0xff,
    0xff, 0xff, 0xff, 0xff, 0xff, 0xff, 0xff, 0xff,
    0xff, 0x60, 0x34, 0x44, 0x44, 0x44, 0x44, 0x44,
    0x44, 0x44, 0x44, 0x44, 0x44, 0x44, 0x41,

    /* U+65B0 "新" */
    0x0, 0x0, 0x1, 0x7b, 0x10, 0x0, 0x0, 0x0,
    0x0, 0x0, 0x0, 0x2, 0x0, 0x0, 0x0, 0x0,
    0x1f, 0xf9, 0x0, 0x0, 0x0, 0x0, 0x0, 0x3,
    0x8d, 0xf9, 0x0, 0x0, 0x0, 0x0, 0x9f, 0xf1,
    0x0, 0x0, 0x1, 0x48, 0xbf, 0xff, 0xff, 0xf7,
    0x0, 0x6d, 0xdd, 0xde, 0xff, 0xed, 0xdd, 0xb0,
    0xcf, 0xff, 0xff, 0xea, 0x51, 0x0, 0x7, 0xff,
    0xff, 0xff, 0xff, 0xff, 0xfd, 0xc, 0xfd, 0x74,
    0x10, 0x0, 0x0, 0x0, 0x24, 0x7b, 0x84, 0x44,
    0x5d, 0xa6, 0x40, 0xcf, 0x80, 0x0, 0x0, 0x0,
    0x0, 0x0, 0xa, 0xfa, 0x0, 0x4, 0xff, 0x30,
    0xc, 0xf8, 0x0, 0x0, 0x0, 0x0, 0x0, 0x0,
    0x4f, 0xf0, 0x0, 0x9f, 0xd0, 0x0, 0xcf, 0x80,
    0x0, 0x0, 0x0, 0x0, 0x0, 0x0, 0xff, 0x30,
    0xe, 0xf7, 0x0, 0xc, 0xf8, 0x0, 0x0, 0x0,
    0x0, 0x0, 0x56, 0x6e, 0xc7, 0x68, 0xff, 0x76,
    0x62, 0xcf, 0xa3, 0x33, 0x33, 0x33, 0x32, 0xe,
    0xff, 0xff, 0xff, 0xff, 0xff, 0xff, 0x4c, 0xff,
    0xff, 0xff, 0xff, 0xff, 0xc0, 0xbc, 0xcc, 0xce,
    0xff, 0xcc, 0xcc, 0xc3, 0xcf, 0xff, 0xff, 0xff,
    0xff, 0xfc, 0x0, 0x0, 0x0, 0x6f, 0xf0, 0x0,
    0x0, 0xd, 0xfa, 0x33, 0x3f, 0xfb, 0x33, 0x20,
    0x0, 0x0, 0x6, 0xff, 0x0, 0x0, 0x0, 0xdf,
    0x80, 0x0, 0xef, 0x90, 0x0, 0xa, 0xdd, 0xdd,
    0xef, 0xfd, 0xdd, 0xdc, 0xd, 0xf8, 0x0, 0xe,
    0xf9, 0x0, 0x0, 0xbf, 0xff, 0xff, 0xff, 0xff,
    0xff, 0xe0, 0xef, 0x70, 0x0, 0xef, 0x90, 0x0,
    0x3, 0x55, 0x55, 0x9f, 0xf5, 0x55, 0x54, 0xf,
    0xf6, 0x0, 0xe, 0xf9, 0x0, 0x0, 0x0, 0x75,
    0x16, 0xff, 0x4, 0x90, 0x0, 0xff, 0x40, 0x0,
    0xef, 0x90, 0x0, 0x0, 0x1f, 0xf3, 0x6f, 0xf0,
    0xef, 0x50, 0x2f, 0xf3, 0x0, 0xe, 0xf9, 0x0,
    0x0, 0x7, 0xfd, 0x6, 0xff, 0x7, 0xfd, 0x5,
    0xff, 0x10, 0x0, 0xef, 0x90, 0x0, 0x1, 0xef,
    0x60, 0x6f, 0xf0, 0xe, 0xf5, 0x9f, 0xd0, 0x0,
    0xe, 0xf9, 0x0, 0x0, 0xaf, 0xd0, 0x6, 0xff,
    0x0, 0x8f, 0xac, 0xf9, 0x0, 0x0, 0xef, 0x90,
    0x0, 0x9, 0xf4, 0x0, 0x6f, 0xf0, 0x2, 0x93,
    0xff, 0x50, 0x0, 0xe, 0xf9, 0x0, 0x0, 0x3,
    0x1, 0x27, 0xff, 0x0, 0x0, 0xaf, 0xe0, 0x0,
    0x0, 0xef, 0x90, 0x0, 0x0, 0x0, 0x9f, 0xff,
    0xc0, 0x0, 0x1f, 0xf7, 0x0, 0x0, 0xe, 0xf9,
    0x0, 0x0, 0x0, 0x4, 0xff, 0xb3, 0x0, 0x0,
    0x2b, 0x0, 0x0, 0x0, 0xef, 0x90, 0x0, 0x0,
    0x0, 0x0, 0x0, 0x0, 0x0, 0x0, 0x0, 0x0,
    0x0, 0x0, 0x0, 0x0, 0x0,

    /* U+65E0 "无" */
    0x0, 0x48, 0x88, 0x88, 0x88, 0x88, 0x88, 0x88,
    0x88, 0x88, 0x88, 0x88, 0x20, 0x0, 0x8, 0xff,
    0xff, 0xff, 0xff, 0xff, 0xff, 0xff, 0xff, 0xff,
    0xff, 0xf3, 0x0, 0x0, 0x8f, 0xff, 0xff, 0xff,
    0xff, 0xff, 0xff, 0xff, 0xff, 0xff, 0xff, 0x30,
    0x0, 0x0, 0x0, 0x0, 0x0, 0x0, 0x9f, 0xf0,
    0x0, 0x0, 0x0, 0x0, 0x0, 0x0, 0x0, 0x0,
    0x0, 0x0, 0x0, 0xb, 0xff, 0x0, 0x0, 0x0,
    0x0, 0x0, 0x0, 0x0, 0x0, 0x0, 0x0, 0x0,
    0x0, 0xcf, 0xe0, 0x0, 0x0, 0x0, 0x0, 0x0,
    0x0, 0x0, 0x0, 0x0, 0x0, 0x0, 0xd, 0xfc,
    0x0, 0x0, 0x0, 0x0, 0x0, 0x0, 0x0, 0x0,
    0x0, 0x0, 0x0, 0x0, 0xef, 0xb0, 0x0, 0x0,
    0x0, 0x0, 0x0, 0x0, 0x29, 0x99, 0x99, 0x99,
    0x99, 0x9f, 0xfd, 0x99, 0x99, 0x99, 0x99, 0x99,
    0x97, 0x3, 0xff, 0xff, 0xff, 0xff, 0xff, 0xff,
    0xff, 0xff, 0xff, 0xff, 0xff, 0xff, 0xc0, 0x3f,
    0xff, 0xff, 0xff, 0xff, 0xff, 0xff, 0xff, 0xff,
    0xff, 0xff, 0xff, 0xfc, 0x0, 0x0, 0x0, 0x0,
    0x0, 0xb, 0xff, 0x9f, 0xf2, 0x0, 0x0, 0x0,
    0x0, 0x0, 0x0, 0x0, 0x0, 0x0, 0x1, 0xff,
    0xb8, 0xff, 0x20, 0x0, 0x0, 0x0, 0x0, 0x0,
    0x0, 0x0, 0x0, 0x0, 0x6f, 0xf6, 0x8f, 0xf2,
    0x0, 0x0, 0x0, 0x0, 0x0, 0x0, 0x0, 0x0,
    0x0, 0xd, 0xff, 0x18, 0xff, 0x20, 0x0, 0x0,
    0x0, 0x0, 0x0, 0x0, 0x0, 0x0, 0x7, 0xff,
    0xa0, 0x8f, 0xf2, 0x0, 0x0, 0x0, 0x0, 0x0,
    0x0, 0x0, 0x0, 0x2, 0xff, 0xf2, 0x8, 0xff,
    0x20, 0x0, 0x0, 0x1, 0x0, 0x0, 0x0, 0x0,
    0x0, 0xcf, 0xf8, 0x0, 0x8f, 0xf2, 0x0, 0x0,
    0x0, 0x7c, 0x60, 0x0, 0x0, 0x0, 0xbf, 0xfd,
    0x0, 0x8, 0xff, 0x20, 0x0, 0x0, 0x8, 0xff,
    0x0, 0x0, 0x2, 0xdf, 0xfe, 0x10, 0x0, 0x8f,
    0xf2, 0x0, 0x0, 0x0, 0xbf, 0xe0, 0x0, 0x7,
    0xff, 0xfe, 0x20, 0x0, 0x7, 0xff, 0x50, 0x0,
    0x0, 0x2f, 0xfb, 0x1, 0x7e, 0xff, 0xfc, 0x10,
    0x0, 0x0, 0x5f, 0xff, 0xff, 0xff, 0xff, 0xff,
    0x50, 0x3f, 0xff, 0xf7, 0x0, 0x0, 0x0, 0x0,
    0xdf, 0xff, 0xff, 0xff, 0xff, 0xc0, 0x0, 0x5f,
    0x81, 0x0, 0x0, 0x0, 0x0, 0x0, 0x57, 0x88,
    0x88, 0x87, 0x50, 0x0, 0x0, 0x10, 0x0, 0x0,
    0x0, 0x0, 0x0, 0x0, 0x0, 0x0, 0x0, 0x0,
    0x0, 0x0,

    /* U+65F6 "时" */
    0x0, 0x0, 0x0, 0x0, 0x0, 0x0, 0x0, 0x0,
    0x0, 0x3, 0x32, 0x0, 0x0, 0x0, 0x0, 0x0,
    0x0, 0x0, 0x0, 0x0, 0x0, 0x0, 0xdf, 0xc0,
    0x0, 0x22, 0x22, 0x22, 0x22, 0x20, 0x0, 0x0,
    0x0, 0x0, 0xd, 0xfc, 0x0, 0xe, 0xff, 0xff,
    0xff, 0xff, 0x10, 0x0, 0x0, 0x0, 0x0, 0xdf,
    0xc0, 0x0, 0xef, 0xff, 0xff, 0xff, 0xf1, 0x0,
    0x0, 0x0, 0x0, 0xd, 0xfc, 0x0, 0xe, 0xf9,
    0x22, 0x27, 0xff, 0x10, 0x0, 0x0, 0x0, 0x0,
    0xef, 0xc0, 0x0, 0xef, 0x80, 0x0, 0x4f, 0xf1,
    0x8f, 0xff, 0xff, 0xff, 0xff, 0xff, 0xff, 0xee,
    0xf8, 0x0, 0x4, 0xff, 0x18, 0xff, 0xff, 0xff,
    0xff, 0xff, 0xff, 0xfe, 0xef, 0x80, 0x0, 0x4f,
    0xf1, 0x48, 0x88, 0x88, 0x88, 0x8f, 0xfe, 0x88,
    0x7e, 0xf8, 0x0, 0x4, 0xff, 0x10, 0x0, 0x0,
    0x0, 0x0, 0xdf, 0xc0, 0x0, 0xef, 0xa5, 0x55,
    0x8f, 0xf1, 0x0, 0x12, 0x0, 0x0, 0xd, 0xfc,
    0x0, 0xe, 0xff, 0xff, 0xff, 0xff, 0x10, 0x7f,
    0xe0, 0x0, 0x0, 0xdf, 0xc0, 0x0, 0xef, 0xff,
    0xff, 0xff, 0xf1, 0x5, 0xff, 0xa0, 0x0, 0xd,
    0xfc, 0x0, 0xe, 0xf8, 0x0, 0x4, 0xff, 0x10,
    0xa, 0xff, 0x50, 0x0, 0xdf, 0xc0, 0x0, 0xef,
    0x80, 0x0, 0x4f, 0xf1, 0x0, 0x1e, 0xfe, 0x10,
    0xd, 0xfc, 0x0, 0xe, 0xf8, 0x0, 0x4, 0xff,
    0x10, 0x0, 0x5f, 0xfa, 0x0, 0xdf, 0xc0, 0x0,
    0xef, 0x80, 0x0, 0x4f, 0xf1, 0x0, 0x0, 0xcf,
    0xf4, 0xd, 0xfc, 0x0, 0xe, 0xf8, 0x0, 0x4,
    0xff, 0x10, 0x0, 0x3, 0xf7, 0x0, 0xdf, 0xc0,
    0x0, 0xef, 0xa4, 0x44, 0x7f, 0xf1, 0x0, 0x0,
    0x0, 0x0, 0xd, 0xfc, 0x0, 0xe, 0xff, 0xff,
    0xff, 0xff, 0x10, 0x0, 0x0, 0x0, 0x0, 0xdf,
    0xc0, 0x0, 0xef, 0xff, 0xff, 0xff, 0xf1, 0x0,
    0x0, 0x0, 0x0, 0xd, 0xfc, 0x0, 0xe, 0xf8,
    0x0, 0x0, 0x0, 0x0, 0x0, 0x0, 0x0, 0x0,
    0xdf, 0xc0, 0x0, 0xef, 0x80, 0x0, 0x0, 0x0,
    0x0, 0x0, 0x0, 0x0, 0xe, 0xfc, 0x0, 0x4,
    0x42, 0x0, 0x0, 0x0, 0x0, 0x0, 0x29, 0x99,
    0x9a, 0xff, 0xb0, 0x0, 0x0, 0x0, 0x0, 0x0,
    0x0, 0x0, 0x0, 0xff, 0xff, 0xff, 0xf6, 0x0,
    0x0, 0x0, 0x0, 0x0, 0x0, 0x0, 0x0, 0xa,
    0xff, 0xfd, 0xb5, 0x0, 0x0, 0x0, 0x0, 0x0,
    0x0, 0x0, 0x0, 0x0, 0x0, 0x0, 0x0, 0x0,
    0x0, 0x0,

    /* U+663E "显" */
    0x0, 0x0, 0x11, 0x11, 0x11, 0x11, 0x11, 0x11,
    0x11, 0x11, 0x11, 0x0, 0x0, 0x0, 0x5, 0xff,
    0xff, 0xff, 0xff, 0xff, 0xff, 0xff, 0xff, 0xff,
    0x30, 0x0, 0x0, 0x5, 0xff, 0xff, 0xff, 0xff,
    0xff, 0xff, 0xff, 0xff, 0xff, 0x30, 0x0, 0x0,
    0x5, 0xff, 0x30, 0x0, 0x0, 0x0, 0x0, 0x0,
    0x6, 0xff, 0x30, 0x0, 0x0, 0x5, 0xff, 0x30,
    0x0, 0x0, 0x0, 0x0, 0x0, 0x6, 0xff, 0x30,
    0x0, 0x0, 0x5, 0xff, 0xfe, 0xee, 0xee, 0xee,
    0xee, 0xee, 0xef, 0xff, 0x30, 0x0, 0x0, 0x5,
    0xff, 0xff, 0xff, 0xff, 0xff, 0xff, 0xff, 0xff,
    0xff, 0x30, 0x0, 0x0, 0x5, 0xff, 0x40, 0x0,
    0x0, 0x0, 0x0, 0x0, 0x7, 0xff, 0x30, 0x0,
    0x0, 0x5, 0xff, 0x30, 0x0, 0x0, 0x0, 0x0,
    0x0, 0x6, 0xff, 0x30, 0x0, 0x0, 0x5, 0xff,
    0x41, 0x11, 0x11, 0x11, 0x11, 0x11, 0x17, 0xff,
    0x30, 0x0, 0x0, 0x5, 0xff, 0xff, 0xff, 0xff,
    0xff, 0xff, 0xff, 0xff, 0xff, 0x30, 0x0, 0x0,
    0x5, 0xff, 0xff, 0xff, 0xff, 0xff, 0xff, 0xff,
    0xff, 0xff, 0x30, 0x0, 0x0, 0x0, 0x0, 0x0,
    0x13, 0x30, 0x0, 0x13, 0x30, 0x0, 0x0, 0x0,
    0x0, 0x0, 0x0, 0x10, 0x0, 0x8f, 0xf0, 0x0,
    0x4f, 0xf2, 0x0, 0x3, 0x10, 0x0, 0x0, 0x5e,
    0xb0, 0x0, 0x8f, 0xf0, 0x0, 0x4f, 0xf2, 0x0,
    0xe, 0xf6, 0x0, 0x0, 0x3f, 0xf4, 0x0, 0x8f,
    0xf0, 0x0, 0x4f, 0xf2, 0x0, 0x8f, 0xf3, 0x0,
    0x0, 0xb, 0xfd, 0x0, 0x8f, 0xf0, 0x0, 0x4f,
    0xf2, 0x2, 0xff, 0x80, 0x0, 0x0, 0x2, 0xff,
    0x70, 0x8f, 0xf0, 0x0, 0x4f, 0xf2, 0xd, 0xfd,
    0x0, 0x0, 0x0, 0x0, 0xaf, 0xe0, 0x8f, 0xf0,
    0x0, 0x4f, 0xf2, 0x9f, 0xf3, 0x0, 0x0, 0x0,
    0x0, 0x2f, 0x80, 0x8f, 0xf0, 0x0, 0x4f, 0xf2,
    0x5d, 0x60, 0x0, 0x0, 0x0, 0x0, 0x0, 0x0,
    0x8f, 0xf0, 0x0, 0x4f, 0xf2, 0x0, 0x0, 0x0,
    0x0, 0x78, 0x88, 0x88, 0x88, 0xcf, 0xf8, 0x88,
    0xaf, 0xf9, 0x88, 0x88, 0x88, 0x86, 0xef, 0xff,
    0xff, 0xff, 0xff, 0xff, 0xff, 0xff, 0xff, 0xff,
    0xff, 0xff, 0xfb, 0xef, 0xff, 0xff, 0xff, 0xff,
    0xff, 0xff, 0xff, 0xff, 0xff, 0xff, 0xff, 0xfb,

    /* U+6682 "暂" */
    0x0, 0x0, 0x7, 0x73, 0x0, 0x0, 0x0, 0x0,
    0x0, 0x0, 0x0, 0x4, 0x0, 0x0, 0x0, 0x1f,
    0xfc, 0x0, 0x0, 0x0, 0x0, 0x2, 0x46, 0x9c,
    0xff, 0x50, 0x3f, 0xff, 0xff, 0xff, 0xff, 0xff,
    0xfb, 0xf, 0xff, 0xff, 0xff, 0xff, 0x90, 0x3f,
    0xff, 0xff, 0xff, 0xff, 0xff, 0xfb, 0xf, 0xfe,
    0xca, 0x85, 0x20, 0x0, 0x0, 0xc, 0xfc, 0x0,
    0x0, 0x0, 0x0, 0xf, 0xf4, 0x0, 0x0, 0x0,
    0x0, 0x0, 0x6f, 0xf2, 0xc, 0xe7, 0x0, 0x0,
    0xf, 0xf4, 0x0, 0x0, 0x0, 0x0, 0x5, 0xff,
    0x71, 0x1d, 0xf8, 0x11, 0x11, 0xf, 0xf7, 0x44,
    0x44, 0x44, 0x42, 0xd, 0xff, 0xff, 0xff, 0xff,
    0xff, 0xfd, 0x1f, 0xff, 0xff, 0xff, 0xff, 0xf9,
    0x8, 0xff, 0xff, 0xff, 0xff, 0xff, 0xfc, 0x2f,
    0xfc, 0xbb, 0xef, 0xeb, 0xb6, 0x1, 0x20, 0x0,
    0xd, 0xf8, 0x0, 0x0, 0x4f, 0xf0, 0x0, 0x9f,
    0xb0, 0x0, 0x0, 0x0, 0x0, 0xd, 0xfa, 0x56,
    0x83, 0x7f, 0xd0, 0x0, 0x9f, 0xb0, 0x0, 0x18,
    0x9b, 0xcd, 0xff, 0xff, 0xff, 0xf5, 0xcf, 0xa0,
    0x0, 0x9f, 0xb0, 0x0, 0x1f, 0xff, 0xff, 0xff,
    0xfe, 0xa8, 0x75, 0xff, 0x70, 0x0, 0x9f, 0xb0,
    0x0, 0xa, 0x97, 0x53, 0x1d, 0xf8, 0x0, 0xd,
    0xff, 0x10, 0x0, 0x9f, 0xb0, 0x0, 0x0, 0x0,
    0x0, 0xd, 0xf8, 0x0, 0x7, 0xf8, 0x0, 0x0,
    0x9f, 0xb0, 0x0, 0x0, 0x0, 0x11, 0x16, 0x64,
    0x11, 0x11, 0x32, 0x11, 0x11, 0x46, 0x40, 0x0,
    0x0, 0x0, 0xff, 0xff, 0xff, 0xff, 0xff, 0xff,
    0xff, 0xff, 0xff, 0x70, 0x0, 0x0, 0x0, 0xff,
    0xfe, 0xee, 0xee, 0xee, 0xee, 0xee, 0xee, 0xff,
    0x70, 0x0, 0x0, 0x0, 0xff, 0x60, 0x0, 0x0,
    0x0, 0x0, 0x0, 0x1, 0xff, 0x70, 0x0, 0x0,
    0x0, 0xff, 0xca, 0xaa, 0xaa, 0xaa, 0xaa, 0xaa,
    0xab, 0xff, 0x70, 0x0, 0x0, 0x0, 0xff, 0xff,
    0xff, 0xff, 0xff, 0xff, 0xff, 0xff, 0xff, 0x70,
    0x0, 0x0, 0x0, 0xff, 0x82, 0x22, 0x22, 0x22,
    0x22, 0x22, 0x23, 0xff, 0x70, 0x0, 0x0, 0x0,
    0xff, 0x60, 0x0, 0x0, 0x0, 0x0, 0x0, 0x1,
    0xff, 0x70, 0x0, 0x0, 0x0, 0xff, 0xff, 0xff,
    0xff, 0xff, 0xff, 0xff, 0xff, 0xff, 0x70, 0x0,
    0x0, 0x0, 0xff, 0xff, 0xff, 0xff, 0xff, 0xff,
    0xff, 0xff, 0xff, 0x70, 0x0, 0x0, 0x0, 0xff,
    0x71, 0x11, 0x11, 0x11, 0x11, 0x11, 0x12, 0xff,
    0x70, 0x0,

    /* U+66F4 "更" */
    0x1, 0x11, 0x11, 0x11, 0x11, 0x11, 0x11, 0x11,
    0x11, 0x11, 0x11, 0x11, 0x10, 0x1, 0xff, 0xff,
    0xff, 0xff, 0xff, 0xff, 0xff, 0xff, 0xff, 0xff,
    0xff, 0xff, 0x10, 0x1f, 0xff, 0xff, 0xff, 0xff,
    0xff, 0xff, 0xff, 0xff, 0xff, 0xff, 0xff, 0xf1,
    0x0, 0x44, 0x44, 0x44, 0x44, 0x44, 0x5f, 0xfa,
    0x44, 0x44, 0x44, 0x44, 0x44, 0x0, 0x0, 0x0,
    0x0, 0x0, 0x0, 0x2, 0xff, 0x80, 0x0, 0x0,
    0x0, 0x0, 0x0, 0x0, 0x0, 0x9e, 0xee, 0xee,
    0xee, 0xff, 0xff, 0xee, 0xee, 0xee, 0xee, 0x50,
    0x0, 0x0, 0x9, 0xff, 0xff, 0xff, 0xff, 0xff,
    0xff, 0xff, 0xff, 0xff, 0xf5, 0x0, 0x0, 0x0,
    0x9f, 0xd2, 0x22, 0x22, 0x4f, 0xfa, 0x22, 0x22,
    0x25, 0xff, 0x50, 0x0, 0x0, 0x9, 0xfd, 0x0,
    0x0, 0x2, 0xff, 0x80, 0x0, 0x0, 0x3f, 0xf5,
    0x0, 0x0, 0x0, 0x9f, 0xd0, 0x0, 0x0, 0x3f,
    0xf9, 0x0, 0x0, 0x4, 0xff, 0x50, 0x0, 0x0,
    0x9, 0xff, 0xff, 0xff, 0xff, 0xff, 0xff, 0xff,
    0xff, 0xff, 0xf5, 0x0, 0x0, 0x0, 0x9f, 0xff,
    0xff, 0xff, 0xff, 0xff, 0xff, 0xff, 0xff, 0xff,
    0x50, 0x0, 0x0, 0x9, 0xfd, 0x0, 0x0, 0x2,
    0xff, 0x80, 0x0, 0x0, 0x3f, 0xf5, 0x0, 0x0,
    0x0, 0x9f, 0xd0, 0x0, 0x0, 0x2f, 0xf8, 0x0,
    0x0, 0x3, 0xff, 0x50, 0x0, 0x0, 0x9, 0xff,
    0xff, 0xff, 0xff, 0xff, 0xff, 0xff, 0xff, 0xff,
    0xf5, 0x0, 0x0, 0x0, 0x9f, 0xff, 0xff, 0xff,
    0xff, 0xff, 0xff, 0xff, 0xff, 0xff, 0x50, 0x0,
    0x0, 0x1, 0x39, 0x92, 0x22, 0x2c, 0xff, 0x32,
    0x22, 0x22, 0x22, 0x20, 0x0, 0x0, 0x0, 0xa,
    0xff, 0x50, 0x2, 0xff, 0xc0, 0x0, 0x0, 0x0,
    0x0, 0x0, 0x0, 0x0, 0x0, 0x1e, 0xff, 0x50,
    0xcf, 0xf6, 0x0, 0x0, 0x0, 0x0, 0x0, 0x0,
    0x0, 0x0, 0x0, 0x3f, 0xff, 0xcf, 0xfb, 0x0,
    0x0, 0x0, 0x0, 0x0, 0x0, 0x0, 0x0, 0x0,
    0x0, 0x3f, 0xff, 0xff, 0x30, 0x0, 0x0, 0x0,
    0x0, 0x0, 0x0, 0x0, 0x0, 0x0, 0x6c, 0xff,
    0xff, 0xff, 0xc7, 0x41, 0x0, 0x0, 0x0, 0x0,
    0x0, 0x3, 0x7b, 0xff, 0xff, 0xfa, 0xcf, 0xff,
    0xff, 0xff, 0xdb, 0xa9, 0x88, 0x87, 0x4, 0xff,
    0xff, 0xff, 0x92, 0x0, 0x28, 0xcf, 0xff, 0xff,
    0xff, 0xff, 0xff, 0x90, 0x8, 0xfe, 0xa5, 0x0,
    0x0, 0x0, 0x0, 0x3, 0x68, 0xac, 0xde, 0xff,
    0xf3, 0x0, 0x2, 0x0, 0x0, 0x0, 0x0, 0x0,
    0x0, 0x0, 0x0, 0x0, 0x0, 0x1, 0x0,

    /* U+6709 "有" */
    0x0, 0x0, 0x0, 0x0, 0x2, 0x41, 0x0, 0x0,
    0x0, 0x0, 0x0, 0x0, 0x0, 0x0, 0x0, 0x0,
    0x0, 0xa, 0xff, 0x20, 0x0, 0x0, 0x0, 0x0,
    0x0, 0x0, 0x0, 0x0, 0x0, 0x0, 0xf, 0xfd,
    0x0, 0x0, 0x0, 0x0, 0x0, 0x0, 0x0, 0x0,
    0x0, 0x0, 0x0, 0x5f, 0xf8, 0x0, 0x0, 0x0,
    0x0, 0x0, 0x0, 0x0, 0x2f, 0xff, 0xff, 0xff,
    0xff, 0xff, 0xff, 0xff, 0xff, 0xff, 0xff, 0xff,
    0xf4, 0x2f, 0xff, 0xff, 0xff, 0xff, 0xff, 0xff,
    0xff, 0xff, 0xff, 0xff, 0xff, 0xf4, 0x16, 0x66,
    0x66, 0x6d, 0xff, 0x86, 0x66, 0x66, 0x66, 0x66,
    0x66, 0x66, 0x61, 0x0, 0x0, 0x0, 0x3f, 0xfb,
    0x0, 0x0, 0x0, 0x0, 0x0, 0x0, 0x0, 0x0,
    0x0, 0x0, 0x0, 0xcf, 0xf2, 0x0, 0x0, 0x0,
    0x0, 0x0, 0x0, 0x0, 0x0, 0x0, 0x0, 0x6,
    0xff, 0xff, 0xff, 0xff, 0xff, 0xff, 0xff, 0xff,
    0x0, 0x0, 0x0, 0x0, 0x2f, 0xff, 0xff, 0xff,
    0xff, 0xff, 0xff, 0xff, 0xff, 0x0, 0x0, 0x0,
    0x1, 0xdf, 0xff, 0xb4, 0x44, 0x44, 0x44, 0x44,
    0x4a, 0xff, 0x0, 0x0, 0x0, 0xc, 0xff, 0xff,
    0x80, 0x0, 0x0, 0x0, 0x0, 0x7, 0xff, 0x0,
    0x0, 0x0, 0xbf, 0xfc, 0xff, 0x90, 0x0, 0x0,
    0x0, 0x0, 0x8, 0xff, 0x0, 0x0, 0x2d, 0xff,
    0xd1, 0xff, 0xff, 0xff, 0xff, 0xff, 0xff, 0xff,
    0xff, 0x0, 0x0, 0xaf, 0xfd, 0x10, 0xff, 0xff,
    0xff, 0xff, 0xff, 0xff, 0xff, 0xff, 0x0, 0x0,
    0xd, 0xb0, 0x0, 0xff, 0x91, 0x11, 0x11, 0x11,
    0x11, 0x18, 0xff, 0x0, 0x0, 0x1, 0x0, 0x0,
    0xff, 0x80, 0x0, 0x0, 0x0, 0x0, 0x7, 0xff,
    0x0, 0x0, 0x0, 0x0, 0x0, 0xff, 0xa3, 0x33,
    0x33, 0x33, 0x33, 0x39, 0xff, 0x0, 0x0, 0x0,
    0x0, 0x0, 0xff, 0xff, 0xff, 0xff, 0xff, 0xff,
    0xff, 0xff, 0x0, 0x0, 0x0, 0x0, 0x0, 0xff,
    0xff, 0xff, 0xff, 0xff, 0xff, 0xff, 0xff, 0x0,
    0x0, 0x0, 0x0, 0x0, 0xff, 0x80, 0x0, 0x0,
    0x0, 0x0, 0x7, 0xff, 0x0, 0x0, 0x0, 0x0,
    0x0, 0xff, 0x80, 0x0, 0x0, 0x0, 0x0, 0x7,
    0xff, 0x0, 0x0, 0x0, 0x0, 0x0, 0xff, 0x80,
    0x0, 0x0, 0x7, 0x87, 0x7d, 0xff, 0x0, 0x0,
    0x0, 0x0, 0x0, 0xff, 0x80, 0x0, 0x0, 0x8,
    0xff, 0xff, 0xfb, 0x0, 0x0, 0x0, 0x0, 0x0,
    0xff, 0x80, 0x0, 0x0, 0x3, 0xff, 0xec, 0x90,
    0x0, 0x0,

    /* U+670D "服" */
    0x0, 0x7, 0x77, 0x77, 0x77, 0x72, 0x3, 0x66,
    0x66, 0x66, 0x66, 0x66, 0x63, 0x0, 0x0, 0xf,
    0xff, 0xff, 0xff, 0xf4, 0x8, 0xff, 0xff, 0xff,
    0xff, 0xff, 0xf8, 0x0, 0x0, 0xf, 0xff, 0xff,
    0xff, 0xf4, 0x8, 0xff, 0xff, 0xff, 0xff, 0xff,
    0xf8, 0x0, 0x0, 0xf, 0xf4, 0x0, 0x1f, 0xf4,
    0x8, 0xfe, 0x0, 0x0, 0x0, 0xf, 0xf8, 0x0,
    0x0, 0xf, 0xf4, 0x0, 0x1f, 0xf4, 0x8, 0xfe,
    0x0, 0x0, 0x0, 0xf, 0xf8, 0x0, 0x0, 0xf,
    0xf4, 0x0, 0x1f, 0xf4, 0x8, 0xfe, 0x0, 0x0,
    0x0, 0xf, 0xf8, 0x0, 0x0, 0xf, 0xf8, 0x44,
    0x6f, 0xf4, 0x8, 0xfe, 0x0, 0xb, 0xdd, 0xef,
    0xf6, 0x0, 0x0, 0xf, 0xff, 0xff, 0xff, 0xf4,
    0x8, 0xfe, 0x0, 0x7, 0xff, 0xff, 0xc1, 0x0,
    0x0, 0xf, 0xff, 0xff, 0xff, 0xf4, 0x8, 0xfe,
    0x0, 0x1, 0x54, 0x41, 0x0, 0x0, 0x0, 0xf,
    0xf7, 0x33, 0x5f, 0xf4, 0x8, 0xfe, 0x0, 0x0,
    0x0, 0x0, 0x0, 0x0, 0x0, 0x1f, 0xf4, 0x0,
    0x1f, 0xf4, 0x8, 0xff, 0xff, 0xff, 0xff, 0xff,
    0xfc, 0x20, 0x0, 0x1f, 0xf4, 0x0, 0x1f, 0xf4,
    0x8, 0xff, 0xff, 0xff, 0xff, 0xff, 0xff, 0x10,
    0x0, 0x1f, 0xf4, 0x0, 0x1f, 0xf4, 0x8, 0xff,
    0xbf, 0xd6, 0x66, 0x6b, 0xfc, 0x0, 0x0, 0x1f,
    0xfa, 0x88, 0x9f, 0xf4, 0x8, 0xfe, 0x2f, 0xf1,
    0x0, 0xd, 0xf8, 0x0, 0x0, 0x2f, 0xff, 0xff,
    0xff, 0xf4, 0x8, 0xfe, 0xc, 0xf6, 0x0, 0x2f,
    0xf3, 0x0, 0x0, 0x3f, 0xff, 0xff, 0xff, 0xf4,
    0x8, 0xfe, 0x6, 0xfd, 0x0, 0x9f, 0xe0, 0x0,
    0x0, 0x5f, 0xf0, 0x0, 0x1f, 0xf4, 0x8, 0xfe,
    0x1, 0xef, 0x71, 0xff, 0x70, 0x0, 0x0, 0x6f,
    0xe0, 0x0, 0x1f, 0xf4, 0x8, 0xfe, 0x0, 0x7f,
    0xea, 0xfe, 0x0, 0x0, 0x0, 0x9f, 0xc0, 0x0,
    0x1f, 0xf4, 0x8, 0xfe, 0x0, 0xd, 0xff, 0xf6,
    0x0, 0x0, 0x0, 0xcf, 0x90, 0x0, 0x1f, 0xf4,
    0x8, 0xfe, 0x0, 0x5, 0xff, 0xe0, 0x0, 0x0,
    0x0, 0xef, 0x70, 0x0, 0x1f, 0xf4, 0x8, 0xfe,
    0x0, 0x1d, 0xff, 0xf9, 0x0, 0x0, 0x3, 0xff,
    0x40, 0x0, 0x1f, 0xf4, 0x8, 0xfe, 0x2, 0xdf,
    0xfd, 0xff, 0xa1, 0x0, 0x9, 0xff, 0x1, 0x77,
    0x9f, 0xf3, 0x8, 0xfe, 0x6f, 0xff, 0x60, 0xcf,
    0xfe, 0x60, 0xe, 0xfa, 0x0, 0xef, 0xff, 0xf1,
    0x8, 0xfe, 0xaf, 0xf5, 0x0, 0xa, 0xff, 0xb0,
    0x1, 0xa4, 0x0, 0xaf, 0xfb, 0x40, 0x8, 0xfe,
    0xa, 0x20, 0x0, 0x0, 0x5c, 0x0, 0x0, 0x0,
    0x0, 0x0, 0x0, 0x0, 0x0, 0x0, 0x0, 0x0,
    0x0, 0x0, 0x0, 0x0,

    /* U+672A "未" */
    0x0, 0x0, 0x0, 0x0, 0x0, 0x2, 0xaa, 0x50,
    0x0, 0x0, 0x0, 0x0, 0x0, 0x0, 0x0, 0x0,
    0x0, 0x0, 0x0, 0x3f, 0xf7, 0x0, 0x0, 0x0,
    0x0, 0x0, 0x0, 0x0, 0x0, 0x0, 0x0, 0x0,
    0x3, 0xff, 0x70, 0x0, 0x0, 0x0, 0x0, 0x0,
    0x0, 0x0, 0x0, 0x0, 0x0, 0x0, 0x3f, 0xf7,
    0x0, 0x0, 0x0, 0x0, 0x0, 0x0, 0x0, 0x0,
    0x0, 0x0, 0x0, 0x4, 0xff, 0x80, 0x0, 0x0,
    0x0, 0x0, 0x0, 0x0, 0x0, 0xff, 0xff, 0xff,
    0xff, 0xff, 0xff, 0xff, 0xff, 0xff, 0xff, 0x80,
    0x0, 0x0, 0xf, 0xff, 0xff, 0xff, 0xff, 0xff,
    0xff, 0xff, 0xff, 0xff, 0xf8, 0x0, 0x0, 0x0,
    0x88, 0x88, 0x88, 0x88, 0xaf, 0xfc, 0x88, 0x88,
    0x88, 0x88, 0x40, 0x0, 0x0, 0x0, 0x0, 0x0,
    0x0, 0x3, 0xff, 0x70, 0x0, 0x0, 0x0, 0x0,
    0x0, 0x0, 0x0, 0x0, 0x0, 0x0, 0x0, 0x3f,
    0xf7, 0x0, 0x0, 0x0, 0x0, 0x0, 0x0, 0x0,
    0x0, 0x0, 0x0, 0x0, 0x3, 0xff, 0x70, 0x0,
    0x0, 0x0, 0x0, 0x0, 0x0, 0x0, 0x0, 0x0,
    0x0, 0x0, 0x4f, 0xf8, 0x0, 0x0, 0x0, 0x0,
    0x0, 0x0, 0x1f, 0xff, 0xff, 0xff, 0xff, 0xff,
    0xff, 0xff, 0xff, 0xff, 0xff, 0xff, 0xf7, 0x1,
    0xff, 0xff, 0xff, 0xff, 0xff, 0xff, 0xff, 0xff,
    0xff, 0xff, 0xff, 0xff, 0x70, 0x8, 0x88, 0x88,
    0x88, 0x88, 0xef, 0xff, 0xff, 0x98, 0x88, 0x88,
    0x88, 0x84, 0x0, 0x0, 0x0, 0x0, 0x0, 0x7f,
    0xff, 0xff, 0xfb, 0x0, 0x0, 0x0, 0x0, 0x0,
    0x0, 0x0, 0x0, 0x0, 0x5f, 0xff, 0xff, 0xef,
    0xf9, 0x0, 0x0, 0x0, 0x0, 0x0, 0x0, 0x0,
    0x0, 0x6f, 0xfe, 0x5f, 0xf8, 0xaf, 0xf9, 0x0,
    0x0, 0x0, 0x0, 0x0, 0x0, 0x0, 0x8f, 0xff,
    0x23, 0xff, 0x70, 0xcf, 0xfb, 0x0, 0x0, 0x0,
    0x0, 0x0, 0x1, 0xbf, 0xfe, 0x30, 0x3f, 0xf7,
    0x0, 0xcf, 0xfd, 0x30, 0x0, 0x0, 0x0, 0x5,
    0xef, 0xfe, 0x20, 0x3, 0xff, 0x70, 0x0, 0xbf,
    0xff, 0x70, 0x0, 0x0, 0x3b, 0xff, 0xfc, 0x10,
    0x0, 0x3f, 0xf7, 0x0, 0x0, 0x9f, 0xff, 0xd5,
    0x0, 0x8f, 0xff, 0xf7, 0x0, 0x0, 0x3, 0xff,
    0x70, 0x0, 0x0, 0x5e, 0xff, 0xfc, 0x1, 0xdf,
    0xc3, 0x0, 0x0, 0x0, 0x3f, 0xf7, 0x0, 0x0,
    0x0, 0x1a, 0xff, 0x40, 0x2, 0x50, 0x0, 0x0,
    0x0, 0x3, 0xff, 0x70, 0x0, 0x0, 0x0, 0x3,
    0x50, 0x0, 0x0, 0x0, 0x0, 0x0, 0x0, 0x3f,
    0xf7, 0x0, 0x0, 0x0, 0x0, 0x0, 0x0,

    /* U+672C "本" */
    0x0, 0x0, 0x0, 0x0, 0x0, 0x4, 0xaa, 0x30,
    0x0, 0x0, 0x0, 0x0, 0x0, 0x0, 0x0, 0x0,
    0x0, 0x0, 0x6, 0xff, 0x50, 0x0, 0x0, 0x0,
    0x0, 0x0, 0x0, 0x0, 0x0, 0x0, 0x0, 0x6,
    0xff, 0x50, 0x0, 0x0, 0x0, 0x0, 0x0, 0x0,
    0x0, 0x0, 0x0, 0x0, 0x6, 0xff, 0x50, 0x0,
    0x0, 0x0, 0x0, 0x0, 0x0, 0x0, 0x0, 0x0,
    0x0, 0x6, 0xff, 0x50, 0x0, 0x0, 0x0, 0x0,
    0x0, 0x0, 0x0, 0x0, 0x0, 0x0, 0x6, 0xff,
    0x50, 0x0, 0x0, 0x0, 0x0, 0x0, 0x1f, 0xff,
    0xff, 0xff, 0xff, 0xff, 0xff, 0xff, 0xff, 0xff,
    0xff, 0xff, 0xf3, 0x1f, 0xff, 0xff, 0xff, 0xff,
    0xff, 0xff, 0xff, 0xff, 0xff, 0xff, 0xff, 0xf3,
    0x1a, 0xaa, 0xaa, 0xaa, 0xdf, 0xfd, 0xff, 0xef,
    0xfc, 0xaa, 0xaa, 0xaa, 0xa2, 0x0, 0x0, 0x0,
    0x0, 0xcf, 0xd6, 0xff, 0x6e, 0xfa, 0x0, 0x0,
    0x0, 0x0, 0x0, 0x0, 0x0, 0x5, 0xff, 0x56,
    0xff, 0x57, 0xff, 0x30, 0x0, 0x0, 0x0, 0x0,
    0x0, 0x0, 0xd, 0xfd, 0x6, 0xff, 0x51, 0xff,
    0xb0, 0x0, 0x0, 0x0, 0x0, 0x0, 0x0, 0x6f,
    0xf6, 0x6, 0xff, 0x50, 0x8f, 0xf5, 0x0, 0x0,
    0x0, 0x0, 0x0, 0x2, 0xff, 0xe0, 0x6, 0xff,
    0x50, 0x1f, 0xfe, 0x10, 0x0, 0x0, 0x0, 0x0,
    0xc, 0xff, 0x40, 0x6, 0xff, 0x50, 0x7, 0xff,
    0xb0, 0x0, 0x0, 0x0, 0x0, 0x8f, 0xf9, 0x0,
    0x6, 0xff, 0x50, 0x0, 0xbf, 0xf9, 0x0, 0x0,
    0x0, 0x7, 0xff, 0xd0, 0x0, 0x6, 0xff, 0x50,
    0x0, 0x1e, 0xff, 0x80, 0x0, 0x0, 0x6f, 0xff,
    0x20, 0x0, 0x6, 0xff, 0x50, 0x0, 0x5, 0xff,
    0xf8, 0x0, 0x8, 0xff, 0xfc, 0x99, 0x99, 0x9c,
    0xff, 0xb9, 0x99, 0x99, 0xdf, 0xff, 0xb1, 0xaf,
    0xff, 0x79, 0xff, 0xff, 0xff, 0xff, 0xff, 0xff,
    0xff, 0x89, 0xff, 0xfa, 0x2e, 0xf7, 0x9, 0xff,
    0xff, 0xff, 0xff, 0xff, 0xff, 0xff, 0x80, 0x8f,
    0xc0, 0x4, 0x40, 0x0, 0x0, 0x0, 0x6, 0xff,
    0x50, 0x0, 0x0, 0x0, 0x5, 0x10, 0x0, 0x0,
    0x0, 0x0, 0x0, 0x6, 0xff, 0x50, 0x0, 0x0,
    0x0, 0x0, 0x0, 0x0, 0x0, 0x0, 0x0, 0x0,
    0x6, 0xff, 0x50, 0x0, 0x0, 0x0, 0x0, 0x0,
    0x0, 0x0, 0x0, 0x0, 0x0, 0x6, 0xff, 0x50,
    0x0, 0x0, 0x0, 0x0, 0x0, 0x0, 0x0, 0x0,
    0x0, 0x0, 0x6, 0xff, 0x50, 0x0, 0x0, 0x0,
    0x0, 0x0,

    /* U+6761 "条" */
    0x0, 0x0, 0x0, 0x0, 0x5, 0x52, 0x0, 0x0,
    0x0, 0x0, 0x0, 0x0, 0x0, 0x0, 0x0, 0x0,
    0x0, 0x5f, 0xfd, 0x0, 0x0, 0x0, 0x0, 0x0,
    0x0, 0x0, 0x0, 0x0, 0x0, 0x2, 0xef, 0xf4,
    0x0, 0x0, 0x0, 0x1, 0x0, 0x0, 0x0, 0x0,
    0x0, 0x0, 0x2e, 0xff, 0xff, 0xff, 0xff, 0xff,
    0xff, 0x90, 0x0, 0x0, 0x0, 0x0, 0x3, 0xef,
    0xff, 0xff, 0xff, 0xff, 0xff, 0xff, 0xc0, 0x0,
    0x0, 0x0, 0x0, 0x6f, 0xff, 0xf6, 0x22, 0x22,
    0x22, 0x5f, 0xfe, 0x10, 0x0, 0x0, 0x0, 0x2b,
    0xff, 0xfe, 0xff, 0x50, 0x0, 0x4, 0xff, 0xf4,
    0x0, 0x0, 0x0, 0x7, 0xff, 0xfe, 0x31, 0xdf,
    0xf9, 0x0, 0x8f, 0xff, 0x50, 0x0, 0x0, 0x0,
    0x1, 0xdf, 0x91, 0x0, 0xb, 0xff, 0xed, 0xff,
    0xe3, 0x0, 0x0, 0x0, 0x0, 0x0, 0x22, 0x0,
    0x0, 0x0, 0xcf, 0xff, 0xfe, 0x20, 0x0, 0x0,
    0x0, 0x0, 0x0, 0x0, 0x0, 0x4, 0x9e, 0xff,
    0xff, 0xff, 0xfb, 0x61, 0x0, 0x0, 0x0, 0x0,
    0x3, 0x69, 0xef, 0xff, 0xfc, 0x54, 0xaf, 0xff,
    0xff, 0xc9, 0x63, 0x10, 0x8d, 0xff, 0xff, 0xff,
    0xe9, 0x20, 0x0, 0x1, 0x7e, 0xff, 0xff, 0xff,
    0xf9, 0x5f, 0xff, 0xfd, 0x95, 0x0, 0x5, 0xff,
    0x40, 0x0, 0x47, 0xbe, 0xff, 0xe1, 0xb, 0x84,
    0x10, 0x0, 0x0, 0x5, 0xff, 0x40, 0x0, 0x0,
    0x0, 0x25, 0x40, 0x0, 0x2, 0x22, 0x22, 0x22,
    0x27, 0xff, 0x62, 0x22, 0x22, 0x22, 0x20, 0x0,
    0x0, 0xd, 0xff, 0xff, 0xff, 0xff, 0xff, 0xff,
    0xff, 0xff, 0xff, 0xf0, 0x0, 0x0, 0xd, 0xff,
    0xff, 0xff, 0xff, 0xff, 0xff, 0xff, 0xff, 0xff,
    0xf0, 0x0, 0x0, 0x0, 0x0, 0x11, 0x0, 0x6,
    0xff, 0x50, 0x0, 0x10, 0x0, 0x0, 0x0, 0x0,
    0x0, 0x0, 0x8e, 0x80, 0x5, 0xff, 0x40, 0x8,
    0xe3, 0x0, 0x0, 0x0, 0x0, 0x0, 0x8, 0xff,
    0x80, 0x5, 0xff, 0x40, 0x2e, 0xff, 0x50, 0x0,
    0x0, 0x0, 0x1, 0xbf, 0xfa, 0x0, 0x5, 0xff,
    0x40, 0x2, 0xdf, 0xf7, 0x0, 0x0, 0x0, 0x5e,
    0xff, 0x90, 0x0, 0x5, 0xff, 0x40, 0x0, 0x1c,
    0xff, 0x70, 0x0, 0x3, 0xff, 0xf7, 0x0, 0x3,
    0x38, 0xff, 0x40, 0x0, 0x1, 0xdf, 0xf4, 0x0,
    0x0, 0x4d, 0x40, 0x0, 0xf, 0xff, 0xff, 0x10,
    0x0, 0x0, 0x1e, 0xa0, 0x0, 0x0, 0x0, 0x0,
    0x0, 0xa, 0xff, 0xc5, 0x0, 0x0, 0x0, 0x1,
    0x0, 0x0,

    /* U+6765 "来" */
    0x0, 0x0, 0x0, 0x0, 0x0, 0x1, 0xbb, 0x60,
    0x0, 0x0, 0x0, 0x0, 0x0, 0x0, 0x0, 0x0,
    0x0, 0x0, 0x0, 0x2f, 0xf9, 0x0, 0x0, 0x0,
    0x0, 0x0, 0x0, 0x0, 0x0, 0x0, 0x0, 0x0,
    0x2, 0xff, 0x90, 0x0, 0x0, 0x0, 0x0, 0x0,
    0x0, 0x3, 0x44, 0x44, 0x44, 0x44, 0x6f, 0xfb,
    0x44, 0x44, 0x44, 0x44, 0x41, 0x0, 0x0, 0xcf,
    0xff, 0xff, 0xff, 0xff, 0xff, 0xff, 0xff, 0xff,
    0xff, 0xff, 0x70, 0x0, 0xc, 0xff, 0xff, 0xff,
    0xff, 0xff, 0xff, 0xff, 0xff, 0xff, 0xff, 0xf7,
    0x0, 0x0, 0x23, 0x34, 0x73, 0x33, 0x35, 0xff,
    0xa3, 0x33, 0x34, 0x95, 0x33, 0x10, 0x0, 0x0,
    0x6, 0xff, 0x20, 0x0, 0x2f, 0xf9, 0x0, 0x0,
    0x6f, 0xf8, 0x0, 0x0, 0x0, 0x0, 0x2f, 0xfb,
    0x0, 0x2, 0xff, 0x90, 0x0, 0xd, 0xff, 0x10,
    0x0, 0x0, 0x0, 0x0, 0x8f, 0xf4, 0x0, 0x2f,
    0xf9, 0x0, 0x5, 0xff, 0x80, 0x0, 0x0, 0x0,
    0x0, 0x1, 0xff, 0xa0, 0x2, 0xff, 0x90, 0x0,
    0xdf, 0xe0, 0x0, 0x0, 0x0, 0x0, 0x0, 0xb,
    0xfb, 0x0, 0x2f, 0xf9, 0x0, 0x5f, 0xf4, 0x0,
    0x0, 0x0, 0x7, 0x77, 0x77, 0xa9, 0x77, 0x78,
    0xff, 0xc7, 0x77, 0x9c, 0x77, 0x77, 0x74, 0x1,
    0xff, 0xff, 0xff, 0xff, 0xff, 0xff, 0xff, 0xff,
    0xff, 0xff, 0xff, 0xff, 0x90, 0x1f, 0xff, 0xff,
    0xff, 0xff, 0xff, 0xff, 0xff, 0xff, 0xff, 0xff,
    0xff, 0xf9, 0x0, 0x0, 0x0, 0x0, 0x0, 0x4f,
    0xff, 0xff, 0xfb, 0x0, 0x0, 0x0, 0x0, 0x0,
    0x0, 0x0, 0x0, 0x0, 0x2e, 0xff, 0xff, 0xef,
    0xf9, 0x0, 0x0, 0x0, 0x0, 0x0, 0x0, 0x0,
    0x0, 0x2e, 0xff, 0x5f, 0xf9, 0xaf, 0xf8, 0x0,
    0x0, 0x0, 0x0, 0x0, 0x0, 0x0, 0x4e, 0xff,
    0x42, 0xff, 0x90, 0xcf, 0xfa, 0x0, 0x0, 0x0,
    0x0, 0x0, 0x0, 0x6f, 0xff, 0x50, 0x2f, 0xf9,
    0x1, 0xcf, 0xfb, 0x10, 0x0, 0x0, 0x0, 0x1,
    0xbf, 0xff, 0x40, 0x2, 0xff, 0x90, 0x0, 0xcf,
    0xfe, 0x50, 0x0, 0x0, 0x6, 0xef, 0xfe, 0x30,
    0x0, 0x2f, 0xf9, 0x0, 0x0, 0xaf, 0xff, 0xa2,
    0x0, 0x5e, 0xff, 0xfb, 0x10, 0x0, 0x2, 0xff,
    0x90, 0x0, 0x0, 0x7f, 0xff, 0xf9, 0x2, 0xef,
    0xf7, 0x0, 0x0, 0x0, 0x2f, 0xf9, 0x0, 0x0,
    0x0, 0x3d, 0xff, 0x90, 0x4, 0xa1, 0x0, 0x0,
    0x0, 0x2, 0xff, 0x90, 0x0, 0x0, 0x0, 0x7,
    0xb0, 0x0, 0x0, 0x0, 0x0, 0x0, 0x0, 0x2f,
    0xf9, 0x0, 0x0, 0x0, 0x0, 0x0, 0x0,

    /* U+67E5 "查" */
    0x0, 0x0, 0x0, 0x0, 0x0, 0x1, 0x77, 0x30,
    0x0, 0x0, 0x0, 0x0, 0x0, 0x0, 0x0, 0x0,
    0x0, 0x0, 0x0, 0x2f, 0xf6, 0x0, 0x0, 0x0,
    0x0, 0x0, 0x0, 0x0, 0x0, 0x0, 0x0, 0x0,
    0x2, 0xff, 0x60, 0x0, 0x0, 0x0, 0x0, 0x0,
    0x0, 0x11, 0x11, 0x11, 0x11, 0x11, 0x4f, 0xf7,
    0x11, 0x11, 0x11, 0x11, 0x11, 0x10, 0x1f, 0xff,
    0xff, 0xff, 0xff, 0xff, 0xff, 0xff, 0xff, 0xff,
    0xff, 0xff, 0xf8, 0x1, 0xff, 0xff, 0xff, 0xff,
    0xff, 0xff, 0xff, 0xff, 0xff, 0xff, 0xff, 0xff,
    0x80, 0x2, 0x22, 0x22, 0x22, 0x6f, 0xfe, 0xff,
    0xef, 0xf9, 0x22, 0x22, 0x22, 0x21, 0x0, 0x0,
    0x0, 0x0, 0x5f, 0xfd, 0x3f, 0xf6, 0x9f, 0xf9,
    0x0, 0x0, 0x0, 0x0, 0x0, 0x0, 0x0, 0x9f,
    0xfd, 0x12, 0xff, 0x60, 0x9f, 0xfd, 0x30, 0x0,
    0x0, 0x0, 0x0, 0x5, 0xef, 0xfc, 0x10, 0x2f,
    0xf6, 0x0, 0x6f, 0xff, 0xa2, 0x0, 0x0, 0x0,
    0x4c, 0xff, 0xf9, 0x0, 0x2, 0xff, 0x60, 0x0,
    0x3d, 0xff, 0xfa, 0x30, 0x5, 0xef, 0xff, 0xd3,
    0x0, 0x0, 0x16, 0x62, 0x0, 0x0, 0x8, 0xff,
    0xff, 0xc0, 0x1e, 0xfe, 0x78, 0xbb, 0xbb, 0xbb,
    0xbb, 0xbb, 0xbb, 0xbb, 0xb2, 0x9f, 0xf2, 0x0,
    0x36, 0x0, 0xaf, 0xff, 0xff, 0xff, 0xff, 0xff,
    0xff, 0xff, 0x0, 0x13, 0x0, 0x0, 0x0, 0xa,
    0xfe, 0x0, 0x0, 0x0, 0x0, 0x0, 0xbf, 0xf0,
    0x0, 0x0, 0x0, 0x0, 0x0, 0xaf, 0xe0, 0x0,
    0x0, 0x0, 0x0, 0xa, 0xff, 0x0, 0x0, 0x0,
    0x0, 0x0, 0xa, 0xff, 0xff, 0xff, 0xff, 0xff,
    0xff, 0xff, 0xf0, 0x0, 0x0, 0x0, 0x0, 0x0,
    0xaf, 0xfc, 0xcc, 0xcc, 0xcc, 0xcc, 0xce, 0xff,
    0x0, 0x0, 0x0, 0x0, 0x0, 0xa, 0xfe, 0x0,
    0x0, 0x0, 0x0, 0x0, 0xaf, 0xf0, 0x0, 0x0,
    0x0, 0x0, 0x0, 0xaf, 0xe0, 0x0, 0x0, 0x0,
    0x0, 0xb, 0xff, 0x0, 0x0, 0x0, 0x0, 0x0,
    0xa, 0xff, 0xff, 0xff, 0xff, 0xff, 0xff, 0xff,
    0xf0, 0x0, 0x0, 0x0, 0x0, 0x0, 0x8c, 0xcc,
    0xcc, 0xcc, 0xcc, 0xcc, 0xcc, 0xcc, 0x0, 0x0,
    0x0, 0x0, 0x0, 0x0, 0x0, 0x0, 0x0, 0x0,
    0x0, 0x0, 0x0, 0x0, 0x0, 0x0, 0x0, 0xaf,
    0xff, 0xff, 0xff, 0xff, 0xff, 0xff, 0xff, 0xff,
    0xff, 0xff, 0xff, 0x30, 0xb, 0xff, 0xff, 0xff,
    0xff, 0xff, 0xff, 0xff, 0xff, 0xff, 0xff, 0xff,
    0xf3, 0x0, 0x45, 0x55, 0x55, 0x55, 0x55, 0x55,
    0x55, 0x55, 0x55, 0x55, 0x55, 0x55, 0x10,

    /* U+6807 "标" */
    0x0, 0x0, 0x6, 0xbb, 0x0, 0x0, 0x0, 0x0,
    0x0, 0x0, 0x0, 0x0, 0x0, 0x0, 0x0, 0x0,
    0x9f, 0xf0, 0x0, 0x0, 0x0, 0x0, 0x0, 0x0,
    0x0, 0x0, 0x0, 0x0, 0x0, 0x9, 0xff, 0x0,
    0x0, 0x6, 0x77, 0x77, 0x77, 0x77, 0x77, 0x72,
    0x0, 0x0, 0x0, 0x9f, 0xf0, 0x0, 0x0, 0xdf,
    0xff, 0xff, 0xff, 0xff, 0xff, 0x40, 0x0, 0x0,
    0x9, 0xff, 0x0, 0x0, 0xc, 0xff, 0xff, 0xff,
    0xff, 0xff, 0xf4, 0x0, 0x0, 0x0, 0x9f, 0xf0,
    0x0, 0x0, 0x0, 0x0, 0x0, 0x0, 0x0, 0x0,
    0x0, 0x7, 0xbb, 0xbe, 0xff, 0xbb, 0xb5, 0x0,
    0x0, 0x0, 0x0, 0x0, 0x0, 0x0, 0x0, 0xaf,
    0xff, 0xff, 0xff, 0xff, 0x60, 0x0, 0x0, 0x0,
    0x0, 0x0, 0x0, 0x0, 0x6, 0x99, 0xaf, 0xff,
    0x99, 0x94, 0x0, 0x0, 0x0, 0x0, 0x0, 0x0,
    0x0, 0x0, 0x0, 0x7, 0xff, 0xf3, 0x0, 0x1f,
    0xff, 0xff, 0xff, 0xff, 0xff, 0xff, 0xfc, 0x0,
    0x0, 0xcf, 0xff, 0xe1, 0x1, 0xff, 0xff, 0xff,
    0xff, 0xff, 0xff, 0xff, 0xc0, 0x0, 0x2f, 0xff,
    0xff, 0xc0, 0x7, 0x77, 0x77, 0xaf, 0xfa, 0x77,
    0x77, 0x76, 0x0, 0x7, 0xff, 0xff, 0xdf, 0xa0,
    0x0, 0x0, 0x5, 0xff, 0x40, 0x0, 0x0, 0x0,
    0x0, 0xdf, 0xef, 0xf3, 0xff, 0x60, 0x0, 0x0,
    0x5f, 0xf4, 0x0, 0x0, 0x0, 0x0, 0x5f, 0xe9,
    0xff, 0x9, 0xf3, 0x5, 0x63, 0x5, 0xff, 0x40,
    0x49, 0x10, 0x0, 0xd, 0xf8, 0x9f, 0xf0, 0x17,
    0x0, 0xef, 0xb0, 0x5f, 0xf4, 0x1f, 0xf7, 0x0,
    0x7, 0xff, 0x29, 0xff, 0x0, 0x0, 0x3f, 0xf5,
    0x5, 0xff, 0x40, 0xaf, 0xd0, 0x1, 0xff, 0xb0,
    0x9f, 0xf0, 0x0, 0x9, 0xff, 0x0, 0x5f, 0xf4,
    0x4, 0xff, 0x40, 0xc, 0xf2, 0x9, 0xff, 0x0,
    0x0, 0xef, 0xa0, 0x5, 0xff, 0x40, 0xe, 0xfa,
    0x0, 0x49, 0x0, 0x9f, 0xf0, 0x0, 0x6f, 0xf5,
    0x0, 0x5f, 0xf4, 0x0, 0x8f, 0xf0, 0x0, 0x0,
    0x9, 0xff, 0x0, 0xd, 0xfd, 0x0, 0x5, 0xff,
    0x40, 0x3, 0xff, 0x50, 0x0, 0x0, 0x9f, 0xf0,
    0x8, 0xff, 0x60, 0x0, 0x5f, 0xf4, 0x0, 0xe,
    0xfa, 0x0, 0x0, 0x9, 0xff, 0x0, 0x6f, 0xd0,
    0x0, 0x5, 0xff, 0x40, 0x0, 0xaf, 0xc0, 0x0,
    0x0, 0x9f, 0xf0, 0x0, 0x12, 0x6, 0xa9, 0xdf,
    0xf3, 0x0, 0x4, 0x40, 0x0, 0x0, 0x9, 0xff,
    0x0, 0x0, 0x0, 0x5f, 0xff, 0xff, 0x0, 0x0,
    0x0, 0x0, 0x0, 0x0, 0x9f, 0xf0, 0x0, 0x0,
    0x1, 0xff, 0xea, 0x30, 0x0, 0x0, 0x0, 0x0,
    0x0, 0x0, 0x0, 0x0, 0x0, 0x0, 0x0, 0x0,
    0x0, 0x0, 0x0, 0x0, 0x0,

    /* U+68C0 "检" */
    0x0, 0x1, 0xaa, 0x20, 0x0, 0x0, 0x0, 0x0,
    0xb7, 0x10, 0x0, 0x0, 0x0, 0x0, 0x0, 0x2f,
    0xf3, 0x0, 0x0, 0x0, 0x0, 0x8f, 0xf3, 0x0,
    0x0, 0x0, 0x0, 0x0, 0x2, 0xff, 0x30, 0x0,
    0x0, 0x0, 0x2f, 0xff, 0x70, 0x0, 0x0, 0x0,
    0x0, 0x0, 0x2f, 0xf3, 0x0, 0x0, 0x0, 0xd,
    0xff, 0xff, 0x50, 0x0, 0x0, 0x0, 0x0, 0x2,
    0xff, 0x30, 0x0, 0x0, 0xa, 0xff, 0x6d, 0xff,
    0x50, 0x0, 0x0, 0x4, 0x66, 0x8f, 0xf8, 0x65,
    0x0, 0x8, 0xff, 0x90, 0x1d, 0xff, 0x50, 0x0,
    0x0, 0x9f, 0xff, 0xff, 0xff, 0xc0, 0x8, 0xff,
    0xc0, 0x0, 0x2e, 0xff, 0x80, 0x0, 0x9, 0xff,
    0xff, 0xff, 0xfc, 0x9, 0xff, 0xd1, 0x0, 0x0,
    0x2d, 0xff, 0xb1, 0x0, 0x1, 0x18, 0xff, 0x41,
    0x2b, 0xff, 0xd1, 0x0, 0x0, 0x0, 0x1d, 0xff,
    0xf6, 0x0, 0x0, 0xcf, 0xf7, 0x2e, 0xff, 0xce,
    0xff, 0xff, 0xff, 0xff, 0xba, 0xff, 0xc0, 0x0,
    0x1f, 0xff, 0xf2, 0xbf, 0xa0, 0xef, 0xff, 0xff,
    0xff, 0xfa, 0x6, 0xf3, 0x0, 0x5, 0xff, 0xff,
    0xc1, 0x60, 0x3, 0x44, 0x44, 0x44, 0x44, 0x20,
    0x2, 0x0, 0x0, 0xaf, 0xff, 0xef, 0x60, 0x0,
    0x0, 0x0, 0x0, 0x0, 0x0, 0x0, 0x0, 0x0,
    0xe, 0xff, 0xf7, 0xfe, 0x10, 0x30, 0x0, 0x5c,
    0x70, 0x0, 0xc, 0x93, 0x0, 0x5, 0xfd, 0xff,
    0x3c, 0xd1, 0xcf, 0x60, 0x5, 0xfc, 0x0, 0x3,
    0xff, 0x20, 0x0, 0xcf, 0x7f, 0xf3, 0x42, 0x8,
    0xfb, 0x0, 0x2f, 0xf0, 0x0, 0x9f, 0xc0, 0x0,
    0x4f, 0xf3, 0xff, 0x30, 0x0, 0x3f, 0xf0, 0x0,
    0xff, 0x20, 0xe, 0xf5, 0x0, 0xd, 0xfa, 0x2f,
    0xf3, 0x0, 0x0, 0xef, 0x40, 0xc, 0xf5, 0x5,
    0xfe, 0x0, 0x0, 0x9f, 0x32, 0xff, 0x30, 0x0,
    0xb, 0xf7, 0x0, 0xaf, 0x80, 0xcf, 0x70, 0x0,
    0x1, 0xa0, 0x2f, 0xf3, 0x0, 0x0, 0x7f, 0xb0,
    0x7, 0xd6, 0x3f, 0xf1, 0x0, 0x0, 0x0, 0x2,
    0xff, 0x30, 0x0, 0x3, 0x95, 0x0, 0x0, 0xa,
    0xf8, 0x0, 0x0, 0x0, 0x0, 0x2f, 0xf3, 0x0,
    0x0, 0x0, 0x0, 0x0, 0x2, 0xff, 0x10, 0x0,
    0x0, 0x0, 0x2, 0xff, 0x30, 0x15, 0x55, 0x55,
    0x55, 0x55, 0xbf, 0xb5, 0x55, 0x50, 0x0, 0x0,
    0x2f, 0xf3, 0x4, 0xff, 0xff, 0xff, 0xff, 0xff,
    0xff, 0xff, 0xff, 0x20, 0x0, 0x2, 0xff, 0x30,
    0x4f, 0xff, 0xff, 0xff, 0xff, 0xff, 0xff, 0xff,
    0xf2, 0x0, 0x0, 0x2f, 0xf3, 0x0, 0x0, 0x0,
    0x0, 0x0, 0x0, 0x0, 0x0, 0x0, 0x0,

    /* U+6B21 "次" */
    0x0, 0x0, 0x0, 0x0, 0x0, 0x2, 0x63, 0x0,
    0x0, 0x0, 0x0, 0x0, 0x0, 0x0, 0x0, 0x0,
    0x0, 0x0, 0x0, 0x8f, 0xf6, 0x0, 0x0, 0x0,
    0x0, 0x0, 0x0, 0x0, 0x60, 0x0, 0x0, 0x0,
    0xb, 0xff, 0x20, 0x0, 0x0, 0x0, 0x0, 0x0,
    0x0, 0x9f, 0xe5, 0x0, 0x0, 0x0, 0xff, 0xe0,
    0x0, 0x0, 0x0, 0x0, 0x0, 0x0, 0xb, 0xff,
    0xfb, 0x10, 0x0, 0x4f, 0xfa, 0x0, 0x0, 0x0,
    0x0, 0x0, 0x0, 0x0, 0x6, 0xef, 0xfe, 0x40,
    0x9, 0xff, 0xff, 0xff, 0xff, 0xff, 0xff, 0xf8,
    0x0, 0x0, 0x1, 0xbf, 0xf7, 0x0, 0xef, 0xff,
    0xff, 0xff, 0xff, 0xff, 0xff, 0xf3, 0x0, 0x0,
    0x0, 0x9b, 0x0, 0x5f, 0xfd, 0x99, 0x99, 0x99,
    0x99, 0x9f, 0xfe, 0x0, 0x0, 0x0, 0x0, 0x0,
    0xd, 0xff, 0x30, 0x4, 0x42, 0x0, 0x2, 0xff,
    0x90, 0x0, 0x0, 0x0, 0x0, 0x4, 0xff, 0xc0,
    0x1, 0xff, 0xa0, 0x0, 0x7f, 0xf4, 0x0, 0x0,
    0x0, 0x0, 0x0, 0xdf, 0xf5, 0x0, 0x1f, 0xfa,
    0x0, 0xc, 0xfe, 0x0, 0x0, 0x0, 0x0, 0x0,
    0x9f, 0xfc, 0x0, 0x2, 0xff, 0xa0, 0x3, 0xff,
    0x80, 0x0, 0x0, 0x0, 0x0, 0x3, 0xbf, 0x30,
    0x0, 0x3f, 0xfa, 0x0, 0x7f, 0xf1, 0x0, 0x0,
    0x0, 0x0, 0x37, 0x0, 0x30, 0x0, 0x5, 0xff,
    0xe0, 0x0, 0x36, 0x0, 0x0, 0x0, 0x0, 0xc,
    0xf9, 0x0, 0x0, 0x0, 0x8f, 0xff, 0x40, 0x0,
    0x0, 0x0, 0x0, 0x0, 0x6, 0xff, 0xb0, 0x0,
    0x0, 0xc, 0xff, 0xf9, 0x0, 0x0, 0x0, 0x0,
    0x0, 0x1, 0xff, 0xf2, 0x0, 0x0, 0x2, 0xff,
    0xff, 0xe0, 0x0, 0x0, 0x0, 0x0, 0x0, 0xaf,
    0xf8, 0x0, 0x0, 0x0, 0x9f, 0xfb, 0xff, 0x70,
    0x0, 0x0, 0x0, 0x0, 0x5f, 0xfe, 0x0, 0x0,
    0x0, 0x2f, 0xff, 0x1c, 0xff, 0x10, 0x0, 0x0,
    0x0, 0x1e, 0xff, 0x50, 0x0, 0x0, 0xc, 0xff,
    0x90, 0x4f, 0xfa, 0x0, 0x0, 0x0, 0xb, 0xff,
    0xb0, 0x0, 0x0, 0xb, 0xff, 0xe1, 0x0, 0xbf,
    0xf9, 0x0, 0x0, 0x5, 0xff, 0xf2, 0x0, 0x0,
    0xb, 0xff, 0xf3, 0x0, 0x1, 0xef, 0xf8, 0x0,
    0x0, 0x8, 0xf6, 0x0, 0x0, 0x2d, 0xff, 0xf5,
    0x0, 0x0, 0x5, 0xff, 0xfc, 0x30, 0x0, 0x3,
    0x0, 0x1, 0x8f, 0xff, 0xf4, 0x0, 0x0, 0x0,
    0x4, 0xff, 0xff, 0xb0, 0x0, 0x0, 0x0, 0x9f,
    0xff, 0xd3, 0x0, 0x0, 0x0, 0x0, 0x3, 0xdf,
    0xf7, 0x0, 0x0, 0x0, 0x0, 0xaf, 0x70, 0x0,
    0x0, 0x0, 0x0, 0x0, 0x0, 0x7a, 0x0, 0x0,
    0x0, 0x0, 0x0, 0x10, 0x0, 0x0, 0x0, 0x0,
    0x0, 0x0, 0x0, 0x0, 0x0,

    /* U+6B63 "正" */
    0x2, 0x88, 0x88, 0x88, 0x88, 0x88, 0x88, 0x88,
    0x88, 0x88, 0x88, 0x88, 0x70, 0x4, 0xff, 0xff,
    0xff, 0xff, 0xff, 0xff, 0xff, 0xff, 0xff, 0xff,
    0xff, 0xc0, 0x4, 0xff, 0xff, 0xff, 0xff, 0xff,
    0xff, 0xff, 0xff, 0xff, 0xff, 0xff, 0xc0, 0x0,
    0x0, 0x0, 0x0, 0x0, 0x0, 0x8f, 0xf3, 0x0,
    0x0, 0x0, 0x0, 0x0, 0x0, 0x0, 0x0, 0x0,
    0x0, 0x0, 0x8f, 0xf3, 0x0, 0x0, 0x0, 0x0,
    0x0, 0x0, 0x0, 0x0, 0x0, 0x0, 0x0, 0x8f,
    0xf3, 0x0, 0x0, 0x0, 0x0, 0x0, 0x0, 0x0,
    0x0, 0x0, 0x0, 0x0, 0x8f, 0xf3, 0x0, 0x0,
    0x0, 0x0, 0x0, 0x0, 0x0, 0x23, 0x30, 0x0,
    0x0, 0x8f, 0xf3, 0x0, 0x0, 0x0, 0x0, 0x0,
    0x0, 0x0, 0xaf, 0xf0, 0x0, 0x0, 0x8f, 0xf3,
    0x0, 0x0, 0x0, 0x0, 0x0, 0x0, 0x0, 0xaf,
    0xf0, 0x0, 0x0, 0x8f, 0xf3, 0x0, 0x0, 0x0,
    0x0, 0x0, 0x0, 0x0, 0xaf, 0xf0, 0x0, 0x0,
    0x8f, 0xff, 0xff, 0xff, 0xff, 0xf7, 0x0, 0x0,
    0x0, 0xaf, 0xf0, 0x0, 0x0, 0x8f, 0xff, 0xff,
    0xff, 0xff, 0xf7, 0x0, 0x0, 0x0, 0xaf, 0xf0,
    0x0, 0x0, 0x8f, 0xf9, 0x77, 0x77, 0x77, 0x73,
    0x0, 0x0, 0x0, 0xaf, 0xf0, 0x0, 0x0, 0x8f,
    0xf3, 0x0, 0x0, 0x0, 0x0, 0x0, 0x0, 0x0,
    0xaf, 0xf0, 0x0, 0x0, 0x8f, 0xf3, 0x0, 0x0,
    0x0, 0x0, 0x0, 0x0, 0x0, 0xaf, 0xf0, 0x0,
    0x0, 0x8f, 0xf3, 0x0, 0x0, 0x0, 0x0, 0x0,
    0x0, 0x0, 0xaf, 0xf0, 0x0, 0x0, 0x8f, 0xf3,
    0x0, 0x0, 0x0, 0x0, 0x0, 0x0, 0x0, 0xaf,
    0xf0, 0x0, 0x0, 0x8f, 0xf3, 0x0, 0x0, 0x0,
    0x0, 0x0, 0x0, 0x0, 0xaf, 0xf0, 0x0, 0x0,
    0x8f, 0xf3, 0x0, 0x0, 0x0, 0x0, 0x0, 0x0,
    0x0, 0xaf, 0xf0, 0x0, 0x0, 0x8f, 0xf3, 0x0,
    0x0, 0x0, 0x0, 0x0, 0x27, 0x77, 0xdf, 0xf7,
    0x77, 0x77, 0xcf, 0xf9, 0x77, 0x77, 0x77, 0x77,
    0x75, 0x4f, 0xff, 0xff, 0xff, 0xff, 0xff, 0xff,
    0xff, 0xff, 0xff, 0xff, 0xff, 0xfc, 0x4f, 0xff,
    0xff, 0xff, 0xff, 0xff, 0xff, 0xff, 0xff, 0xff,
    0xff, 0xff, 0xfc, 0x0, 0x0, 0x0, 0x0, 0x0,
    0x0, 0x0, 0x0, 0x0, 0x0, 0x0, 0x0, 0x0,

    /* U+6C34 "水" */
    0x0, 0x0, 0x0, 0x0, 0x0, 0x0, 0x88, 0x50,
    0x0, 0x0, 0x0, 0x0, 0x0, 0x0, 0x0, 0x0,
    0x0, 0x0, 0x0, 0x1f, 0xfa, 0x0, 0x0, 0x0,
    0x0, 0x0, 0x0, 0x0, 0x0, 0x0, 0x0, 0x0,
    0x1, 0xff, 0xa0, 0x0, 0x0, 0x0, 0x0, 0x0,
    0x0, 0x0, 0x0, 0x0, 0x0, 0x0, 0x1f, 0xfa,
    0x0, 0x0, 0x0, 0x0, 0x0, 0x0, 0x0, 0x0,
    0x0, 0x0, 0x0, 0x1, 0xff, 0xa0, 0x0, 0x0,
    0x0, 0x0, 0x0, 0x0, 0x0, 0x0, 0x0, 0x0,
    0x0, 0x1f, 0xfa, 0x0, 0x0, 0x0, 0x31, 0x0,
    0x0, 0x0, 0x0, 0x0, 0x0, 0x0, 0x1, 0xff,
    0xa0, 0x0, 0x0, 0x1e, 0xe4, 0x0, 0x0, 0x79,
    0x99, 0x99, 0x99, 0x71, 0x1f, 0xfd, 0x0, 0x0,
    0xc, 0xff, 0xc0, 0x0, 0xd, 0xff, 0xff, 0xff,
    0xff, 0x91, 0xff, 0xf4, 0x0, 0xa, 0xff, 0xd1,
    0x0, 0x0, 0xdf, 0xff, 0xff, 0xff, 0xf5, 0x1f,
    0xff, 0xc0, 0x9, 0xff, 0xd1, 0x0, 0x0, 0x0,
    0x0, 0x0, 0xa, 0xff, 0x11, 0xff, 0xff, 0x39,
    0xff, 0xd1, 0x0, 0x0, 0x0, 0x0, 0x0, 0x0,
    0xef, 0xc0, 0x1f, 0xff, 0xfe, 0xff, 0xc1, 0x0,
    0x0, 0x0, 0x0, 0x0, 0x0, 0x4f, 0xf8, 0x1,
    0xff, 0xef, 0xff, 0xb0, 0x0, 0x0, 0x0, 0x0,
    0x0, 0x0, 0x9, 0xff, 0x30, 0x1f, 0xfa, 0xbf,
    0xf1, 0x0, 0x0, 0x0, 0x0, 0x0, 0x0, 0x2,
    0xff, 0xc0, 0x1, 0xff, 0xa2, 0xff, 0xc0, 0x0,
    0x0, 0x0, 0x0, 0x0, 0x0, 0xaf, 0xf4, 0x0,
    0x1f, 0xfa, 0x9, 0xff, 0x80, 0x0, 0x0, 0x0,
    0x0, 0x0, 0x2f, 0xfd, 0x0, 0x1, 0xff, 0xa0,
    0xd, 0xff, 0x80, 0x0, 0x0, 0x0, 0x0, 0xd,
    0xff, 0x50, 0x0, 0x1f, 0xfa, 0x0, 0x2e, 0xff,
    0x80, 0x0, 0x0, 0x0, 0xa, 0xff, 0xb0, 0x0,
    0x1, 0xff, 0xa0, 0x0, 0x4f, 0xff, 0xa0, 0x0,
    0x0, 0x8, 0xff, 0xe1, 0x0, 0x0, 0x1f, 0xfa,
    0x0, 0x0, 0x5f, 0xff, 0xd3, 0x0, 0xb, 0xff,
    0xf4, 0x0, 0x0, 0x1, 0xff, 0xa0, 0x0, 0x0,
    0x4f, 0xff, 0xfa, 0x16, 0xff, 0xf5, 0x0, 0x0,
    0x0, 0x1f, 0xfa, 0x0, 0x0, 0x0, 0x3d, 0xff,
    0xc0, 0x7, 0xf4, 0x0, 0x0, 0x0, 0x1, 0xff,
    0xa0, 0x0, 0x0, 0x0, 0x8, 0xe1, 0x0, 0x2,
    0x0, 0x0, 0x1d, 0xdd, 0xef, 0xf8, 0x0, 0x0,
    0x0, 0x0, 0x0, 0x0, 0x0, 0x0, 0x0, 0x0,
    0xaf, 0xff, 0xff, 0x30, 0x0, 0x0, 0x0, 0x0,
    0x0, 0x0, 0x0, 0x0, 0x0, 0x6, 0xff, 0xda,
    0x40, 0x0, 0x0, 0x0, 0x0, 0x0, 0x0,

    /* U+6C42 "求" */
    0x0, 0x0, 0x0, 0x0, 0x0, 0x4, 0xaa, 0x20,
    0x2, 0x60, 0x0, 0x0, 0x0, 0x0, 0x0, 0x0,
    0x0, 0x0, 0x6, 0xff, 0x40, 0x1d, 0xfc, 0x30,
    0x0, 0x0, 0x0, 0x0, 0x0, 0x0, 0x0, 0x6,
    0xff, 0x40, 0x1b, 0xff, 0xf9, 0x0, 0x0, 0x0,
    0x0, 0x0, 0x0, 0x0, 0x6, 0xff, 0x40, 0x0,
    0x4e, 0xff, 0xd0, 0x0, 0x0, 0x0, 0x0, 0x0,
    0x0, 0x6, 0xff, 0x40, 0x0, 0x1, 0xbf, 0x60,
    0x0, 0x1f, 0xff, 0xff, 0xff, 0xff, 0xff, 0xff,
    0xff, 0xff, 0xff, 0xff, 0xff, 0xf3, 0x1f, 0xff,
    0xff, 0xff, 0xff, 0xff, 0xff, 0xff, 0xff, 0xff,
    0xff, 0xff, 0xf3, 0x7, 0x77, 0x77, 0x77, 0x77,
    0x7b, 0xff, 0xa7, 0x77, 0x77, 0x77, 0x77, 0x71,
    0x0, 0x0, 0x0, 0x0, 0x0, 0x6, 0xff, 0x90,
    0x0, 0x0, 0x1, 0x20, 0x0, 0x0, 0x1c, 0xb0,
    0x0, 0x0, 0x6, 0xff, 0xf0, 0x0, 0x0, 0xd,
    0xf6, 0x0, 0x0, 0x8f, 0xfc, 0x0, 0x0, 0x6,
    0xff, 0xf7, 0x0, 0x0, 0xaf, 0xfc, 0x0, 0x0,
    0x9, 0xff, 0xc0, 0x0, 0x6, 0xff, 0xfe, 0x0,
    0x8, 0xff, 0xd1, 0x0, 0x0, 0x0, 0xaf, 0xfb,
    0x0, 0x6, 0xff, 0xff, 0x80, 0x8f, 0xfd, 0x10,
    0x0, 0x0, 0x0, 0xc, 0xff, 0x70, 0x6, 0xff,
    0xcf, 0xf9, 0xff, 0xd1, 0x0, 0x0, 0x0, 0x0,
    0x1, 0xec, 0x20, 0x7, 0xff, 0x5e, 0xff, 0xfc,
    0x10, 0x0, 0x0, 0x0, 0x0, 0x0, 0x20, 0x2,
    0xbf, 0xff, 0x45, 0xff, 0xe0, 0x0, 0x0, 0x0,
    0x0, 0x0, 0x0, 0x1, 0x9f, 0xff, 0xff, 0x40,
    0xbf, 0xf8, 0x0, 0x0, 0x0, 0x0, 0x0, 0x0,
    0x7f, 0xff, 0xfb, 0xff, 0x40, 0x1e, 0xff, 0x80,
    0x0, 0x0, 0x0, 0x0, 0x5e, 0xff, 0xfa, 0x16,
    0xff, 0x40, 0x3, 0xff, 0xf8, 0x0, 0x0, 0x0,
    0x4d, 0xff, 0xfd, 0x40, 0x6, 0xff, 0x40, 0x0,
    0x5f, 0xff, 0xb1, 0x0, 0x4c, 0xff, 0xff, 0x70,
    0x0, 0x6, 0xff, 0x40, 0x0, 0x4, 0xff, 0xfe,
    0x60, 0x6f, 0xff, 0xa1, 0x0, 0x0, 0x6, 0xff,
    0x40, 0x0, 0x0, 0x3e, 0xff, 0xfa, 0xb, 0xd4,
    0x0, 0x0, 0x0, 0x6, 0xff, 0x40, 0x0, 0x0,
    0x1, 0x9f, 0xd1, 0x0, 0x0, 0x0, 0x1b, 0xaa,
    0xae, 0xff, 0x30, 0x0, 0x0, 0x0, 0x3, 0x30,
    0x0, 0x0, 0x0, 0xd, 0xff, 0xff, 0xfd, 0x0,
    0x0, 0x0, 0x0, 0x0, 0x0, 0x0, 0x0, 0x0,
    0x8, 0xff, 0xfd, 0x91, 0x0, 0x0, 0x0, 0x0,
    0x0, 0x0, 0x0, 0x0, 0x0, 0x0, 0x0, 0x0,
    0x0, 0x0, 0x0, 0x0, 0x0, 0x0, 0x0,

    /* U+6CA1 "没" */
    0x0, 0x0, 0x0, 0x0, 0x0, 0x0, 0x0, 0x0,
    0x0, 0x0, 0x0, 0x0, 0x0, 0x0, 0x8, 0xb2,
    0x0, 0x0, 0x0, 0x47, 0x77, 0x77, 0x77, 0x77,
    0x30, 0x0, 0x0, 0x4, 0xff, 0xf9, 0x10, 0x0,
    0x9, 0xff, 0xff, 0xff, 0xff, 0xf7, 0x0, 0x0,
    0x0, 0x7, 0xff, 0xfe, 0x60, 0x0, 0x9f, 0xff,
    0xff, 0xff, 0xff, 0x70, 0x0, 0x0, 0x0, 0x1,
    0xbf, 0xf8, 0x0, 0x9, 0xfe, 0x0, 0x0, 0x1f,
    0xf7, 0x0, 0x0, 0x0, 0x0, 0x0, 0x5b, 0x0,
    0x0, 0xaf, 0xd0, 0x0, 0x1, 0xff, 0x70, 0x0,
    0x0, 0x0, 0x0, 0x0, 0x0, 0x0, 0xd, 0xfb,
    0x0, 0x0, 0x1f, 0xf7, 0x0, 0x0, 0x0, 0x0,
    0x0, 0x0, 0x0, 0x4, 0xff, 0x70, 0x0, 0x0,
    0xff, 0x70, 0x0, 0x0, 0x6, 0x10, 0x0, 0x0,
    0x1, 0xef, 0xf1, 0x0, 0x0, 0xf, 0xfd, 0x98,
    0x99, 0x6, 0xff, 0x91, 0x0, 0x3, 0xdf, 0xf7,
    0x0, 0x0, 0x0, 0xcf, 0xff, 0xff, 0xe0, 0x8f,
    0xff, 0xf7, 0x7, 0xff, 0xfa, 0x0, 0x0, 0x0,
    0x2, 0xbe, 0xff, 0xfd, 0x0, 0x2a, 0xff, 0xf5,
    0xb, 0xf7, 0x0, 0x0, 0x0, 0x0, 0x0, 0x0,
    0x0, 0x0, 0x0, 0x4, 0xdb, 0x0, 0x27, 0x55,
    0x55, 0x55, 0x55, 0x55, 0x55, 0x50, 0x0, 0x0,
    0x0, 0x0, 0x10, 0x4, 0xff, 0xff, 0xff, 0xff,
    0xff, 0xff, 0xff, 0xf0, 0x0, 0x0, 0x0, 0x0,
    0x0, 0x4f, 0xff, 0xff, 0xff, 0xff, 0xff, 0xff,
    0xfb, 0x0, 0x0, 0x0, 0x0, 0x33, 0x0, 0x2e,
    0xfa, 0x11, 0x11, 0x11, 0x1b, 0xff, 0x40, 0x0,
    0x0, 0x0, 0xb, 0xf5, 0x0, 0xaf, 0xf4, 0x0,
    0x0, 0x5, 0xff, 0xb0, 0x0, 0x0, 0x0, 0x4,
    0xff, 0x80, 0x1, 0xef, 0xe1, 0x0, 0x2, 0xff,
    0xf2, 0x0, 0x0, 0x0, 0x0, 0xcf, 0xf1, 0x0,
    0x5, 0xff, 0xe2, 0x3, 0xef, 0xf6, 0x0, 0x0,
    0x0, 0x0, 0x5f, 0xf8, 0x0, 0x0, 0x7, 0xff,
    0xe6, 0xff, 0xf9, 0x0, 0x0, 0x0, 0x0, 0xd,
    0xff, 0x10, 0x0, 0x0, 0x8, 0xff, 0xff, 0xf9,
    0x0, 0x0, 0x0, 0x0, 0x7, 0xff, 0x80, 0x0,
    0x0, 0x1, 0x7f, 0xff, 0xff, 0x70, 0x0, 0x0,
    0x0, 0x1, 0xff, 0xe0, 0x0, 0x0, 0x29, 0xff,
    0xff, 0xff, 0xff, 0xf8, 0x20, 0x0, 0x0, 0xbf,
    0xf6, 0x1, 0x6a, 0xef, 0xff, 0xfd, 0x61, 0x7f,
    0xff, 0xff, 0xea, 0x60, 0x9, 0xfd, 0x0, 0xd,
    0xff, 0xff, 0xd5, 0x0, 0x0, 0x18, 0xff, 0xff,
    0xfa, 0x0, 0x5, 0x40, 0x0, 0x5f, 0xb7, 0x20,
    0x0, 0x0, 0x0, 0x0, 0x49, 0xde, 0x0, 0x0,
    0x0, 0x0, 0x0, 0x0, 0x0, 0x0, 0x0, 0x0,
    0x0, 0x0, 0x0, 0x10, 0x0,

    /* U+6D4B "测" */
    0x0, 0x1, 0x0, 0x0, 0x0, 0x0, 0x0, 0x0,
    0x0, 0x0, 0x0, 0x2, 0x20, 0x0, 0xae, 0x60,
    0x0, 0x0, 0x0, 0x0, 0x0, 0x0, 0x0, 0x0,
    0xe, 0xf2, 0x4, 0xff, 0xfc, 0x31, 0xff, 0xff,
    0xff, 0xff, 0xf4, 0x0, 0x0, 0xe, 0xf2, 0x0,
    0x4d, 0xff, 0xf5, 0xff, 0xff, 0xff, 0xff, 0xf4,
    0xe, 0xf1, 0xe, 0xf2, 0x0, 0x0, 0x9f, 0xc2,
    0xfe, 0x0, 0x0, 0xc, 0xf4, 0xe, 0xf1, 0xe,
    0xf2, 0x0, 0x0, 0x5, 0x21, 0xfe, 0x0, 0x32,
    0xc, 0xf4, 0xe, 0xf1, 0xe, 0xf2, 0x0, 0x0,
    0x0, 0x1, 0xfe, 0x3, 0xfc, 0xc, 0xf4, 0xe,
    0xf1, 0xe, 0xf2, 0x0, 0x0, 0x0, 0x1, 0xfe,
    0x3, 0xfc, 0xc, 0xf4, 0xe, 0xf1, 0xe, 0xf2,
    0x6, 0x50, 0x0, 0x1, 0xfe, 0x3, 0xfc, 0xc,
    0xf4, 0xe, 0xf1, 0xe, 0xf2, 0x4f, 0xfd, 0x40,
    0x1, 0xfe, 0x3, 0xfc, 0xc, 0xf4, 0xe, 0xf1,
    0xe, 0xf2, 0x3c, 0xff, 0xfa, 0x11, 0xfe, 0x3,
    0xfc, 0xc, 0xf4, 0xe, 0xf1, 0xe, 0xf2, 0x0,
    0x6e, 0xfd, 0x11, 0xfe, 0x3, 0xfc, 0xc, 0xf4,
    0xe, 0xf1, 0xe, 0xf2, 0x0, 0x1, 0xb3, 0x1,
    0xfe, 0x3, 0xfc, 0xc, 0xf4, 0xe, 0xf1, 0xe,
    0xf2, 0x0, 0x0, 0x0, 0x1, 0xfe, 0x3, 0xfc,
    0xc, 0xf4, 0xe, 0xf1, 0xe, 0xf2, 0x0, 0x0,
    0x0, 0x1, 0xfe, 0x3, 0xfc, 0xc, 0xf4, 0xe,
    0xf1, 0xe, 0xf2, 0x0, 0x0, 0x20, 0x1, 0xfe,
    0x3, 0xfc, 0xc, 0xf4, 0xe, 0xf1, 0xe, 0xf2,
    0x0, 0x0, 0xdb, 0x11, 0xfe, 0x3, 0xfb, 0xc,
    0xf4, 0xe, 0xf1, 0xe, 0xf2, 0x0, 0x3, 0xff,
    0x61, 0xfe, 0x4, 0xfa, 0xc, 0xf4, 0xe, 0xf1,
    0xe, 0xf2, 0x0, 0x9, 0xff, 0x11, 0xfe, 0x6,
    0xf8, 0xc, 0xf4, 0xe, 0xf1, 0xe, 0xf2, 0x0,
    0xf, 0xfa, 0x1, 0xcb, 0xb, 0xf4, 0x8, 0xa2,
    0xc, 0xd1, 0xe, 0xf2, 0x0, 0x6f, 0xf5, 0x0,
    0x0, 0x1f, 0xf1, 0x30, 0x0, 0x0, 0x0, 0xe,
    0xf2, 0x0, 0xdf, 0xe0, 0x0, 0x0, 0x9f, 0xad,
    0xf4, 0x0, 0x0, 0x0, 0xe, 0xf2, 0x4, 0xff,
    0x80, 0x0, 0x7, 0xff, 0x25, 0xff, 0x30, 0x0,
    0x0, 0xe, 0xf2, 0xb, 0xff, 0x20, 0x1, 0xaf,
    0xf5, 0x0, 0x6f, 0xd0, 0x1, 0x11, 0x2f, 0xf2,
    0xd, 0xfb, 0x0, 0x2f, 0xff, 0x50, 0x0, 0xb,
    0xf9, 0x8, 0xff, 0xff, 0xf0, 0x0, 0x64, 0x0,
    0x9, 0xb2, 0x0, 0x0, 0x1, 0xa1, 0x3, 0xff,
    0xeb, 0x30, 0x0, 0x0, 0x0, 0x0, 0x0, 0x0,
    0x0, 0x0, 0x0, 0x0, 0x0, 0x0, 0x0,

    /* U+6D88 "消" */
    0x0, 0x0, 0x0, 0x0, 0x0, 0x0, 0x0, 0x2,
    0x44, 0x0, 0x0, 0x0, 0x0, 0x0, 0x8a, 0x10,
    0x0, 0x0, 0x30, 0x0, 0x8, 0xff, 0x10, 0x0,
    0x53, 0x0, 0x5, 0xff, 0xf8, 0x0, 0x1c, 0xf8,
    0x0, 0x8, 0xff, 0x10, 0x0, 0xef, 0xb0, 0x0,
    0x8f, 0xff, 0xc2, 0xb, 0xff, 0x30, 0x8, 0xff,
    0x10, 0x6, 0xff, 0x60, 0x0, 0x2, 0xcf, 0xf6,
    0x2, 0xff, 0xc0, 0x8, 0xff, 0x10, 0xe, 0xfd,
    0x0, 0x0, 0x0, 0x9, 0xa0, 0x0, 0x8f, 0xf3,
    0x8, 0xff, 0x10, 0x7f, 0xf5, 0x0, 0x0, 0x0,
    0x0, 0x0, 0x0, 0x2f, 0xf8, 0x8, 0xff, 0x10,
    0xef, 0xb0, 0x0, 0x0, 0x0, 0x0, 0x0, 0x0,
    0x7, 0x30, 0x8, 0xff, 0x10, 0x6, 0x10, 0x0,
    0x7, 0x30, 0x0, 0x0, 0x3, 0x77, 0x77, 0x7c,
    0xff, 0x87, 0x77, 0x76, 0x0, 0x6f, 0xfb, 0x20,
    0x0, 0x7, 0xff, 0xff, 0xff, 0xff, 0xff, 0xff,
    0xfe, 0x0, 0x6e, 0xff, 0xf8, 0x0, 0x7, 0xff,
    0xff, 0xff, 0xff, 0xff, 0xff, 0xfe, 0x0, 0x0,
    0x7f, 0xff, 0x40, 0x7, 0xff, 0x10, 0x0, 0x0,
    0x0, 0xa, 0xfe, 0x0, 0x0, 0x1, 0xb7, 0x0,
    0x7, 0xff, 0x10, 0x0, 0x0, 0x0, 0xa, 0xfe,
    0x0, 0x0, 0x0, 0x0, 0x0, 0x7, 0xff, 0xdd,
    0xdd, 0xdd, 0xdd, 0xdf, 0xfe, 0x0, 0x0, 0x0,
    0x0, 0x0, 0x7, 0xff, 0xff, 0xff, 0xff, 0xff,
    0xff, 0xfe, 0x0, 0x0, 0x0, 0x7, 0x20, 0x7,
    0xff, 0x65, 0x55, 0x55, 0x55, 0x5c, 0xfe, 0x0,
    0x0, 0x0, 0x1f, 0xe3, 0x7, 0xff, 0x10, 0x0,
    0x0, 0x0, 0xa, 0xfe, 0x0, 0x0, 0x0, 0x9f,
    0xf2, 0x7, 0xff, 0x10, 0x0, 0x0, 0x0, 0xa,
    0xfe, 0x0, 0x0, 0x1, 0xff, 0xb0, 0x7, 0xff,
    0xff, 0xff, 0xff, 0xff, 0xff, 0xfe, 0x0, 0x0,
    0x8, 0xff, 0x40, 0x7, 0xff, 0xff, 0xff, 0xff,
    0xff, 0xff, 0xfe, 0x0, 0x0, 0x1f, 0xfc, 0x0,
    0x7, 0xff, 0x54, 0x44, 0x44, 0x44, 0x4b, 0xfe,
    0x0, 0x0, 0xaf, 0xf5, 0x0, 0x7, 0xff, 0x10,
    0x0, 0x0, 0x0, 0xa, 0xfe, 0x0, 0x3, 0xff,
    0xd0, 0x0, 0x7, 0xff, 0x10, 0x0, 0x0, 0x0,
    0xa, 0xfe, 0x0, 0xc, 0xff, 0x40, 0x0, 0x7,
    0xff, 0x10, 0x0, 0x3, 0x88, 0x8e, 0xfd, 0x0,
    0x8, 0xfc, 0x0, 0x0, 0x7, 0xff, 0x10, 0x0,
    0x2, 0xff, 0xff, 0xf9, 0x0, 0x0, 0x44, 0x0,
    0x0, 0x7, 0xff, 0x10, 0x0, 0x0, 0xbd, 0xdb,
    0x70, 0x0,

    /* U+6F0F "漏" */
    0x0, 0x0, 0x0, 0x0, 0x0, 0x0, 0x0, 0x0,
    0x0, 0x0, 0x0, 0x0, 0x0, 0x0, 0xb9, 0x10,
    0x0, 0x44, 0x44, 0x44, 0x44, 0x44, 0x44, 0x44,
    0x44, 0x20, 0x8, 0xff, 0xf7, 0x0, 0xff, 0xff,
    0xff, 0xff, 0xff, 0xff, 0xff, 0xff, 0x90, 0x1,
    0x9f, 0xff, 0xd1, 0xff, 0xed, 0xdd, 0xdd, 0xdd,
    0xdd, 0xdd, 0xff, 0x90, 0x0, 0x3, 0xdf, 0x80,
    0xff, 0x50, 0x0, 0x0, 0x0, 0x0, 0x0, 0xef,
    0x90, 0x0, 0x0, 0x6, 0x0, 0xff, 0x61, 0x11,
    0x11, 0x11, 0x11, 0x11, 0xef, 0x90, 0x0, 0x0,
    0x0, 0x0, 0xff, 0xff, 0xff, 0xff, 0xff, 0xff,
    0xff, 0xff, 0x90, 0x0, 0x0, 0x0, 0x0, 0xff,
    0xff, 0xff, 0xff, 0xff, 0xff, 0xff, 0xff, 0x90,
    0x6, 0x30, 0x0, 0x0, 0xff, 0x60, 0x0, 0x0,
    0x0, 0x0, 0x0, 0x0, 0x0, 0x5f, 0xfb, 0x20,
    0x0, 0xff, 0x71, 0x11, 0x11, 0x11, 0x11, 0x11,
    0x11, 0x10, 0x6f, 0xff, 0xf9, 0x0, 0xff, 0xff,
    0xff, 0xff, 0xff, 0xff, 0xff, 0xff, 0xf6, 0x1,
    0xaf, 0xff, 0x20, 0xff, 0xff, 0xff, 0xff, 0xff,
    0xff, 0xff, 0xff, 0xf6, 0x0, 0x4, 0xe6, 0x1,
    0xff, 0x40, 0x0, 0x0, 0x3f, 0xd0, 0x0, 0x0,
    0x0, 0x0, 0x0, 0x0, 0x2, 0xff, 0x41, 0x11,
    0x11, 0x4f, 0xe1, 0x11, 0x11, 0x10, 0x0, 0x0,
    0x0, 0x3, 0xff, 0xef, 0xff, 0xff, 0xff, 0xff,
    0xff, 0xff, 0xf0, 0x0, 0x0, 0x0, 0x5, 0xff,
    0xdf, 0xfe, 0xee, 0xef, 0xfe, 0xee, 0xef, 0xf0,
    0x0, 0x2, 0xe5, 0x6, 0xff, 0xcf, 0x61, 0x0,
    0x3f, 0xd0, 0x10, 0x2f, 0xf0, 0x0, 0x9, 0xff,
    0x19, 0xfc, 0xbf, 0x7d, 0xd3, 0x3f, 0xd9, 0xe4,
    0x2f, 0xf0, 0x0, 0xf, 0xfb, 0xd, 0xfa, 0xbf,
    0x66, 0xff, 0x8f, 0xd2, 0xdf, 0x6f, 0xf0, 0x0,
    0x6f, 0xf5, 0xf, 0xf7, 0xbf, 0x60, 0x28, 0x4f,
    0xd0, 0x7, 0x2f, 0xf0, 0x0, 0xcf, 0xe0, 0x4f,
    0xf2, 0xbf, 0x65, 0x20, 0x3f, 0xd6, 0x60, 0x2f,
    0xf0, 0x3, 0xff, 0x80, 0x9f, 0xe0, 0xbf, 0x8f,
    0xf7, 0x4f, 0xeb, 0xfa, 0x2f, 0xf0, 0xb, 0xff,
    0x21, 0xff, 0xa0, 0xbf, 0x62, 0xdf, 0x7f, 0xd0,
    0x9e, 0x3f, 0xf0, 0x3f, 0xfa, 0x8, 0xff, 0x30,
    0xbf, 0x60, 0x14, 0x3f, 0xd0, 0x1, 0x2f, 0xf0,
    0x4e, 0xf3, 0xc, 0xfb, 0x0, 0xbf, 0x60, 0x0,
    0x3f, 0xd0, 0x5b, 0xdf, 0xf0, 0x1, 0x70, 0x0,
    0x74, 0x0, 0xbf, 0x60, 0x0, 0x3d, 0xc0, 0x2f,
    0xfe, 0x70, 0x0, 0x0, 0x0, 0x0, 0x0, 0x0,
    0x0, 0x0, 0x0, 0x0, 0x0, 0x0, 0x0,

    /* U+70DF "烟" */
    0x0, 0x0, 0x34, 0x20, 0x0, 0x0, 0x0, 0x0,
    0x0, 0x0, 0x0, 0x0, 0x0, 0x0, 0xe, 0xf7,
    0x0, 0x1, 0x33, 0x33, 0x33, 0x33, 0x33, 0x33,
    0x33, 0x0, 0x0, 0xef, 0x70, 0x0, 0x6f, 0xff,
    0xff, 0xff, 0xff, 0xff, 0xff, 0xe0, 0x0, 0xe,
    0xf7, 0x0, 0x6, 0xff, 0xff, 0xff, 0xff, 0xff,
    0xff, 0xfe, 0x0, 0x0, 0xef, 0x70, 0x0, 0x6f,
    0xe1, 0x11, 0x26, 0x51, 0x11, 0x9f, 0xe0, 0x0,
    0xe, 0xf7, 0x8, 0x89, 0xfe, 0x0, 0x3, 0xfc,
    0x0, 0x8, 0xfe, 0xc, 0xd0, 0xef, 0x70, 0xef,
    0xff, 0xe0, 0x0, 0x3f, 0xc0, 0x0, 0x8f, 0xe0,
    0xef, 0xe, 0xf7, 0x3f, 0xfa, 0xfe, 0x0, 0x3,
    0xfc, 0x0, 0x8, 0xfe, 0xf, 0xe0, 0xef, 0x78,
    0xfb, 0x6f, 0xe0, 0x0, 0x3f, 0xc0, 0x0, 0x8f,
    0xe2, 0xfd, 0xe, 0xf8, 0xef, 0x46, 0xfe, 0x6e,
    0xee, 0xff, 0xee, 0xc8, 0xfe, 0x5f, 0xb0, 0xef,
    0xcf, 0xc0, 0x6f, 0xe7, 0xff, 0xff, 0xff, 0xfd,
    0x8f, 0xe8, 0xf8, 0xf, 0xf6, 0x43, 0x6, 0xfe,
    0x13, 0x38, 0xfb, 0x33, 0x38, 0xfe, 0xcf, 0x40,
    0xff, 0x50, 0x0, 0x6f, 0xe0, 0x0, 0x8f, 0xb0,
    0x0, 0x8f, 0xe0, 0x50, 0xf, 0xf4, 0x0, 0x6,
    0xfe, 0x0, 0xb, 0xff, 0x30, 0x8, 0xfe, 0x0,
    0x2, 0xff, 0x40, 0x0, 0x6f, 0xe0, 0x0, 0xff,
    0xfc, 0x0, 0x8f, 0xe0, 0x0, 0x4f, 0xf4, 0x0,
    0x6, 0xfe, 0x0, 0x5f, 0xed, 0xf4, 0x8, 0xfe,
    0x0, 0x6, 0xff, 0xd0, 0x0, 0x6f, 0xe0, 0xc,
    0xf8, 0x5f, 0xd0, 0x8f, 0xe0, 0x0, 0x9f, 0xff,
    0xa0, 0x6, 0xfe, 0x5, 0xff, 0x10, 0xdf, 0x58,
    0xfe, 0x0, 0xe, 0xff, 0xff, 0x70, 0x6f, 0xe1,
    0xef, 0xa0, 0x5, 0xfd, 0x8f, 0xe0, 0x3, 0xff,
    0x6b, 0xff, 0x46, 0xff, 0xcf, 0xe1, 0x0, 0xe,
    0xfc, 0xfe, 0x0, 0x8f, 0xf1, 0x2f, 0xfe, 0x8f,
    0xe6, 0xf4, 0x0, 0x0, 0x79, 0x8f, 0xe0, 0x1e,
    0xfb, 0x0, 0x7f, 0xfb, 0xfe, 0x1, 0x0, 0x0,
    0x0, 0x8, 0xfe, 0x8, 0xff, 0x50, 0x0, 0xc4,
    0x6f, 0xfe, 0xee, 0xee, 0xee, 0xee, 0xff, 0xe4,
    0xff, 0xc0, 0x0, 0x0, 0x6, 0xff, 0xff, 0xff,
    0xff, 0xff, 0xff, 0xfe, 0x6f, 0xf3, 0x0, 0x0,
    0x0, 0x6f, 0xf6, 0x66, 0x66, 0x66, 0x66, 0xbf,
    0xe0, 0x76, 0x0, 0x0, 0x0, 0x6, 0xfe, 0x0,
    0x0, 0x0, 0x0, 0x6, 0xcb, 0x0, 0x0, 0x0,
    0x0, 0x0, 0x0, 0x0, 0x0, 0x0, 0x0, 0x0,
    0x0, 0x0,

    /* U+7167 "照" */
    0x2, 0x44, 0x44, 0x44, 0x44, 0x5, 0x55, 0x55,
    0x55, 0x55, 0x55, 0x55, 0x50, 0x7, 0xff, 0xff,
    0xff, 0xff, 0xf, 0xff, 0xff, 0xff, 0xff, 0xff,
    0xff, 0xe0, 0x7, 0xff, 0xff, 0xff, 0xff, 0xf,
    0xff, 0xff, 0xff, 0xff, 0xff, 0xff, 0xd0, 0x7,
    0xff, 0x0, 0x7, 0xff, 0x0, 0x0, 0xd, 0xfb,
    0x0, 0x0, 0xbf, 0xc0, 0x7, 0xff, 0x0, 0x7,
    0xff, 0x0, 0x0, 0x3f, 0xf7, 0x0, 0x0, 0xcf,
    0xa0, 0x7, 0xff, 0x0, 0x7, 0xff, 0x0, 0x0,
    0xdf, 0xf1, 0x0, 0x0, 0xff, 0x80, 0x7, 0xff,
    0x0, 0x7, 0xff, 0x0, 0x2c, 0xff, 0x60, 0x33,
    0x38, 0xff, 0x60, 0x7, 0xff, 0x77, 0x7b, 0xff,
    0x3a, 0xff, 0xf8, 0x0, 0x6f, 0xff, 0xff, 0x10,
    0x7, 0xff, 0xff, 0xff, 0xff, 0x6f, 0xfe, 0x50,
    0x0, 0x2c, 0xdc, 0xa3, 0x0, 0x7, 0xff, 0xbb,
    0xbd, 0xff, 0x8, 0x72, 0x22, 0x22, 0x22, 0x22,
    0x22, 0x0, 0x7, 0xff, 0x0, 0x7, 0xff, 0x2,
    0xff, 0xff, 0xff, 0xff, 0xff, 0xff, 0x20, 0x7,
    0xff, 0x0, 0x7, 0xff, 0x2, 0xff, 0xff, 0xff,
    0xff, 0xff, 0xff, 0x20, 0x7, 0xff, 0x0, 0x7,
    0xff, 0x2, 0xff, 0x40, 0x0, 0x0, 0x6, 0xff,
    0x20, 0x7, 0xff, 0x0, 0x7, 0xff, 0x2, 0xff,
    0x40, 0x0, 0x0, 0x6, 0xff, 0x20, 0x7, 0xff,
    0x55, 0x5a, 0xff, 0x2, 0xff, 0x40, 0x0, 0x0,
    0x6, 0xff, 0x20, 0x7, 0xff, 0xff, 0xff, 0xff,
    0x2, 0xff, 0x73, 0x33, 0x33, 0x38, 0xff, 0x20,
    0x7, 0xff, 0xff, 0xff, 0xfe, 0x2, 0xff, 0xff,
    0xff, 0xff, 0xff, 0xff, 0x20, 0x7, 0xff, 0x0,
    0x0, 0x0, 0x2, 0xdd, 0xdd, 0xdd, 0xdd, 0xdd,
    0xdd, 0x10, 0x1, 0x24, 0x30, 0x0, 0x0, 0x0,
    0x0, 0x0, 0x0, 0x0, 0x4, 0x40, 0x0, 0x0,
    0xb, 0xfe, 0x10, 0x4a, 0xa0, 0x0, 0x6c, 0xe0,
    0x0, 0xcf, 0xf1, 0x0, 0x0, 0x4f, 0xf9, 0x0,
    0x7f, 0xf0, 0x0, 0x5f, 0xf4, 0x0, 0x5f, 0xfb,
    0x0, 0x0, 0xcf, 0xf2, 0x0, 0x5f, 0xf2, 0x0,
    0x1f, 0xfa, 0x0, 0xb, 0xff, 0x50, 0x6, 0xff,
    0x90, 0x0, 0x3f, 0xf4, 0x0, 0xb, 0xfe, 0x0,
    0x2, 0xff, 0xd0, 0x2f, 0xfe, 0x0, 0x0, 0x2f,
    0xf6, 0x0, 0x7, 0xff, 0x20, 0x0, 0x9f, 0xf6,
    0x5e, 0xf5, 0x0, 0x0, 0x1f, 0xe5, 0x0, 0x4,
    0xfb, 0x30, 0x0, 0x1f, 0xb4, 0x0, 0x30, 0x0,
    0x0, 0x1, 0x0, 0x0, 0x0, 0x0, 0x0, 0x0,
    0x1, 0x0,

    /* U+72B6 "状" */
    0x0, 0x0, 0x0, 0x5a, 0xa0, 0x0, 0x0, 0x0,
    0x88, 0x50, 0x0, 0x0, 0x0, 0x0, 0x0, 0x0,
    0x0, 0x7f, 0xf1, 0x0, 0x0, 0x0, 0xef, 0xa0,
    0x5, 0x80, 0x0, 0x0, 0x0, 0x0, 0x0, 0x7f,
    0xf1, 0x0, 0x0, 0x0, 0xef, 0xa0, 0x5f, 0xf5,
    0x0, 0x0, 0x0, 0x0, 0x0, 0x7f, 0xf1, 0x0,
    0x0, 0x0, 0xef, 0xa0, 0xc, 0xff, 0x20, 0x0,
    0x1, 0x97, 0x0, 0x7f, 0xf1, 0x0, 0x0, 0x0,
    0xef, 0xa0, 0x2, 0xff, 0xb0, 0x0, 0xa, 0xff,
    0x30, 0x7f, 0xf1, 0x0, 0x0, 0x0, 0xef, 0xa0,
    0x0, 0x7f, 0xf5, 0x0, 0x1, 0xef, 0xe1, 0x7f,
    0xf1, 0x0, 0x0, 0x0, 0xef, 0xa0, 0x0, 0xd,
    0xb2, 0x0, 0x0, 0x5f, 0xf9, 0x7f, 0xf1, 0x0,
    0x0, 0x0, 0xef, 0xa0, 0x0, 0x1, 0x0, 0x0,
    0x0, 0xb, 0xff, 0xaf, 0xf1, 0x77, 0x77, 0x77,
    0xff, 0xd7, 0x77, 0x77, 0x77, 0x20, 0x0, 0x2,
    0xfd, 0xaf, 0xf2, 0xff, 0xff, 0xff, 0xff, 0xff,
    0xff, 0xff, 0xff, 0x50, 0x0, 0x0, 0x50, 0x7f,
    0xf2, 0xff, 0xff, 0xff, 0xff, 0xff, 0xff, 0xff,
    0xff, 0x50, 0x0, 0x0, 0x0, 0x7f, 0xf1, 0x0,
    0x0, 0x3, 0xff, 0xf2, 0x0, 0x0, 0x0, 0x0,
    0x0, 0x0, 0x0, 0x7f, 0xf1, 0x0, 0x0, 0x5,
    0xff, 0xf6, 0x0, 0x0, 0x0, 0x0, 0x0, 0x0,
    0x0, 0xbf, 0xf1, 0x0, 0x0, 0x8, 0xff, 0xfb,
    0x0, 0x0, 0x0, 0x0, 0x0, 0x0, 0x1c, 0xff,
    0xf1, 0x0, 0x0, 0xb, 0xff, 0xff, 0x0, 0x0,
    0x0, 0x0, 0x0, 0x2, 0xdf, 0xff, 0xf1, 0x0,
    0x0, 0x1f, 0xfd, 0xff, 0x60, 0x0, 0x0, 0x0,
    0x0, 0x4e, 0xff, 0xdf, 0xf1, 0x0, 0x0, 0x6f,
    0xf6, 0xaf, 0xe0, 0x0, 0x0, 0x0, 0x7, 0xff,
    0xf5, 0x7f, 0xf1, 0x0, 0x0, 0xcf, 0xf1, 0x4f,
    0xf6, 0x0, 0x0, 0x0, 0xe, 0xff, 0x40, 0x7f,
    0xf1, 0x0, 0x4, 0xff, 0xb0, 0xd, 0xfd, 0x0,
    0x0, 0x0, 0x4, 0xe3, 0x0, 0x7f, 0xf1, 0x0,
    0xd, 0xff, 0x30, 0x5, 0xff, 0x90, 0x0, 0x0,
    0x0, 0x10, 0x0, 0x7f, 0xf1, 0x0, 0x8f, 0xfb,
    0x0, 0x0, 0xcf, 0xf5, 0x0, 0x0, 0x0, 0x0,
    0x0, 0x7f, 0xf1, 0x3, 0xff, 0xf2, 0x0, 0x0,
    0x3f, 0xff, 0x20, 0x0, 0x0, 0x0, 0x0, 0x7f,
    0xf1, 0x2e, 0xff, 0x50, 0x0, 0x0, 0x7, 0xff,
    0xf5, 0x0, 0x0, 0x0, 0x0, 0x7f, 0xf4, 0xef,
    0xfa, 0x0, 0x0, 0x0, 0x0, 0xaf, 0xff, 0x80,
    0x0, 0x0, 0x0, 0x7f, 0xfb, 0xff, 0xa0, 0x0,
    0x0, 0x0, 0x0, 0xa, 0xff, 0x50, 0x0, 0x0,
    0x0, 0x7f, 0xf1, 0x7a, 0x0, 0x0, 0x0, 0x0,
    0x0, 0x0, 0x77, 0x0, 0x0, 0x0, 0x0, 0x0,
    0x0, 0x0, 0x0, 0x0, 0x0, 0x0, 0x0, 0x0,
    0x0, 0x0,

    /* U+73B0 "现" */
    0x0, 0x0, 0x0, 0x0, 0x0, 0x5, 0x66, 0x66,
    0x66, 0x66, 0x66, 0x65, 0x0, 0x6f, 0xff, 0xff,
    0xff, 0xfe, 0xe, 0xff, 0xff, 0xff, 0xff, 0xff,
    0xff, 0x0, 0x7f, 0xff, 0xff, 0xff, 0xff, 0xe,
    0xff, 0xdd, 0xdd, 0xdd, 0xdf, 0xff, 0x0, 0x37,
    0x77, 0xef, 0xc7, 0x77, 0xe, 0xf8, 0x0, 0x0,
    0x0, 0x9, 0xff, 0x0, 0x0, 0x0, 0xdf, 0x90,
    0x0, 0xe, 0xf8, 0x0, 0x0, 0x0, 0x9, 0xff,
    0x0, 0x0, 0x0, 0xdf, 0x90, 0x0, 0xe, 0xf8,
    0x0, 0x9a, 0x40, 0x9, 0xff, 0x0, 0x0, 0x0,
    0xdf, 0x90, 0x0, 0xe, 0xf8, 0x0, 0xef, 0x70,
    0x9, 0xff, 0x0, 0x0, 0x0, 0xdf, 0x90, 0x0,
    0xe, 0xf8, 0x0, 0xef, 0x70, 0x9, 0xff, 0x0,
    0x0, 0x0, 0xdf, 0x90, 0x0, 0xe, 0xf8, 0x0,
    0xef, 0x70, 0x9, 0xff, 0x0, 0xf, 0xff, 0xff,
    0xff, 0xf5, 0xe, 0xf8, 0x0, 0xef, 0x70, 0x9,
    0xff, 0x0, 0xf, 0xff, 0xff, 0xff, 0xf5, 0xe,
    0xf8, 0x0, 0xff, 0x70, 0x9, 0xff, 0x0, 0x7,
    0x77, 0xef, 0xc7, 0x72, 0xe, 0xf8, 0x0, 0xff,
    0x60, 0x9, 0xff, 0x0, 0x0, 0x0, 0xdf, 0x90,
    0x0, 0xe, 0xf8, 0x1, 0xff, 0x50, 0x9, 0xff,
    0x0, 0x0, 0x0, 0xdf, 0x90, 0x0, 0xe, 0xf8,
    0x2, 0xff, 0x30, 0x9, 0xff, 0x0, 0x0, 0x0,
    0xdf, 0x90, 0x0, 0xe, 0xf8, 0x5, 0xff, 0x0,
    0x9, 0xff, 0x0, 0x0, 0x0, 0xdf, 0x90, 0x0,
    0x7, 0x84, 0x9, 0xff, 0x86, 0x5, 0x88, 0x0,
    0x0, 0x0, 0xdf, 0x90, 0x0, 0x0, 0x0, 0xe,
    0xff, 0xfa, 0x0, 0x0, 0x0, 0x0, 0x0, 0xdf,
    0x91, 0x5a, 0x0, 0x0, 0x5f, 0xfe, 0xfa, 0x0,
    0x0, 0x0, 0x0, 0x0, 0xef, 0xff, 0xff, 0x20,
    0x0, 0xef, 0xbc, 0xfa, 0x0, 0x3, 0x60, 0x26,
    0xae, 0xff, 0xff, 0xfe, 0x30, 0xa, 0xff, 0x3c,
    0xfa, 0x0, 0x5, 0xfb, 0xcf, 0xff, 0xff, 0xc7,
    0x30, 0x0, 0x7f, 0xf8, 0xc, 0xfa, 0x0, 0x6,
    0xfa, 0x8f, 0xfa, 0x61, 0x0, 0x0, 0x8, 0xff,
    0xc0, 0xc, 0xfb, 0x0, 0x8, 0xf8, 0x24, 0x0,
    0x0, 0x0, 0x2, 0xbf, 0xfc, 0x10, 0xb, 0xfe,
    0x32, 0x3d, 0xf5, 0x0, 0x0, 0x0, 0x0, 0x5f,
    0xff, 0xb0, 0x0, 0x8, 0xff, 0xff, 0xff, 0xe1,
    0x0, 0x0, 0x0, 0x0, 0xc, 0xf7, 0x0, 0x0,
    0x0, 0x7b, 0xcc, 0xb9, 0x20, 0x0, 0x0, 0x0,
    0x0, 0x1, 0x20, 0x0, 0x0, 0x0, 0x0, 0x0,
    0x0, 0x0,

    /* U+7406 "理" */
    0x0, 0x0, 0x0, 0x0, 0x0, 0x5, 0x77, 0x77,
    0x77, 0x77, 0x77, 0x77, 0x74, 0x0, 0xcf, 0xff,
    0xff, 0xff, 0xf1, 0xbf, 0xff, 0xff, 0xff, 0xff,
    0xff, 0xff, 0x90, 0xd, 0xff, 0xff, 0xff, 0xff,
    0x1b, 0xfe, 0xcc, 0xce, 0xfe, 0xcc, 0xcf, 0xf9,
    0x0, 0x67, 0x7b, 0xff, 0x77, 0x70, 0xbf, 0xa0,
    0x0, 0xaf, 0x80, 0x0, 0xdf, 0x90, 0x0, 0x0,
    0x8f, 0xf0, 0x0, 0xb, 0xfa, 0x0, 0xa, 0xf8,
    0x0, 0xd, 0xf9, 0x0, 0x0, 0x8, 0xff, 0x0,
    0x0, 0xbf, 0xa0, 0x0, 0xaf, 0x80, 0x0, 0xdf,
    0x90, 0x0, 0x0, 0x8f, 0xf0, 0x0, 0xb, 0xff,
    0xff, 0xff, 0xff, 0xff, 0xff, 0xf9, 0x0, 0x0,
    0x8, 0xff, 0x0, 0x0, 0xbf, 0xff, 0xff, 0xff,
    0xff, 0xff, 0xff, 0x90, 0x0, 0x0, 0x8f, 0xf0,
    0x0, 0xb, 0xfb, 0x11, 0x1b, 0xf9, 0x11, 0x1e,
    0xf9, 0x0, 0x6c, 0xce, 0xff, 0xcc, 0x70, 0xbf,
    0xa0, 0x0, 0xaf, 0x80, 0x0, 0xdf, 0x90, 0x8,
    0xff, 0xff, 0xff, 0xf9, 0xb, 0xfa, 0x0, 0xa,
    0xf8, 0x0, 0xd, 0xf9, 0x0, 0x48, 0x8c, 0xff,
    0x88, 0x50, 0xbf, 0xff, 0xff, 0xff, 0xff, 0xff,
    0xff, 0x90, 0x0, 0x0, 0x8f, 0xf0, 0x0, 0xb,
    0xff, 0xff, 0xff, 0xff, 0xff, 0xff, 0xf9, 0x0,
    0x0, 0x8, 0xff, 0x0, 0x0, 0x34, 0x44, 0x44,
    0xef, 0xd4, 0x44, 0x44, 0x20, 0x0, 0x0, 0x8f,
    0xf0, 0x0, 0x0, 0x0, 0x0, 0xe, 0xfc, 0x0,
    0x0, 0x0, 0x0, 0x0, 0x8, 0xff, 0x0, 0x0,
    0x0, 0x0, 0x0, 0xef, 0xc0, 0x0, 0x0, 0x0,
    0x0, 0x0, 0x8f, 0xf0, 0x0, 0xe, 0xff, 0xff,
    0xff, 0xff, 0xff, 0xff, 0xff, 0x0, 0x0, 0x8,
    0xff, 0x6b, 0xf0, 0xff, 0xff, 0xff, 0xff, 0xff,
    0xff, 0xff, 0xf0, 0x0, 0x1, 0xaf, 0xff, 0xff,
    0x26, 0x66, 0x66, 0x6e, 0xfd, 0x66, 0x66, 0x66,
    0x0, 0x7c, 0xff, 0xff, 0xff, 0xa2, 0x0, 0x0,
    0x0, 0xef, 0xc0, 0x0, 0x0, 0x0, 0xe, 0xff,
    0xff, 0xb6, 0x0, 0x0, 0x0, 0x0, 0xe, 0xfc,
    0x0, 0x0, 0x0, 0x0, 0xbf, 0xc7, 0x10, 0x0,
    0x0, 0x0, 0x0, 0x0, 0xef, 0xc0, 0x0, 0x0,
    0x0, 0x3, 0x20, 0x0, 0x0, 0xf, 0xff, 0xff,
    0xff, 0xff, 0xff, 0xff, 0xff, 0xff, 0xd0, 0x0,
    0x0, 0x0, 0x0, 0xff, 0xff, 0xff, 0xff, 0xff,
    0xff, 0xff, 0xff, 0xfd, 0x0, 0x0, 0x0, 0x0,
    0x4, 0x44, 0x44, 0x44, 0x44, 0x44, 0x44, 0x44,
    0x44, 0x40,

    /* U+7528 "用" */
    0x0, 0x0, 0x68, 0x88, 0x88, 0x88, 0x88, 0x88,
    0x88, 0x88, 0x88, 0x88, 0x80, 0x0, 0xc, 0xff,
    0xff, 0xff, 0xff, 0xff, 0xff, 0xff, 0xff, 0xff,
    0xfe, 0x0, 0x0, 0xcf, 0xff, 0xff, 0xff, 0xff,
    0xff, 0xff, 0xff, 0xff, 0xff, 0xe0, 0x0, 0xc,
    0xfc, 0x0, 0x0, 0x1, 0xff, 0x80, 0x0, 0x0,
    0xa, 0xfe, 0x0, 0x0, 0xcf, 0xc0, 0x0, 0x0,
    0x1f, 0xf8, 0x0, 0x0, 0x0, 0xaf, 0xe0, 0x0,
    0xc, 0xfc, 0x0, 0x0, 0x1, 0xff, 0x80, 0x0,
    0x0, 0xa, 0xfe, 0x0, 0x0, 0xcf, 0xd2, 0x22,
    0x22, 0x3f, 0xf9, 0x22, 0x22, 0x22, 0xbf, 0xe0,
    0x0, 0xc, 0xff, 0xff, 0xff, 0xff, 0xff, 0xff,
    0xff, 0xff, 0xff, 0xfe, 0x0, 0x0, 0xcf, 0xff,
    0xff, 0xff, 0xff, 0xff, 0xff, 0xff, 0xff, 0xff,
    0xe0, 0x0, 0xc, 0xfd, 0x44, 0x44, 0x45, 0xff,
    0xa4, 0x44, 0x44, 0x4c, 0xfe, 0x0, 0x0, 0xcf,
    0xc0, 0x0, 0x0, 0x1f, 0xf8, 0x0, 0x0, 0x0,
    0xaf, 0xe0, 0x0, 0xd, 0xfc, 0x0, 0x0, 0x1,
    0xff, 0x80, 0x0, 0x0, 0xa, 0xfe, 0x0, 0x0,
    0xdf, 0xb0, 0x0, 0x0, 0x1f, 0xf8, 0x0, 0x0,
    0x0, 0xaf, 0xe0, 0x0, 0xe, 0xfd, 0x77, 0x77,
    0x78, 0xff, 0xc7, 0x77, 0x77, 0x7d, 0xfe, 0x0,
    0x0, 0xff, 0xff, 0xff, 0xff, 0xff, 0xff, 0xff,
    0xff, 0xff, 0xff, 0xe0, 0x0, 0x2f, 0xff, 0xff,
    0xff, 0xff, 0xff, 0xff, 0xff, 0xff, 0xff, 0xfe,
    0x0, 0x4, 0xff, 0x50, 0x0, 0x0, 0x1f, 0xf8,
    0x0, 0x0, 0x0, 0xaf, 0xe0, 0x0, 0x8f, 0xf2,
    0x0, 0x0, 0x1, 0xff, 0x80, 0x0, 0x0, 0xa,
    0xfe, 0x0, 0xd, 0xfe, 0x0, 0x0, 0x0, 0x1f,
    0xf8, 0x0, 0x0, 0x0, 0xaf, 0xe0, 0x2, 0xff,
    0x90, 0x0, 0x0, 0x1, 0xff, 0x80, 0x0, 0x0,
    0xa, 0xfe, 0x0, 0xaf, 0xf4, 0x0, 0x0, 0x0,
    0x1f, 0xf8, 0x0, 0x0, 0x0, 0xaf, 0xe0, 0x4f,
    0xfc, 0x0, 0x0, 0x0, 0x1, 0xff, 0x80, 0x25,
    0x44, 0x5d, 0xfe, 0xd, 0xff, 0x50, 0x0, 0x0,
    0x0, 0x1f, 0xf8, 0x3, 0xff, 0xff, 0xff, 0xa0,
    0x3e, 0xa0, 0x0, 0x0, 0x0, 0x1, 0xff, 0x80,
    0xe, 0xff, 0xff, 0xa0, 0x0, 0x20, 0x0, 0x0,
    0x0, 0x0, 0x0, 0x0, 0x0, 0x12, 0x21, 0x0,
    0x0,

    /* U+7559 "留" */
    0x0, 0x0, 0x0, 0x0, 0x43, 0x0, 0x0, 0x0,
    0x0, 0x0, 0x0, 0x0, 0x0, 0x0, 0x3, 0x8e,
    0xff, 0x30, 0x0, 0x0, 0x0, 0x0, 0x0, 0x0,
    0x2, 0x7b, 0xff, 0xff, 0xfd, 0x60, 0xff, 0xff,
    0xff, 0xff, 0xff, 0xfd, 0x9, 0xff, 0xff, 0xb7,
    0x20, 0x0, 0xff, 0xff, 0xff, 0xff, 0xff, 0xfc,
    0x9, 0xff, 0x30, 0x0, 0x0, 0x0, 0x33, 0x3f,
    0xf9, 0x33, 0x3c, 0xfb, 0x9, 0xfe, 0x0, 0x3,
    0x70, 0x0, 0x0, 0x1f, 0xf5, 0x0, 0xc, 0xfb,
    0x9, 0xfe, 0x0, 0x4f, 0xf4, 0x0, 0x0, 0x4f,
    0xf2, 0x0, 0xd, 0xfa, 0x9, 0xfe, 0x0, 0xc,
    0xfd, 0x0, 0x0, 0x9f, 0xe0, 0x0, 0xf, 0xf8,
    0xa, 0xfe, 0x0, 0x5, 0xff, 0x60, 0x1, 0xff,
    0x80, 0x0, 0xf, 0xf7, 0xd, 0xff, 0x59, 0xdf,
    0xff, 0xd0, 0xa, 0xff, 0x10, 0x0, 0x3f, 0xf5,
    0x3f, 0xff, 0xff, 0xff, 0xff, 0xf4, 0xaf, 0xf6,
    0x2, 0x22, 0x9f, 0xf2, 0x7f, 0xff, 0xfd, 0x94,
    0xe, 0xff, 0xff, 0xa0, 0xb, 0xff, 0xff, 0xd0,
    0xc, 0xc6, 0x20, 0x0, 0x3, 0x2e, 0xf8, 0x0,
    0x7, 0xff, 0xfd, 0x30, 0x0, 0x0, 0x0, 0x0,
    0x0, 0x4, 0x20, 0x0, 0x0, 0x0, 0x0, 0x0,
    0x0, 0x2d, 0xdd, 0xdd, 0xdd, 0xdd, 0xdd, 0xdd,
    0xdd, 0xdd, 0xda, 0x0, 0x0, 0x2f, 0xff, 0xff,
    0xff, 0xff, 0xff, 0xff, 0xff, 0xff, 0xfb, 0x0,
    0x0, 0x2f, 0xf9, 0x33, 0x33, 0x4f, 0xf9, 0x33,
    0x33, 0x3f, 0xfb, 0x0, 0x0, 0x2f, 0xf7, 0x0,
    0x0, 0xf, 0xf6, 0x0, 0x0, 0xf, 0xfb, 0x0,
    0x0, 0x2f, 0xf7, 0x0, 0x0, 0xf, 0xf7, 0x0,
    0x0, 0xf, 0xfb, 0x0, 0x0, 0x2f, 0xff, 0xff,
    0xff, 0xff, 0xff, 0xff, 0xff, 0xff, 0xfb, 0x0,
    0x0, 0x2f, 0xfe, 0xdd, 0xdd, 0xef, 0xfe, 0xdd,
    0xdd, 0xdf, 0xfb, 0x0, 0x0, 0x2f, 0xf7, 0x0,
    0x0, 0xf, 0xf6, 0x0, 0x0, 0xf, 0xfb, 0x0,
    0x0, 0x2f, 0xf7, 0x0, 0x0, 0xf, 0xf6, 0x0,
    0x0, 0xf, 0xfb, 0x0, 0x0, 0x2f, 0xff, 0xff,
    0xff, 0xff, 0xff, 0xff, 0xff, 0xff, 0xfb, 0x0,
    0x0, 0x2f, 0xff, 0xff, 0xff, 0xff, 0xff, 0xff,
    0xff, 0xff, 0xfb, 0x0, 0x0, 0x2f, 0xf8, 0x22,
    0x22, 0x22, 0x22, 0x22, 0x22, 0x2e, 0xea, 0x0,

    /* U+767B "登" */
    0x0, 0x0, 0x0, 0x0, 0x0, 0x0, 0x0, 0x0,
    0x0, 0x0, 0x0, 0x0, 0x0, 0x0, 0x0, 0x3,
    0x33, 0x33, 0x33, 0x33, 0x0, 0x9e, 0x90, 0x0,
    0x4c, 0x20, 0x0, 0x0, 0x0, 0x1f, 0xff, 0xff,
    0xff, 0xff, 0xe3, 0x8f, 0xf2, 0x5, 0xff, 0xc0,
    0x0, 0x0, 0x0, 0x1e, 0xee, 0xee, 0xee, 0xff,
    0xf1, 0x1e, 0xfa, 0x7f, 0xfa, 0x0, 0x0, 0x0,
    0x0, 0x0, 0x10, 0x0, 0x5, 0xff, 0x70, 0x7,
    0xff, 0xff, 0x70, 0x2, 0xa1, 0x0, 0x0, 0x9,
    0xe6, 0x0, 0x2f, 0xfe, 0x0, 0x0, 0xcf, 0xf6,
    0x0, 0x3e, 0xfd, 0x0, 0x0, 0xa, 0xff, 0xb1,
    0xdf, 0xf3, 0x0, 0x0, 0x1e, 0xfe, 0x26, 0xff,
    0xc2, 0x0, 0x0, 0x0, 0x5f, 0xff, 0xff, 0x70,
    0x0, 0x0, 0x4, 0xff, 0xff, 0xf9, 0x0, 0x0,
    0x0, 0x0, 0x4, 0xff, 0xff, 0xff, 0xff, 0xff,
    0xff, 0xff, 0xff, 0x90, 0x0, 0x0, 0x0, 0x0,
    0x4e, 0xff, 0x9d, 0xff, 0xff, 0xff, 0xff, 0xf7,
    0xff, 0xf9, 0x0, 0x0, 0x0, 0x19, 0xff, 0xf6,
    0x3, 0x44, 0x44, 0x44, 0x44, 0x40, 0x5f, 0xff,
    0xe6, 0x0, 0x8, 0xff, 0xfe, 0x40, 0x0, 0x0,
    0x0, 0x0, 0x0, 0x0, 0x3, 0xdf, 0xff, 0xd0,
    0x9, 0xff, 0x83, 0xee, 0xee, 0xee, 0xee, 0xee,
    0xee, 0xee, 0xed, 0x7, 0xff, 0x40, 0x0, 0x82,
    0x3, 0xff, 0xff, 0xff, 0xff, 0xff, 0xff, 0xff,
    0xfe, 0x0, 0x15, 0x0, 0x0, 0x0, 0x3, 0xff,
    0x82, 0x22, 0x22, 0x22, 0x22, 0x2d, 0xfe, 0x0,
    0x0, 0x0, 0x0, 0x0, 0x3, 0xff, 0x60, 0x0,
    0x0, 0x0, 0x0, 0xd, 0xfe, 0x0, 0x0, 0x0,
    0x0, 0x0, 0x3, 0xff, 0x60, 0x0, 0x0, 0x0,
    0x0, 0xd, 0xfe, 0x0, 0x0, 0x0, 0x0, 0x0,
    0x3, 0xff, 0xec, 0xcc, 0xcc, 0xcc, 0xcc, 0xcf,
    0xfe, 0x0, 0x0, 0x0, 0x0, 0x0, 0x3, 0xff,
    0xff, 0xff, 0xff, 0xff, 0xff, 0xff, 0xfe, 0x0,
    0x0, 0x0, 0x0, 0x0, 0x0, 0x44, 0x7c, 0x74,
    0x44, 0x44, 0x47, 0xc8, 0x54, 0x0, 0x0, 0x0,
    0x0, 0x0, 0x0, 0x1, 0xff, 0xb0, 0x0, 0x0,
    0xa, 0xff, 0x10, 0x0, 0x0, 0x0, 0x0, 0x0,
    0x0, 0x0, 0x8f, 0xf3, 0x0, 0x0, 0x1f, 0xf8,
    0x0, 0x0, 0x0, 0x0, 0x0, 0x0, 0x0, 0x0,
    0x2f, 0xf6, 0x0, 0x0, 0x9f, 0xf1, 0x0, 0x0,
    0x0, 0x0, 0x2, 0xdd, 0xdd, 0xdd, 0xdf, 0xed,
    0xdd, 0xdd, 0xff, 0xfd, 0xdd, 0xdd, 0xdd, 0x30,
    0x3, 0xff, 0xff, 0xff, 0xff, 0xff, 0xff, 0xff,
    0xff, 0xff, 0xff, 0xff, 0xff, 0x30, 0x1, 0x55,
    0x55, 0x55, 0x55, 0x55, 0x55, 0x55, 0x55, 0x55,
    0x55, 0x55, 0x55, 0x10,

    /* U+7684 "的" */
    0x0, 0x0, 0x36, 0x30, 0x0, 0x0, 0x0, 0x35,
    0x10, 0x0, 0x0, 0x0, 0x0, 0x0, 0x9, 0xff,
    0x30, 0x0, 0x0, 0xb, 0xff, 0x0, 0x0, 0x0,
    0x0, 0x0, 0x0, 0xcf, 0xe0, 0x0, 0x0, 0x0,
    0xff, 0xb0, 0x0, 0x0, 0x0, 0x0, 0x0, 0xf,
    0xf8, 0x0, 0x0, 0x0, 0x5f, 0xf6, 0x0, 0x0,
    0x0, 0x0, 0x0, 0x3, 0xff, 0x30, 0x0, 0x0,
    0xa, 0xff, 0x42, 0x22, 0x22, 0x22, 0x7, 0xff,
    0xff, 0xff, 0xff, 0xf7, 0x0, 0xef, 0xff, 0xff,
    0xff, 0xff, 0xf2, 0x7f, 0xff, 0xff, 0xff, 0xff,
    0x70, 0x6f, 0xff, 0xff, 0xff, 0xff, 0xff, 0x27,
    0xff, 0x33, 0x33, 0x3f, 0xf7, 0xd, 0xfe, 0x33,
    0x33, 0x33, 0x7f, 0xf1, 0x7f, 0xe0, 0x0, 0x0,
    0xef, 0x75, 0xff, 0x70, 0x0, 0x0, 0x5, 0xff,
    0x17, 0xfe, 0x0, 0x0, 0xe, 0xf8, 0xef, 0xe0,
    0x0, 0x0, 0x0, 0x5f, 0xf0, 0x7f, 0xe0, 0x0,
    0x0, 0xef, 0xdf, 0xf6, 0x0, 0x0, 0x0, 0x6,
    0xff, 0x7, 0xfe, 0x0, 0x0, 0xe, 0xf7, 0x4b,
    0x3, 0x60, 0x0, 0x0, 0x7f, 0xf0, 0x7f, 0xf4,
    0x44, 0x44, 0xff, 0x70, 0x6, 0xff, 0x40, 0x0,
    0x7, 0xfe, 0x7, 0xff, 0xff, 0xff, 0xff, 0xf7,
    0x0, 0x1e, 0xfe, 0x10, 0x0, 0x8f, 0xe0, 0x7f,
    0xff, 0xff, 0xff, 0xff, 0x70, 0x0, 0x4f, 0xfb,
    0x0, 0x9, 0xfd, 0x7, 0xfe, 0x0, 0x0, 0xe,
    0xf7, 0x0, 0x0, 0x9f, 0xf6, 0x0, 0xaf, 0xc0,
    0x7f, 0xe0, 0x0, 0x0, 0xef, 0x70, 0x0, 0x0,
    0xef, 0xf1, 0xb, 0xfb, 0x7, 0xfe, 0x0, 0x0,
    0xe, 0xf7, 0x0, 0x0, 0x5, 0xff, 0x50, 0xcf,
    0xa0, 0x7f, 0xe0, 0x0, 0x0, 0xef, 0x70, 0x0,
    0x0, 0x9, 0x30, 0xd, 0xf9, 0x7, 0xfe, 0x0,
    0x0, 0xe, 0xf7, 0x0, 0x0, 0x0, 0x0, 0x0,
    0xff, 0x80, 0x7f, 0xe0, 0x0, 0x0, 0xef, 0x70,
    0x0, 0x0, 0x0, 0x0, 0x1f, 0xf6, 0x7, 0xff,
    0xff, 0xff, 0xff, 0xf7, 0x0, 0x0, 0x0, 0x0,
    0x4, 0xff, 0x40, 0x7f, 0xff, 0xff, 0xff, 0xff,
    0x70, 0x0, 0x0, 0x0, 0x0, 0x9f, 0xf1, 0x7,
    0xff, 0x55, 0x55, 0x55, 0x52, 0x0, 0x0, 0xa8,
    0x76, 0x8f, 0xfd, 0x0, 0x7f, 0xe0, 0x0, 0x0,
    0x0, 0x0, 0x0, 0xb, 0xff, 0xff, 0xff, 0x50,
    0x4, 0xa9, 0x0, 0x0, 0x0, 0x0, 0x0, 0x0,
    0x7f, 0xff, 0xfc, 0x50, 0x0, 0x0, 0x0, 0x0,
    0x0, 0x0, 0x0, 0x0, 0x0, 0x0, 0x0, 0x0,
    0x0, 0x0,

    /* U+76D1 "监" */
    0x0, 0x0, 0x0, 0x0, 0x55, 0x20, 0x0, 0x0,
    0x41, 0x0, 0x0, 0x0, 0x0, 0x0, 0x37, 0x70,
    0x0, 0xff, 0x70, 0x0, 0x3, 0xff, 0x60, 0x0,
    0x0, 0x0, 0x0, 0x6f, 0xf0, 0x0, 0xff, 0x70,
    0x0, 0x7, 0xff, 0x20, 0x0, 0x0, 0x0, 0x0,
    0x6f, 0xf0, 0x0, 0xff, 0x70, 0x0, 0xc, 0xfd,
    0x0, 0x0, 0x0, 0x0, 0x0, 0x6f, 0xf0, 0x0,
    0xff, 0x70, 0x0, 0x2f, 0xfd, 0x99, 0x99, 0x99,
    0x93, 0x0, 0x6f, 0xf0, 0x0, 0xff, 0x70, 0x0,
    0x9f, 0xff, 0xff, 0xff, 0xff, 0xf5, 0x0, 0x6f,
    0xf0, 0x0, 0xff, 0x70, 0x1, 0xef, 0xeb, 0xbb,
    0xbb, 0xbb, 0xb4, 0x0, 0x6f, 0xf0, 0x0, 0xff,
    0x70, 0x8, 0xff, 0x40, 0x0, 0x0, 0x0, 0x0,
    0x0, 0x6f, 0xf0, 0x0, 0xff, 0x70, 0x1f, 0xfb,
    0x1, 0x94, 0x0, 0x0, 0x0, 0x0, 0x6f, 0xf0,
    0x0, 0xff, 0x70, 0xcf, 0xf3, 0xd, 0xff, 0x80,
    0x0, 0x0, 0x0, 0x6f, 0xf0, 0x0, 0xff, 0x78,
    0xff, 0x90, 0x2, 0xdf, 0xfb, 0x0, 0x0, 0x0,
    0x6f, 0xf0, 0x0, 0xff, 0x72, 0xcd, 0x0, 0x0,
    0x1b, 0xff, 0xc1, 0x0, 0x0, 0x6f, 0xf0, 0x0,
    0xff, 0x70, 0x2, 0x0, 0x0, 0x0, 0xaf, 0xfb,
    0x0, 0x0, 0x1, 0x10, 0x0, 0xff, 0x70, 0x0,
    0x0, 0x0, 0x0, 0xa, 0xb1, 0x0, 0x0, 0x0,
    0x0, 0x0, 0x0, 0x0, 0x0, 0x0, 0x0, 0x0,
    0x0, 0x0, 0x0, 0x0, 0x5, 0xdd, 0xdd, 0xdd,
    0xdd, 0xdd, 0xdd, 0xdd, 0xdd, 0xdd, 0xb0, 0x0,
    0x0, 0x5, 0xff, 0xff, 0xff, 0xff, 0xff, 0xff,
    0xff, 0xff, 0xff, 0xd0, 0x0, 0x0, 0x5, 0xff,
    0x55, 0x5d, 0xfb, 0x55, 0x8f, 0xf6, 0x55, 0xcf,
    0xd0, 0x0, 0x0, 0x5, 0xff, 0x0, 0xc, 0xf8,
    0x0, 0x3f, 0xf1, 0x0, 0xaf, 0xd0, 0x0, 0x0,
    0x5, 0xff, 0x0, 0xc, 0xf8, 0x0, 0x3f, 0xf1,
    0x0, 0xaf, 0xd0, 0x0, 0x0, 0x5, 0xff, 0x0,
    0xc, 0xf8, 0x0, 0x3f, 0xf1, 0x0, 0xaf, 0xd0,
    0x0, 0x0, 0x5, 0xff, 0x0, 0xc, 0xf8, 0x0,
    0x3f, 0xf1, 0x0, 0xaf, 0xd0, 0x0, 0x0, 0x5,
    0xff, 0x0, 0xc, 0xf8, 0x0, 0x3f, 0xf1, 0x0,
    0xaf, 0xd0, 0x0, 0x5f, 0xff, 0xff, 0xff, 0xff,
    0xff, 0xff, 0xff, 0xff, 0xff, 0xff, 0xff, 0xfd,
    0x5f, 0xff, 0xff, 0xff, 0xff, 0xff, 0xff, 0xff,
    0xff, 0xff, 0xff, 0xff, 0xfe, 0x26, 0x66, 0x66,
    0x66, 0x66, 0x66, 0x66, 0x66, 0x66, 0x66, 0x66,
    0x66, 0x65,

    /* U+770B "看" */
    0x0, 0x0, 0x0, 0x0, 0x0, 0x0, 0x0, 0x0,
    0x0, 0x0, 0x1, 0x0, 0x0, 0x0, 0x0, 0x0,
    0x1, 0x12, 0x23, 0x34, 0x57, 0x89, 0xbd, 0xff,
    0xb0, 0x0, 0x0, 0x5f, 0xff, 0xff, 0xff, 0xff,
    0xff, 0xff, 0xff, 0xff, 0xff, 0xd4, 0x0, 0x0,
    0x1f, 0xff, 0xff, 0xfe, 0xff, 0xfc, 0xa9, 0x86,
    0x54, 0x20, 0x0, 0x0, 0x0, 0x0, 0x0, 0x0,
    0x0, 0xef, 0xe0, 0x0, 0x0, 0x0, 0x0, 0x0,
    0x0, 0x0, 0x1d, 0xdd, 0xdd, 0xdd, 0xff, 0xfd,
    0xdd, 0xdd, 0xdd, 0xdd, 0xdc, 0x0, 0x0, 0x1f,
    0xff, 0xff, 0xff, 0xff, 0xff, 0xff, 0xff, 0xff,
    0xff, 0xfe, 0x0, 0x0, 0x3, 0x33, 0x33, 0x4f,
    0xfc, 0x33, 0x33, 0x33, 0x33, 0x33, 0x32, 0x0,
    0x0, 0x0, 0x0, 0x0, 0x6f, 0xf6, 0x0, 0x0,
    0x0, 0x0, 0x0, 0x0, 0x0, 0x1f, 0xff, 0xff,
    0xff, 0xff, 0xff, 0xff, 0xff, 0xff, 0xff, 0xff,
    0xff, 0xf6, 0x1f, 0xff, 0xff, 0xff, 0xff, 0xff,
    0xff, 0xff, 0xff, 0xff, 0xff, 0xff, 0xf7, 0x1,
    0x11, 0x11, 0x4f, 0xfe, 0x21, 0x11, 0x11, 0x11,
    0x11, 0x11, 0x11, 0x10, 0x0, 0x0, 0x0, 0xdf,
    0xf8, 0x0, 0x0, 0x0, 0x0, 0x0, 0x0, 0x0,
    0x0, 0x0, 0x0, 0xa, 0xff, 0xff, 0xff, 0xff,
    0xff, 0xff, 0xff, 0xff, 0xc0, 0x0, 0x0, 0x0,
    0x6f, 0xff, 0xff, 0xff, 0xff, 0xff, 0xff, 0xff,
    0xff, 0xc0, 0x0, 0x0, 0x6, 0xff, 0xff, 0xf0,
    0x0, 0x0, 0x0, 0x0, 0x0, 0xdf, 0xc0, 0x0,
    0x0, 0x8f, 0xff, 0xdf, 0xfa, 0xaa, 0xaa, 0xaa,
    0xaa, 0xaa, 0xff, 0xc0, 0x0, 0x2c, 0xff, 0xf5,
    0x8f, 0xff, 0xff, 0xff, 0xff, 0xff, 0xff, 0xff,
    0xc0, 0x0, 0x7f, 0xff, 0x50, 0x8f, 0xf0, 0x0,
    0x0, 0x0, 0x0, 0x0, 0xdf, 0xc0, 0x0, 0xc,
    0xd2, 0x0, 0x8f, 0xf0, 0x0, 0x0, 0x0, 0x0,
    0x0, 0xdf, 0xc0, 0x0, 0x2, 0x0, 0x0, 0x8f,
    0xff, 0xff, 0xff, 0xff, 0xff, 0xff, 0xff, 0xc0,
    0x0, 0x0, 0x0, 0x0, 0x8f, 0xfa, 0xaa, 0xaa,
    0xaa, 0xaa, 0xaa, 0xff, 0xc0, 0x0, 0x0, 0x0,
    0x0, 0x8f, 0xf0, 0x0, 0x0, 0x0, 0x0, 0x0,
    0xdf, 0xc0, 0x0, 0x0, 0x0, 0x0, 0x8f, 0xff,
    0xff, 0xff, 0xff, 0xff, 0xff, 0xff, 0xc0, 0x0,
    0x0, 0x0, 0x0, 0x8f, 0xff, 0xff, 0xff, 0xff,
    0xff, 0xff, 0xff, 0xc0, 0x0, 0x0, 0x0, 0x0,
    0x8f, 0xf1, 0x11, 0x11, 0x11, 0x11, 0x11, 0xdf,
    0xc0, 0x0,

    /* U+771F "真" */
    0x0, 0x0, 0x0, 0x0, 0x0, 0x0, 0x55, 0x30,
    0x0, 0x0, 0x0, 0x0, 0x0, 0x0, 0x0, 0x0,
    0x0, 0x0, 0x0, 0xdf, 0xd0, 0x0, 0x0, 0x0,
    0x0, 0x0, 0x1, 0x44, 0x44, 0x44, 0x44, 0x44,
    0xff, 0xc4, 0x44, 0x44, 0x44, 0x44, 0x30, 0x5,
    0xff, 0xff, 0xff, 0xff, 0xff, 0xff, 0xff, 0xff,
    0xff, 0xff, 0xff, 0xd0, 0x5, 0xff, 0xff, 0xff,
    0xff, 0xff, 0xff, 0xff, 0xff, 0xff, 0xff, 0xff,
    0xd0, 0x0, 0x0, 0x0, 0x0, 0x0, 0x6, 0xff,
    0x20, 0x0, 0x0, 0x0, 0x0, 0x0, 0x0, 0x0,
    0x2a, 0xaa, 0xaa, 0xad, 0xff, 0xba, 0xaa, 0xaa,
    0xa8, 0x0, 0x0, 0x0, 0x0, 0x3f, 0xff, 0xff,
    0xff, 0xff, 0xff, 0xff, 0xff, 0xfc, 0x0, 0x0,
    0x0, 0x0, 0x3f, 0xf4, 0x0, 0x0, 0x0, 0x0,
    0x0, 0xd, 0xfc, 0x0, 0x0, 0x0, 0x0, 0x3f,
    0xfa, 0x88, 0x88, 0x88, 0x88, 0x88, 0x8e, 0xfc,
    0x0, 0x0, 0x0, 0x0, 0x3f, 0xff, 0xff, 0xff,
    0xff, 0xff, 0xff, 0xff, 0xfc, 0x0, 0x0, 0x0,
    0x0, 0x3f, 0xf4, 0x0, 0x0, 0x0, 0x0, 0x0,
    0xd, 0xfc, 0x0, 0x0, 0x0, 0x0, 0x3f, 0xfa,
    0x88, 0x88, 0x88, 0x88, 0x88, 0x8e, 0xfc, 0x0,
    0x0, 0x0, 0x0, 0x3f, 0xff, 0xff, 0xff, 0xff,
    0xff, 0xff, 0xff, 0xfc, 0x0, 0x0, 0x0, 0x0,
    0x3f, 0xf4, 0x0, 0x0, 0x0, 0x0, 0x0, 0xd,
    0xfc, 0x0, 0x0, 0x0, 0x0, 0x3f, 0xfa, 0x88,
    0x88, 0x88, 0x88, 0x88, 0x8e, 0xfc, 0x0, 0x0,
    0x0, 0x0, 0x3f, 0xff, 0xff, 0xff, 0xff, 0xff,
    0xff, 0xff, 0xfc, 0x0, 0x0, 0x0, 0x0, 0x3f,
    0xf4, 0x0, 0x0, 0x0, 0x0, 0x0, 0xd, 0xfc,
    0x0, 0x0, 0x2, 0x22, 0x6f, 0xf6, 0x22, 0x22,
    0x22, 0x22, 0x22, 0x2d, 0xfd, 0x22, 0x21, 0x1f,
    0xff, 0xff, 0xff, 0xff, 0xff, 0xff, 0xff, 0xff,
    0xff, 0xff, 0xff, 0xf8, 0x1f, 0xff, 0xff, 0xff,
    0xff, 0xff, 0xff, 0xff, 0xff, 0xff, 0xff, 0xff,
    0xf8, 0x0, 0x0, 0x0, 0x1, 0x84, 0x0, 0x0,
    0x0, 0x4c, 0x61, 0x0, 0x0, 0x0, 0x0, 0x0,
    0x2, 0x8f, 0xff, 0x80, 0x0, 0x2, 0xff, 0xff,
    0xb6, 0x0, 0x0, 0x0, 0x17, 0xcf, 0xff, 0xf9,
    0x10, 0x0, 0x0, 0x38, 0xef, 0xff, 0xf9, 0x20,
    0xb, 0xff, 0xff, 0xe8, 0x10, 0x0, 0x0, 0x0,
    0x0, 0x4, 0xbf, 0xff, 0xf5, 0x2, 0xee, 0x93,
    0x0, 0x0, 0x0, 0x0, 0x0, 0x0, 0x0, 0x2,
    0x9f, 0x60, 0x0, 0x10, 0x0, 0x0, 0x0, 0x0,
    0x0, 0x0, 0x0, 0x0, 0x0, 0x0, 0x0,

    /* U+77E5 "知" */
    0x0, 0x0, 0x74, 0x0, 0x0, 0x0, 0x0, 0x0,
    0x0, 0x0, 0x0, 0x0, 0x0, 0x0, 0x4, 0xff,
    0x50, 0x0, 0x0, 0x0, 0x0, 0x0, 0x0, 0x0,
    0x0, 0x0, 0x0, 0x9, 0xff, 0x10, 0x0, 0x0,
    0x0, 0x2, 0x22, 0x22, 0x22, 0x22, 0x20, 0x0,
    0xd, 0xfd, 0x0, 0x0, 0x0, 0x0, 0xf, 0xff,
    0xff, 0xff, 0xff, 0xf1, 0x0, 0x1f, 0xff, 0xff,
    0xff, 0xff, 0xf5, 0xf, 0xff, 0xff, 0xff, 0xff,
    0xf1, 0x0, 0x7f, 0xff, 0xff, 0xff, 0xff, 0xf5,
    0xf, 0xfa, 0x44, 0x44, 0xaf, 0xf1, 0x0, 0xdf,
    0xd7, 0xbf, 0xf9, 0x77, 0x72, 0xf, 0xf7, 0x0,
    0x0, 0x8f, 0xf1, 0x5, 0xff, 0x60, 0x6f, 0xf3,
    0x0, 0x0, 0xf, 0xf7, 0x0, 0x0, 0x8f, 0xf1,
    0xe, 0xfe, 0x0, 0x6f, 0xf3, 0x0, 0x0, 0xf,
    0xf7, 0x0, 0x0, 0x8f, 0xf1, 0xa, 0xf6, 0x0,
    0x6f, 0xf3, 0x0, 0x0, 0xf, 0xf7, 0x0, 0x0,
    0x8f, 0xf1, 0x0, 0x50, 0x0, 0x6f, 0xf3, 0x0,
    0x0, 0xf, 0xf7, 0x0, 0x0, 0x8f, 0xf1, 0x5,
    0x66, 0x66, 0xaf, 0xf8, 0x66, 0x66, 0x1f, 0xf7,
    0x0, 0x0, 0x8f, 0xf1, 0xe, 0xff, 0xff, 0xff,
    0xff, 0xff, 0xff, 0x2f, 0xf7, 0x0, 0x0, 0x8f,
    0xf1, 0xe, 0xff, 0xff, 0xff, 0xff, 0xff, 0xff,
    0x2f, 0xf7, 0x0, 0x0, 0x8f, 0xf1, 0x0, 0x0,
    0x0, 0xbf, 0xf1, 0x0, 0x0, 0xf, 0xf7, 0x0,
    0x0, 0x8f, 0xf1, 0x0, 0x0, 0x0, 0xef, 0xd0,
    0x0, 0x0, 0xf, 0xf7, 0x0, 0x0, 0x8f, 0xf1,
    0x0, 0x0, 0x1, 0xff, 0xf9, 0x0, 0x0, 0xf,
    0xf7, 0x0, 0x0, 0x8f, 0xf1, 0x0, 0x0, 0x6,
    0xff, 0xff, 0x80, 0x0, 0xf, 0xf7, 0x0, 0x0,
    0x8f, 0xf1, 0x0, 0x0, 0xc, 0xff, 0xbf, 0xf7,
    0x0, 0xf, 0xf7, 0x0, 0x0, 0x8f, 0xf1, 0x0,
    0x0, 0x3f, 0xfa, 0xd, 0xff, 0x50, 0xf, 0xf7,
    0x0, 0x0, 0x8f, 0xf1, 0x0, 0x0, 0xdf, 0xf4,
    0x2, 0xef, 0xf4, 0xf, 0xf9, 0x22, 0x22, 0x9f,
    0xf1, 0x0, 0x8, 0xff, 0xb0, 0x0, 0x4f, 0xff,
    0x1f, 0xff, 0xff, 0xff, 0xff, 0xf1, 0x0, 0x6f,
    0xff, 0x20, 0x0, 0x8, 0xf7, 0xf, 0xff, 0xff,
    0xff, 0xff, 0xf1, 0x8, 0xff, 0xf5, 0x0, 0x0,
    0x0, 0x70, 0xf, 0xfa, 0x44, 0x44, 0xaf, 0xf1,
    0xd, 0xff, 0x70, 0x0, 0x0, 0x0, 0x0, 0xf,
    0xf7, 0x0, 0x0, 0x8f, 0xf1, 0x1, 0xd5, 0x0,
    0x0, 0x0, 0x0, 0x0, 0x6, 0x63, 0x0, 0x0,
    0x1, 0x10, 0x0, 0x0, 0x0, 0x0, 0x0, 0x0,
    0x0, 0x0, 0x0, 0x0, 0x0, 0x0, 0x0,

    /* U+786E "确" */
    0x0, 0x0, 0x0, 0x0, 0x0, 0x0, 0x0, 0x62,
    0x0, 0x0, 0x0, 0x0, 0x0, 0x11, 0x11, 0x11,
    0x11, 0x10, 0x0, 0x5f, 0xf2, 0x0, 0x0, 0x0,
    0x0, 0x6f, 0xff, 0xff, 0xff, 0xff, 0x0, 0xc,
    0xfd, 0x22, 0x22, 0x21, 0x0, 0x6, 0xff, 0xff,
    0xff, 0xff, 0xf0, 0x4, 0xff, 0xff, 0xff, 0xff,
    0xe5, 0x0, 0x13, 0x38, 0xff, 0x53, 0x33, 0x0,
    0xdf, 0xff, 0xff, 0xff, 0xff, 0x50, 0x0, 0x0,
    0x9f, 0xe0, 0x0, 0x0, 0x6f, 0xf3, 0x0, 0x1,
    0xff, 0xc0, 0x0, 0x0, 0xd, 0xfa, 0x0, 0x0,
    0x3f, 0xf9, 0x0, 0x0, 0xbf, 0xf2, 0x0, 0x0,
    0x1, 0xff, 0x50, 0x0, 0x1d, 0xff, 0x43, 0x33,
    0x7f, 0xf9, 0x33, 0x33, 0x0, 0x5f, 0xf1, 0x0,
    0x1d, 0xff, 0xff, 0xff, 0xff, 0xff, 0xff, 0xff,
    0xe0, 0xa, 0xfd, 0x0, 0x0, 0xcf, 0xff, 0xff,
    0xff, 0xff, 0xff, 0xff, 0xfe, 0x0, 0xff, 0xd8,
    0x88, 0x84, 0x6c, 0xf9, 0x0, 0x2f, 0xf1, 0x0,
    0x8f, 0xe0, 0x6f, 0xff, 0xff, 0xff, 0x40, 0xcf,
    0x90, 0x2, 0xff, 0x10, 0x8, 0xfe, 0xd, 0xff,
    0xc8, 0x8f, 0xf4, 0xc, 0xfe, 0xcc, 0xdf, 0xfc,
    0xcc, 0xef, 0xe8, 0xff, 0xf8, 0x0, 0xdf, 0x40,
    0xcf, 0xff, 0xff, 0xff, 0xff, 0xff, 0xfe, 0xdf,
    0xff, 0x80, 0xd, 0xf4, 0xc, 0xfb, 0x44, 0x6f,
    0xf5, 0x44, 0xaf, 0xe7, 0xfd, 0xf8, 0x0, 0xdf,
    0x40, 0xcf, 0x90, 0x2, 0xff, 0x10, 0x8, 0xfe,
    0x27, 0xaf, 0x80, 0xd, 0xf4, 0xd, 0xf8, 0x0,
    0x2f, 0xf1, 0x0, 0x8f, 0xe0, 0xa, 0xf8, 0x0,
    0xdf, 0x40, 0xef, 0xfe, 0xee, 0xff, 0xee, 0xef,
    0xfe, 0x0, 0xaf, 0x80, 0xd, 0xf4, 0xf, 0xff,
    0xff, 0xff, 0xff, 0xff, 0xff, 0xe0, 0xa, 0xf8,
    0x0, 0xdf, 0x42, 0xff, 0x64, 0x46, 0xff, 0x54,
    0x4a, 0xfe, 0x0, 0xaf, 0xb5, 0x5e, 0xf4, 0x6f,
    0xf0, 0x0, 0x2f, 0xf1, 0x0, 0x8f, 0xe0, 0xa,
    0xff, 0xff, 0xff, 0x4b, 0xfb, 0x0, 0x2, 0xff,
    0x10, 0x8, 0xfe, 0x0, 0xaf, 0xff, 0xff, 0xf5,
    0xff, 0x70, 0x0, 0x2f, 0xf1, 0x0, 0x8f, 0xe0,
    0xa, 0xf8, 0x0, 0x0, 0x9f, 0xf1, 0x0, 0x2,
    0xff, 0x23, 0x3a, 0xfe, 0x0, 0xaf, 0x80, 0x0,
    0x3f, 0xfa, 0x0, 0x0, 0x2f, 0xf2, 0xff, 0xff,
    0xc0, 0x0, 0x0, 0x0, 0x1, 0x9e, 0x10, 0x0,
    0x0, 0x33, 0xb, 0xfe, 0xb2, 0x0, 0x0, 0x0,
    0x0, 0x0, 0x10, 0x0, 0x0, 0x0, 0x0, 0x0,
    0x0, 0x0,

    /* U+793A "示" */
    0x0, 0x4, 0x88, 0x88, 0x88, 0x88, 0x88, 0x88,
    0x88, 0x88, 0x88, 0x80, 0x0, 0x0, 0x9, 0xff,
    0xff, 0xff, 0xff, 0xff, 0xff, 0xff, 0xff, 0xff,
    0xf0, 0x0, 0x0, 0x9, 0xff, 0xff, 0xff, 0xff,
    0xff, 0xff, 0xff, 0xff, 0xff, 0xf0, 0x0, 0x0,
    0x0, 0x0, 0x0, 0x0, 0x0, 0x0, 0x0, 0x0,
    0x0, 0x0, 0x0, 0x0, 0x0, 0x0, 0x0, 0x0,
    0x0, 0x0, 0x0, 0x0, 0x0, 0x0, 0x0, 0x0,
    0x0, 0x0, 0x0, 0x0, 0x0, 0x0, 0x0, 0x0,
    0x0, 0x0, 0x0, 0x0, 0x0, 0x0, 0x0, 0x0,
    0x0, 0x0, 0x0, 0x0, 0x0, 0x0, 0x0, 0x0,
    0x0, 0x0, 0x0, 0x1f, 0xff, 0xff, 0xff, 0xff,
    0xff, 0xff, 0xff, 0xff, 0xff, 0xff, 0xff, 0xf7,
    0x1f, 0xff, 0xff, 0xff, 0xff, 0xff, 0xff, 0xff,
    0xff, 0xff, 0xff, 0xff, 0xf7, 0x9, 0x99, 0x99,
    0x99, 0x99, 0x9a, 0xff, 0xe9, 0x99, 0x99, 0x99,
    0x99, 0x94, 0x0, 0x0, 0x0, 0x0, 0x0, 0x2,
    0xff, 0xa0, 0x0, 0x0, 0x0, 0x0, 0x0, 0x0,
    0x0, 0x0, 0x0, 0x0, 0x2, 0xff, 0xa0, 0x0,
    0x0, 0x0, 0x0, 0x0, 0x0, 0x0, 0xb, 0xa6,
    0x0, 0x2, 0xff, 0xa0, 0x0, 0x28, 0xc0, 0x0,
    0x0, 0x0, 0x0, 0x3f, 0xfc, 0x0, 0x2, 0xff,
    0xa0, 0x0, 0x9f, 0xf9, 0x0, 0x0, 0x0, 0x0,
    0xbf, 0xf5, 0x0, 0x2, 0xff, 0xa0, 0x0, 0xe,
    0xff, 0x30, 0x0, 0x0, 0x4, 0xff, 0xd0, 0x0,
    0x2, 0xff, 0xa0, 0x0, 0x4, 0xff, 0xd0, 0x0,
    0x0, 0xd, 0xff, 0x40, 0x0, 0x2, 0xff, 0xa0,
    0x0, 0x0, 0xaf, 0xf8, 0x0, 0x0, 0xaf, 0xfa,
    0x0, 0x0, 0x2, 0xff, 0xa0, 0x0, 0x0, 0x1f,
    0xff, 0x10, 0x6, 0xff, 0xe1, 0x0, 0x0, 0x2,
    0xff, 0xa0, 0x0, 0x0, 0x8, 0xff, 0x90, 0x6f,
    0xff, 0x40, 0x0, 0x0, 0x2, 0xff, 0xa0, 0x0,
    0x0, 0x1, 0xff, 0xf1, 0x2c, 0xf7, 0x0, 0x0,
    0x0, 0x2, 0xff, 0xa0, 0x0, 0x0, 0x0, 0xaf,
    0xc2, 0x0, 0x40, 0x0, 0x9, 0xaa, 0xac, 0xff,
    0x90, 0x0, 0x0, 0x0, 0x23, 0x0, 0x0, 0x0,
    0x0, 0x9, 0xff, 0xff, 0xff, 0x50, 0x0, 0x0,
    0x0, 0x0, 0x0, 0x0, 0x0, 0x0, 0x4, 0xff,
    0xfd, 0xa5, 0x0, 0x0, 0x0, 0x0, 0x0, 0x0,
    0x0, 0x0, 0x0, 0x0, 0x0, 0x0, 0x0, 0x0,
    0x0, 0x0, 0x0, 0x0, 0x0,

    /* U+79BB "离" */
    0x0, 0x0, 0x0, 0x0, 0x0, 0x3, 0x73, 0x0,
    0x0, 0x0, 0x0, 0x0, 0x0, 0x0, 0x0, 0x0,
    0x0, 0x0, 0xe, 0xfb, 0x0, 0x0, 0x0, 0x0,
    0x0, 0x0, 0x0, 0x0, 0x0, 0x0, 0x0, 0x9,
    0xff, 0x30, 0x0, 0x0, 0x0, 0x0, 0x0, 0x1f,
    0xff, 0xff, 0xff, 0xff, 0xff, 0xff, 0xff, 0xff,
    0xff, 0xff, 0xff, 0xf3, 0x1f, 0xff, 0xff, 0xff,
    0xff, 0xff, 0xff, 0xff, 0xff, 0xff, 0xff, 0xff,
    0xf3, 0x2, 0x22, 0x22, 0x22, 0x35, 0x22, 0x22,
    0x23, 0x84, 0x22, 0x22, 0x22, 0x20, 0x0, 0x2,
    0xdd, 0x40, 0xaf, 0xb3, 0x0, 0x2c, 0xfb, 0x2,
    0xdd, 0x40, 0x0, 0x0, 0x2, 0xff, 0x40, 0x29,
    0xff, 0xc8, 0xff, 0x80, 0x3, 0xff, 0x50, 0x0,
    0x0, 0x2, 0xff, 0x40, 0x0, 0x2e, 0xff, 0xf8,
    0x0, 0x3, 0xff, 0x50, 0x0, 0x0, 0x2, 0xff,
    0x40, 0x29, 0xff, 0xd9, 0xff, 0xd5, 0x3, 0xff,
    0x50, 0x0, 0x0, 0x2, 0xff, 0x45, 0xff, 0xc5,
    0x0, 0x18, 0xff, 0x43, 0xff, 0x50, 0x0, 0x0,
    0x2, 0xff, 0x51, 0x95, 0x10, 0x0, 0x0, 0x27,
    0x4, 0xff, 0x50, 0x0, 0x0, 0x2, 0xff, 0xff,
    0xff, 0xff, 0xff, 0xff, 0xff, 0xff, 0xff, 0x50,
    0x0, 0x0, 0x2, 0xff, 0xff, 0xff, 0xff, 0xff,
    0xff, 0xff, 0xff, 0xff, 0x50, 0x0, 0x0, 0x0,
    0x0, 0x0, 0x0, 0x9, 0xff, 0x40, 0x0, 0x0,
    0x0, 0x0, 0x0, 0x0, 0x33, 0x33, 0x33, 0x33,
    0x4f, 0xfe, 0x43, 0x33, 0x33, 0x33, 0x33, 0x0,
    0x0, 0xff, 0xff, 0xff, 0xff, 0xff, 0xff, 0xff,
    0xff, 0xff, 0xff, 0xff, 0x20, 0x0, 0xff, 0xff,
    0xff, 0xff, 0xff, 0xff, 0xff, 0xff, 0xff, 0xff,
    0xff, 0x20, 0x0, 0xff, 0x80, 0x0, 0x1e, 0xfc,
    0x0, 0x8, 0xe2, 0x0, 0x6, 0xff, 0x20, 0x0,
    0xff, 0x80, 0x0, 0xbf, 0xe1, 0x0, 0xa, 0xfd,
    0x10, 0x6, 0xff, 0x20, 0x0, 0xff, 0x80, 0xa,
    0xff, 0x74, 0x57, 0x8a, 0xff, 0xb0, 0x6, 0xff,
    0x20, 0x0, 0xff, 0x80, 0x4f, 0xff, 0xff, 0xff,
    0xff, 0xff, 0xf7, 0x6, 0xff, 0x20, 0x0, 0xff,
    0x80, 0xe, 0xfe, 0xca, 0x86, 0x53, 0x15, 0xf6,
    0x6, 0xff, 0x20, 0x0, 0xff, 0x80, 0x2, 0x0,
    0x0, 0x0, 0x0, 0x0, 0x10, 0x7, 0xff, 0x10,
    0x0, 0xff, 0x80, 0x0, 0x0, 0x0, 0x0, 0x0,
    0x5, 0xff, 0xff, 0xff, 0x0, 0x0, 0xff, 0x80,
    0x0, 0x0, 0x0, 0x0, 0x0, 0x0, 0xef, 0xfd,
    0xb3, 0x0,

    /* U+79D2 "秒" */
    0x0, 0x0, 0x0, 0x0, 0x0, 0x0, 0x0, 0x0,
    0x1, 0x33, 0x0, 0x0, 0x0, 0x0, 0x0, 0x0,
    0x0, 0x4, 0x99, 0x0, 0x0, 0x0, 0x6f, 0xf0,
    0x0, 0x0, 0x0, 0x0, 0x1, 0x47, 0xbf, 0xff,
    0xf5, 0x0, 0x0, 0x6, 0xff, 0x0, 0x0, 0x0,
    0x0, 0x4e, 0xff, 0xff, 0xff, 0xe9, 0x40, 0x0,
    0x0, 0x6f, 0xf0, 0x0, 0x0, 0x0, 0x1, 0xff,
    0xfe, 0xff, 0x50, 0x0, 0x0, 0x0, 0x6, 0xff,
    0x0, 0x0, 0x0, 0x0, 0x3, 0x20, 0x4f, 0xf3,
    0x0, 0x0, 0x36, 0x30, 0x6f, 0xf0, 0x29, 0xd0,
    0x0, 0x0, 0x0, 0x4, 0xff, 0x30, 0x0, 0x9,
    0xfe, 0x6, 0xff, 0x2, 0xff, 0x70, 0x0, 0x0,
    0x0, 0x4f, 0xf3, 0x0, 0x0, 0xbf, 0xb0, 0x6f,
    0xf0, 0xb, 0xfe, 0x0, 0x5, 0x77, 0x7a, 0xff,
    0x97, 0x76, 0xe, 0xf8, 0x6, 0xff, 0x0, 0x4f,
    0xf6, 0x0, 0xbf, 0xff, 0xff, 0xff, 0xff, 0xe1,
    0xff, 0x50, 0x6f, 0xf0, 0x0, 0xdf, 0xc0, 0xb,
    0xff, 0xff, 0xff, 0xff, 0xfe, 0x5f, 0xf2, 0x6,
    0xff, 0x0, 0x7, 0xff, 0x20, 0x0, 0x0, 0xdf,
    0xf5, 0x0, 0x9, 0xfd, 0x0, 0x6f, 0xf0, 0x0,
    0x2f, 0xf7, 0x0, 0x0, 0x5f, 0xff, 0xf2, 0x0,
    0xef, 0x90, 0x6, 0xff, 0x0, 0x0, 0xdf, 0x70,
    0x0, 0xc, 0xff, 0xff, 0xe1, 0x3f, 0xf3, 0x0,
    0x6f, 0xf0, 0x0, 0x2, 0x0, 0x0, 0x3, 0xff,
    0xff, 0xdf, 0xc0, 0x17, 0x0, 0x6, 0xff, 0x0,
    0x8, 0x40, 0x0, 0x0, 0xbf, 0xcf, 0xf5, 0xff,
    0x80, 0x0, 0x0, 0x6f, 0xf0, 0x6, 0xff, 0x70,
    0x0, 0x4f, 0xf5, 0xff, 0x36, 0xf4, 0x0, 0x0,
    0x6, 0xff, 0x0, 0xef, 0xf1, 0x0, 0xd, 0xf8,
    0x4f, 0xf3, 0x6, 0x0, 0x0, 0x0, 0x6e, 0xe0,
    0x8f, 0xf8, 0x0, 0xa, 0xff, 0x14, 0xff, 0x30,
    0x0, 0x0, 0x0, 0x0, 0x0, 0x6f, 0xfd, 0x0,
    0x0, 0xdf, 0x70, 0x4f, 0xf3, 0x0, 0x0, 0x0,
    0x0, 0x0, 0x6f, 0xfe, 0x30, 0x0, 0x5, 0xc0,
    0x4, 0xff, 0x30, 0x0, 0x0, 0x0, 0x0, 0x8f,
    0xfe, 0x30, 0x0, 0x0, 0x1, 0x0, 0x4f, 0xf3,
    0x0, 0x0, 0x0, 0x7, 0xef, 0xfe, 0x30, 0x0,
    0x0, 0x0, 0x0, 0x4, 0xff, 0x30, 0x0, 0x3,
    0x7e, 0xff, 0xfb, 0x20, 0x0, 0x0, 0x0, 0x0,
    0x0, 0x4f, 0xf3, 0x5, 0xae, 0xff, 0xff, 0xd4,
    0x0, 0x0, 0x0, 0x0, 0x0, 0x0, 0x4, 0xff,
    0x30, 0x5f, 0xff, 0xfc, 0x50, 0x0, 0x0, 0x0,
    0x0, 0x0, 0x0, 0x0, 0x4f, 0xf3, 0x0, 0xaa,
    0x61, 0x0, 0x0, 0x0, 0x0, 0x0, 0x0,

    /* U+7A97 "窗" */
    0x0, 0x0, 0x0, 0x0, 0x0, 0x4, 0x30, 0x0,
    0x0, 0x0, 0x0, 0x0, 0x0, 0x0, 0x0, 0x0,
    0x2, 0xff, 0xd0, 0x0, 0x0, 0x0, 0x0, 0x0,
    0x11, 0x11, 0x11, 0x11, 0x11, 0xcf, 0xf6, 0x11,
    0x11, 0x11, 0x11, 0x11, 0xef, 0xff, 0xff, 0xff,
    0xff, 0xff, 0xff, 0xff, 0xff, 0xff, 0xff, 0xfc,
    0xef, 0xff, 0xff, 0xff, 0xff, 0xff, 0xff, 0xff,
    0xff, 0xff, 0xff, 0xfc, 0xef, 0xa0, 0x0, 0x2,
    0x70, 0x0, 0x0, 0x8, 0x30, 0x0, 0xf, 0xfc,
    0xef, 0xa0, 0x0, 0x7f, 0xfc, 0x0, 0x0, 0xcf,
    0xfc, 0x50, 0xf, 0xfc, 0x78, 0x52, 0x8e, 0xff,
    0xb2, 0x0, 0x0, 0x18, 0xef, 0xfe, 0x76, 0x54,
    0x27, 0xdf, 0xff, 0xd4, 0x4, 0xa7, 0x20, 0x0,
    0x6, 0xdf, 0xfe, 0x60, 0x8f, 0xff, 0xc6, 0x0,
    0xd, 0xfe, 0x10, 0x0, 0x0, 0x6, 0xef, 0xfa,
    0xc, 0x93, 0x0, 0x0, 0x8f, 0xf5, 0x0, 0x0,
    0x0, 0x0, 0x19, 0xc1, 0x0, 0x9f, 0xff, 0xff,
    0xff, 0xff, 0xff, 0xff, 0xff, 0xff, 0xfa, 0x0,
    0x0, 0x9f, 0xfe, 0xee, 0xee, 0xee, 0xee, 0xee,
    0xee, 0xef, 0xfa, 0x0, 0x0, 0x9f, 0xf0, 0x0,
    0x29, 0x60, 0x0, 0x0, 0x0, 0xf, 0xfa, 0x0,
    0x0, 0x9f, 0xf0, 0x0, 0xbf, 0x90, 0x0, 0x0,
    0x0, 0xf, 0xfa, 0x0, 0x0, 0x9f, 0xf0, 0x7,
    0xff, 0xff, 0xff, 0xff, 0xf5, 0xf, 0xfa, 0x0,
    0x0, 0x9f, 0xf0, 0x7f, 0xf9, 0x88, 0x88, 0xbf,
    0xe1, 0xf, 0xfa, 0x0, 0x0, 0x9f, 0xf2, 0xdf,
    0x5a, 0x61, 0x3, 0xff, 0x60, 0xf, 0xfa, 0x0,
    0x0, 0x9f, 0xf0, 0x2, 0x5d, 0xff, 0xaf, 0xf7,
    0x0, 0xf, 0xfa, 0x0, 0x0, 0x9f, 0xf0, 0x0,
    0x0, 0x7f, 0xff, 0xe4, 0x0, 0xf, 0xfa, 0x0,
    0x0, 0x9f, 0xf0, 0x1, 0x6c, 0xff, 0xba, 0xff,
    0xb2, 0xf, 0xfa, 0x0, 0x0, 0x9f, 0xf1, 0xcf,
    0xff, 0xa3, 0x0, 0x2c, 0xf6, 0xf, 0xfa, 0x0,
    0x0, 0x9f, 0xf0, 0x5a, 0x51, 0x0, 0x0, 0x0,
    0x30, 0xf, 0xfa, 0x0, 0x0, 0x9f, 0xfd, 0xdd,
    0xdd, 0xdd, 0xdd, 0xdd, 0xdd, 0xdf, 0xfa, 0x0,
    0x0, 0x9f, 0xff, 0xff, 0xff, 0xff, 0xff, 0xff,
    0xff, 0xff, 0xfa, 0x0, 0x0, 0x9f, 0xf1, 0x0,
    0x0, 0x0, 0x0, 0x0, 0x0, 0x1d, 0xd9, 0x0,

    /* U+7ACB "立" */
    0x0, 0x0, 0x0, 0x0, 0x0, 0x6, 0xa9, 0x0,
    0x0, 0x0, 0x0, 0x0, 0x0, 0x0, 0x0, 0x0,
    0x0, 0x0, 0xc, 0xff, 0x10, 0x0, 0x0, 0x0,
    0x0, 0x0, 0x0, 0x0, 0x0, 0x0, 0x0, 0x7,
    0xff, 0x60, 0x0, 0x0, 0x0, 0x0, 0x0, 0x0,
    0x0, 0x0, 0x0, 0x0, 0x2, 0xff, 0xb0, 0x0,
    0x0, 0x0, 0x0, 0x0, 0x0, 0x0, 0x0, 0x0,
    0x0, 0x0, 0xef, 0xa0, 0x0, 0x0, 0x0, 0x0,
    0x0, 0x0, 0x99, 0x99, 0x99, 0x99, 0x99, 0xb9,
    0x99, 0x99, 0x99, 0x99, 0x99, 0x50, 0x0, 0xff,
    0xff, 0xff, 0xff, 0xff, 0xff, 0xff, 0xff, 0xff,
    0xff, 0xff, 0x80, 0x0, 0xff, 0xff, 0xff, 0xff,
    0xff, 0xff, 0xff, 0xff, 0xff, 0xff, 0xff, 0x80,
    0x0, 0x0, 0x0, 0x0, 0x0, 0x0, 0x0, 0x0,
    0x0, 0x0, 0x0, 0x0, 0x0, 0x0, 0x0, 0x0,
    0x59, 0x40, 0x0, 0x0, 0x0, 0x0, 0x87, 0x40,
    0x0, 0x0, 0x0, 0x0, 0x3, 0xff, 0x90, 0x0,
    0x0, 0x0, 0x1, 0xff, 0xe0, 0x0, 0x0, 0x0,
    0x0, 0x0, 0xef, 0xd0, 0x0, 0x0, 0x0, 0x4,
    0xff, 0xa0, 0x0, 0x0, 0x0, 0x0, 0x0, 0xaf,
    0xf1, 0x0, 0x0, 0x0, 0x8, 0xff, 0x50, 0x0,
    0x0, 0x0, 0x0, 0x0, 0x6f, 0xf6, 0x0, 0x0,
    0x0, 0xd, 0xff, 0x10, 0x0, 0x0, 0x0, 0x0,
    0x0, 0x3f, 0xfa, 0x0, 0x0, 0x0, 0x1f, 0xfc,
    0x0, 0x0, 0x0, 0x0, 0x0, 0x0, 0xf, 0xfe,
    0x0, 0x0, 0x0, 0x5f, 0xf7, 0x0, 0x0, 0x0,
    0x0, 0x0, 0x0, 0xb, 0xff, 0x10, 0x0, 0x0,
    0xaf, 0xf3, 0x0, 0x0, 0x0, 0x0, 0x0, 0x0,
    0x8, 0xff, 0x50, 0x0, 0x0, 0xff, 0xd0, 0x0,
    0x0, 0x0, 0x0, 0x0, 0x0, 0x5, 0xff, 0x80,
    0x0, 0x4, 0xff, 0x80, 0x0, 0x0, 0x0, 0x0,
    0x0, 0x0, 0x2, 0xff, 0xb0, 0x0, 0x9, 0xff,
    0x20, 0x0, 0x0, 0x0, 0x0, 0x0, 0x0, 0x0,
    0xff, 0xb0, 0x0, 0xf, 0xfd, 0x0, 0x0, 0x0,
    0x0, 0x0, 0x0, 0x0, 0x0, 0x41, 0x0, 0x0,
    0x5f, 0xf7, 0x0, 0x0, 0x0, 0x0, 0x29, 0x99,
    0x99, 0x99, 0x99, 0x99, 0x99, 0xdf, 0xfa, 0x99,
    0x99, 0x99, 0x96, 0x3f, 0xff, 0xff, 0xff, 0xff,
    0xff, 0xff, 0xff, 0xff, 0xff, 0xff, 0xff, 0xfb,
    0x3f, 0xff, 0xff, 0xff, 0xff, 0xff, 0xff, 0xff,
    0xff, 0xff, 0xff, 0xff, 0xfb, 0x0, 0x0, 0x0,
    0x0, 0x0, 0x0, 0x0, 0x0, 0x0, 0x0, 0x0,
    0x0, 0x0,

    /* U+7B49 "等" */
    0x0, 0x0, 0x54, 0x0, 0x0, 0x0, 0x0, 0x5,
    0x41, 0x0, 0x0, 0x0, 0x0, 0x0, 0x2, 0xff,
    0xb0, 0x0, 0x0, 0x0, 0x1f, 0xfc, 0x0, 0x0,
    0x0, 0x0, 0x0, 0xa, 0xff, 0x73, 0x33, 0x33,
    0x20, 0x8f, 0xf7, 0x33, 0x33, 0x33, 0x32, 0x0,
    0x3f, 0xff, 0xff, 0xff, 0xff, 0xe2, 0xff, 0xff,
    0xff, 0xff, 0xff, 0xfa, 0x0, 0xdf, 0xff, 0xff,
    0xff, 0xff, 0xec, 0xff, 0xff, 0xff, 0xff, 0xff,
    0xfa, 0xa, 0xff, 0x81, 0xff, 0x70, 0x0, 0xbf,
    0xf8, 0x2, 0xff, 0xa0, 0x0, 0x0, 0x9f, 0xfc,
    0x0, 0xaf, 0xe0, 0x3, 0xef, 0xb0, 0x0, 0x7f,
    0xf4, 0x0, 0x0, 0x1b, 0xe1, 0x0, 0x4c, 0x50,
    0x2, 0xff, 0x80, 0x0, 0xd, 0x92, 0x0, 0x0,
    0x0, 0x11, 0x33, 0x33, 0x33, 0x35, 0xff, 0xa3,
    0x33, 0x33, 0x33, 0x30, 0x0, 0x0, 0x9, 0xff,
    0xff, 0xff, 0xff, 0xff, 0xff, 0xff, 0xff, 0xff,
    0xf4, 0x0, 0x0, 0x9, 0xff, 0xff, 0xff, 0xff,
    0xff, 0xff, 0xff, 0xff, 0xff, 0xf4, 0x0, 0x0,
    0x0, 0x0, 0x0, 0x0, 0x2, 0xff, 0x80, 0x0,
    0x0, 0x0, 0x0, 0x0, 0x0, 0x0, 0x0, 0x0,
    0x0, 0x3, 0xff, 0x80, 0x0, 0x0, 0x0, 0x0,
    0x0, 0x5f, 0xff, 0xff, 0xff, 0xff, 0xff, 0xff,
    0xff, 0xff, 0xff, 0xff, 0xff, 0xfd, 0x5f, 0xff,
    0xff, 0xff, 0xff, 0xff, 0xff, 0xff, 0xff, 0xff,
    0xff, 0xff, 0xfd, 0x2, 0x22, 0x22, 0x22, 0x22,
    0x22, 0x22, 0x22, 0x2a, 0xff, 0x32, 0x22, 0x22,
    0x0, 0x0, 0x0, 0x0, 0x0, 0x0, 0x0, 0x0,
    0x9, 0xff, 0x10, 0x0, 0x0, 0x6, 0xff, 0xff,
    0xff, 0xff, 0xff, 0xff, 0xff, 0xff, 0xff, 0xff,
    0xff, 0xf1, 0x6, 0xff, 0xff, 0xff, 0xff, 0xff,
    0xff, 0xff, 0xff, 0xff, 0xff, 0xff, 0xf1, 0x1,
    0x44, 0x44, 0xaf, 0x74, 0x44, 0x44, 0x44, 0x4b,
    0xff, 0x54, 0x44, 0x40, 0x0, 0x0, 0x3, 0xff,
    0xf6, 0x0, 0x0, 0x0, 0x9, 0xff, 0x10, 0x0,
    0x0, 0x0, 0x0, 0x0, 0x4f, 0xff, 0x80, 0x0,
    0x0, 0x9, 0xff, 0x10, 0x0, 0x0, 0x0, 0x0,
    0x0, 0x2, 0xef, 0xf7, 0x0, 0x0, 0x9, 0xff,
    0x10, 0x0, 0x0, 0x0, 0x0, 0x0, 0x0, 0x2e,
    0xf6, 0x6, 0x66, 0x6d, 0xff, 0x0, 0x0, 0x0,
    0x0, 0x0, 0x0, 0x0, 0x4, 0x30, 0x9, 0xff,
    0xff, 0xfd, 0x0, 0x0, 0x0, 0x0, 0x0, 0x0,
    0x0, 0x0, 0x0, 0x3, 0xff, 0xfc, 0x91, 0x0,
    0x0, 0x0,

    /* U+7CFB "系" */
    0x0, 0x0, 0x0, 0x0, 0x0, 0x0, 0x0, 0x0,
    0x0, 0x0, 0x32, 0x0, 0x0, 0x0, 0x0, 0x0,
    0x0, 0x0, 0x0, 0x2, 0x46, 0x8a, 0xdf, 0xfe,
    0x10, 0x0, 0x0, 0x45, 0x68, 0x9a, 0xbc, 0xef,
    0xff, 0xff, 0xff, 0xff, 0xff, 0xa0, 0x0, 0x0,
    0xbf, 0xff, 0xff, 0xff, 0xff, 0xff, 0xff, 0xec,
    0x97, 0x30, 0x0, 0x0, 0x0, 0x7f, 0xed, 0xcb,
    0xad, 0xff, 0xe5, 0x20, 0x0, 0x0, 0x0, 0x0,
    0x0, 0x0, 0x0, 0x0, 0x0, 0x4f, 0xfe, 0x20,
    0x0, 0x0, 0x50, 0x0, 0x0, 0x0, 0x0, 0x0,
    0x0, 0x6, 0xff, 0xd1, 0x0, 0x0, 0x2d, 0xfa,
    0x0, 0x0, 0x0, 0x0, 0x0, 0x0, 0x8f, 0xfa,
    0x0, 0x0, 0x5, 0xff, 0xfb, 0x10, 0x0, 0x0,
    0x0, 0x0, 0x3c, 0xff, 0x92, 0x34, 0x56, 0xaf,
    0xff, 0x60, 0x0, 0x0, 0x0, 0x0, 0x4, 0xff,
    0xff, 0xff, 0xff, 0xff, 0xff, 0xc2, 0x0, 0x0,
    0x0, 0x0, 0x0, 0x0, 0xff, 0xff, 0xfe, 0xef,
    0xff, 0xf7, 0x0, 0x2, 0x0, 0x0, 0x0, 0x0,
    0x0, 0x53, 0x10, 0x7, 0xff, 0xfb, 0x20, 0x4,
    0xef, 0x30, 0x0, 0x0, 0x0, 0x0, 0x0, 0x4,
    0xdf, 0xfc, 0x30, 0x0, 0x0, 0xcf, 0xf3, 0x0,
    0x0, 0x0, 0x0, 0x5, 0xcf, 0xfd, 0x50, 0x0,
    0x1, 0x24, 0x5f, 0xff, 0x30, 0x0, 0x0, 0x27,
    0xdf, 0xff, 0xfb, 0xcd, 0xef, 0xff, 0xff, 0xff,
    0xff, 0xe2, 0x0, 0x0, 0xbf, 0xff, 0xff, 0xff,
    0xff, 0xff, 0xff, 0xfd, 0xcb, 0xaf, 0xfd, 0x0,
    0x0, 0x5f, 0xfd, 0xca, 0x97, 0x65, 0xff, 0xa0,
    0x0, 0x0, 0x5, 0xff, 0x90, 0x0, 0x2, 0x0,
    0x10, 0x0, 0x1, 0xff, 0x90, 0x0, 0x20, 0x0,
    0x9a, 0x10, 0x0, 0x0, 0x1, 0xee, 0x80, 0x1,
    0xff, 0x90, 0x8, 0xfb, 0x10, 0x0, 0x0, 0x0,
    0x0, 0x1c, 0xff, 0x80, 0x1, 0xff, 0x90, 0x1b,
    0xff, 0xe3, 0x0, 0x0, 0x0, 0x1, 0xdf, 0xfa,
    0x0, 0x1, 0xff, 0x90, 0x0, 0x9f, 0xff, 0x50,
    0x0, 0x0, 0x5e, 0xff, 0xb0, 0x0, 0x1, 0xff,
    0x90, 0x0, 0x6, 0xff, 0xf7, 0x0, 0x9, 0xff,
    0xfa, 0x0, 0x0, 0x1, 0xff, 0x90, 0x0, 0x0,
    0x4f, 0xff, 0x80, 0x6, 0xff, 0x70, 0x1, 0x87,
    0x79, 0xff, 0x80, 0x0, 0x0, 0x3, 0xff, 0xa0,
    0x0, 0x34, 0x0, 0x0, 0xcf, 0xff, 0xff, 0x40,
    0x0, 0x0, 0x0, 0x45, 0x0, 0x0, 0x0, 0x0,
    0x0, 0x7f, 0xfe, 0xb5, 0x0, 0x0, 0x0, 0x0,
    0x0, 0x0,

    /* U+7D27 "紧" */
    0x0, 0x0, 0x0, 0x3f, 0xf1, 0x7, 0x77, 0x77,
    0x77, 0x77, 0x77, 0x72, 0x0, 0x0, 0xbb, 0x40,
    0x3f, 0xf1, 0xe, 0xff, 0xff, 0xff, 0xff, 0xff,
    0xfc, 0x0, 0x0, 0xff, 0x50, 0x3f, 0xf1, 0xb,
    0xdf, 0xfc, 0xcc, 0xcc, 0xdf, 0xf4, 0x0, 0x0,
    0xff, 0x50, 0x3f, 0xf1, 0x0, 0xe, 0xf8, 0x0,
    0x0, 0xdf, 0xc0, 0x0, 0x0, 0xff, 0x50, 0x3f,
    0xf1, 0x0, 0x5, 0xff, 0x50, 0xb, 0xff, 0x30,
    0x0, 0x0, 0xff, 0x50, 0x3f, 0xf1, 0x0, 0x0,
    0xbf, 0xf7, 0xcf, 0xf5, 0x0, 0x0, 0x0, 0xff,
    0x50, 0x3f, 0xf1, 0x0, 0x0, 0xd, 0xff, 0xff,
    0x50, 0x0, 0x0, 0x0, 0xff, 0x50, 0x3f, 0xf1,
    0x0, 0x2, 0x8e, 0xff, 0xff, 0x81, 0x0, 0x0,
    0x0, 0xff, 0x50, 0x3f, 0xf1, 0x38, 0xcf, 0xff,
    0xfc, 0xff, 0xff, 0xb7, 0x30, 0x0, 0x88, 0x30,
    0x3f, 0xf9, 0xcf, 0xff, 0xf9, 0x20, 0x3b, 0xff,
    0xff, 0xd0, 0x0, 0x0, 0x0, 0x18, 0xff, 0xfe,
    0x94, 0x0, 0x0, 0x0, 0x38, 0xdf, 0x20, 0x0,
    0x0, 0x0, 0x4e, 0xff, 0x90, 0x0, 0x7, 0xf5,
    0x0, 0x0, 0x1, 0x0, 0x0, 0x0, 0x3a, 0xff,
    0xe6, 0x23, 0x35, 0xdf, 0xff, 0x20, 0x0, 0x0,
    0x0, 0x0, 0x0, 0xff, 0xff, 0xff, 0xff, 0xff,
    0xff, 0xb3, 0x0, 0x0, 0x0, 0x0, 0x0, 0x0,
    0xaf, 0xff, 0xef, 0xff, 0xff, 0xd4, 0x1, 0xbe,
    0x30, 0x0, 0x0, 0x0, 0x0, 0x11, 0x6, 0xdf,
    0xff, 0xc5, 0x0, 0x2, 0xdf, 0xf6, 0x0, 0x0,
    0x0, 0x0, 0x39, 0xef, 0xff, 0xb4, 0x12, 0x23,
    0x45, 0x7f, 0xff, 0x90, 0x0, 0x0, 0x9e, 0xff,
    0xff, 0xff, 0xff, 0xff, 0xff, 0xff, 0xff, 0xff,
    0xfa, 0x0, 0x0, 0xaf, 0xff, 0xff, 0xff, 0xff,
    0xff, 0xfd, 0xcb, 0xa9, 0x8a, 0xff, 0x80, 0x0,
    0x4a, 0x86, 0x66, 0x32, 0x10, 0xef, 0xb0, 0x0,
    0x10, 0x0, 0x8a, 0x10, 0x0, 0x0, 0x4, 0xef,
    0xb1, 0x0, 0xef, 0xb0, 0x9, 0xfb, 0x30, 0x0,
    0x0, 0x0, 0x2, 0xaf, 0xfe, 0x40, 0x0, 0xef,
    0xb0, 0x8, 0xff, 0xfa, 0x20, 0x0, 0x5, 0xcf,
    0xff, 0xb1, 0x23, 0x33, 0xff, 0xb0, 0x0, 0x19,
    0xff, 0xf8, 0x0, 0xa, 0xff, 0xd4, 0x0, 0x7f,
    0xff, 0xff, 0x80, 0x0, 0x0, 0x3d, 0xff, 0x70,
    0x0, 0x85, 0x0, 0x0, 0x1f, 0xff, 0xc8, 0x0,
    0x0, 0x0, 0x0, 0x85, 0x0,

    /* U+7EBF "线" */
    0x0, 0x0, 0x3, 0x30, 0x0, 0x0, 0x0, 0x8,
    0xba, 0x0, 0x10, 0x0, 0x0, 0x0, 0x0, 0x0,
    0xbf, 0xb0, 0x0, 0x0, 0x0, 0xaf, 0xe0, 0x8f,
    0x91, 0x0, 0x0, 0x0, 0x0, 0x1f, 0xfb, 0x0,
    0x0, 0x0, 0xa, 0xff, 0x9, 0xff, 0xe4, 0x0,
    0x0, 0x0, 0x8, 0xff, 0x30, 0x0, 0x0, 0x0,
    0x9f, 0xf0, 0x3, 0xdf, 0xb0, 0x0, 0x0, 0x0,
    0xef, 0xb0, 0x0, 0x0, 0x0, 0x9, 0xff, 0x0,
    0x0, 0x70, 0x0, 0x0, 0x0, 0x7f, 0xf3, 0x0,
    0x0, 0x0, 0x0, 0x8f, 0xf3, 0x58, 0xad, 0xf7,
    0x0, 0x0, 0x1f, 0xf9, 0x0, 0x95, 0x2, 0x47,
    0x9d, 0xff, 0xff, 0xff, 0xff, 0xa0, 0x0, 0x9,
    0xfe, 0x0, 0x4f, 0xf7, 0x9f, 0xff, 0xff, 0xff,
    0xfe, 0xb9, 0x63, 0x0, 0x4, 0xff, 0x50, 0xd,
    0xfe, 0x16, 0xff, 0xcc, 0xff, 0x50, 0x0, 0x0,
    0x0, 0x4, 0xff, 0xfb, 0xde, 0xff, 0x50, 0x1,
    0x0, 0x4f, 0xf4, 0x0, 0x0, 0x0, 0x0, 0x3f,
    0xff, 0xff, 0xff, 0xb0, 0x0, 0x0, 0x3, 0xff,
    0x50, 0x1, 0x47, 0xa2, 0x0, 0xdc, 0xa7, 0xef,
    0xf1, 0x0, 0x0, 0x0, 0x2f, 0xfc, 0xcf, 0xff,
    0xff, 0x50, 0x0, 0x0, 0x7f, 0xf5, 0x0, 0x4,
    0x7a, 0xdf, 0xff, 0xff, 0xff, 0xfd, 0xa3, 0x0,
    0x0, 0x3f, 0xf8, 0x0, 0x3, 0xff, 0xff, 0xff,
    0xff, 0x96, 0x30, 0x0, 0x0, 0x0, 0x2e, 0xfc,
    0x0, 0x24, 0xf, 0xeb, 0x86, 0xcf, 0xe0, 0x0,
    0xb, 0x81, 0x0, 0x1d, 0xff, 0xbc, 0xff, 0xf0,
    0x10, 0x0, 0x8, 0xff, 0x10, 0x8, 0xff, 0x50,
    0x2e, 0xff, 0xff, 0xff, 0xfe, 0x0, 0x0, 0x0,
    0x5f, 0xf4, 0x6, 0xff, 0x90, 0x0, 0xef, 0xff,
    0xb8, 0x51, 0x0, 0x0, 0x0, 0x1, 0xff, 0x87,
    0xff, 0xc0, 0x0, 0x7, 0x72, 0x0, 0x0, 0x0,
    0x0, 0x0, 0x0, 0xd, 0xff, 0xff, 0xc1, 0x0,
    0x0, 0x0, 0x0, 0x0, 0x2, 0x70, 0x0, 0x0,
    0x0, 0x9f, 0xff, 0xc0, 0x0, 0x0, 0x0, 0x0,
    0x4, 0x9e, 0xff, 0x30, 0x0, 0x0, 0x8f, 0xff,
    0xc0, 0x0, 0x30, 0x0, 0x37, 0xbf, 0xff, 0xff,
    0xd3, 0x0, 0x7, 0xef, 0xff, 0xfe, 0x0, 0xd,
    0x80, 0x3f, 0xff, 0xff, 0xc7, 0x20, 0x3, 0x9e,
    0xff, 0xfb, 0x8f, 0xf9, 0x0, 0xff, 0x0, 0xff,
    0xc7, 0x20, 0x0, 0xc, 0xff, 0xff, 0xc4, 0x0,
    0xdf, 0xfb, 0xbf, 0xc0, 0x4, 0x10, 0x0, 0x0,
    0x0, 0x5f, 0xfb, 0x40, 0x0, 0x2, 0xef, 0xff,
    0xf6, 0x0, 0x0, 0x0, 0x0, 0x0, 0x0, 0x62,
    0x0, 0x0, 0x0, 0x2, 0xae, 0xe8, 0x0,

    /* U+7ECF "经" */
    0x0, 0x0, 0x0, 0x51, 0x0, 0x0, 0x0, 0x0,
    0x0, 0x0, 0x0, 0x0, 0x0, 0x0, 0x0, 0x0,
    0x1, 0xff, 0x70, 0x0, 0x0, 0x0, 0x0, 0x0,
    0x0, 0x11, 0x0, 0x0, 0x0, 0x0, 0x7, 0xff,
    0x50, 0x0, 0xff, 0xff, 0xff, 0xff, 0xff, 0xff,
    0x90, 0x0, 0x0, 0x0, 0xd, 0xfd, 0x0, 0x0,
    0xff, 0xff, 0xff, 0xff, 0xff, 0xff, 0xc0, 0x0,
    0x0, 0x0, 0x5f, 0xf5, 0x0, 0x0, 0x44, 0x44,
    0x44, 0x44, 0x5f, 0xff, 0x30, 0x0, 0x0, 0x0,
    0xdf, 0xd0, 0x0, 0x0, 0x0, 0x0, 0x0, 0x0,
    0xcf, 0xf9, 0x0, 0x0, 0x0, 0x6, 0xff, 0x40,
    0x8, 0x20, 0x0, 0x0, 0x0, 0xb, 0xff, 0xb0,
    0x0, 0x0, 0x0, 0x1e, 0xfa, 0x0, 0x5f, 0xf5,
    0x0, 0x0, 0x2, 0xdf, 0xfc, 0x0, 0x0, 0x0,
    0x0, 0xbf, 0xe1, 0x0, 0xef, 0xf2, 0x0, 0x0,
    0x5f, 0xff, 0xf2, 0x0, 0x0, 0x0, 0x9, 0xff,
    0xda, 0xbd, 0xff, 0x70, 0x0, 0x3c, 0xff, 0xff,
    0xff, 0x81, 0x0, 0x0, 0xc, 0xff, 0xff, 0xff,
    0xfc, 0x0, 0x3a, 0xff, 0xfe, 0x69, 0xff, 0xff,
    0x91, 0x0, 0x7, 0xfd, 0xba, 0xff, 0xf2, 0x6d,
    0xff, 0xff, 0x91, 0x0, 0x29, 0xff, 0xff, 0x80,
    0x1, 0x10, 0xb, 0xff, 0x40, 0x4f, 0xff, 0xa3,
    0x0, 0x0, 0x0, 0x2a, 0xff, 0xa0, 0x0, 0x0,
    0x8f, 0xf7, 0x0, 0x8, 0x81, 0x0, 0x0, 0x0,
    0x0, 0x0, 0x3b, 0x0, 0x0, 0x6, 0xff, 0xa0,
    0x2, 0x30, 0x45, 0x55, 0x55, 0x55, 0x55, 0x55,
    0x53, 0x0, 0x0, 0x6f, 0xff, 0xac, 0xff, 0xb0,
    0xdf, 0xff, 0xff, 0xff, 0xff, 0xff, 0xf8, 0x0,
    0x9, 0xff, 0xff, 0xff, 0xff, 0xb0, 0xdf, 0xff,
    0xff, 0xff, 0xff, 0xff, 0xf8, 0x0, 0x7, 0xff,
    0xff, 0xc8, 0x52, 0x0, 0x0, 0x0, 0x8, 0xff,
    0x0, 0x0, 0x0, 0x0, 0x2, 0xc7, 0x30, 0x0,
    0x0, 0x0, 0x0, 0x0, 0x8, 0xff, 0x0, 0x0,
    0x0, 0x0, 0x0, 0x0, 0x0, 0x0, 0x0, 0x0,
    0x0, 0x0, 0x8, 0xff, 0x0, 0x0, 0x0, 0x0,
    0x0, 0x0, 0x0, 0x15, 0x9d, 0xa0, 0x0, 0x0,
    0x8, 0xff, 0x0, 0x0, 0x0, 0x0, 0x0, 0x36,
    0xae, 0xff, 0xff, 0xc0, 0x0, 0x0, 0x8, 0xff,
    0x0, 0x0, 0x0, 0x0, 0xb, 0xff, 0xff, 0xff,
    0xd8, 0x40, 0x0, 0x0, 0x8, 0xff, 0x0, 0x0,
    0x0, 0x0, 0x8, 0xff, 0xea, 0x51, 0x0, 0x7f,
    0xff, 0xff, 0xff, 0xff, 0xff, 0xff, 0xff, 0xe0,
    0x3, 0x62, 0x0, 0x0, 0x0, 0x8f, 0xff, 0xff,
    0xff, 0xff, 0xff, 0xff, 0xff, 0xe0, 0x0, 0x0,
    0x0, 0x0, 0x0, 0x37, 0x77, 0x77, 0x77, 0x77,
    0x77, 0x77, 0x77, 0x70,

    /* U+7ED9 "给" */
    0x0, 0x0, 0x0, 0x40, 0x0, 0x0, 0x0, 0x0,
    0x4, 0x20, 0x0, 0x0, 0x0, 0x0, 0x0, 0x0,
    0x3f, 0xd4, 0x0, 0x0, 0x0, 0x0, 0xef, 0xb0,
    0x0, 0x0, 0x0, 0x0, 0x0, 0x9, 0xff, 0x40,
    0x0, 0x0, 0x0, 0x6f, 0xfd, 0x0, 0x0, 0x0,
    0x0, 0x0, 0x1, 0xff, 0xc0, 0x0, 0x0, 0x0,
    0xc, 0xff, 0xf6, 0x0, 0x0, 0x0, 0x0, 0x0,
    0x8f, 0xf4, 0x0, 0x0, 0x0, 0x6, 0xff, 0xef,
    0xe1, 0x0, 0x0, 0x0, 0x0, 0xe, 0xfc, 0x0,
    0x0, 0x0, 0x1, 0xef, 0xe2, 0xef, 0xc0, 0x0,
    0x0, 0x0, 0x8, 0xff, 0x30, 0x38, 0x0, 0x0,
    0xbf, 0xf6, 0x6, 0xff, 0x90, 0x0, 0x0, 0x1,
    0xff, 0x90, 0xc, 0xfd, 0x0, 0x9f, 0xfb, 0x0,
    0xb, 0xff, 0x90, 0x0, 0x0, 0xbf, 0xe1, 0x5,
    0xff, 0x90, 0x7f, 0xfe, 0x10, 0x0, 0xd, 0xff,
    0x90, 0x0, 0x9f, 0xfc, 0x9b, 0xef, 0xe1, 0x9f,
    0xff, 0xa6, 0x66, 0x66, 0x9f, 0xff, 0xd3, 0xc,
    0xff, 0xff, 0xff, 0xf5, 0xaf, 0xff, 0xff, 0xff,
    0xff, 0xff, 0xee, 0xff, 0x60, 0x7f, 0xeb, 0xcf,
    0xfb, 0x2, 0xee, 0x3f, 0xff, 0xff, 0xff, 0xfc,
    0x1c, 0x80, 0x1, 0x10, 0xd, 0xfe, 0x10, 0x3,
    0x10, 0x0, 0x0, 0x0, 0x0, 0x0, 0x0, 0x0,
    0x0, 0xa, 0xff, 0x30, 0x0, 0x0, 0x0, 0x0,
    0x0, 0x0, 0x0, 0x0, 0x0, 0x0, 0x7, 0xff,
    0x70, 0x0, 0x20, 0x25, 0x55, 0x55, 0x55, 0x55,
    0x55, 0x0, 0x0, 0x5, 0xff, 0xe8, 0xbe, 0xfa,
    0x8, 0xff, 0xff, 0xff, 0xff, 0xff, 0xf1, 0x0,
    0x8, 0xff, 0xff, 0xff, 0xff, 0xa0, 0x8f, 0xff,
    0xff, 0xff, 0xff, 0xff, 0x10, 0x0, 0x7f, 0xff,
    0xfd, 0x96, 0x30, 0x8, 0xff, 0x0, 0x0, 0x0,
    0x9f, 0xf1, 0x0, 0x2, 0xd7, 0x40, 0x0, 0x0,
    0x0, 0x8f, 0xf0, 0x0, 0x0, 0x9, 0xff, 0x10,
    0x0, 0x0, 0x0, 0x0, 0x0, 0x0, 0x8, 0xff,
    0x0, 0x0, 0x0, 0x9f, 0xf1, 0x0, 0x0, 0x0,
    0x0, 0x0, 0x47, 0x80, 0x8f, 0xf0, 0x0, 0x0,
    0x9, 0xff, 0x10, 0x0, 0x0, 0x25, 0x9c, 0xff,
    0xfd, 0x8, 0xff, 0x0, 0x0, 0x0, 0x9f, 0xf1,
    0x0, 0x9, 0xff, 0xff, 0xff, 0xfe, 0xa0, 0x8f,
    0xf6, 0x55, 0x55, 0x5b, 0xff, 0x10, 0x0, 0x9f,
    0xff, 0xea, 0x62, 0x0, 0x8, 0xff, 0xff, 0xff,
    0xff, 0xff, 0xf1, 0x0, 0x5, 0xb7, 0x30, 0x0,
    0x0, 0x0, 0x8f, 0xff, 0xff, 0xff, 0xff, 0xff,
    0x10, 0x0, 0x0, 0x0, 0x0, 0x0, 0x0, 0x8,
    0xff, 0x0, 0x0, 0x0, 0x8f, 0xf1, 0x0,

    /* U+7EDC "络" */
    0x0, 0x0, 0x0, 0x40, 0x0, 0x0, 0x0, 0x7,
    0xb6, 0x0, 0x0, 0x0, 0x0, 0x0, 0x0, 0x0,
    0x1f, 0xe6, 0x0, 0x0, 0x0, 0xef, 0xc0, 0x0,
    0x0, 0x0, 0x0, 0x0, 0x0, 0x8, 0xff, 0x50,
    0x0, 0x0, 0x7f, 0xf5, 0x0, 0x0, 0x0, 0x0,
    0x0, 0x0, 0x0, 0xef, 0xd0, 0x0, 0x0, 0x1e,
    0xff, 0xff, 0xff, 0xff, 0xfe, 0x40, 0x0, 0x0,
    0x6f, 0xf5, 0x0, 0x0, 0x9, 0xff, 0xff, 0xff,
    0xff, 0xff, 0xf7, 0x0, 0x0, 0xe, 0xfd, 0x0,
    0x0, 0x5, 0xff, 0xd6, 0x66, 0x66, 0x6d, 0xfe,
    0x0, 0x0, 0x7, 0xff, 0x30, 0x25, 0x3, 0xff,
    0xff, 0x30, 0x0, 0x6, 0xff, 0x50, 0x0, 0x1,
    0xff, 0x90, 0xb, 0xfb, 0xef, 0xfd, 0xfd, 0x10,
    0x3, 0xff, 0xc0, 0x0, 0x0, 0xbf, 0xe1, 0x4,
    0xff, 0xdf, 0xf5, 0x1e, 0xfc, 0x3, 0xef, 0xe1,
    0x0, 0x0, 0xaf, 0xfc, 0xac, 0xff, 0xf2, 0x77,
    0x0, 0x3f, 0xfd, 0xff, 0xe2, 0x0, 0x0, 0xc,
    0xff, 0xff, 0xff, 0xf7, 0x0, 0x0, 0x0, 0x6f,
    0xff, 0xf3, 0x0, 0x0, 0x0, 0x7f, 0xda, 0xbf,
    0xfc, 0x0, 0x0, 0x0, 0x7e, 0xff, 0xff, 0xa2,
    0x0, 0x0, 0x0, 0x0, 0xd, 0xfe, 0x20, 0x0,
    0x16, 0xef, 0xff, 0xad, 0xff, 0xfa, 0x40, 0x0,
    0x0, 0xa, 0xff, 0x40, 0x4, 0xbf, 0xff, 0xfd,
    0x30, 0x7, 0xff, 0xff, 0xe8, 0x0, 0x7, 0xff,
    0x71, 0x47, 0x8f, 0xff, 0xe6, 0x0, 0x0, 0x1,
    0x9f, 0xff, 0x80, 0x6, 0xff, 0xfd, 0xff, 0xf6,
    0xdc, 0xa5, 0x55, 0x55, 0x55, 0x55, 0x6b, 0xc2,
    0x8, 0xff, 0xff, 0xff, 0xfc, 0x40, 0x2f, 0xff,
    0xff, 0xff, 0xff, 0xff, 0xe0, 0x0, 0x8f, 0xff,
    0xc8, 0x40, 0x0, 0x2, 0xff, 0xff, 0xff, 0xff,
    0xff, 0xfe, 0x0, 0x2, 0xb5, 0x0, 0x0, 0x0,
    0x0, 0x2f, 0xf3, 0x0, 0x0, 0x0, 0x9f, 0xe0,
    0x0, 0x0, 0x0, 0x0, 0x0, 0x45, 0x2, 0xff,
    0x30, 0x0, 0x0, 0x9, 0xfe, 0x0, 0x0, 0x0,
    0x1, 0x5a, 0xff, 0xc0, 0x2f, 0xf3, 0x0, 0x0,
    0x0, 0x9f, 0xe0, 0x0, 0x3, 0x8c, 0xff, 0xff,
    0xfb, 0x2, 0xff, 0x30, 0x0, 0x0, 0x9, 0xfe,
    0x0, 0xb, 0xff, 0xff, 0xfb, 0x61, 0x0, 0x2f,
    0xff, 0xee, 0xee, 0xee, 0xff, 0xe0, 0x0, 0x8f,
    0xfc, 0x61, 0x0, 0x0, 0x2, 0xff, 0xff, 0xff,
    0xff, 0xff, 0xfe, 0x0, 0x3, 0x71, 0x0, 0x0,
    0x0, 0x0, 0x2f, 0xf7, 0x55, 0x55, 0x55, 0xbf,
    0xe0, 0x0, 0x0, 0x0, 0x0, 0x0, 0x0, 0x2,
    0xff, 0x30, 0x0, 0x0, 0x9, 0xfe, 0x0,

    /* U+7EDF "统" */
    0x0, 0x0, 0x0, 0x20, 0x0, 0x0, 0x0, 0x0,
    0x0, 0x20, 0x0, 0x0, 0x0, 0x0, 0x0, 0x0,
    0x5f, 0xb3, 0x0, 0x0, 0x0, 0x8, 0xff, 0x10,
    0x0, 0x0, 0x0, 0x0, 0x0, 0xb, 0xff, 0x40,
    0x0, 0x0, 0x0, 0x4f, 0xf8, 0x0, 0x0, 0x0,
    0x0, 0x0, 0x2, 0xff, 0xc0, 0x0, 0x0, 0x0,
    0x0, 0xdf, 0xe0, 0x0, 0x0, 0x0, 0x0, 0x0,
    0xaf, 0xf5, 0x0, 0x5, 0x66, 0x66, 0x6b, 0xfa,
    0x66, 0x66, 0x66, 0x10, 0x0, 0x2f, 0xfd, 0x0,
    0x0, 0xef, 0xff, 0xff, 0xff, 0xff, 0xff, 0xff,
    0xf3, 0x0, 0xa, 0xff, 0x30, 0x42, 0xd, 0xee,
    0xef, 0xff, 0xfe, 0xee, 0xee, 0xee, 0x30, 0x3,
    0xff, 0x90, 0xe, 0xf8, 0x0, 0x0, 0x9f, 0xf7,
    0x0, 0x0, 0x0, 0x0, 0x0, 0xdf, 0xe1, 0x7,
    0xff, 0x80, 0x0, 0x5f, 0xfb, 0x0, 0x2b, 0xc0,
    0x0, 0x1, 0xbf, 0xfa, 0x68, 0xff, 0xd0, 0x0,
    0x2f, 0xfe, 0x10, 0x4, 0xff, 0x80, 0x0, 0x1f,
    0xff, 0xff, 0xff, 0xf4, 0x0, 0xd, 0xff, 0x40,
    0x0, 0x9, 0xff, 0x30, 0x0, 0xbf, 0xff, 0xff,
    0xfa, 0x0, 0x2c, 0xff, 0xa4, 0x57, 0x8a, 0xcf,
    0xfd, 0x0, 0x3, 0x41, 0x1e, 0xfe, 0x10, 0x5f,
    0xff, 0xff, 0xff, 0xff, 0xff, 0xff, 0xf8, 0x0,
    0x0, 0xb, 0xff, 0x30, 0x1, 0xff, 0xff, 0xff,
    0xdc, 0xa9, 0x75, 0xbf, 0xf1, 0x0, 0x8, 0xff,
    0x70, 0x1, 0x9, 0x76, 0x98, 0x20, 0x6, 0x74,
    0x3, 0xf9, 0x10, 0x5, 0xff, 0xe7, 0xbe, 0xf2,
    0x0, 0x3f, 0xf5, 0x0, 0xef, 0x90, 0x1, 0x0,
    0x7, 0xff, 0xff, 0xff, 0xff, 0x30, 0x4, 0xff,
    0x30, 0xe, 0xf9, 0x0, 0x0, 0x0, 0xdf, 0xff,
    0xfe, 0xb7, 0x30, 0x0, 0x5f, 0xf2, 0x0, 0xef,
    0x90, 0x0, 0x0, 0x7, 0xfa, 0x62, 0x0, 0x0,
    0x0, 0x8, 0xff, 0x10, 0xe, 0xf9, 0x0, 0x0,
    0x0, 0x0, 0x0, 0x0, 0x0, 0x10, 0x0, 0xcf,
    0xd0, 0x0, 0xef, 0x90, 0x0, 0x0, 0x0, 0x0,
    0x0, 0x27, 0xcf, 0x50, 0xf, 0xf9, 0x0, 0xe,
    0xf9, 0x0, 0x99, 0x20, 0x0, 0x38, 0xdf, 0xff,
    0xf8, 0x8, 0xff, 0x50, 0x0, 0xef, 0x90, 0xa,
    0xf9, 0x9, 0xef, 0xff, 0xff, 0xa5, 0x4, 0xff,
    0xe0, 0x0, 0xe, 0xf9, 0x0, 0xbf, 0x80, 0xcf,
    0xff, 0xc6, 0x10, 0x8, 0xff, 0xf4, 0x0, 0x0,
    0xef, 0xc3, 0x3e, 0xf5, 0x8, 0xd7, 0x20, 0x0,
    0xd, 0xff, 0xf7, 0x0, 0x0, 0xb, 0xff, 0xff,
    0xff, 0x10, 0x0, 0x0, 0x0, 0x0, 0x4f, 0xe4,
    0x0, 0x0, 0x0, 0x3d, 0xff, 0xfe, 0x60, 0x0,
    0x0, 0x0, 0x0, 0x0, 0x50, 0x0, 0x0, 0x0,
    0x0, 0x0, 0x0, 0x0, 0x0,

    /* U+7EE7 "继" */
    0x0, 0x0, 0x5, 0x0, 0x0, 0x0, 0x0, 0x0,
    0x0, 0x23, 0x10, 0x0, 0x0, 0x0, 0x0, 0x5f,
    0xd2, 0x0, 0x25, 0x50, 0x0, 0x0, 0xdf, 0x50,
    0x0, 0x0, 0x0, 0x0, 0xaf, 0xf1, 0x0, 0x7f,
    0xe0, 0x13, 0x0, 0xdf, 0x50, 0x5, 0x10, 0x0,
    0x1, 0xff, 0x90, 0x0, 0x7f, 0xe0, 0xee, 0x0,
    0xdf, 0x50, 0x4f, 0xf0, 0x0, 0x8, 0xff, 0x20,
    0x0, 0x7f, 0xe0, 0x9f, 0x40, 0xdf, 0x50, 0x9f,
    0x80, 0x0, 0xe, 0xfa, 0x0, 0x0, 0x7f, 0xe0,
    0x4f, 0x90, 0xdf, 0x50, 0xef, 0x10, 0x0, 0x7f,
    0xf2, 0x2, 0x70, 0x7f, 0xe0, 0xf, 0xe0, 0xdf,
    0x56, 0xf9, 0x0, 0x1, 0xef, 0x80, 0xa, 0xfc,
    0x7f, 0xe0, 0xb, 0xc1, 0xdf, 0x58, 0xe1, 0x0,
    0x9, 0xfe, 0x0, 0x3f, 0xf7, 0x7f, 0xe0, 0x0,
    0x0, 0xdf, 0x50, 0x0, 0x0, 0x7f, 0xfb, 0x79,
    0xdf, 0xd0, 0x7f, 0xe6, 0xff, 0xff, 0xff, 0xff,
    0xff, 0xf8, 0xaf, 0xff, 0xff, 0xff, 0x30, 0x7f,
    0xe6, 0xff, 0xff, 0xff, 0xff, 0xff, 0xf8, 0x4f,
    0xc9, 0xaf, 0xf9, 0x0, 0x7f, 0xe1, 0x44, 0x4c,
    0xff, 0xe4, 0x44, 0x42, 0x0, 0x0, 0xcf, 0xd0,
    0x0, 0x7f, 0xe0, 0x0, 0x2f, 0xff, 0xfa, 0x0,
    0x0, 0x0, 0x8, 0xff, 0x30, 0x0, 0x7f, 0xe0,
    0x0, 0xaf, 0xff, 0xff, 0x80, 0x0, 0x0, 0x4f,
    0xf6, 0x0, 0x1, 0x7f, 0xe0, 0x2, 0xfd, 0xdf,
    0x7f, 0xf5, 0x0, 0x3, 0xff, 0xd7, 0xad, 0xf7,
    0x7f, 0xe0, 0xc, 0xf5, 0xdf, 0x56, 0xff, 0x30,
    0x5e, 0xff, 0xff, 0xff, 0xf6, 0x7f, 0xe0, 0x8f,
    0xd0, 0xdf, 0x50, 0xbf, 0xe1, 0x6f, 0xff, 0xfc,
    0x96, 0x20, 0x7f, 0xe4, 0xff, 0x50, 0xdf, 0x50,
    0x1f, 0xf4, 0x1c, 0x83, 0x0, 0x0, 0x0, 0x7f,
    0xe1, 0xfa, 0x0, 0xdf, 0x50, 0x6, 0x60, 0x0,
    0x0, 0x0, 0x0, 0x0, 0x7f, 0xe0, 0x60, 0x0,
    0xdf, 0x50, 0x0, 0x0, 0x0, 0x0, 0x0, 0x26,
    0xa8, 0x7f, 0xe0, 0x0, 0x0, 0xdf, 0x50, 0x0,
    0x0, 0x1, 0x48, 0xbf, 0xff, 0xfb, 0x7f, 0xe0,
    0x0, 0x0, 0xac, 0x40, 0x0, 0x0, 0x9f, 0xff,
    0xff, 0xfd, 0x94, 0x7f, 0xf4, 0x44, 0x44, 0x44,
    0x44, 0x44, 0x44, 0x6f, 0xfd, 0x95, 0x10, 0x0,
    0x7f, 0xff, 0xff, 0xff, 0xff, 0xff, 0xff, 0xfd,
    0x25, 0x10, 0x0, 0x0, 0x0, 0x6f, 0xff, 0xff,
    0xff, 0xff, 0xff, 0xff, 0xfc,

    /* U+7EED "续" */
    0x0, 0x0, 0x6, 0x10, 0x0, 0x0, 0x0, 0x0,
    0x9a, 0x70, 0x0, 0x0, 0x0, 0x0, 0x0, 0x2f,
    0xf4, 0x0, 0x0, 0x0, 0x0, 0xdf, 0xa0, 0x0,
    0x0, 0x0, 0x0, 0x0, 0x8f, 0xf1, 0x0, 0x0,
    0x11, 0x11, 0xdf, 0xb1, 0x11, 0x10, 0x0, 0x0,
    0x0, 0xef, 0x80, 0x0, 0xb, 0xff, 0xff, 0xff,
    0xff, 0xff, 0xfc, 0x0, 0x0, 0x6, 0xff, 0x10,
    0x0, 0xb, 0xff, 0xff, 0xff, 0xff, 0xff, 0xfc,
    0x0, 0x0, 0xd, 0xf9, 0x0, 0x0, 0x1, 0x11,
    0x11, 0xdf, 0xb1, 0x11, 0x11, 0x0, 0x0, 0x6f,
    0xf1, 0x6, 0x50, 0x0, 0x0, 0x0, 0xdf, 0xa0,
    0x0, 0x0, 0x0, 0x0, 0xef, 0x60, 0x1f, 0xf6,
    0xbe, 0xee, 0xee, 0xff, 0xfe, 0xee, 0xef, 0xc2,
    0x8, 0xfc, 0x0, 0x8f, 0xe0, 0xbf, 0xff, 0xff,
    0xff, 0xff, 0xff, 0xff, 0xf0, 0x5f, 0xfb, 0xab,
    0xff, 0x60, 0x34, 0x44, 0x44, 0x44, 0x44, 0x44,
    0xcf, 0xa0, 0xcf, 0xff, 0xff, 0xfc, 0x0, 0x0,
    0x19, 0x10, 0x18, 0x82, 0x0, 0xef, 0x50, 0x6f,
    0xec, 0xcf, 0xf3, 0x0, 0x0, 0x8f, 0xf5, 0x2f,
    0xf4, 0x3, 0xff, 0x0, 0x11, 0x0, 0xdf, 0x90,
    0x0, 0x1, 0x6, 0xff, 0x9f, 0xf4, 0x6, 0xe9,
    0x0, 0x0, 0x8, 0xfd, 0x0, 0x0, 0x6f, 0x90,
    0x3b, 0x3f, 0xf4, 0x0, 0x0, 0x0, 0x0, 0x4f,
    0xf3, 0x15, 0x80, 0x4d, 0xfd, 0x20, 0x2f, 0xf3,
    0x0, 0x0, 0x0, 0x2, 0xef, 0xed, 0xff, 0xe0,
    0x0, 0xaf, 0x90, 0x4f, 0xf1, 0x0, 0x0, 0x0,
    0x4e, 0xff, 0xff, 0xfe, 0x91, 0x44, 0x4a, 0x44,
    0x9f, 0xf5, 0x44, 0x44, 0x40, 0x7f, 0xff, 0xb7,
    0x20, 0x5, 0xff, 0xff, 0xff, 0xff, 0xff, 0xff,
    0xff, 0xf2, 0x2b, 0x50, 0x0, 0x0, 0x5, 0xff,
    0xff, 0xff, 0xff, 0xff, 0xff, 0xff, 0xf2, 0x0,
    0x0, 0x0, 0x17, 0xc0, 0x0, 0x0, 0xa, 0xff,
    0x21, 0x0, 0x0, 0x0, 0x0, 0x1, 0x6c, 0xff,
    0xf2, 0x0, 0x0, 0x5f, 0xfa, 0x3e, 0xb1, 0x0,
    0x0, 0x5, 0xbf, 0xff, 0xfd, 0x70, 0x0, 0x5,
    0xff, 0xe1, 0x5f, 0xfe, 0x40, 0x0, 0xaf, 0xff,
    0xfa, 0x30, 0x0, 0x0, 0x9f, 0xff, 0x30, 0x3,
    0xef, 0xf7, 0x0, 0x6f, 0xd6, 0x10, 0x0, 0x0,
    0x5d, 0xff, 0xe3, 0x0, 0x0, 0x1b, 0xff, 0x90,
    0x13, 0x0, 0x0, 0x0, 0x9, 0xff, 0xfb, 0x10,
    0x0, 0x0, 0x0, 0xaf, 0xf7, 0x0, 0x0, 0x0,
    0x0, 0x0, 0xdc, 0x40, 0x0, 0x0, 0x0, 0x0,
    0xa, 0xc1, 0x0, 0x0, 0x0, 0x0, 0x0, 0x10,
    0x0, 0x0, 0x0, 0x0, 0x0, 0x0, 0x0,

    /* U+7F51 "网" */
    0x8f, 0xff, 0xff, 0xff, 0xff, 0xff, 0xff, 0xff,
    0xff, 0xff, 0xff, 0xf9, 0x8f, 0xff, 0xff, 0xff,
    0xff, 0xff, 0xff, 0xff, 0xff, 0xff, 0xff, 0xf9,
    0x8f, 0xf8, 0x88, 0x88, 0x88, 0x88, 0x88, 0x88,
    0x88, 0x88, 0x8f, 0xf9, 0x8f, 0xf0, 0x0, 0x0,
    0x0, 0x0, 0x0, 0x0, 0x0, 0x0, 0xf, 0xf9,
    0x8f, 0xf0, 0x0, 0x0, 0xd, 0xb3, 0x0, 0x0,
    0x4c, 0xa0, 0xf, 0xf9, 0x8f, 0xf0, 0x0, 0x0,
    0x3f, 0xf2, 0x0, 0x0, 0x7f, 0xe0, 0xf, 0xf9,
    0x8f, 0xf1, 0xa7, 0x0, 0x7f, 0xf0, 0x96, 0x0,
    0xaf, 0xb0, 0xf, 0xf9, 0x8f, 0xf6, 0xff, 0x40,
    0xaf, 0xc6, 0xff, 0x30, 0xdf, 0x80, 0xf, 0xf9,
    0x8f, 0xf1, 0xaf, 0xf2, 0xdf, 0x90, 0xcf, 0xe2,
    0xff, 0x50, 0xf, 0xf9, 0x8f, 0xf0, 0xd, 0xfe,
    0xff, 0x50, 0x1e, 0xfe, 0xff, 0x10, 0xf, 0xf9,
    0x8f, 0xf0, 0x2, 0xef, 0xff, 0x10, 0x4, 0xff,
    0xfd, 0x0, 0xf, 0xf9, 0x8f, 0xf0, 0x0, 0x4f,
    0xfd, 0x0, 0x0, 0x7f, 0xfa, 0x0, 0xf, 0xf9,
    0x8f, 0xf0, 0x0, 0xe, 0xff, 0x40, 0x0, 0x3f,
    0xfe, 0x10, 0xf, 0xf9, 0x8f, 0xf0, 0x0, 0x6f,
    0xff, 0xe1, 0x0, 0xaf, 0xff, 0xa0, 0xf, 0xf9,
    0x8f, 0xf0, 0x0, 0xdf, 0xcf, 0xf9, 0x1, 0xff,
    0xdf, 0xf3, 0xf, 0xf9, 0x8f, 0xf0, 0x5, 0xff,
    0x37, 0xff, 0x28, 0xff, 0x1d, 0xfc, 0xf, 0xf9,
    0x8f, 0xf0, 0xd, 0xfc, 0x0, 0xd8, 0x2f, 0xf9,
    0x4, 0xff, 0x2f, 0xf9, 0x8f, 0xf1, 0xaf, 0xf4,
    0x0, 0x20, 0xdf, 0xf1, 0x0, 0xb4, 0xf, 0xf9,
    0x8f, 0xf8, 0xff, 0x90, 0x0, 0xa, 0xff, 0x70,
    0x0, 0x0, 0xf, 0xf9, 0x8f, 0xfa, 0xfd, 0x0,
    0x0, 0x3f, 0xfa, 0x0, 0x0, 0x0, 0xf, 0xf9,
    0x8f, 0xf0, 0x52, 0x0, 0x0, 0x2, 0xa0, 0x0,
    0x0, 0x0, 0xf, 0xf9, 0x8f, 0xf0, 0x0, 0x0,
    0x0, 0x0, 0x0, 0x0, 0x88, 0x88, 0xaf, 0xf8,
    0x8f, 0xf0, 0x0, 0x0, 0x0, 0x0, 0x0, 0x0,
    0x8f, 0xff, 0xff, 0xf3, 0x8f, 0xf0, 0x0, 0x0,
    0x0, 0x0, 0x0, 0x0, 0x2f, 0xff, 0xeb, 0x40,

    /* U+7F6E "置" */
    0x0, 0x5b, 0xbb, 0xbb, 0xbb, 0xbb, 0xbb, 0xbb,
    0xbb, 0xbb, 0xbb, 0xbb, 0x20, 0x0, 0x8f, 0xff,
    0xff, 0xff, 0xff, 0xff, 0xff, 0xff, 0xff, 0xff,
    0xff, 0x30, 0x0, 0x8f, 0xf1, 0x11, 0x4f, 0xf4,
    0x11, 0x1d, 0xf9, 0x11, 0x17, 0xff, 0x30, 0x0,
    0x8f, 0xf0, 0x0, 0x2f, 0xf3, 0x0, 0xc, 0xf8,
    0x0, 0x5, 0xff, 0x30, 0x0, 0x8f, 0xfb, 0xbb,
    0xcf, 0xfc, 0xbb, 0xbf, 0xfe, 0xbb, 0xbd, 0xff,
    0x30, 0x0, 0x8f, 0xff, 0xff, 0xff, 0xff, 0xff,
    0xff, 0xff, 0xff, 0xff, 0xff, 0x30, 0x0, 0x0,
    0x0, 0x0, 0x0, 0x6, 0xff, 0x50, 0x0, 0x0,
    0x0, 0x0, 0x0, 0x1, 0x11, 0x11, 0x11, 0x11,
    0x17, 0xff, 0x41, 0x11, 0x11, 0x11, 0x11, 0x10,
    0xc, 0xff, 0xff, 0xff, 0xff, 0xff, 0xff, 0xff,
    0xff, 0xff, 0xff, 0xff, 0xf0, 0xa, 0xdd, 0xdd,
    0xdd, 0xdd, 0xdf, 0xff, 0xdd, 0xdd, 0xdd, 0xdd,
    0xdd, 0xd0, 0x0, 0x0, 0x0, 0x0, 0x0, 0xe,
    0xf9, 0x0, 0x0, 0x0, 0x0, 0x0, 0x0, 0x0,
    0x0, 0x9f, 0xff, 0xff, 0xff, 0xff, 0xff, 0xff,
    0xff, 0xff, 0x0, 0x0, 0x0, 0x0, 0x9f, 0xfb,
    0xbb, 0xbb, 0xbb, 0xbb, 0xbb, 0xbe, 0xff, 0x0,
    0x0, 0x0, 0x0, 0x9f, 0xd0, 0x0, 0x0, 0x0,
    0x0, 0x0, 0x8, 0xff, 0x0, 0x0, 0x0, 0x0,
    0x9f, 0xff, 0xff, 0xff, 0xff, 0xff, 0xff, 0xff,
    0xff, 0x0, 0x0, 0x0, 0x0, 0x9f, 0xe7, 0x77,
    0x77, 0x77, 0x77, 0x77, 0x7c, 0xff, 0x0, 0x0,
    0x0, 0x0, 0x9f, 0xe2, 0x22, 0x22, 0x22, 0x22,
    0x22, 0x2a, 0xff, 0x0, 0x0, 0x0, 0x0, 0x9f,
    0xff, 0xff, 0xff, 0xff, 0xff, 0xff, 0xff, 0xff,
    0x0, 0x0, 0x0, 0x0, 0x9f, 0xe4, 0x44, 0x44,
    0x44, 0x44, 0x44, 0x4a, 0xff, 0x0, 0x0, 0x0,
    0x0, 0x9f, 0xe5, 0x55, 0x55, 0x55, 0x55, 0x55,
    0x5b, 0xff, 0x0, 0x0, 0x0, 0x0, 0x9f, 0xff,
    0xff, 0xff, 0xff, 0xff, 0xff, 0xff, 0xff, 0x0,
    0x0, 0x0, 0x0, 0x9f, 0xe1, 0x11, 0x11, 0x11,
    0x11, 0x11, 0x19, 0xff, 0x0, 0x0, 0xb, 0xbb,
    0xef, 0xfb, 0xbb, 0xbb, 0xbb, 0xbb, 0xbb, 0xbd,
    0xff, 0xbb, 0xb7, 0x1f, 0xff, 0xff, 0xff, 0xff,
    0xff, 0xff, 0xff, 0xff, 0xff, 0xff, 0xff, 0xfa,
    0x2, 0x22, 0x22, 0x22, 0x22, 0x22, 0x22, 0x22,
    0x22, 0x22, 0x22, 0x22, 0x21,

    /* U+8054 "联" */
    0x0, 0x0, 0x0, 0x0, 0x0, 0x0, 0x0, 0x0,
    0x0, 0x0, 0x0, 0x0, 0x0, 0x35, 0x55, 0x55,
    0x55, 0x55, 0x50, 0x18, 0xc0, 0x0, 0x0, 0x1e,
    0xa4, 0x0, 0x9f, 0xff, 0xff, 0xff, 0xff, 0xe0,
    0x4f, 0xf9, 0x0, 0x0, 0x8f, 0xf5, 0x0, 0x9f,
    0xff, 0xff, 0xff, 0xff, 0xe0, 0x9, 0xff, 0x30,
    0x0, 0xef, 0xc0, 0x0, 0x4, 0xff, 0x10, 0x6,
    0xfd, 0x0, 0x0, 0xef, 0xc0, 0x7, 0xff, 0x30,
    0x0, 0x3, 0xff, 0x0, 0x6, 0xfd, 0x0, 0x0,
    0x6f, 0x90, 0x1f, 0xfa, 0x0, 0x0, 0x3, 0xff,
    0x0, 0x6, 0xfd, 0x2, 0x99, 0xac, 0x99, 0xcf,
    0xfb, 0x99, 0x50, 0x3, 0xff, 0x54, 0x49, 0xfd,
    0x4, 0xff, 0xff, 0xff, 0xff, 0xff, 0xff, 0x90,
    0x3, 0xff, 0xff, 0xff, 0xfd, 0x3, 0xdd, 0xdd,
    0xef, 0xfd, 0xdd, 0xdd, 0x80, 0x3, 0xff, 0xdd,
    0xde, 0xfd, 0x0, 0x0, 0x0, 0x8f, 0xf1, 0x0,
    0x0, 0x0, 0x3, 0xff, 0x0, 0x6, 0xfd, 0x0,
    0x0, 0x0, 0x8f, 0xf1, 0x0, 0x0, 0x0, 0x3,
    0xff, 0x0, 0x6, 0xfd, 0x0, 0x0, 0x0, 0x8f,
    0xf1, 0x0, 0x0, 0x0, 0x3, 0xff, 0x0, 0x6,
    0xfd, 0x0, 0x0, 0x0, 0x9f, 0xf1, 0x0, 0x0,
    0x0, 0x3, 0xff, 0xff, 0xff, 0xfd, 0xd, 0xee,
    0xee, 0xff, 0xfe, 0xee, 0xee, 0xe7, 0x3, 0xff,
    0xff, 0xff, 0xfd, 0xe, 0xff, 0xff, 0xff, 0xff,
    0xff, 0xff, 0xf8, 0x3, 0xff, 0x43, 0x38, 0xfd,
    0x6, 0x66, 0x66, 0xef, 0xf7, 0x66, 0x66, 0x63,
    0x3, 0xff, 0x0, 0x6, 0xfd, 0x0, 0x0, 0x1,
    0xff, 0xf5, 0x0, 0x0, 0x0, 0x3, 0xff, 0x0,
    0x6, 0xfd, 0x0, 0x0, 0x5, 0xff, 0xfb, 0x0,
    0x0, 0x0, 0x3, 0xff, 0x0, 0x29, 0xff, 0xcd,
    0x0, 0xb, 0xff, 0xff, 0x30, 0x0, 0x0, 0x38,
    0xff, 0xef, 0xff, 0xff, 0xff, 0x0, 0x3f, 0xfb,
    0xdf, 0xd0, 0x0, 0x0, 0xbf, 0xff, 0xff, 0xff,
    0xfe, 0x74, 0x0, 0xcf, 0xf3, 0x5f, 0xf9, 0x0,
    0x0, 0x8f, 0xdb, 0x85, 0x26, 0xfd, 0x0, 0xa,
    0xff, 0x90, 0xb, 0xff, 0x80, 0x0, 0x10, 0x0,
    0x0, 0x6, 0xfd, 0x0, 0x8f, 0xfd, 0x0, 0x1,
    0xef, 0xf9, 0x0, 0x0, 0x0, 0x0, 0x6, 0xfd,
    0x1b, 0xff, 0xe2, 0x0, 0x0, 0x2e, 0xff, 0xe5,
    0x0, 0x0, 0x0, 0x6, 0xfd, 0xaf, 0xfe, 0x30,
    0x0, 0x0, 0x2, 0xdf, 0xf4, 0x0, 0x0, 0x0,
    0x6, 0xfd, 0xb, 0xc1, 0x0, 0x0, 0x0, 0x0,
    0x8, 0x70, 0x0, 0x0, 0x0, 0x0, 0x0, 0x0,
    0x0, 0x0, 0x0, 0x0, 0x0, 0x0, 0x0,

    /* U+81EA "自" */
    0x0, 0x0, 0x0, 0x0, 0x79, 0x72, 0x0, 0x0,
    0x0, 0x0, 0x0, 0x0, 0x0, 0x0, 0xdf, 0xf3,
    0x0, 0x0, 0x0, 0x0, 0x0, 0x0, 0x0, 0x1,
    0xff, 0xc0, 0x0, 0x0, 0x0, 0x0, 0x0, 0x0,
    0x0, 0x5, 0xff, 0x60, 0x0, 0x0, 0x0, 0x0,
    0x8f, 0xff, 0xff, 0xff, 0xff, 0xff, 0xff, 0xff,
    0xff, 0xfe, 0x8f, 0xff, 0xff, 0xff, 0xff, 0xff,
    0xff, 0xff, 0xff, 0xff, 0x8f, 0xf8, 0x88, 0x88,
    0x88, 0x88, 0x88, 0x88, 0x8e, 0xff, 0x8f, 0xf0,
    0x0, 0x0, 0x0, 0x0, 0x0, 0x0, 0xc, 0xff,
    0x8f, 0xf0, 0x0, 0x0, 0x0, 0x0, 0x0, 0x0,
    0xc, 0xff, 0x8f, 0xf0, 0x0, 0x0, 0x0, 0x0,
    0x0, 0x0, 0xc, 0xff, 0x8f, 0xf8, 0x77, 0x77,
    0x77, 0x77, 0x77, 0x77, 0x7e, 0xff, 0x8f, 0xff,
    0xff, 0xff, 0xff, 0xff, 0xff, 0xff, 0xff, 0xff,
    0x8f, 0xff, 0xee, 0xee, 0xee, 0xee, 0xee, 0xee,
    0xef, 0xff, 0x8f, 0xf0, 0x0, 0x0, 0x0, 0x0,
    0x0, 0x0, 0xc, 0xff, 0x8f, 0xf0, 0x0, 0x0,
    0x0, 0x0, 0x0, 0x0, 0xc, 0xff, 0x8f, 0xf0,
    0x0, 0x0, 0x0, 0x0, 0x0, 0x0, 0xc, 0xff,
    0x8f, 0xf8, 0x77, 0x77, 0x77, 0x77, 0x77, 0x77,
    0x7e, 0xff, 0x8f, 0xff, 0xff, 0xff, 0xff, 0xff,
    0xff, 0xff, 0xff, 0xff, 0x8f, 0xfe, 0xee, 0xee,
    0xee, 0xee, 0xee, 0xee, 0xef, 0xff, 0x8f, 0xf0,
    0x0, 0x0, 0x0, 0x0, 0x0, 0x0, 0xc, 0xff,
    0x8f, 0xf0, 0x0, 0x0, 0x0, 0x0, 0x0, 0x0,
    0xc, 0xff, 0x8f, 0xf0, 0x0, 0x0, 0x0, 0x0,
    0x0, 0x0, 0xc, 0xff, 0x8f, 0xf8, 0x77, 0x77,
    0x77, 0x77, 0x77, 0x77, 0x7e, 0xff, 0x8f, 0xff,
    0xff, 0xff, 0xff, 0xff, 0xff, 0xff, 0xff, 0xff,
    0x8f, 0xff, 0xff, 0xff, 0xff, 0xff, 0xff, 0xff,
    0xff, 0xff, 0x8f, 0xf0, 0x0, 0x0, 0x0, 0x0,
    0x0, 0x0, 0xb, 0xed,

    /* U+8702 "蜂" */
    0x0, 0x0, 0x0, 0x0, 0x0, 0x0, 0x0, 0x2,
    0x10, 0x0, 0x0, 0x0, 0x0, 0x0, 0x0, 0xc,
    0xf5, 0x0, 0x0, 0x0, 0x0, 0xcf, 0xa0, 0x0,
    0x0, 0x0, 0x0, 0x0, 0x0, 0xcf, 0x50, 0x0,
    0x0, 0x0, 0x5f, 0xf4, 0x0, 0x0, 0x0, 0x0,
    0x0, 0x0, 0xc, 0xf5, 0x0, 0x0, 0x0, 0x1e,
    0xff, 0xff, 0xff, 0xfe, 0x60, 0x0, 0x0, 0x0,
    0xcf, 0x50, 0x0, 0x0, 0xc, 0xff, 0xff, 0xff,
    0xff, 0xf4, 0x0, 0x0, 0x22, 0x2d, 0xf7, 0x22,
    0x20, 0xc, 0xff, 0xd0, 0x0, 0xc, 0xfc, 0x0,
    0x0, 0xf, 0xff, 0xff, 0xff, 0xff, 0x3d, 0xff,
    0xff, 0x90, 0x9, 0xff, 0x30, 0x0, 0x0, 0xff,
    0xff, 0xff, 0xff, 0xfd, 0xff, 0x63, 0xff, 0x98,
    0xff, 0x50, 0x0, 0x0, 0xf, 0xd0, 0x9f, 0x20,
    0xdf, 0x18, 0x40, 0x4, 0xff, 0xff, 0x60, 0x0,
    0x0, 0x0, 0xfd, 0x9, 0xf2, 0xd, 0xf1, 0x0,
    0x0, 0x7f, 0xff, 0xf9, 0x20, 0x0, 0x0, 0xf,
    0xd0, 0x9f, 0x20, 0xdf, 0x10, 0x28, 0xff, 0xfc,
    0xbf, 0xff, 0xb6, 0x10, 0x0, 0xfd, 0x9, 0xf2,
    0xd, 0xf9, 0xdf, 0xff, 0xd6, 0x55, 0x6d, 0xff,
    0xff, 0xd1, 0xf, 0xd0, 0x9f, 0x20, 0xdf, 0xef,
    0xfc, 0x60, 0x2f, 0xf3, 0x6, 0xbf, 0xf7, 0x0,
    0xfe, 0x2a, 0xf4, 0x2d, 0xf5, 0x86, 0x33, 0x36,
    0xff, 0x63, 0x33, 0x56, 0x0, 0xf, 0xff, 0xff,
    0xff, 0xff, 0x11, 0xff, 0xff, 0xff, 0xff, 0xff,
    0xff, 0x40, 0x0, 0xff, 0xff, 0xff, 0xff, 0xf1,
    0x1a, 0xaa, 0xab, 0xff, 0xba, 0xaa, 0xa3, 0x0,
    0xf, 0xd0, 0xcf, 0x50, 0x0, 0x0, 0x0, 0x0,
    0x2f, 0xf3, 0x0, 0x0, 0x0, 0x0, 0x54, 0xc,
    0xf5, 0x16, 0x50, 0x7, 0xdd, 0xdd, 0xff, 0xdd,
    0xdd, 0xa0, 0x0, 0x0, 0x0, 0xcf, 0x54, 0xfc,
    0x0, 0x9f, 0xff, 0xff, 0xff, 0xff, 0xfc, 0x0,
    0x0, 0x0, 0xc, 0xf5, 0xf, 0xf1, 0x0, 0x0,
    0x3, 0xff, 0x40, 0x0, 0x0, 0x0, 0x0, 0x0,
    0xcf, 0x50, 0xdf, 0x50, 0x0, 0x0, 0x3f, 0xf4,
    0x0, 0x0, 0x0, 0x0, 0x0, 0x2d, 0xfd, 0xef,
    0xf9, 0xff, 0xff, 0xff, 0xff, 0xff, 0xff, 0xff,
    0x70, 0x9d, 0xff, 0xff, 0xff, 0xff, 0xce, 0xee,
    0xee, 0xff, 0xff, 0xee, 0xee, 0xe7, 0xa, 0xff,
    0xfe, 0xb8, 0x55, 0xfe, 0x0, 0x0, 0x2, 0xff,
    0x30, 0x0, 0x0, 0x0, 0x47, 0x41, 0x0, 0x0,
    0xb, 0x70, 0x0, 0x0, 0x2f, 0xf3, 0x0, 0x0,
    0x0, 0x0, 0x0, 0x0, 0x0, 0x0, 0x0, 0x0,
    0x0, 0x2, 0xff, 0x30, 0x0, 0x0, 0x0,

    /* U+884C "行" */
    0x0, 0x0, 0x0, 0x6, 0x20, 0x0, 0x0, 0x0,
    0x0, 0x0, 0x0, 0x0, 0x0, 0x0, 0x0, 0x0,
    0x7, 0xff, 0x80, 0x0, 0x0, 0x0, 0x0, 0x0,
    0x0, 0x0, 0x0, 0x0, 0x0, 0x5, 0xff, 0xe1,
    0x0, 0xbf, 0xff, 0xff, 0xff, 0xff, 0xff, 0xfc,
    0x0, 0x0, 0x5, 0xff, 0xf3, 0x0, 0xb, 0xff,
    0xff, 0xff, 0xff, 0xff, 0xff, 0xd0, 0x0, 0x7,
    0xff, 0xf3, 0x0, 0x0, 0x68, 0x88, 0x88, 0x88,
    0x88, 0x88, 0x87, 0x0, 0x9, 0xff, 0xf3, 0x0,
    0x0, 0x0, 0x0, 0x0, 0x0, 0x0, 0x0, 0x0,
    0x0, 0xb, 0xff, 0xe3, 0x0, 0x52, 0x0, 0x0,
    0x0, 0x0, 0x0, 0x0, 0x0, 0x0, 0x0, 0x3f,
    0xc1, 0x0, 0x4f, 0xf9, 0x0, 0x0, 0x0, 0x0,
    0x0, 0x0, 0x0, 0x0, 0x0, 0x40, 0x0, 0x1e,
    0xff, 0x20, 0x0, 0x0, 0x0, 0x0, 0x0, 0x0,
    0x0, 0x0, 0x0, 0x0, 0xb, 0xff, 0x60, 0x33,
    0x33, 0x33, 0x33, 0x33, 0x33, 0x33, 0x32, 0x0,
    0x0, 0x9, 0xff, 0xb0, 0xe, 0xff, 0xff, 0xff,
    0xff, 0xff, 0xff, 0xff, 0x90, 0x0, 0x7, 0xff,
    0xf1, 0x0, 0xef, 0xff, 0xff, 0xff, 0xff, 0xff,
    0xff, 0xf9, 0x0, 0x8, 0xff, 0xfe, 0x0, 0x3,
    0x44, 0x44, 0x44, 0x44, 0xff, 0xb4, 0x44, 0x20,
    0x9, 0xff, 0xff, 0xe0, 0x0, 0x0, 0x0, 0x0,
    0x0, 0xf, 0xf9, 0x0, 0x0, 0xc, 0xff, 0xfe,
    0xfe, 0x0, 0x0, 0x0, 0x0, 0x0, 0x0, 0xff,
    0x90, 0x0, 0x0, 0x9f, 0xf4, 0xaf, 0xe0, 0x0,
    0x0, 0x0, 0x0, 0x0, 0xf, 0xf9, 0x0, 0x0,
    0x0, 0xa2, 0xa, 0xfe, 0x0, 0x0, 0x0, 0x0,
    0x0, 0x0, 0xff, 0x90, 0x0, 0x0, 0x0, 0x0,
    0xaf, 0xe0, 0x0, 0x0, 0x0, 0x0, 0x0, 0xf,
    0xf9, 0x0, 0x0, 0x0, 0x0, 0xa, 0xfe, 0x0,
    0x0, 0x0, 0x0, 0x0, 0x0, 0xff, 0x90, 0x0,
    0x0, 0x0, 0x0, 0xaf, 0xe0, 0x0, 0x0, 0x0,
    0x0, 0x0, 0xf, 0xf9, 0x0, 0x0, 0x0, 0x0,
    0xa, 0xfe, 0x0, 0x0, 0x0, 0x0, 0x0, 0x0,
    0xff, 0x90, 0x0, 0x0, 0x0, 0x0, 0xaf, 0xe0,
    0x0, 0x0, 0x0, 0x0, 0x0, 0xf, 0xf9, 0x0,
    0x0, 0x0, 0x0, 0xa, 0xfe, 0x0, 0x0, 0x0,
    0x0, 0x0, 0x1, 0xff, 0x90, 0x0, 0x0, 0x0,
    0x0, 0xaf, 0xe0, 0x0, 0x0, 0x0, 0x9b, 0xbb,
    0xcf, 0xf7, 0x0, 0x0, 0x0, 0x0, 0xa, 0xfe,
    0x0, 0x0, 0x0, 0x8, 0xff, 0xff, 0xff, 0x30,
    0x0, 0x0, 0x0, 0x0, 0xaf, 0xe0, 0x0, 0x0,
    0x0, 0x3d, 0xdd, 0xc9, 0x30, 0x0, 0x0,

    /* U+8981 "要" */
    0x4, 0x44, 0x44, 0x44, 0x44, 0x44, 0x44, 0x44,
    0x44, 0x44, 0x44, 0x44, 0x40, 0xc, 0xff, 0xff,
    0xff, 0xff, 0xff, 0xff, 0xff, 0xff, 0xff, 0xff,
    0xff, 0xf2, 0xc, 0xff, 0xff, 0xff, 0xff, 0xff,
    0xff, 0xff, 0xff, 0xff, 0xff, 0xff, 0xf2, 0x0,
    0x0, 0x0, 0x0, 0x5f, 0xf1, 0x0, 0xf, 0xf7,
    0x0, 0x0, 0x0, 0x0, 0x0, 0x0, 0x0, 0x0,
    0x6f, 0xf2, 0x0, 0xf, 0xf8, 0x0, 0x0, 0x0,
    0x0, 0x0, 0x7f, 0xff, 0xff, 0xff, 0xff, 0xff,
    0xff, 0xff, 0xff, 0xff, 0xff, 0x20, 0x0, 0x7f,
    0xff, 0xff, 0xff, 0xff, 0xff, 0xff, 0xff, 0xff,
    0xff, 0xff, 0x20, 0x0, 0x7f, 0xf0, 0x0, 0x6f,
    0xf1, 0x0, 0xf, 0xf7, 0x0, 0x7, 0xff, 0x20,
    0x0, 0x7f, 0xf0, 0x0, 0x5f, 0xf1, 0x0, 0xf,
    0xf7, 0x0, 0x6, 0xff, 0x20, 0x0, 0x7f, 0xf0,
    0x0, 0x5f, 0xf1, 0x0, 0xf, 0xf7, 0x0, 0x6,
    0xff, 0x20, 0x0, 0x7f, 0xfe, 0xee, 0xff, 0xff,
    0xee, 0xef, 0xff, 0xee, 0xef, 0xff, 0x20, 0x0,
    0x7f, 0xff, 0xff, 0xff, 0xff, 0xff, 0xff, 0xff,
    0xff, 0xff, 0xff, 0x20, 0x0, 0x12, 0x22, 0x22,
    0x28, 0xfe, 0x62, 0x22, 0x22, 0x22, 0x22, 0x22,
    0x0, 0x0, 0x0, 0x0, 0x0, 0xd, 0xff, 0x20,
    0x0, 0x0, 0x0, 0x0, 0x0, 0x0, 0x15, 0x55,
    0x55, 0x55, 0x8f, 0xfd, 0x55, 0x55, 0x55, 0x55,
    0x55, 0x55, 0x53, 0x3f, 0xff, 0xff, 0xff, 0xff,
    0xff, 0xff, 0xff, 0xff, 0xff, 0xff, 0xff, 0xfb,
    0x3e, 0xee, 0xee, 0xef, 0xff, 0xee, 0xee, 0xee,
    0xef, 0xff, 0xfe, 0xee, 0xea, 0x0, 0x0, 0x0,
    0x5f, 0xfb, 0x0, 0x0, 0x0, 0xd, 0xff, 0x10,
    0x0, 0x0, 0x0, 0x0, 0x2, 0xff, 0xe1, 0x0,
    0x0, 0x0, 0xbf, 0xf7, 0x0, 0x0, 0x0, 0x0,
    0x0, 0x1d, 0xff, 0xfd, 0xa6, 0x20, 0x1c, 0xff,
    0xb0, 0x0, 0x0, 0x0, 0x0, 0x0, 0x28, 0xcf,
    0xff, 0xff, 0xff, 0xef, 0xfb, 0x0, 0x0, 0x0,
    0x0, 0x0, 0x0, 0x0, 0x0, 0x37, 0xdf, 0xff,
    0xff, 0xfe, 0xa5, 0x10, 0x0, 0x0, 0x0, 0x0,
    0x13, 0x58, 0xcf, 0xff, 0xff, 0xce, 0xff, 0xff,
    0xfc, 0x72, 0x0, 0xa, 0xff, 0xff, 0xff, 0xff,
    0xfd, 0x71, 0x0, 0x38, 0xdf, 0xff, 0xff, 0x90,
    0x4, 0xff, 0xff, 0xeb, 0x85, 0x10, 0x0, 0x0,
    0x0, 0x2, 0x7d, 0xfc, 0x0, 0x0, 0x53, 0x20,
    0x0, 0x0, 0x0, 0x0, 0x0, 0x0, 0x0, 0x0,
    0x30, 0x0,

    /* U+8A00 "言" */
    0x0, 0x0, 0x0, 0x0, 0x0, 0x0, 0x31, 0x0,
    0x0, 0x0, 0x0, 0x0, 0x0, 0x0, 0x0, 0x0,
    0x0, 0x0, 0x2e, 0xfc, 0x0, 0x0, 0x0, 0x0,
    0x0, 0x0, 0x0, 0x0, 0x0, 0x0, 0x0, 0x9,
    0xff, 0x80, 0x0, 0x0, 0x0, 0x0, 0x0, 0x0,
    0x0, 0x0, 0x0, 0x0, 0x0, 0xef, 0xf2, 0x0,
    0x0, 0x0, 0x0, 0x0, 0x4, 0x44, 0x44, 0x44,
    0x44, 0x44, 0x9f, 0xfb, 0x44, 0x44, 0x44, 0x44,
    0x43, 0x3f, 0xff, 0xff, 0xff, 0xff, 0xff, 0xff,
    0xff, 0xff, 0xff, 0xff, 0xff, 0xfc, 0x3f, 0xff,
    0xff, 0xff, 0xff, 0xff, 0xff, 0xff, 0xff, 0xff,
    0xff, 0xff, 0xfb, 0x0, 0x0, 0x0, 0x0, 0x0,
    0x0, 0x0, 0x0, 0x0, 0x0, 0x0, 0x0, 0x0,
    0x0, 0x0, 0x2, 0x22, 0x22, 0x22, 0x22, 0x22,
    0x22, 0x22, 0x22, 0x0, 0x0, 0x0, 0x0, 0x4f,
    0xff, 0xff, 0xff, 0xff, 0xff, 0xff, 0xff, 0xfd,
    0x0, 0x0, 0x0, 0x0, 0x4f, 0xff, 0xff, 0xff,
    0xff, 0xff, 0xff, 0xff, 0xfc, 0x0, 0x0, 0x0,
    0x0, 0x0, 0x0, 0x0, 0x0, 0x0, 0x0, 0x0,
    0x0, 0x0, 0x0, 0x0, 0x0, 0x0, 0x0, 0x0,
    0x0, 0x0, 0x0, 0x0, 0x0, 0x0, 0x0, 0x0,
    0x0, 0x0, 0x0, 0x4f, 0xff, 0xff, 0xff, 0xff,
    0xff, 0xff, 0xff, 0xfd, 0x0, 0x0, 0x0, 0x0,
    0x4f, 0xff, 0xff, 0xff, 0xff, 0xff, 0xff, 0xff,
    0xfd, 0x0, 0x0, 0x0, 0x0, 0x0, 0x0, 0x0,
    0x0, 0x0, 0x0, 0x0, 0x0, 0x0, 0x0, 0x0,
    0x0, 0x0, 0x0, 0x0, 0x0, 0x0, 0x0, 0x0,
    0x0, 0x0, 0x0, 0x0, 0x0, 0x0, 0x0, 0x7d,
    0xdd, 0xdd, 0xdd, 0xdd, 0xdd, 0xdd, 0xdd, 0xdd,
    0x20, 0x0, 0x0, 0x0, 0x9f, 0xff, 0xff, 0xff,
    0xff, 0xff, 0xff, 0xff, 0xff, 0x20, 0x0, 0x0,
    0x0, 0x9f, 0xf5, 0x55, 0x55, 0x55, 0x55, 0x55,
    0x5b, 0xff, 0x20, 0x0, 0x0, 0x0, 0x9f, 0xf0,
    0x0, 0x0, 0x0, 0x0, 0x0, 0x8, 0xff, 0x20,
    0x0, 0x0, 0x0, 0x9f, 0xf0, 0x0, 0x0, 0x0,
    0x0, 0x0, 0x8, 0xff, 0x20, 0x0, 0x0, 0x0,
    0x9f, 0xf0, 0x0, 0x0, 0x0, 0x0, 0x0, 0x8,
    0xff, 0x20, 0x0, 0x0, 0x0, 0x9f, 0xff, 0xff,
    0xff, 0xff, 0xff, 0xff, 0xff, 0xff, 0x20, 0x0,
    0x0, 0x0, 0x9f, 0xff, 0xff, 0xff, 0xff, 0xff,
    0xff, 0xff, 0xff, 0x20, 0x0, 0x0, 0x0, 0x9f,
    0xf1, 0x11, 0x11, 0x11, 0x11, 0x11, 0x18, 0xee,
    0x20, 0x0,

    /* U+8B66 "警" */
    0x0, 0x0, 0x44, 0x0, 0x14, 0x40, 0x0, 0x0,
    0x22, 0x0, 0x0, 0x0, 0x0, 0x2, 0x24, 0xff,
    0x22, 0x6f, 0xe2, 0x22, 0x0, 0xcf, 0x70, 0x0,
    0x0, 0x0, 0x4f, 0xff, 0xff, 0xff, 0xff, 0xff,
    0xfe, 0x4, 0xff, 0x20, 0x0, 0x0, 0x0, 0x16,
    0x68, 0xff, 0x66, 0x9f, 0xf6, 0x66, 0xc, 0xff,
    0xff, 0xff, 0xff, 0xf7, 0x0, 0xc, 0xf7, 0x0,
    0x15, 0x40, 0x0, 0x8f, 0xfd, 0xbb, 0xbf, 0xfd,
    0xb5, 0x0, 0x9f, 0xff, 0xff, 0xff, 0xff, 0xb7,
    0xff, 0xfb, 0x0, 0x3f, 0xf2, 0x0, 0x8, 0xfe,
    0x54, 0x44, 0x44, 0xaf, 0xce, 0xf8, 0xcf, 0x91,
    0xdf, 0xa0, 0x0, 0x9f, 0xff, 0xff, 0xff, 0xd0,
    0x8f, 0xa1, 0x60, 0x1e, 0xfe, 0xfd, 0x10, 0x0,
    0x2d, 0xcf, 0x85, 0x5f, 0xe0, 0xaf, 0x80, 0x0,
    0x7, 0xff, 0xf5, 0x0, 0x0, 0x0, 0x8f, 0x63,
    0x3f, 0xe0, 0xcf, 0x60, 0x4, 0xbf, 0xff, 0xff,
    0xb4, 0x0, 0x0, 0x8f, 0xff, 0xff, 0xf9, 0xff,
    0x31, 0xef, 0xff, 0x72, 0xaf, 0xff, 0xf7, 0x0,
    0x6c, 0x41, 0x11, 0xbf, 0xfc, 0x67, 0x7e, 0x81,
    0x0, 0x4, 0xbf, 0xf2, 0x0, 0x0, 0x0, 0x0,
    0x12, 0x7, 0xff, 0x30, 0x0, 0x0, 0x0, 0x1,
    0x30, 0x9, 0xaa, 0xaa, 0xaa, 0xaa, 0xab, 0xff,
    0xda, 0xaa, 0xaa, 0xaa, 0xaa, 0xa0, 0xe, 0xff,
    0xff, 0xff, 0xff, 0xff, 0xff, 0xff, 0xff, 0xff,
    0xff, 0xff, 0xf0, 0x0, 0x0, 0x0, 0x0, 0x0,
    0x0, 0x0, 0x0, 0x0, 0x0, 0x0, 0x0, 0x0,
    0x0, 0x0, 0x8f, 0xff, 0xff, 0xff, 0xff, 0xff,
    0xff, 0xff, 0xfb, 0x0, 0x0, 0x0, 0x0, 0x37,
    0x77, 0x77, 0x77, 0x77, 0x77, 0x77, 0x77, 0x75,
    0x0, 0x0, 0x0, 0x0, 0x37, 0x77, 0x77, 0x77,
    0x77, 0x77, 0x77, 0x77, 0x75, 0x0, 0x0, 0x0,
    0x0, 0x8f, 0xff, 0xff, 0xff, 0xff, 0xff, 0xff,
    0xff, 0xfb, 0x0, 0x0, 0x0, 0x0, 0x12, 0x22,
    0x22, 0x22, 0x22, 0x22, 0x22, 0x22, 0x22, 0x0,
    0x0, 0x0, 0x0, 0xcf, 0xff, 0xff, 0xff, 0xff,
    0xff, 0xff, 0xff, 0xff, 0x10, 0x0, 0x0, 0x0,
    0xcf, 0xc4, 0x44, 0x44, 0x44, 0x44, 0x44, 0x4a,
    0xff, 0x10, 0x0, 0x0, 0x0, 0xcf, 0xb0, 0x0,
    0x0, 0x0, 0x0, 0x0, 0x8, 0xff, 0x10, 0x0,
    0x0, 0x0, 0xcf, 0xff, 0xff, 0xff, 0xff, 0xff,
    0xff, 0xff, 0xff, 0x10, 0x0, 0x0, 0x0, 0xcf,
    0xd5, 0x55, 0x55, 0x55, 0x55, 0x55, 0x5a, 0xff,
    0x10, 0x0,

    /* U+8BA4 "认" */
    0x0, 0x0, 0x0, 0x0, 0x0, 0x0, 0x0, 0x0,
    0x68, 0x60, 0x0, 0x0, 0x0, 0x0, 0x0, 0x3e,
    0x40, 0x0, 0x0, 0x0, 0x0, 0xd, 0xfc, 0x0,
    0x0, 0x0, 0x0, 0x0, 0xe, 0xff, 0x60, 0x0,
    0x0, 0x0, 0x0, 0xdf, 0xb0, 0x0, 0x0, 0x0,
    0x0, 0x0, 0x3e, 0xff, 0x80, 0x0, 0x0, 0x0,
    0xe, 0xfb, 0x0, 0x0, 0x0, 0x0, 0x0, 0x0,
    0x3e, 0xff, 0x80, 0x0, 0x0, 0x0, 0xef, 0xa0,
    0x0, 0x0, 0x0, 0x0, 0x0, 0x0, 0x2e, 0xf4,
    0x0, 0x0, 0x0, 0xe, 0xfa, 0x0, 0x0, 0x0,
    0x0, 0x0, 0x0, 0x0, 0x34, 0x0, 0x0, 0x0,
    0x0, 0xef, 0x90, 0x0, 0x0, 0x0, 0x0, 0x0,
    0x0, 0x0, 0x0, 0x0, 0x0, 0x0, 0xf, 0xf9,
    0x0, 0x0, 0x0, 0x0, 0x0, 0x0, 0x0, 0x0,
    0x0, 0x0, 0x0, 0x0, 0xff, 0x80, 0x0, 0x0,
    0x0, 0xa, 0xff, 0xff, 0xff, 0x40, 0x0, 0x0,
    0x0, 0x1f, 0xfa, 0x0, 0x0, 0x0, 0x0, 0xaf,
    0xff, 0xff, 0xf4, 0x0, 0x0, 0x0, 0x2, 0xff,
    0xc0, 0x0, 0x0, 0x0, 0x5, 0x88, 0x89, 0xff,
    0x40, 0x0, 0x0, 0x0, 0x4f, 0xff, 0x0, 0x0,
    0x0, 0x0, 0x0, 0x0, 0x2f, 0xf4, 0x0, 0x0,
    0x0, 0x7, 0xff, 0xf3, 0x0, 0x0, 0x0, 0x0,
    0x0, 0x2, 0xff, 0x40, 0x0, 0x0, 0x0, 0x9f,
    0xff, 0x70, 0x0, 0x0, 0x0, 0x0, 0x0, 0x2f,
    0xf4, 0x0, 0x0, 0x0, 0xd, 0xff, 0xfc, 0x0,
    0x0, 0x0, 0x0, 0x0, 0x2, 0xff, 0x40, 0x0,
    0x0, 0x1, 0xff, 0xff, 0xf0, 0x0, 0x0, 0x0,
    0x0, 0x0, 0x2f, 0xf4, 0x0, 0x0, 0x0, 0x5f,
    0xf6, 0xff, 0x60, 0x0, 0x0, 0x0, 0x0, 0x2,
    0xff, 0x40, 0x0, 0x0, 0xb, 0xff, 0xc, 0xfd,
    0x0, 0x0, 0x0, 0x0, 0x0, 0x2f, 0xf4, 0x5,
    0x60, 0x2, 0xff, 0xb0, 0x6f, 0xf4, 0x0, 0x0,
    0x0, 0x0, 0x2, 0xff, 0x6a, 0xfc, 0x0, 0xaf,
    0xf4, 0x0, 0xef, 0xd0, 0x0, 0x0, 0x0, 0x0,
    0x3f, 0xff, 0xff, 0xb0, 0x4f, 0xfc, 0x0, 0x7,
    0xff, 0x70, 0x0, 0x0, 0x0, 0x5, 0xff, 0xff,
    0x70, 0x1e, 0xff, 0x40, 0x0, 0xd, 0xff, 0x40,
    0x0, 0x0, 0x1, 0xdf, 0xfd, 0x30, 0xc, 0xff,
    0x90, 0x0, 0x0, 0x3f, 0xfe, 0x30, 0x0, 0x0,
    0x8f, 0xfa, 0x0, 0x1d, 0xff, 0xd0, 0x0, 0x0,
    0x0, 0x7f, 0xff, 0x50, 0x0, 0x0, 0xd7, 0x0,
    0x5, 0xff, 0xd1, 0x0, 0x0, 0x0, 0x0, 0x8f,
    0xfa, 0x0, 0x0, 0x0, 0x0, 0x0, 0x5, 0xc1,
    0x0, 0x0, 0x0, 0x0, 0x0, 0x7b, 0x0, 0x0,
    0x0, 0x0, 0x0, 0x0, 0x0, 0x0, 0x0, 0x0,
    0x0, 0x0, 0x0, 0x0, 0x0,

    /* U+8BB0 "记" */
    0x0, 0x7, 0x70, 0x0, 0x0, 0x0, 0x0, 0x0,
    0x0, 0x0, 0x0, 0x0, 0x0, 0x0, 0x7f, 0xf8,
    0x0, 0x0, 0x49, 0x99, 0x99, 0x99, 0x99, 0x99,
    0x99, 0x0, 0x0, 0x1d, 0xff, 0xa0, 0x0, 0x6f,
    0xff, 0xff, 0xff, 0xff, 0xff, 0xff, 0x0, 0x0,
    0x1, 0xcf, 0xfa, 0x0, 0x6f, 0xff, 0xff, 0xff,
    0xff, 0xff, 0xff, 0x0, 0x0, 0x0, 0x1d, 0xff,
    0x40, 0x0, 0x0, 0x0, 0x0, 0x0, 0xa, 0xff,
    0x0, 0x0, 0x0, 0x1, 0xe7, 0x0, 0x0, 0x0,
    0x0, 0x0, 0x0, 0xa, 0xff, 0x0, 0x0, 0x0,
    0x0, 0x10, 0x0, 0x0, 0x0, 0x0, 0x0, 0x0,
    0xa, 0xff, 0x0, 0x0, 0x0, 0x0, 0x0, 0x0,
    0x0, 0x0, 0x0, 0x0, 0x0, 0xa, 0xff, 0x0,
    0x9d, 0xdd, 0xdd, 0xd1, 0x0, 0x0, 0x0, 0x0,
    0x0, 0x0, 0xa, 0xff, 0x0, 0xbf, 0xff, 0xff,
    0xf1, 0x0, 0x0, 0x0, 0x0, 0x0, 0x0, 0xa,
    0xff, 0x0, 0x8a, 0xaa, 0xdf, 0xf1, 0x0, 0x7,
    0x88, 0x88, 0x88, 0x88, 0x8d, 0xff, 0x0, 0x0,
    0x0, 0x8f, 0xf1, 0x0, 0xe, 0xff, 0xff, 0xff,
    0xff, 0xff, 0xff, 0x0, 0x0, 0x0, 0x8f, 0xf1,
    0x0, 0xe, 0xff, 0xff, 0xff, 0xff, 0xff, 0xff,
    0x0, 0x0, 0x0, 0x8f, 0xf1, 0x0, 0xe, 0xfb,
    0x0, 0x0, 0x0, 0xa, 0xff, 0x0, 0x0, 0x0,
    0x8f, 0xf1, 0x0, 0xe, 0xfb, 0x0, 0x0, 0x0,
    0x3, 0x44, 0x0, 0x0, 0x0, 0x8f, 0xf1, 0x0,
    0xe, 0xfb, 0x0, 0x0, 0x0, 0x0, 0x0, 0x0,
    0x0, 0x0, 0x8f, 0xf1, 0x0, 0xe, 0xfb, 0x0,
    0x0, 0x0, 0x0, 0x0, 0x0, 0x0, 0x0, 0x8f,
    0xf1, 0x0, 0xe, 0xfb, 0x0, 0x0, 0x0, 0x0,
    0x0, 0x0, 0x0, 0x0, 0x8f, 0xf1, 0x29, 0xe,
    0xfb, 0x0, 0x0, 0x0, 0x0, 0xa, 0x82, 0x0,
    0x0, 0x8f, 0xf8, 0xff, 0x2e, 0xfb, 0x0, 0x0,
    0x0, 0x0, 0xc, 0xfc, 0x0, 0x0, 0x9f, 0xff,
    0xfe, 0x3e, 0xfb, 0x0, 0x0, 0x0, 0x0, 0xe,
    0xfa, 0x0, 0x0, 0xdf, 0xff, 0xc1, 0xe, 0xfc,
    0x0, 0x0, 0x0, 0x0, 0x2f, 0xf7, 0x0, 0x6,
    0xff, 0xf8, 0x0, 0xc, 0xff, 0xa8, 0x77, 0x77,
    0x78, 0xdf, 0xf3, 0x0, 0x7, 0xfe, 0x40, 0x0,
    0x6, 0xff, 0xff, 0xff, 0xff, 0xff, 0xff, 0xc0,
    0x0, 0x0, 0x92, 0x0, 0x0, 0x0, 0x6d, 0xef,
    0xff, 0xff, 0xff, 0xd9, 0x0,

    /* U+8BBE "设" */
    0x0, 0x8, 0x80, 0x0, 0x0, 0x0, 0x37, 0x77,
    0x77, 0x77, 0x76, 0x0, 0x0, 0x0, 0x7, 0xff,
    0xa0, 0x0, 0x0, 0x7, 0xff, 0xff, 0xff, 0xff,
    0xe0, 0x0, 0x0, 0x0, 0xb, 0xff, 0xb0, 0x0,
    0x0, 0x7f, 0xff, 0xff, 0xff, 0xfe, 0x0, 0x0,
    0x0, 0x0, 0xa, 0xff, 0xb0, 0x0, 0x7, 0xfe,
    0x0, 0x0, 0x8f, 0xe0, 0x0, 0x0, 0x0, 0x0,
    0xa, 0xfd, 0x10, 0x0, 0x9f, 0xd0, 0x0, 0x8,
    0xfe, 0x0, 0x0, 0x0, 0x0, 0x0, 0xa, 0x10,
    0x0, 0xd, 0xfb, 0x0, 0x0, 0x8f, 0xe0, 0x0,
    0x0, 0x0, 0x0, 0x0, 0x0, 0x0, 0x4, 0xff,
    0x60, 0x0, 0x8, 0xfe, 0x0, 0x0, 0x0, 0x0,
    0x0, 0x0, 0x0, 0x2, 0xef, 0xf1, 0x0, 0x0,
    0x7f, 0xf4, 0x34, 0x20, 0xaf, 0xff, 0xff, 0x60,
    0x6, 0xef, 0xf5, 0x0, 0x0, 0x4, 0xff, 0xff,
    0xf8, 0xb, 0xff, 0xff, 0xf6, 0x4, 0xff, 0xf8,
    0x0, 0x0, 0x0, 0x8, 0xdf, 0xfe, 0x80, 0x68,
    0x89, 0xff, 0x60, 0x6, 0xe5, 0x0, 0x0, 0x0,
    0x0, 0x0, 0x0, 0x0, 0x0, 0x0, 0x1f, 0xf6,
    0x0, 0x15, 0x55, 0x55, 0x55, 0x55, 0x55, 0x55,
    0x10, 0x0, 0x0, 0x1, 0xff, 0x60, 0x3, 0xff,
    0xff, 0xff, 0xff, 0xff, 0xff, 0xff, 0x30, 0x0,
    0x0, 0x1f, 0xf6, 0x0, 0x3f, 0xff, 0xff, 0xff,
    0xff, 0xff, 0xff, 0xe0, 0x0, 0x0, 0x1, 0xff,
    0x60, 0x0, 0x2f, 0xf7, 0x11, 0x11, 0x11, 0x4f,
    0xf8, 0x0, 0x0, 0x0, 0x1f, 0xf6, 0x0, 0x0,
    0x9f, 0xf1, 0x0, 0x0, 0xc, 0xff, 0x10, 0x0,
    0x0, 0x1, 0xff, 0x60, 0x0, 0x1, 0xff, 0xb0,
    0x0, 0x7, 0xff, 0x70, 0x0, 0x0, 0x0, 0x1f,
    0xf6, 0x2, 0x30, 0x7, 0xff, 0xa0, 0x5, 0xff,
    0xc0, 0x0, 0x0, 0x0, 0x1, 0xff, 0x64, 0xea,
    0x0, 0xa, 0xff, 0xa6, 0xff, 0xe1, 0x0, 0x0,
    0x0, 0x0, 0x1f, 0xfd, 0xff, 0xe0, 0x0, 0xb,
    0xff, 0xff, 0xe3, 0x0, 0x0, 0x0, 0x0, 0x3,
    0xff, 0xff, 0xd2, 0x0, 0x0, 0x6f, 0xff, 0xfa,
    0x0, 0x0, 0x0, 0x0, 0x0, 0x9f, 0xff, 0xa0,
    0x0, 0x6, 0xdf, 0xff, 0xff, 0xfe, 0x81, 0x0,
    0x0, 0x0, 0x4f, 0xff, 0x60, 0x16, 0xbf, 0xff,
    0xfd, 0x54, 0xdf, 0xff, 0xfb, 0x72, 0x0, 0x0,
    0xce, 0x40, 0x6, 0xff, 0xff, 0xd5, 0x0, 0x0,
    0x6e, 0xff, 0xff, 0xa0, 0x0, 0x3, 0x20, 0x0,
    0xd, 0xe8, 0x30, 0x0, 0x0, 0x0, 0x4, 0xaf,
    0xe0, 0x0, 0x0, 0x0, 0x0, 0x0, 0x10, 0x0,
    0x0, 0x0, 0x0, 0x0, 0x0, 0x2, 0x0,

    /* U+8BD5 "试" */
    0x0, 0x0, 0x0, 0x0, 0x0, 0x0, 0x0, 0x0,
    0x1, 0x55, 0x10, 0x0, 0x0, 0x0, 0x0, 0xa7,
    0x0, 0x0, 0x0, 0x0, 0x0, 0x0, 0x4f, 0xf5,
    0x7f, 0x40, 0x0, 0x0, 0x8f, 0xf9, 0x0, 0x0,
    0x0, 0x0, 0x0, 0x3, 0xff, 0x59, 0xff, 0x20,
    0x0, 0x0, 0xbf, 0xfa, 0x0, 0x0, 0x0, 0x0,
    0x0, 0x3f, 0xf6, 0xc, 0xfd, 0x0, 0x0, 0x0,
    0xbf, 0xfa, 0x0, 0x0, 0x0, 0x0, 0x2, 0xff,
    0x60, 0x2f, 0xf5, 0x0, 0x0, 0x0, 0xbf, 0x90,
    0x0, 0x0, 0x0, 0x0, 0x2f, 0xf6, 0x0, 0x65,
    0x0, 0x0, 0x0, 0x1, 0x70, 0x1f, 0xff, 0xff,
    0xff, 0xff, 0xff, 0xff, 0xff, 0xfe, 0x0, 0x0,
    0x0, 0x0, 0x1, 0xff, 0xff, 0xff, 0xff, 0xff,
    0xff, 0xff, 0xff, 0xe0, 0x0, 0x0, 0x0, 0x0,
    0x8, 0x88, 0x88, 0x88, 0x89, 0xff, 0xc8, 0x88,
    0x88, 0x7, 0xee, 0xee, 0xe8, 0x0, 0x0, 0x0,
    0x0, 0x0, 0xf, 0xf9, 0x0, 0x0, 0x0, 0x7f,
    0xff, 0xff, 0x80, 0x0, 0x0, 0x0, 0x0, 0x0,
    0xff, 0xa0, 0x0, 0x0, 0x3, 0x66, 0x6f, 0xf8,
    0x0, 0x0, 0x0, 0x0, 0x0, 0xe, 0xfb, 0x0,
    0x0, 0x0, 0x0, 0x0, 0xef, 0x80, 0x3, 0xff,
    0xff, 0xff, 0xf2, 0xdf, 0xc0, 0x0, 0x0, 0x0,
    0x0, 0xe, 0xf8, 0x0, 0x3f, 0xff, 0xff, 0xff,
    0x2b, 0xfe, 0x0, 0x0, 0x0, 0x0, 0x0, 0xef,
    0x80, 0x1, 0x77, 0xcf, 0xe7, 0x71, 0xaf, 0xf0,
    0x0, 0x0, 0x0, 0x0, 0xe, 0xf8, 0x0, 0x0,
    0x9, 0xfc, 0x0, 0x8, 0xff, 0x10, 0x0, 0x0,
    0x0, 0x0, 0xef, 0x80, 0x0, 0x0, 0x9f, 0xc0,
    0x0, 0x6f, 0xf3, 0x0, 0x0, 0x0, 0x0, 0xe,
    0xf8, 0x0, 0x0, 0x9, 0xfc, 0x0, 0x4, 0xff,
    0x50, 0x0, 0x0, 0x0, 0x0, 0xef, 0x80, 0x0,
    0x0, 0x9f, 0xc0, 0x0, 0x2f, 0xf8, 0x0, 0x30,
    0x0, 0x0, 0xe, 0xf8, 0x6, 0x90, 0x9, 0xfc,
    0x0, 0x40, 0xef, 0xb0, 0xf, 0x80, 0x0, 0x0,
    0xef, 0xbc, 0xff, 0x0, 0x9f, 0xeb, 0xff, 0xb,
    0xff, 0x0, 0xff, 0x10, 0x0, 0x1f, 0xff, 0xff,
    0xd7, 0xae, 0xff, 0xff, 0xf2, 0x7f, 0xf5, 0x3f,
    0xe0, 0x0, 0x8, 0xff, 0xfe, 0x58, 0xff, 0xff,
    0xfc, 0x72, 0x2, 0xff, 0xeb, 0xfb, 0x0, 0x1,
    0xff, 0xfb, 0x10, 0x4f, 0xea, 0x51, 0x0, 0x0,
    0xb, 0xff, 0xff, 0x60, 0x0, 0x8, 0xf5, 0x0,
    0x0, 0x30, 0x0, 0x0, 0x0, 0x0, 0x2f, 0xff,
    0xf1, 0x0, 0x0, 0x12, 0x0, 0x0, 0x0, 0x0,
    0x0, 0x0, 0x0, 0x0, 0x4d, 0xe4, 0x0, 0x0,
    0x0, 0x0, 0x0, 0x0, 0x0, 0x0, 0x0, 0x0,
    0x0, 0x0, 0x0, 0x0, 0x0,

    /* U+8BF7 "请" */
    0x0, 0x0, 0x0, 0x0, 0x0, 0x0, 0x0, 0x0,
    0x44, 0x20, 0x0, 0x0, 0x0, 0x0, 0x8, 0x0,
    0x0, 0x0, 0x0, 0x0, 0x0, 0xff, 0x90, 0x0,
    0x0, 0x0, 0x0, 0xcf, 0xd1, 0x0, 0x0, 0x33,
    0x33, 0x33, 0xff, 0xb3, 0x33, 0x33, 0x30, 0x0,
    0x7f, 0xfe, 0x20, 0x3, 0xff, 0xff, 0xff, 0xff,
    0xff, 0xff, 0xff, 0xf1, 0x0, 0x6, 0xff, 0xe2,
    0x2, 0xbb, 0xbb, 0xbb, 0xff, 0xeb, 0xbb, 0xbb,
    0xb0, 0x0, 0x0, 0x5f, 0xf7, 0x0, 0x0, 0x0,
    0x0, 0xff, 0x90, 0x0, 0x0, 0x0, 0x0, 0x0,
    0x6, 0x80, 0x0, 0x8f, 0xff, 0xff, 0xff, 0xff,
    0xff, 0xff, 0x30, 0x0, 0x0, 0x0, 0x0, 0x0,
    0x6c, 0xcc, 0xcc, 0xff, 0xec, 0xcc, 0xcc, 0x20,
    0x0, 0x0, 0x0, 0x0, 0x0, 0x0, 0x0, 0x0,
    0xff, 0x90, 0x0, 0x0, 0x0, 0xbf, 0xff, 0xff,
    0x80, 0xa, 0xaa, 0xaa, 0xaa, 0xff, 0xda, 0xaa,
    0xaa, 0xa9, 0xcf, 0xff, 0xff, 0x80, 0x1f, 0xff,
    0xff, 0xff, 0xff, 0xff, 0xff, 0xff, 0xfe, 0x68,
    0x88, 0xff, 0x80, 0x4, 0x44, 0x44, 0x44, 0x44,
    0x44, 0x44, 0x44, 0x43, 0x0, 0x0, 0xef, 0x80,
    0x0, 0x0, 0x0, 0x0, 0x0, 0x0, 0x0, 0x0,
    0x0, 0x0, 0x0, 0xef, 0x80, 0x0, 0x1f, 0xff,
    0xff, 0xff, 0xff, 0xff, 0xfd, 0x0, 0x0, 0x0,
    0xef, 0x80, 0x0, 0x1f, 0xfe, 0xee, 0xee, 0xee,
    0xef, 0xfd, 0x0, 0x0, 0x0, 0xef, 0x80, 0x0,
    0x1f, 0xf4, 0x0, 0x0, 0x0, 0xa, 0xfd, 0x0,
    0x0, 0x0, 0xef, 0x80, 0x0, 0x1f, 0xfc, 0xbb,
    0xbb, 0xbb, 0xbe, 0xfd, 0x0, 0x0, 0x0, 0xef,
    0x80, 0x0, 0x1f, 0xff, 0xff, 0xff, 0xff, 0xff,
    0xfd, 0x0, 0x0, 0x0, 0xef, 0x80, 0x13, 0x1f,
    0xf5, 0x0, 0x0, 0x0, 0xa, 0xfd, 0x0, 0x0,
    0x0, 0xef, 0x83, 0xda, 0x1f, 0xf4, 0x0, 0x0,
    0x0, 0xa, 0xfd, 0x0, 0x0, 0x0, 0xef, 0xdf,
    0xff, 0x2f, 0xfd, 0xcc, 0xcc, 0xcc, 0xce, 0xfd,
    0x0, 0x0, 0x1, 0xff, 0xff, 0xe4, 0x1f, 0xff,
    0xff, 0xff, 0xff, 0xff, 0xfd, 0x0, 0x0, 0x7,
    0xff, 0xfb, 0x10, 0x1f, 0xf5, 0x0, 0x0, 0x0,
    0xa, 0xfd, 0x0, 0x0, 0x1f, 0xff, 0x70, 0x0,
    0x1f, 0xf4, 0x0, 0x0, 0x43, 0x3c, 0xfc, 0x0,
    0x0, 0x9, 0xe4, 0x0, 0x0, 0x1f, 0xf4, 0x0,
    0x0, 0xdf, 0xff, 0xf9, 0x0, 0x0, 0x1, 0x20,
    0x0, 0x0, 0x1f, 0xf4, 0x0, 0x0, 0x8e, 0xec,
    0x90, 0x0,

    /* U+8C03 "调" */
    0x0, 0x2b, 0x20, 0x0, 0x0, 0x44, 0x44, 0x44,
    0x44, 0x44, 0x44, 0x44, 0x40, 0xe, 0xfe, 0x30,
    0x0, 0x2f, 0xff, 0xff, 0xff, 0xff, 0xff, 0xff,
    0xfe, 0x0, 0x4f, 0xff, 0x30, 0x2, 0xff, 0xff,
    0xff, 0xff, 0xff, 0xff, 0xff, 0xe0, 0x0, 0x4f,
    0xff, 0x20, 0x2f, 0xf1, 0x0, 0x5, 0x50, 0x0,
    0x5, 0xfe, 0x0, 0x0, 0x5f, 0xf9, 0x2, 0xff,
    0x10, 0x0, 0xff, 0x10, 0x0, 0x5f, 0xe0, 0x0,
    0x0, 0x7b, 0x0, 0x2f, 0xf1, 0x0, 0x1f, 0xf2,
    0x0, 0x5, 0xfe, 0x0, 0x0, 0x0, 0x0, 0x2,
    0xff, 0x1b, 0xff, 0xff, 0xff, 0xf0, 0x5f, 0xe0,
    0x0, 0x0, 0x0, 0x0, 0x2f, 0xf1, 0x9d, 0xdf,
    0xfd, 0xdd, 0x5, 0xfe, 0x8b, 0xbb, 0xbb, 0x50,
    0x2, 0xff, 0x10, 0x0, 0xff, 0x10, 0x0, 0x5f,
    0xeb, 0xff, 0xff, 0xf6, 0x0, 0x2f, 0xf1, 0x0,
    0xf, 0xf1, 0x0, 0x5, 0xfe, 0x79, 0x9a, 0xff,
    0x60, 0x2, 0xff, 0x4e, 0xee, 0xff, 0xee, 0xea,
    0x5f, 0xe0, 0x0, 0x1f, 0xf6, 0x0, 0x2f, 0xf5,
    0xff, 0xff, 0xff, 0xff, 0xb5, 0xfe, 0x0, 0x1,
    0xff, 0x60, 0x3, 0xff, 0x10, 0x0, 0x0, 0x0,
    0x0, 0x5f, 0xe0, 0x0, 0x1f, 0xf6, 0x0, 0x3f,
    0xf0, 0x0, 0x0, 0x0, 0x0, 0x5, 0xfe, 0x0,
    0x1, 0xff, 0x60, 0x4, 0xff, 0xd, 0xff, 0xff,
    0xff, 0xc0, 0x5f, 0xe0, 0x0, 0x1f, 0xf6, 0x0,
    0x5f, 0xe0, 0xdf, 0xfe, 0xef, 0xfd, 0x5, 0xfe,
    0x0, 0x1, 0xff, 0x60, 0x7, 0xfc, 0xd, 0xf1,
    0x0, 0x3f, 0xd0, 0x5f, 0xe0, 0x0, 0x1f, 0xf6,
    0x0, 0xaf, 0xa0, 0xdf, 0x10, 0x3, 0xfd, 0x5,
    0xfe, 0x0, 0x1, 0xff, 0x77, 0x9c, 0xf8, 0xd,
    0xf2, 0x0, 0x3f, 0xd0, 0x5f, 0xe0, 0x0, 0x1f,
    0xfe, 0xff, 0xff, 0x40, 0xdf, 0xff, 0xff, 0xfd,
    0x5, 0xfe, 0x0, 0x4, 0xff, 0xff, 0xef, 0xf0,
    0xd, 0xfd, 0xdd, 0xdd, 0xb0, 0x5f, 0xe0, 0x0,
    0xbf, 0xff, 0x7c, 0xfb, 0x0, 0xce, 0x10, 0x0,
    0x0, 0x5, 0xfe, 0x0, 0x7f, 0xfe, 0x35, 0xff,
    0x50, 0x0, 0x0, 0x0, 0x5, 0x54, 0xaf, 0xd0,
    0x1, 0xdc, 0x10, 0xcf, 0xc0, 0x0, 0x0, 0x0,
    0x0, 0xaf, 0xff, 0xfa, 0x0, 0x1, 0x0, 0x0,
    0xa4, 0x0, 0x0, 0x0, 0x0, 0x5, 0xff, 0xe9,
    0x10, 0x0, 0x0, 0x0, 0x0, 0x0, 0x0, 0x0,
    0x0, 0x0, 0x0, 0x0, 0x0,

    /* U+8D25 "败" */
    0x0, 0x0, 0x0, 0x0, 0x0, 0x0, 0x0, 0x0,
    0x10, 0x0, 0x0, 0x0, 0x0, 0x0, 0x2, 0x22,
    0x22, 0x22, 0x22, 0x20, 0x0, 0xb, 0xf9, 0x0,
    0x0, 0x0, 0x0, 0x4, 0xff, 0xff, 0xff, 0xff,
    0xff, 0x0, 0x0, 0xff, 0x80, 0x0, 0x0, 0x0,
    0x0, 0x4f, 0xff, 0xff, 0xff, 0xff, 0xf0, 0x0,
    0x4f, 0xf4, 0x0, 0x0, 0x0, 0x0, 0x4, 0xfd,
    0x33, 0x33, 0x36, 0xff, 0x0, 0x9, 0xff, 0x0,
    0x0, 0x0, 0x0, 0x0, 0x4f, 0xc0, 0x0, 0x0,
    0x3f, 0xf0, 0x0, 0xdf, 0xd5, 0x55, 0x55, 0x55,
    0x40, 0x4, 0xfc, 0x4, 0xee, 0x3, 0xff, 0x0,
    0x2f, 0xff, 0xff, 0xff, 0xff, 0xfa, 0x0, 0x4f,
    0xc0, 0x4f, 0xf0, 0x3f, 0xf0, 0x7, 0xff, 0xff,
    0xff, 0xff, 0xff, 0xa0, 0x4, 0xfc, 0x4, 0xff,
    0x3, 0xff, 0x0, 0xef, 0xa0, 0x0, 0x6, 0xfc,
    0x0, 0x0, 0x4f, 0xc0, 0x4f, 0xf0, 0x3f, 0xf0,
    0x5f, 0xf4, 0x0, 0x0, 0x8f, 0xa0, 0x0, 0x4,
    0xfc, 0x4, 0xff, 0x3, 0xff, 0xe, 0xff, 0x30,
    0x0, 0xb, 0xf7, 0x0, 0x0, 0x4f, 0xc0, 0x4f,
    0xf0, 0x3f, 0xf8, 0xff, 0xf8, 0x0, 0x0, 0xef,
    0x50, 0x0, 0x4, 0xfc, 0x4, 0xff, 0x3, 0xff,
    0x7f, 0xff, 0xd0, 0x0, 0x1f, 0xf1, 0x0, 0x0,
    0x4f, 0xc0, 0x5f, 0xf0, 0x3f, 0xf0, 0xb4, 0xff,
    0x30, 0x5, 0xfd, 0x0, 0x0, 0x4, 0xfc, 0x5,
    0xfe, 0x3, 0xff, 0x0, 0xb, 0xf9, 0x0, 0xaf,
    0x90, 0x0, 0x0, 0x4f, 0xc0, 0x6f, 0xd0, 0x3f,
    0xf0, 0x0, 0x5f, 0xf2, 0xf, 0xf4, 0x0, 0x0,
    0x4, 0xfc, 0x8, 0xfc, 0x3, 0xff, 0x0, 0x0,
    0xef, 0xa6, 0xfe, 0x0, 0x0, 0x0, 0x4f, 0xc0,
    0xbf, 0x90, 0x3f, 0xf0, 0x0, 0x5, 0xff, 0xef,
    0x90, 0x0, 0x0, 0x3, 0xca, 0xe, 0xf5, 0x2,
    0xaa, 0x0, 0x0, 0xc, 0xff, 0xf1, 0x0, 0x0,
    0x0, 0x0, 0x3, 0xff, 0x13, 0x30, 0x0, 0x0,
    0x0, 0x4f, 0xfc, 0x0, 0x0, 0x0, 0x0, 0x0,
    0xaf, 0xc5, 0xfe, 0x10, 0x0, 0x0, 0xc, 0xff,
    0xf8, 0x0, 0x0, 0x0, 0x0, 0x4f, 0xf5, 0xd,
    0xfb, 0x0, 0x0, 0xa, 0xff, 0xef, 0xf7, 0x0,
    0x0, 0x0, 0x2e, 0xfb, 0x0, 0x3f, 0xf6, 0x0,
    0xa, 0xff, 0x81, 0xdf, 0xf8, 0x0, 0x0, 0x4e,
    0xfe, 0x10, 0x0, 0x9f, 0xf2, 0x4e, 0xff, 0x90,
    0x1, 0xdf, 0xfd, 0x30, 0x5f, 0xfe, 0x20, 0x0,
    0x0, 0xee, 0x5f, 0xff, 0x80, 0x0, 0x1, 0xcf,
    0xfd, 0x0, 0xac, 0x10, 0x0, 0x0, 0x3, 0x10,
    0x4e, 0x40, 0x0, 0x0, 0x0, 0x7e, 0x10, 0x0,
    0x0, 0x0, 0x0, 0x0, 0x0, 0x0, 0x0, 0x0,
    0x0, 0x0, 0x0, 0x0, 0x0,

    /* U+8D76 "赶" */
    0x0, 0x0, 0x0, 0x38, 0x80, 0x0, 0x0, 0x0,
    0x0, 0x0, 0x0, 0x0, 0x0, 0x0, 0x0, 0x0,
    0x0, 0x7f, 0xf0, 0x0, 0x0, 0x0, 0x0, 0x0,
    0x0, 0x0, 0x0, 0x0, 0x0, 0x0, 0x0, 0x7f,
    0xf0, 0x0, 0x0, 0x1f, 0xff, 0xff, 0xff, 0xff,
    0xfc, 0x0, 0x0, 0x45, 0x55, 0xaf, 0xf5, 0x55,
    0x52, 0x1f, 0xff, 0xff, 0xff, 0xff, 0xfc, 0x0,
    0x0, 0xdf, 0xff, 0xff, 0xff, 0xff, 0xf6, 0x7,
    0x77, 0x7f, 0xfc, 0x77, 0x75, 0x0, 0x0, 0xcf,
    0xff, 0xff, 0xff, 0xff, 0xf6, 0x0, 0x0, 0xe,
    0xfa, 0x0, 0x0, 0x0, 0x0, 0x0, 0x0, 0x7f,
    0xf0, 0x0, 0x0, 0x0, 0x0, 0xe, 0xfa, 0x0,
    0x0, 0x0, 0x0, 0x0, 0x0, 0x7f, 0xf0, 0x0,
    0x0, 0x0, 0x0, 0xe, 0xfa, 0x0, 0x0, 0x0,
    0x0, 0x11, 0x11, 0x8f, 0xf1, 0x11, 0x11, 0x0,
    0x0, 0xe, 0xfa, 0x0, 0x0, 0x0, 0x9, 0xff,
    0xff, 0xff, 0xff, 0xff, 0xff, 0x10, 0x0, 0xe,
    0xfa, 0x0, 0x0, 0x0, 0x9, 0xff, 0xff, 0xff,
    0xff, 0xff, 0xff, 0xcf, 0xff, 0xff, 0xff, 0xff,
    0xff, 0x70, 0x1, 0x22, 0x22, 0x2f, 0xf8, 0x22,
    0x22, 0xcf, 0xff, 0xff, 0xff, 0xff, 0xff, 0x70,
    0x0, 0x0, 0x0, 0xf, 0xf6, 0x0, 0x0, 0x57,
    0x77, 0x7f, 0xfc, 0x77, 0x77, 0x30, 0x0, 0x5d,
    0xc0, 0xf, 0xf6, 0x0, 0x0, 0x0, 0x0, 0xe,
    0xfa, 0x0, 0x0, 0x0, 0x0, 0x6f, 0xf0, 0xf,
    0xf7, 0x11, 0x10, 0x0, 0x0, 0xe, 0xfa, 0x0,
    0x0, 0x0, 0x0, 0x7f, 0xf0, 0xf, 0xff, 0xff,
    0xfb, 0x0, 0x0, 0xe, 0xfa, 0x0, 0x0, 0x0,
    0x0, 0x7f, 0xe0, 0xf, 0xff, 0xff, 0xfb, 0x0,
    0x0, 0xe, 0xfa, 0x0, 0x0, 0x0, 0x0, 0x9f,
    0xf1, 0xf, 0xf8, 0x33, 0x32, 0x0, 0x0, 0xe,
    0xfa, 0x0, 0x0, 0x0, 0x0, 0xaf, 0xf7, 0xf,
    0xf6, 0x0, 0x0, 0x0, 0x0, 0xe, 0xfa, 0x0,
    0x0, 0x0, 0x0, 0xbf, 0xfe, 0x1f, 0xf6, 0x0,
    0x0, 0x0, 0x0, 0xe, 0xfa, 0x0, 0x0, 0x0,
    0x0, 0xef, 0xff, 0xbf, 0xf6, 0x0, 0x0, 0x0,
    0x0, 0xe, 0xfa, 0x0, 0x0, 0x0, 0x1, 0xff,
    0xaf, 0xff, 0xf6, 0x0, 0x0, 0x0, 0x0, 0xd,
    0xe9, 0x0, 0x0, 0x0, 0x4, 0xff, 0x27, 0xff,
    0xfc, 0x74, 0x21, 0x0, 0x0, 0x0, 0x0, 0x0,
    0x0, 0x0, 0x9, 0xfe, 0x0, 0x7f, 0xff, 0xff,
    0xff, 0xff, 0xff, 0xff, 0xff, 0xff, 0xff, 0xb0,
    0xe, 0xfa, 0x0, 0x1, 0x9d, 0xff, 0xff, 0xff,
    0xff, 0xff, 0xff, 0xff, 0xff, 0x50, 0x1b, 0xf4,
    0x0, 0x0, 0x0, 0x14, 0x66, 0x78, 0x88, 0x88,
    0x88, 0x88, 0x88, 0x0, 0x0, 0x30, 0x0, 0x0,
    0x0, 0x0, 0x0, 0x0, 0x0, 0x0, 0x0, 0x0,
    0x0, 0x0,

    /* U+8DCC "跌" */
    0x0, 0x0, 0x0, 0x0, 0x0, 0x0, 0x0, 0x0,
    0x1, 0x33, 0x0, 0x0, 0x0, 0x0, 0x3, 0x44,
    0x44, 0x44, 0x42, 0x0, 0x21, 0x0, 0x5f, 0xf3,
    0x0, 0x0, 0x0, 0x0, 0xdf, 0xff, 0xff, 0xff,
    0x90, 0xc, 0xfb, 0x5, 0xff, 0x30, 0x0, 0x0,
    0x0, 0xd, 0xff, 0xff, 0xff, 0xf9, 0x0, 0xff,
    0x90, 0x5f, 0xf3, 0x0, 0x0, 0x0, 0x0, 0xdf,
    0x50, 0x0, 0xaf, 0x90, 0x2f, 0xf6, 0x5, 0xff,
    0x30, 0x0, 0x0, 0x0, 0xd, 0xf5, 0x0, 0xa,
    0xf9, 0x5, 0xff, 0xba, 0xcf, 0xfb, 0xaa, 0xaa,
    0x90, 0x0, 0xdf, 0x50, 0x0, 0xaf, 0x90, 0x9f,
    0xff, 0xff, 0xff, 0xff, 0xff, 0xff, 0x0, 0xd,
    0xf5, 0x0, 0xa, 0xf9, 0xe, 0xfd, 0x99, 0xcf,
    0xfb, 0x99, 0x99, 0x90, 0x0, 0xdf, 0xff, 0xff,
    0xff, 0x94, 0xff, 0x50, 0x5, 0xff, 0x30, 0x0,
    0x0, 0x0, 0xd, 0xff, 0xff, 0xff, 0xf9, 0xbf,
    0xf0, 0x0, 0x6f, 0xf3, 0x0, 0x0, 0x0, 0x0,
    0x34, 0x45, 0xff, 0x54, 0x27, 0xf8, 0x0, 0x6,
    0xff, 0x30, 0x0, 0x0, 0x0, 0x0, 0x0, 0x2f,
    0xf1, 0x0, 0x2, 0x10, 0x0, 0x6f, 0xf2, 0x0,
    0x0, 0x0, 0x0, 0x33, 0x2, 0xff, 0x10, 0x3,
    0x33, 0x33, 0x39, 0xff, 0x53, 0x33, 0x33, 0x0,
    0xe, 0xf3, 0x2f, 0xf3, 0x10, 0xcf, 0xff, 0xff,
    0xff, 0xff, 0xff, 0xff, 0xf1, 0x0, 0xef, 0x32,
    0xff, 0xff, 0xac, 0xff, 0xff, 0xff, 0xff, 0xff,
    0xff, 0xff, 0x10, 0xe, 0xf3, 0x2f, 0xff, 0xfa,
    0x34, 0x44, 0x44, 0xff, 0xfa, 0x44, 0x44, 0x40,
    0x0, 0xef, 0x32, 0xff, 0x42, 0x20, 0x0, 0x0,
    0x2f, 0xff, 0xc0, 0x0, 0x0, 0x0, 0xe, 0xf3,
    0x2f, 0xf1, 0x0, 0x0, 0x0, 0x7, 0xff, 0xff,
    0x20, 0x0, 0x0, 0x0, 0xef, 0x32, 0xff, 0x10,
    0x0, 0x0, 0x0, 0xef, 0xee, 0xfa, 0x0, 0x0,
    0x0, 0xe, 0xf3, 0x2f, 0xf1, 0x0, 0x0, 0x0,
    0x8f, 0xf6, 0x7f, 0xf3, 0x0, 0x0, 0x0, 0xef,
    0x32, 0xff, 0x9c, 0xd0, 0x0, 0x3f, 0xfe, 0x0,
    0xef, 0xc0, 0x0, 0x0, 0xe, 0xf9, 0xcf, 0xff,
    0xff, 0x0, 0x2e, 0xff, 0x40, 0x6, 0xff, 0xa0,
    0x0, 0x1b, 0xff, 0xff, 0xff, 0xd8, 0x30, 0x3e,
    0xff, 0x80, 0x0, 0xb, 0xff, 0x90, 0x0, 0xff,
    0xff, 0xb6, 0x10, 0x0, 0x7f, 0xff, 0x80, 0x0,
    0x0, 0x1c, 0xff, 0xd3, 0x9, 0x94, 0x0, 0x0,
    0x0, 0x9f, 0xff, 0x70, 0x0, 0x0, 0x0, 0x1c,
    0xff, 0x40, 0x0, 0x0, 0x0, 0x0, 0x0, 0xbd,
    0x30, 0x0, 0x0, 0x0, 0x0, 0x8, 0xa0, 0x0,
    0x0, 0x0, 0x0, 0x0, 0x1, 0x0, 0x0, 0x0,
    0x0, 0x0, 0x0, 0x0, 0x0,

    /* U+8F83 "较" */
    0x0, 0x0, 0x2, 0x0, 0x0, 0x0, 0x0, 0x0,
    0x0, 0x40, 0x0, 0x0, 0x0, 0x0, 0x0, 0x0,
    0xff, 0x70, 0x0, 0x0, 0x0, 0x1, 0xdf, 0x90,
    0x0, 0x0, 0x0, 0x0, 0x0, 0x3f, 0xf5, 0x0,
    0x0, 0x0, 0x0, 0xb, 0xff, 0x30, 0x0, 0x0,
    0x0, 0x11, 0x17, 0xff, 0x41, 0x11, 0x0, 0x0,
    0x0, 0x2f, 0xfa, 0x0, 0x0, 0x0, 0xd, 0xff,
    0xff, 0xff, 0xff, 0xf0, 0x56, 0x66, 0x66, 0xde,
    0x76, 0x66, 0x66, 0x0, 0xdf, 0xff, 0xff, 0xff,
    0xff, 0xc, 0xff, 0xff, 0xff, 0xff, 0xff, 0xff,
    0xf1, 0x4, 0x56, 0xff, 0x85, 0x55, 0x50, 0xcf,
    0xff, 0xff, 0xff, 0xff, 0xff, 0xff, 0x10, 0x0,
    0x5f, 0xf0, 0x0, 0x0, 0x0, 0x0, 0x77, 0x20,
    0x0, 0x18, 0x10, 0x0, 0x0, 0xa, 0xfa, 0x6f,
    0xe0, 0x0, 0x0, 0x2f, 0xf7, 0x0, 0xc, 0xfb,
    0x0, 0x0, 0x0, 0xff, 0x56, 0xfe, 0x0, 0x0,
    0xb, 0xfe, 0x0, 0x0, 0x3f, 0xf8, 0x0, 0x0,
    0x5f, 0xe0, 0x6f, 0xe0, 0x0, 0x5, 0xff, 0x50,
    0x0, 0x0, 0x8f, 0xf4, 0x0, 0xd, 0xf8, 0x6,
    0xfe, 0x0, 0x3, 0xff, 0xa0, 0x0, 0x0, 0x0,
    0xdf, 0xd0, 0x8, 0xff, 0xff, 0xff, 0xff, 0xf2,
    0xdf, 0xf7, 0x70, 0x0, 0x8, 0x65, 0xff, 0x80,
    0x5f, 0xff, 0xff, 0xff, 0xff, 0x26, 0xfb, 0xff,
    0x10, 0x1, 0xff, 0x7a, 0xd3, 0x0, 0x97, 0x66,
    0xaf, 0xf6, 0x60, 0x4, 0xf, 0xf7, 0x0, 0x6f,
    0xf2, 0x10, 0x0, 0x0, 0x0, 0x6, 0xfe, 0x0,
    0x0, 0x0, 0x9f, 0xe0, 0xc, 0xfc, 0x0, 0x0,
    0x0, 0x0, 0x0, 0x6f, 0xe0, 0x0, 0x0, 0x2,
    0xff, 0x85, 0xff, 0x60, 0x0, 0x0, 0x0, 0x0,
    0x6, 0xff, 0x35, 0x60, 0x0, 0xa, 0xff, 0xdf,
    0xd0, 0x0, 0x0, 0x2, 0x46, 0x8b, 0xef, 0xff,
    0xfd, 0x0, 0x0, 0x1f, 0xff, 0xf4, 0x0, 0x0,
    0x0, 0xff, 0xff, 0xff, 0xff, 0xff, 0xb0, 0x0,
    0x0, 0x9f, 0xfd, 0x0, 0x0, 0x0, 0xc, 0xff,
    0xfc, 0xcf, 0xf2, 0x0, 0x0, 0x0, 0x5f, 0xff,
    0xfa, 0x0, 0x0, 0x0, 0x44, 0x10, 0x6, 0xfe,
    0x0, 0x0, 0x0, 0x6f, 0xff, 0xdf, 0xfb, 0x0,
    0x0, 0x0, 0x0, 0x0, 0x6f, 0xe0, 0x0, 0x0,
    0x8f, 0xfe, 0x31, 0xdf, 0xfd, 0x50, 0x0, 0x0,
    0x0, 0x6, 0xfe, 0x0, 0x5, 0xef, 0xfd, 0x20,
    0x1, 0xcf, 0xff, 0xc3, 0x0, 0x0, 0x0, 0x6f,
    0xe0, 0x4, 0xff, 0xfa, 0x10, 0x0, 0x0, 0x8f,
    0xfe, 0x20, 0x0, 0x0, 0x6, 0xfe, 0x0, 0x9,
    0xd3, 0x0, 0x0, 0x0, 0x0, 0x2b, 0x40, 0x0,
    0x0, 0x0, 0x0, 0x0, 0x0, 0x0, 0x0, 0x0,
    0x0, 0x0, 0x0, 0x0, 0x0,

    /* U+8FD0 "运" */
    0x0, 0x10, 0x0, 0x0, 0x0, 0x0, 0x0, 0x0,
    0x0, 0x0, 0x0, 0x0, 0x0, 0x0, 0x3e, 0xa1,
    0x0, 0x0, 0x3f, 0xff, 0xff, 0xff, 0xff, 0xff,
    0xff, 0xc0, 0x0, 0xb, 0xff, 0xe4, 0x0, 0x3,
    0xff, 0xff, 0xff, 0xff, 0xff, 0xff, 0xfd, 0x0,
    0x0, 0x9, 0xff, 0xf8, 0x0, 0x17, 0x77, 0x77,
    0x77, 0x77, 0x77, 0x77, 0x60, 0x0, 0x0, 0x5,
    0xff, 0xf5, 0x0, 0x0, 0x0, 0x0, 0x0, 0x0,
    0x0, 0x0, 0x0, 0x0, 0x0, 0x2, 0xd7, 0x0,
    0x0, 0x0, 0x0, 0x0, 0x0, 0x0, 0x0, 0x0,
    0x0, 0x0, 0x0, 0x0, 0x0, 0x0, 0x0, 0x0,
    0x0, 0x0, 0x0, 0x0, 0x0, 0x0, 0x0, 0x0,
    0x0, 0x0, 0xa, 0xaa, 0xaa, 0xaa, 0xaa, 0xaa,
    0xaa, 0xaa, 0xaa, 0x80, 0x0, 0x0, 0x0, 0x1,
    0xff, 0xff, 0xff, 0xff, 0xff, 0xff, 0xff, 0xff,
    0xfb, 0xb, 0xff, 0xff, 0xf7, 0xb, 0xbb, 0xbb,
    0xff, 0xfc, 0xbb, 0xbb, 0xbb, 0xbb, 0x80, 0xbf,
    0xff, 0xff, 0x70, 0x0, 0x0, 0x2f, 0xfe, 0x0,
    0x0, 0x10, 0x0, 0x0, 0x5, 0x77, 0x8f, 0xf7,
    0x0, 0x0, 0x9, 0xff, 0x70, 0x5, 0xdc, 0x0,
    0x0, 0x0, 0x0, 0x1, 0xff, 0x70, 0x0, 0x1,
    0xff, 0xe0, 0x0, 0x5f, 0xf6, 0x0, 0x0, 0x0,
    0x0, 0x1f, 0xf7, 0x0, 0x0, 0x8f, 0xf6, 0x0,
    0x0, 0xcf, 0xf1, 0x0, 0x0, 0x0, 0x1, 0xff,
    0x70, 0x0, 0x2f, 0xfc, 0x0, 0x0, 0x3, 0xff,
    0xa0, 0x0, 0x0, 0x0, 0x1f, 0xf7, 0x0, 0xb,
    0xff, 0x30, 0x0, 0x0, 0xa, 0xff, 0x40, 0x0,
    0x0, 0x1, 0xff, 0x70, 0x8, 0xff, 0xd8, 0x9a,
    0xcd, 0xef, 0xff, 0xfd, 0x0, 0x0, 0x0, 0x1f,
    0xf7, 0x1, 0xff, 0xff, 0xff, 0xff, 0xff, 0xff,
    0xff, 0xf6, 0x0, 0x0, 0x1, 0xff, 0x70, 0xa,
    0xff, 0xff, 0xec, 0xa9, 0x86, 0x53, 0xef, 0xe0,
    0x0, 0x0, 0x1f, 0xf8, 0x0, 0x36, 0x31, 0x0,
    0x0, 0x0, 0x0, 0x7, 0xe6, 0x0, 0x0, 0x3d,
    0xff, 0xf8, 0x0, 0x0, 0x0, 0x0, 0x0, 0x0,
    0x0, 0x0, 0x0, 0x0, 0x6f, 0xff, 0xff, 0xfd,
    0x60, 0x0, 0x0, 0x0, 0x0, 0x0, 0x0, 0x0,
    0x10, 0x6f, 0xff, 0x60, 0x6f, 0xff, 0xfc, 0xa9,
    0x87, 0x77, 0x89, 0x9b, 0xcd, 0xfe, 0x8, 0xff,
    0x60, 0x0, 0x1a, 0xff, 0xff, 0xff, 0xff, 0xff,
    0xff, 0xff, 0xff, 0xa0, 0xc, 0x90, 0x0, 0x0,
    0x2, 0x7b, 0xdf, 0xff, 0xff, 0xff, 0xff, 0xed,
    0xd5, 0x0, 0x10, 0x0, 0x0, 0x0, 0x0, 0x0,
    0x0, 0x0, 0x0, 0x0, 0x0, 0x0, 0x0,

    /* U+8FD9 "这" */
    0x0, 0x0, 0x0, 0x0, 0x0, 0x0, 0x0, 0x38,
    0x10, 0x0, 0x0, 0x0, 0x0, 0x0, 0x20, 0x0,
    0x0, 0x0, 0x0, 0x4, 0xff, 0xa0, 0x0, 0x0,
    0x0, 0x0, 0x7, 0xf9, 0x0, 0x0, 0x0, 0x0,
    0x0, 0xcf, 0xf3, 0x0, 0x0, 0x0, 0x0, 0xc,
    0xff, 0xa0, 0x0, 0x0, 0x0, 0x0, 0x4f, 0xfa,
    0x0, 0x0, 0x0, 0x0, 0x1, 0xdf, 0xfa, 0x3,
    0x44, 0x44, 0x44, 0x5f, 0xfc, 0x44, 0x44, 0x44,
    0x42, 0x0, 0x1d, 0xff, 0x7a, 0xff, 0xff, 0xff,
    0xff, 0xff, 0xff, 0xff, 0xff, 0xf6, 0x0, 0x2,
    0xfc, 0x2a, 0xff, 0xff, 0xff, 0xff, 0xff, 0xff,
    0xff, 0xff, 0xf6, 0x0, 0x0, 0x30, 0x1, 0x11,
    0x11, 0x11, 0x11, 0x11, 0x1e, 0xfd, 0x11, 0x10,
    0x0, 0x0, 0x0, 0x0, 0x4, 0x50, 0x0, 0x0,
    0x0, 0x4f, 0xf6, 0x0, 0x0, 0x0, 0x0, 0x0,
    0x0, 0x6f, 0xfa, 0x0, 0x0, 0x0, 0xbf, 0xf1,
    0x0, 0x0, 0x1, 0x11, 0x11, 0x0, 0x2c, 0xff,
    0xd3, 0x0, 0x3, 0xff, 0xa0, 0x0, 0x0, 0x7f,
    0xff, 0xff, 0x60, 0x0, 0x7f, 0xff, 0x70, 0xc,
    0xff, 0x20, 0x0, 0x0, 0x7f, 0xff, 0xff, 0x60,
    0x0, 0x3, 0xef, 0xfc, 0x8f, 0xf8, 0x0, 0x0,
    0x0, 0x24, 0x45, 0xff, 0x60, 0x0, 0x0, 0x1b,
    0xff, 0xff, 0xe0, 0x0, 0x0, 0x0, 0x0, 0x1,
    0xff, 0x60, 0x0, 0x0, 0x0, 0x9f, 0xff, 0xa0,
    0x0, 0x0, 0x0, 0x0, 0x1, 0xff, 0x60, 0x0,
    0x0, 0x5, 0xff, 0xff, 0xfb, 0x10, 0x0, 0x0,
    0x0, 0x1, 0xff, 0x60, 0x0, 0x0, 0x8f, 0xff,
    0x8d, 0xff, 0xe3, 0x0, 0x0, 0x0, 0x1, 0xff,
    0x60, 0x0, 0x5c, 0xff, 0xf4, 0x0, 0xbf, 0xff,
    0x50, 0x0, 0x0, 0x1, 0xff, 0x60, 0x6d, 0xff,
    0xfd, 0x20, 0x0, 0x8, 0xff, 0xf7, 0x0, 0x0,
    0x1, 0xff, 0x66, 0xff, 0xff, 0x81, 0x0, 0x0,
    0x0, 0x6f, 0xff, 0x40, 0x0, 0x2, 0xff, 0x70,
    0xbf, 0x81, 0x0, 0x0, 0x0, 0x0, 0x5, 0xf6,
    0x0, 0x0, 0x6e, 0xff, 0xfa, 0x31, 0x0, 0x0,
    0x0, 0x0, 0x0, 0x0, 0x10, 0x0, 0xb, 0xff,
    0xff, 0xff, 0xfa, 0x63, 0x10, 0x0, 0x0, 0x0,
    0x12, 0x34, 0x56, 0xbf, 0xff, 0x50, 0x6e, 0xff,
    0xff, 0xff, 0xff, 0xff, 0xff, 0xff, 0xff, 0xfa,
    0x3f, 0xf4, 0x0, 0x1, 0x7c, 0xff, 0xff, 0xff,
    0xff, 0xff, 0xff, 0xff, 0xf5, 0x8, 0x50, 0x0,
    0x0, 0x0, 0x26, 0x89, 0xaa, 0xaa, 0xa9, 0x98,
    0x87, 0x61, 0x0, 0x0, 0x0, 0x0, 0x0, 0x0,
    0x0, 0x0, 0x0, 0x0, 0x0, 0x0, 0x0,

    /* U+8FDE "连" */
    0x0, 0x0, 0x20, 0x0, 0x0, 0x0, 0x0, 0x76,
    0x20, 0x0, 0x0, 0x0, 0x0, 0x0, 0x0, 0x3d,
    0xe2, 0x0, 0x0, 0x0, 0x0, 0xff, 0xe0, 0x0,
    0x0, 0x0, 0x0, 0x0, 0x0, 0x3f, 0xfd, 0x10,
    0x0, 0x0, 0x4, 0xff, 0x90, 0x0, 0x0, 0x0,
    0x0, 0x0, 0x0, 0x6, 0xff, 0xb0, 0xc, 0xee,
    0xef, 0xff, 0xee, 0xee, 0xee, 0xee, 0xec, 0x0,
    0x0, 0x0, 0xaf, 0xf7, 0xd, 0xff, 0xff, 0xff,
    0xff, 0xff, 0xff, 0xff, 0xfd, 0x0, 0x0, 0x0,
    0x1e, 0xff, 0x14, 0x55, 0xaf, 0xf8, 0x55, 0x55,
    0x55, 0x55, 0x55, 0x0, 0x0, 0x0, 0x5, 0xe4,
    0x0, 0x0, 0xdf, 0xe0, 0x0, 0x0, 0x0, 0x0,
    0x0, 0x0, 0x0, 0x0, 0x0, 0x10, 0x0, 0x4,
    0xff, 0x70, 0xb, 0xfe, 0x0, 0x0, 0x0, 0x0,
    0x0, 0x0, 0x0, 0x0, 0x0, 0xb, 0xff, 0x0,
    0xb, 0xfe, 0x0, 0x0, 0x0, 0x0, 0x0, 0x0,
    0x0, 0x0, 0x0, 0x5f, 0xf8, 0x0, 0xb, 0xfe,
    0x0, 0x0, 0x0, 0x0, 0xa, 0xff, 0xff, 0xf3,
    0x2, 0xff, 0xfe, 0xdd, 0xdf, 0xff, 0xdd, 0xdd,
    0xd0, 0x0, 0xa, 0xff, 0xff, 0xf3, 0x0, 0xef,
    0xff, 0xff, 0xff, 0xff, 0xff, 0xff, 0xf0, 0x0,
    0x3, 0x55, 0x8f, 0xf3, 0x0, 0x7a, 0x98, 0x88,
    0x8e, 0xff, 0x88, 0x88, 0x80, 0x0, 0x0, 0x0,
    0x3f, 0xf3, 0x0, 0x0, 0x0, 0x0, 0xb, 0xfe,
    0x0, 0x0, 0x0, 0x0, 0x0, 0x0, 0x3f, 0xf3,
    0x0, 0x0, 0x0, 0x0, 0xb, 0xfe, 0x0, 0x0,
    0x0, 0x0, 0x0, 0x0, 0x3f, 0xf3, 0x4, 0x44,
    0x44, 0x44, 0x4d, 0xff, 0x44, 0x44, 0x44, 0x10,
    0x0, 0x0, 0x3f, 0xf3, 0x1f, 0xff, 0xff, 0xff,
    0xff, 0xff, 0xff, 0xff, 0xff, 0x40, 0x0, 0x0,
    0x3f, 0xf3, 0x1f, 0xff, 0xff, 0xff, 0xff, 0xff,
    0xff, 0xff, 0xff, 0x40, 0x0, 0x0, 0x3f, 0xf3,
    0x2, 0x22, 0x22, 0x22, 0x2c, 0xff, 0x22, 0x22,
    0x22, 0x0, 0x0, 0x0, 0x3f, 0xf3, 0x0, 0x0,
    0x0, 0x0, 0xb, 0xfe, 0x0, 0x0, 0x0, 0x0,
    0x0, 0x0, 0x6f, 0xf4, 0x0, 0x0, 0x0, 0x0,
    0xb, 0xfe, 0x0, 0x0, 0x0, 0x0, 0x0, 0xa,
    0xff, 0xfe, 0x50, 0x0, 0x0, 0x0, 0xb, 0xfe,
    0x0, 0x0, 0x0, 0x0, 0x0, 0xcf, 0xff, 0xff,
    0xfb, 0x30, 0x0, 0x0, 0x9, 0xcb, 0x0, 0x0,
    0x0, 0x10, 0xb, 0xff, 0xc1, 0x1b, 0xff, 0xff,
    0xba, 0x88, 0x77, 0x88, 0x99, 0xac, 0xdf, 0xf0,
    0xc, 0xfe, 0x10, 0x0, 0x6e, 0xff, 0xff, 0xff,
    0xff, 0xff, 0xff, 0xff, 0xff, 0xb0, 0x2, 0xf5,
    0x0, 0x0, 0x0, 0x5a, 0xdf, 0xff, 0xff, 0xff,
    0xff, 0xfe, 0xed, 0x60, 0x0, 0x30, 0x0, 0x0,
    0x0, 0x0, 0x0, 0x1, 0x11, 0x10, 0x0, 0x0,
    0x0, 0x0,

    /* U+9001 "送" */
    0x0, 0x0, 0x0, 0x0, 0x0, 0x0, 0x2, 0x0,
    0x0, 0x0, 0x2, 0x20, 0x0, 0x0, 0x0, 0x1a,
    0xc0, 0x0, 0x0, 0x3, 0xdf, 0x20, 0x0, 0x0,
    0xa, 0xfd, 0x20, 0x0, 0x0, 0x7f, 0xfb, 0x0,
    0x0, 0x1, 0xef, 0xc0, 0x0, 0x0, 0x1f, 0xfb,
    0x0, 0x0, 0x0, 0xa, 0xff, 0x80, 0x0, 0x0,
    0x6f, 0xf5, 0x0, 0x0, 0x9f, 0xf2, 0x0, 0x0,
    0x0, 0x0, 0xcf, 0xf4, 0x0, 0x0, 0xe, 0xfd,
    0x0, 0x2, 0xff, 0x80, 0x0, 0x0, 0x0, 0x0,
    0x2f, 0xfe, 0x0, 0x66, 0x6b, 0xd7, 0x66, 0x6c,
    0xff, 0x76, 0x63, 0x0, 0x0, 0x0, 0x7, 0xe6,
    0x1, 0xff, 0xff, 0xff, 0xff, 0xff, 0xff, 0xff,
    0xf7, 0x0, 0x0, 0x0, 0x0, 0x10, 0x1, 0xff,
    0xff, 0xff, 0xff, 0xff, 0xff, 0xff, 0xf7, 0x0,
    0x0, 0x0, 0x0, 0x0, 0x0, 0x0, 0x0, 0x0,
    0xef, 0xc0, 0x0, 0x0, 0x0, 0x0, 0x0, 0x11,
    0x11, 0x10, 0x0, 0x0, 0x0, 0x0, 0xef, 0xc0,
    0x0, 0x0, 0x0, 0x0, 0x9, 0xff, 0xff, 0xf3,
    0x0, 0x0, 0x0, 0x0, 0xef, 0xc0, 0x0, 0x0,
    0x0, 0x0, 0x9, 0xff, 0xff, 0xf3, 0x6, 0x66,
    0x66, 0x66, 0xff, 0xd6, 0x66, 0x66, 0x66, 0x20,
    0x3, 0x55, 0x7f, 0xf3, 0xf, 0xff, 0xff, 0xff,
    0xff, 0xff, 0xff, 0xff, 0xff, 0x50, 0x0, 0x0,
    0x3f, 0xf3, 0xf, 0xff, 0xff, 0xff, 0xff, 0xff,
    0xff, 0xff, 0xff, 0x50, 0x0, 0x0, 0x3f, 0xf3,
    0x0, 0x0, 0x0, 0x7, 0xff, 0xf6, 0x0, 0x0,
    0x0, 0x0, 0x0, 0x0, 0x3f, 0xf3, 0x0, 0x0,
    0x0, 0xd, 0xff, 0xff, 0x70, 0x0, 0x0, 0x0,
    0x0, 0x0, 0x3f, 0xf3, 0x0, 0x0, 0x0, 0x8f,
    0xf9, 0xcf, 0xf9, 0x0, 0x0, 0x0, 0x0, 0x0,
    0x3f, 0xf3, 0x0, 0x0, 0x6, 0xff, 0xe0, 0xb,
    0xff, 0xa0, 0x0, 0x0, 0x0, 0x0, 0x3f, 0xf3,
    0x0, 0x0, 0x9f, 0xff, 0x30, 0x0, 0xbf, 0xfb,
    0x0, 0x0, 0x0, 0x0, 0x3f, 0xf3, 0x0, 0x5d,
    0xff, 0xe3, 0x0, 0x0, 0xb, 0xff, 0xb0, 0x0,
    0x0, 0x0, 0x7f, 0xf4, 0x9, 0xff, 0xfc, 0x10,
    0x0, 0x0, 0x0, 0xbf, 0xe2, 0x0, 0x0, 0x1c,
    0xff, 0xfe, 0x30, 0xcd, 0x50, 0x0, 0x0, 0x0,
    0x0, 0xb, 0x20, 0x0, 0x1, 0xdf, 0xfd, 0xff,
    0xf9, 0x30, 0x0, 0x0, 0x0, 0x0, 0x0, 0x0,
    0x0, 0x20, 0x1d, 0xff, 0x90, 0x1b, 0xff, 0xfe,
    0xa9, 0x77, 0x77, 0x78, 0x99, 0xbc, 0xef, 0xe0,
    0x1e, 0xfc, 0x0, 0x0, 0x7e, 0xff, 0xff, 0xff,
    0xff, 0xff, 0xff, 0xff, 0xff, 0x90, 0x4, 0xf3,
    0x0, 0x0, 0x0, 0x6a, 0xdf, 0xff, 0xff, 0xff,
    0xff, 0xfe, 0xed, 0x50, 0x0, 0x20, 0x0, 0x0,
    0x0, 0x0, 0x0, 0x1, 0x11, 0x10, 0x0, 0x0,
    0x0, 0x0,

    /* U+901A "通" */
    0x0, 0x70, 0x0, 0x0, 0xb, 0xcc, 0xcc, 0xcc,
    0xcc, 0xcc, 0xcc, 0xc7, 0x0, 0xc, 0xfc, 0x10,
    0x0, 0xe, 0xff, 0xff, 0xff, 0xff, 0xff, 0xff,
    0xff, 0x30, 0x9, 0xff, 0xd2, 0x0, 0x3, 0x33,
    0x45, 0x33, 0x33, 0x49, 0xff, 0xe3, 0x0, 0x0,
    0x8f, 0xfe, 0x20, 0x0, 0x1, 0xcf, 0xb5, 0x1,
    0xbf, 0xfc, 0x20, 0x0, 0x0, 0x7, 0xff, 0xe1,
    0x0, 0x3, 0xbf, 0xff, 0xef, 0xff, 0x70, 0x0,
    0x0, 0x0, 0x0, 0x7f, 0xb0, 0x0, 0x0, 0x1,
    0x8e, 0xff, 0xfa, 0x10, 0x0, 0x0, 0x0, 0x0,
    0x6, 0x0, 0xc, 0xcc, 0xcc, 0xcc, 0xff, 0xff,
    0xec, 0xcc, 0x60, 0x0, 0x0, 0x0, 0x0, 0xf,
    0xff, 0xff, 0xff, 0xff, 0xff, 0xff, 0xff, 0x80,
    0x0, 0x0, 0x0, 0x0, 0xf, 0xf8, 0x22, 0x27,
    0xff, 0x32, 0x22, 0xef, 0x80, 0x0, 0x0, 0x0,
    0x0, 0xf, 0xf6, 0x0, 0x5, 0xff, 0x0, 0x0,
    0xef, 0x80, 0xcf, 0xff, 0xff, 0x70, 0xf, 0xfb,
    0x88, 0x8b, 0xff, 0x98, 0x88, 0xff, 0x80, 0xcf,
    0xff, 0xff, 0x70, 0xf, 0xff, 0xff, 0xff, 0xff,
    0xff, 0xff, 0xff, 0x80, 0x56, 0x66, 0xff, 0x70,
    0xf, 0xf9, 0x55, 0x58, 0xff, 0x55, 0x55, 0xff,
    0x80, 0x0, 0x0, 0xff, 0x70, 0xf, 0xf6, 0x0,
    0x5, 0xff, 0x0, 0x0, 0xef, 0x80, 0x0, 0x0,
    0xff, 0x70, 0xf, 0xfd, 0xcc, 0xcd, 0xff, 0xcc,
    0xcc, 0xff, 0x80, 0x0, 0x0, 0xff, 0x70, 0xf,
    0xff, 0xff, 0xff, 0xff, 0xff, 0xff, 0xff, 0x80,
    0x0, 0x0, 0xff, 0x70, 0xf, 0xf8, 0x22, 0x27,
    0xff, 0x22, 0x22, 0xef, 0x80, 0x0, 0x0, 0xff,
    0x70, 0xf, 0xf6, 0x0, 0x5, 0xff, 0x0, 0x0,
    0xef, 0x80, 0x0, 0x0, 0xff, 0x70, 0xf, 0xf6,
    0x0, 0x5, 0xff, 0x0, 0x1, 0xff, 0x80, 0x0,
    0x0, 0xff, 0x70, 0xf, 0xf6, 0x0, 0x5, 0xff,
    0xa, 0xff, 0xff, 0x50, 0x0, 0x4d, 0xff, 0xf7,
    0xe, 0xe6, 0x0, 0x4, 0xdd, 0x5, 0xff, 0xd8,
    0x0, 0x8, 0xff, 0xdb, 0xff, 0xe8, 0x30, 0x0,
    0x0, 0x0, 0x0, 0x0, 0x12, 0x23, 0xaf, 0xfb,
    0x0, 0x2c, 0xff, 0xff, 0xfe, 0xed, 0xdd, 0xee,
    0xff, 0xff, 0xfa, 0x4f, 0xc0, 0x0, 0x0, 0x4a,
    0xef, 0xff, 0xff, 0xff, 0xff, 0xff, 0xff, 0xf5,
    0x6, 0x10, 0x0, 0x0, 0x0, 0x2, 0x35, 0x55,
    0x55, 0x55, 0x44, 0x33, 0x20,

    /* U+914D "配" */
    0x36, 0x66, 0x66, 0x66, 0x66, 0x66, 0x60, 0x23,
    0x33, 0x33, 0x33, 0x33, 0x30, 0x7, 0xff, 0xff,
    0xff, 0xff, 0xff, 0xff, 0x1b, 0xff, 0xff, 0xff,
    0xff, 0xff, 0x0, 0x6d, 0xdd, 0xff, 0xee, 0xfe,
    0xdd, 0xd1, 0xbf, 0xff, 0xff, 0xff, 0xff, 0xf0,
    0x0, 0x0, 0x8, 0xf3, 0x5f, 0x60, 0x0, 0x3,
    0x44, 0x44, 0x44, 0x4a, 0xff, 0x0, 0x0, 0x0,
    0x8f, 0x35, 0xf6, 0x0, 0x0, 0x0, 0x0, 0x0,
    0x0, 0x8f, 0xf0, 0x0, 0x33, 0x3a, 0xf6, 0x8f,
    0x93, 0x31, 0x0, 0x0, 0x0, 0x0, 0x8, 0xff,
    0x0, 0xd, 0xff, 0xff, 0xff, 0xff, 0xff, 0x70,
    0x0, 0x0, 0x0, 0x0, 0x8f, 0xf0, 0x0, 0xdf,
    0xff, 0xff, 0xff, 0xff, 0xf7, 0x0, 0x0, 0x0,
    0x0, 0x8, 0xff, 0x0, 0xd, 0xf3, 0x2f, 0x28,
    0xc0, 0x9f, 0x70, 0x0, 0x0, 0x0, 0x0, 0x8f,
    0xf0, 0x0, 0xdf, 0x32, 0xf2, 0x8c, 0x9, 0xf7,
    0x5, 0x88, 0x88, 0x88, 0x8c, 0xff, 0x0, 0xd,
    0xf3, 0x3f, 0x18, 0xc0, 0x9f, 0x70, 0x9f, 0xff,
    0xff, 0xff, 0xff, 0xf0, 0x0, 0xdf, 0x35, 0xf0,
    0x8c, 0x9, 0xf7, 0x9, 0xff, 0xff, 0xff, 0xff,
    0xff, 0x0, 0xd, 0xf3, 0x9d, 0x8, 0xc0, 0x9f,
    0x70, 0x9f, 0xf0, 0x0, 0x0, 0x8f, 0xf0, 0x0,
    0xdf, 0x5f, 0x70, 0x7f, 0xdf, 0xf7, 0x9, 0xff,
    0x0, 0x0, 0x5, 0xaa, 0x0, 0xd, 0xfc, 0xd1,
    0x1, 0x78, 0xdf, 0x70, 0x9f, 0xf0, 0x0, 0x0,
    0x0, 0x0, 0x0, 0xdf, 0x32, 0x0, 0x0, 0x9,
    0xf7, 0x9, 0xff, 0x0, 0x0, 0x0, 0x0, 0x0,
    0xd, 0xf3, 0x0, 0x0, 0x0, 0xaf, 0x70, 0x9f,
    0xf0, 0x0, 0x0, 0x0, 0x0, 0x0, 0xdf, 0xff,
    0xff, 0xff, 0xff, 0xf7, 0x9, 0xff, 0x0, 0x0,
    0x0, 0x0, 0x0, 0xd, 0xfd, 0xdd, 0xdd, 0xdd,
    0xef, 0x70, 0x9f, 0xf0, 0x0, 0x0, 0x5, 0x81,
    0x0, 0xdf, 0x30, 0x0, 0x0, 0x9, 0xf7, 0x9,
    0xff, 0x0, 0x0, 0x0, 0x6f, 0xf0, 0xd, 0xf3,
    0x0, 0x0, 0x0, 0x9f, 0x70, 0x9f, 0xf0, 0x0,
    0x0, 0x7, 0xfe, 0x0, 0xdf, 0xff, 0xff, 0xff,
    0xff, 0xf7, 0x9, 0xff, 0x0, 0x0, 0x0, 0xaf,
    0xc0, 0xd, 0xff, 0xff, 0xff, 0xff, 0xff, 0x70,
    0x8f, 0xf6, 0x33, 0x33, 0x5f, 0xf9, 0x0, 0xdf,
    0x41, 0x11, 0x11, 0x1a, 0xf7, 0x5, 0xff, 0xff,
    0xff, 0xff, 0xff, 0x40, 0xd, 0xf3, 0x0, 0x0,
    0x0, 0x9f, 0x70, 0x9, 0xff, 0xff, 0xff, 0xff,
    0x70, 0x0, 0x0, 0x0, 0x0, 0x0, 0x0, 0x0,
    0x0, 0x0, 0x12, 0x22, 0x22, 0x0, 0x0,

    /* U+91CC "里" */
    0x0, 0x2, 0x55, 0x55, 0x55, 0x55, 0x55, 0x55,
    0x55, 0x55, 0x55, 0x51, 0x0, 0x0, 0x6, 0xff,
    0xff, 0xff, 0xff, 0xff, 0xff, 0xff, 0xff, 0xff,
    0xf5, 0x0, 0x0, 0x6, 0xff, 0xff, 0xff, 0xff,
    0xff, 0xff, 0xff, 0xff, 0xff, 0xf5, 0x0, 0x0,
    0x6, 0xff, 0x20, 0x0, 0x0, 0xdf, 0x90, 0x0,
    0x0, 0x5f, 0xf5, 0x0, 0x0, 0x6, 0xff, 0x20,
    0x0, 0x0, 0xdf, 0x90, 0x0, 0x0, 0x5f, 0xf5,
    0x0, 0x0, 0x6, 0xff, 0x42, 0x22, 0x22, 0xef,
    0xa2, 0x22, 0x22, 0x7f, 0xf5, 0x0, 0x0, 0x6,
    0xff, 0xff, 0xff, 0xff, 0xff, 0xff, 0xff, 0xff,
    0xff, 0xf5, 0x0, 0x0, 0x6, 0xff, 0xff, 0xff,
    0xff, 0xff, 0xff, 0xff, 0xff, 0xff, 0xf5, 0x0,
    0x0, 0x6, 0xff, 0x20, 0x0, 0x0, 0xdf, 0x90,
    0x0, 0x0, 0x5f, 0xf5, 0x0, 0x0, 0x6, 0xff,
    0x20, 0x0, 0x0, 0xdf, 0x90, 0x0, 0x0, 0x5f,
    0xf5, 0x0, 0x0, 0x6, 0xff, 0x20, 0x0, 0x0,
    0xef, 0x90, 0x0, 0x0, 0x5f, 0xf5, 0x0, 0x0,
    0x6, 0xff, 0xff, 0xff, 0xff, 0xff, 0xff, 0xff,
    0xff, 0xff, 0xf5, 0x0, 0x0, 0x6, 0xff, 0xff,
    0xff, 0xff, 0xff, 0xff, 0xff, 0xff, 0xff, 0xf5,
    0x0, 0x0, 0x2, 0x44, 0x44, 0x44, 0x45, 0xff,
    0xd4, 0x44, 0x44, 0x44, 0x41, 0x0, 0x0, 0x0,
    0x0, 0x0, 0x0, 0x0, 0xff, 0xc0, 0x0, 0x0,
    0x0, 0x0, 0x0, 0x0, 0x0, 0x0, 0x0, 0x0,
    0x0, 0xff, 0xc0, 0x0, 0x0, 0x0, 0x0, 0x0,
    0x0, 0x4f, 0xff, 0xff, 0xff, 0xff, 0xff, 0xff,
    0xff, 0xff, 0xff, 0xff, 0x30, 0x0, 0x4f, 0xff,
    0xff, 0xff, 0xff, 0xff, 0xff, 0xff, 0xff, 0xff,
    0xff, 0x30, 0x0, 0x27, 0x77, 0x77, 0x77, 0x77,
    0xff, 0xd7, 0x77, 0x77, 0x77, 0x77, 0x10, 0x0,
    0x0, 0x0, 0x0, 0x0, 0x0, 0xff, 0xc0, 0x0,
    0x0, 0x0, 0x0, 0x0, 0x0, 0x0, 0x0, 0x0,
    0x0, 0x0, 0xff, 0xc0, 0x0, 0x0, 0x0, 0x0,
    0x0, 0x0, 0x0, 0x0, 0x0, 0x0, 0x1, 0xff,
    0xc0, 0x0, 0x0, 0x0, 0x0, 0x0, 0x2f, 0xff,
    0xff, 0xff, 0xff, 0xff, 0xff, 0xff, 0xff, 0xff,
    0xff, 0xff, 0xfa, 0x2f, 0xff, 0xff, 0xff, 0xff,
    0xff, 0xff, 0xff, 0xff, 0xff, 0xff, 0xff, 0xfa,
    0x16, 0x66, 0x66, 0x66, 0x66, 0x66, 0x66, 0x66,
    0x66, 0x66, 0x66, 0x66, 0x64,

    /* U+91CD "重" */
    0x0, 0x0, 0x0, 0x0, 0x0, 0x0, 0x0, 0x0,
    0x0, 0x0, 0x12, 0x0, 0x0, 0x0, 0x0, 0x0,
    0x0, 0x12, 0x23, 0x45, 0x68, 0x9b, 0xdf, 0xff,
    0x20, 0x0, 0x0, 0xb, 0xee, 0xff, 0xff, 0xff,
    0xff, 0xff, 0xff, 0xff, 0xff, 0x90, 0x0, 0x0,
    0xa, 0xff, 0xff, 0xff, 0xff, 0xff, 0xda, 0x87,
    0x54, 0x10, 0x0, 0x0, 0x0, 0x1, 0x32, 0x11,
    0x0, 0x3, 0xff, 0x60, 0x0, 0x0, 0x0, 0x0,
    0x0, 0x1c, 0xcc, 0xcc, 0xcc, 0xcc, 0xcd, 0xff,
    0xdc, 0xcc, 0xcc, 0xcc, 0xcc, 0xc7, 0x1f, 0xff,
    0xff, 0xff, 0xff, 0xff, 0xff, 0xff, 0xff, 0xff,
    0xff, 0xff, 0xf8, 0x4, 0x44, 0x44, 0x44, 0x44,
    0x47, 0xff, 0x94, 0x44, 0x44, 0x44, 0x44, 0x42,
    0x0, 0x0, 0x0, 0x0, 0x0, 0x3, 0xff, 0x60,
    0x0, 0x0, 0x0, 0x0, 0x0, 0x0, 0x4, 0xff,
    0xff, 0xff, 0xff, 0xff, 0xff, 0xff, 0xff, 0xff,
    0xe0, 0x0, 0x0, 0x4, 0xff, 0xcb, 0xbb, 0xbc,
    0xff, 0xdb, 0xbb, 0xbb, 0xef, 0xe0, 0x0, 0x0,
    0x4, 0xff, 0x30, 0x0, 0x3, 0xff, 0x60, 0x0,
    0x0, 0xbf, 0xe0, 0x0, 0x0, 0x4, 0xff, 0xb9,
    0x99, 0x9a, 0xff, 0xc9, 0x99, 0x99, 0xef, 0xe0,
    0x0, 0x0, 0x4, 0xff, 0xff, 0xff, 0xff, 0xff,
    0xff, 0xff, 0xff, 0xff, 0xe0, 0x0, 0x0, 0x4,
    0xff, 0x40, 0x0, 0x3, 0xff, 0x60, 0x0, 0x0,
    0xbf, 0xe0, 0x0, 0x0, 0x4, 0xff, 0x40, 0x0,
    0x3, 0xff, 0x60, 0x0, 0x0, 0xbf, 0xe0, 0x0,
    0x0, 0x4, 0xff, 0xff, 0xff, 0xff, 0xff, 0xff,
    0xff, 0xff, 0xff, 0xe0, 0x0, 0x0, 0x3, 0xcc,
    0xcc, 0xcc, 0xcd, 0xff, 0xdc, 0xcc, 0xcc, 0xcc,
    0xb0, 0x0, 0x0, 0x0, 0x0, 0x0, 0x0, 0x3,
    0xff, 0x60, 0x0, 0x0, 0x0, 0x0, 0x0, 0x0,
    0x2f, 0xff, 0xff, 0xff, 0xff, 0xff, 0xff, 0xff,
    0xff, 0xff, 0xfe, 0x0, 0x0, 0x2f, 0xff, 0xff,
    0xff, 0xff, 0xff, 0xff, 0xff, 0xff, 0xff, 0xff,
    0x0, 0x0, 0x1, 0x11, 0x11, 0x11, 0x14, 0xff,
    0x71, 0x11, 0x11, 0x11, 0x11, 0x0, 0x0, 0x0,
    0x0, 0x0, 0x0, 0x3, 0xff, 0x60, 0x0, 0x0,
    0x0, 0x0, 0x0, 0x3f, 0xff, 0xff, 0xff, 0xff,
    0xff, 0xff, 0xff, 0xff, 0xff, 0xff, 0xff, 0xfb,
    0x3f, 0xff, 0xff, 0xff, 0xff, 0xff, 0xff, 0xff,
    0xff, 0xff, 0xff, 0xff, 0xfc, 0x2, 0x22, 0x22,
    0x22, 0x22, 0x22, 0x22, 0x22, 0x22, 0x22, 0x22,
    0x22, 0x21,

    /* U+91CF "量" */
    0x0, 0x0, 0x57, 0x77, 0x77, 0x77, 0x77, 0x77,
    0x77, 0x77, 0x77, 0x10, 0x0, 0x0, 0x0, 0xcf,
    0xff, 0xff, 0xff, 0xff, 0xff, 0xff, 0xff, 0xff,
    0x20, 0x0, 0x0, 0x0, 0xcf, 0xb0, 0x0, 0x0,
    0x0, 0x0, 0x0, 0x7, 0xff, 0x20, 0x0, 0x0,
    0x0, 0xcf, 0xff, 0xff, 0xff, 0xff, 0xff, 0xff,
    0xff, 0xff, 0x20, 0x0, 0x0, 0x0, 0xcf, 0xd6,
    0x66, 0x66, 0x66, 0x66, 0x66, 0x6a, 0xff, 0x20,
    0x0, 0x0, 0x0, 0xcf, 0xd4, 0x44, 0x44, 0x44,
    0x44, 0x44, 0x49, 0xff, 0x20, 0x0, 0x0, 0x0,
    0xcf, 0xff, 0xff, 0xff, 0xff, 0xff, 0xff, 0xff,
    0xff, 0x20, 0x0, 0x0, 0x0, 0x12, 0x22, 0x22,
    0x22, 0x22, 0x22, 0x22, 0x22, 0x22, 0x0, 0x0,
    0x3c, 0xcc, 0xcc, 0xcc, 0xcc, 0xcc, 0xcc, 0xcc,
    0xcc, 0xcc, 0xcc, 0xcc, 0xc9, 0x3f, 0xff, 0xff,
    0xff, 0xff, 0xff, 0xff, 0xff, 0xff, 0xff, 0xff,
    0xff, 0xfc, 0x0, 0x0, 0x0, 0x0, 0x0, 0x0,
    0x0, 0x0, 0x0, 0x0, 0x0, 0x0, 0x0, 0x0,
    0x4, 0xff, 0xff, 0xff, 0xff, 0xff, 0xff, 0xff,
    0xff, 0xff, 0xe0, 0x0, 0x0, 0x4, 0xff, 0xa8,
    0x88, 0x88, 0xff, 0xb8, 0x88, 0x88, 0xdf, 0xe0,
    0x0, 0x0, 0x4, 0xff, 0x30, 0x0, 0x1, 0xff,
    0x70, 0x0, 0x0, 0xaf, 0xe0, 0x0, 0x0, 0x4,
    0xff, 0xff, 0xff, 0xff, 0xff, 0xff, 0xff, 0xff,
    0xff, 0xe0, 0x0, 0x0, 0x4, 0xff, 0x86, 0x66,
    0x66, 0xff, 0xa6, 0x66, 0x66, 0xcf, 0xe0, 0x0,
    0x0, 0x4, 0xff, 0x74, 0x44, 0x45, 0xff, 0x94,
    0x44, 0x44, 0xbf, 0xe0, 0x0, 0x0, 0x4, 0xff,
    0xff, 0xff, 0xff, 0xff, 0xff, 0xff, 0xff, 0xff,
    0xe0, 0x0, 0x0, 0x0, 0x22, 0x22, 0x22, 0x23,
    0xff, 0x82, 0x22, 0x22, 0x22, 0x20, 0x0, 0x0,
    0xb, 0xbb, 0xbb, 0xbb, 0xbb, 0xff, 0xdb, 0xbb,
    0xbb, 0xbb, 0xb5, 0x0, 0x0, 0xf, 0xff, 0xff,
    0xff, 0xff, 0xff, 0xff, 0xff, 0xff, 0xff, 0xf7,
    0x0, 0x0, 0x0, 0x0, 0x0, 0x0, 0x1, 0xff,
    0x70, 0x0, 0x0, 0x0, 0x0, 0x0, 0x13, 0x33,
    0x33, 0x33, 0x33, 0x34, 0xff, 0x93, 0x33, 0x33,
    0x33, 0x33, 0x33, 0x5f, 0xff, 0xff, 0xff, 0xff,
    0xff, 0xff, 0xff, 0xff, 0xff, 0xff, 0xff, 0xfd,
    0x4c, 0xcc, 0xcc, 0xcc, 0xcc, 0xcc, 0xcc, 0xcc,
    0xcc, 0xcc, 0xcc, 0xcc, 0xca,

    /* U+94AE "钮" */
    0x0, 0x0, 0x51, 0x0, 0x0, 0x0, 0x0, 0x0,
    0x0, 0x0, 0x0, 0x0, 0x0, 0x0, 0x0, 0x4f,
    0xf4, 0x0, 0x0, 0x2, 0x22, 0x22, 0x22, 0x22,
    0x22, 0x22, 0x0, 0x0, 0xa, 0xfe, 0x0, 0x0,
    0x2, 0xff, 0xff, 0xff, 0xff, 0xff, 0xff, 0xf6,
    0x0, 0x1, 0xff, 0xd7, 0x77, 0x77, 0x4f, 0xff,
    0xff, 0xff, 0xff, 0xff, 0xff, 0x50, 0x0, 0x7f,
    0xff, 0xff, 0xff, 0xf3, 0x22, 0x22, 0xcf, 0xe2,
    0x22, 0x6f, 0xf4, 0x0, 0x1e, 0xff, 0xff, 0xff,
    0xff, 0x30, 0x0, 0xc, 0xfc, 0x0, 0x5, 0xff,
    0x30, 0xa, 0xff, 0x30, 0x0, 0x0, 0x0, 0x0,
    0x0, 0xef, 0xa0, 0x0, 0x6f, 0xf2, 0x4, 0xff,
    0x90, 0x0, 0x0, 0x0, 0x0, 0x0, 0xf, 0xf8,
    0x0, 0x7, 0xff, 0x0, 0xe, 0xf7, 0x55, 0x55,
    0x55, 0x30, 0x0, 0x1, 0xff, 0x70, 0x0, 0x8f,
    0xf0, 0x0, 0x79, 0xff, 0xff, 0xff, 0xf8, 0x0,
    0x0, 0x2f, 0xf5, 0x0, 0x9, 0xfe, 0x0, 0x0,
    0x4f, 0xff, 0xff, 0xff, 0x80, 0x0, 0x4, 0xff,
    0x30, 0x0, 0xaf, 0xd0, 0x0, 0x0, 0x0, 0xdf,
    0x70, 0x0, 0x8, 0x88, 0xbf, 0xf9, 0x88, 0x8d,
    0xfc, 0x0, 0x0, 0x0, 0xd, 0xf7, 0x0, 0x0,
    0xff, 0xff, 0xff, 0xff, 0xff, 0xff, 0xb0, 0x0,
    0x0, 0x0, 0xdf, 0x70, 0x0, 0xc, 0xcc, 0xef,
    0xfc, 0xcc, 0xcf, 0xf9, 0x0, 0xc, 0xff, 0xff,
    0xff, 0xff, 0xf3, 0x0, 0xc, 0xfb, 0x0, 0x0,
    0xff, 0x80, 0x0, 0xcf, 0xff, 0xff, 0xff, 0xff,
    0x30, 0x0, 0xef, 0x90, 0x0, 0x1f, 0xf7, 0x0,
    0x4, 0x55, 0x5e, 0xfa, 0x55, 0x51, 0x0, 0xf,
    0xf7, 0x0, 0x2, 0xff, 0x50, 0x0, 0x0, 0x0,
    0xdf, 0x70, 0x0, 0x0, 0x2, 0xff, 0x50, 0x0,
    0x4f, 0xf4, 0x0, 0x0, 0x0, 0xd, 0xf7, 0x0,
    0x0, 0x0, 0x4f, 0xf4, 0x0, 0x5, 0xff, 0x30,
    0x0, 0x0, 0x0, 0xdf, 0x70, 0x1, 0x0, 0x6,
    0xff, 0x10, 0x0, 0x7f, 0xf1, 0x0, 0x0, 0x0,
    0xd, 0xf7, 0x1a, 0xc0, 0x0, 0x9f, 0xf0, 0x0,
    0x9, 0xff, 0x0, 0x0, 0x0, 0x0, 0xef, 0xcf,
    0xff, 0x0, 0xb, 0xfd, 0x0, 0x0, 0xbf, 0xe0,
    0x0, 0x0, 0x0, 0x1f, 0xff, 0xfe, 0x60, 0x0,
    0xdf, 0xb0, 0x0, 0xd, 0xfc, 0x0, 0x0, 0x0,
    0x9, 0xff, 0xfa, 0x1f, 0xff, 0xff, 0xff, 0xff,
    0xff, 0xff, 0xff, 0xf9, 0x0, 0x3, 0xff, 0xe4,
    0x0, 0xff, 0xff, 0xff, 0xff, 0xff, 0xff, 0xff,
    0xff, 0x90, 0x0, 0x9, 0xa0, 0x0, 0x8, 0x88,
    0x88, 0x88, 0x88, 0x88, 0x88, 0x88, 0x84, 0x0,
    0x0, 0x0, 0x0, 0x0, 0x0, 0x0, 0x0, 0x0,
    0x0, 0x0, 0x0, 0x0, 0x0,

    /* U+9500 "销" */
    0x0, 0x0, 0x30, 0x0, 0x0, 0x0, 0x0, 0x0,
    0x6, 0x63, 0x0, 0x0, 0x0, 0x0, 0x5, 0xfe,
    0x10, 0x0, 0x0, 0x23, 0x0, 0xe, 0xf7, 0x0,
    0x7, 0x40, 0x0, 0xd, 0xfc, 0x0, 0x0, 0x7,
    0xfd, 0x0, 0xe, 0xf7, 0x0, 0x1f, 0xf8, 0x0,
    0x4f, 0xf9, 0x44, 0x44, 0x33, 0xff, 0x70, 0xe,
    0xf7, 0x0, 0x8f, 0xf2, 0x0, 0xdf, 0xff, 0xff,
    0xff, 0xa0, 0xaf, 0xe0, 0xe, 0xf7, 0x1, 0xff,
    0x90, 0xa, 0xff, 0xff, 0xff, 0xff, 0xa0, 0x2f,
    0xf6, 0xe, 0xf7, 0xa, 0xff, 0x10, 0x6f, 0xfb,
    0x22, 0x22, 0x22, 0x10, 0xc, 0xf8, 0xe, 0xf7,
    0xd, 0xf6, 0x0, 0xaf, 0xe1, 0x0, 0x0, 0x0,
    0x0, 0x3, 0x20, 0xe, 0xf7, 0x0, 0x40, 0x0,
    0x2f, 0x96, 0x66, 0x66, 0x66, 0x12, 0x88, 0x88,
    0x8f, 0xfc, 0x89, 0x99, 0x80, 0x3, 0xcf, 0xff,
    0xff, 0xff, 0x24, 0xff, 0xff, 0xff, 0xff, 0xff,
    0xff, 0xe0, 0x0, 0xcf, 0xff, 0xff, 0xff, 0x24,
    0xff, 0xee, 0xee, 0xee, 0xee, 0xef, 0xe0, 0x0,
    0x0, 0x5f, 0xf0, 0x0, 0x4, 0xff, 0x0, 0x0,
    0x0, 0x0, 0x6f, 0xe0, 0x0, 0x0, 0x5f, 0xf0,
    0x0, 0x4, 0xff, 0x0, 0x0, 0x0, 0x0, 0x6f,
    0xe0, 0x0, 0x0, 0x5f, 0xf0, 0x0, 0x4, 0xff,
    0xbb, 0xbb, 0xbb, 0xbb, 0xdf, 0xe0, 0x1f, 0xff,
    0xff, 0xff, 0xff, 0xb4, 0xff, 0xff, 0xff, 0xff,
    0xff, 0xff, 0xe0, 0x1f, 0xff, 0xff, 0xff, 0xff,
    0xc4, 0xff, 0x66, 0x66, 0x66, 0x66, 0xaf, 0xe0,
    0x5, 0x55, 0x9f, 0xf6, 0x55, 0x44, 0xff, 0x0,
    0x0, 0x0, 0x0, 0x6f, 0xe0, 0x0, 0x0, 0x5f,
    0xf0, 0x0, 0x4, 0xff, 0x0, 0x0, 0x0, 0x0,
    0x6f, 0xe0, 0x0, 0x0, 0x5f, 0xf0, 0x0, 0x4,
    0xff, 0xff, 0xff, 0xff, 0xff, 0xff, 0xe0, 0x0,
    0x0, 0x5f, 0xf0, 0x0, 0x4, 0xff, 0xff, 0xff,
    0xff, 0xff, 0xff, 0xe0, 0x0, 0x0, 0x5f, 0xf0,
    0x3a, 0x34, 0xff, 0x44, 0x44, 0x44, 0x44, 0x8f,
    0xe0, 0x0, 0x0, 0x6f, 0xfb, 0xff, 0x64, 0xff,
    0x0, 0x0, 0x0, 0x0, 0x6f, 0xe0, 0x0, 0x0,
    0xbf, 0xff, 0xfc, 0x34, 0xff, 0x0, 0x0, 0x0,
    0x0, 0x6f, 0xe0, 0x0, 0x7, 0xff, 0xfd, 0x50,
    0x4, 0xff, 0x0, 0x0, 0x18, 0x88, 0xcf, 0xd0,
    0x0, 0x2, 0xff, 0x70, 0x0, 0x4, 0xff, 0x0,
    0x0, 0xe, 0xff, 0xff, 0x90, 0x0, 0x0, 0x61,
    0x0, 0x0, 0x4, 0xff, 0x0, 0x0, 0x7, 0xcc,
    0xa6, 0x0,

    /* U+95E8 "门" */
    0x0, 0x15, 0x0, 0x0, 0x0, 0x0, 0x0, 0x0,
    0x0, 0x0, 0x0, 0x0, 0x4, 0xff, 0x50, 0x0,
    0x78, 0x88, 0x88, 0x88, 0x88, 0x88, 0x88, 0x84,
    0x1, 0xef, 0xf4, 0x0, 0xdf, 0xff, 0xff, 0xff,
    0xff, 0xff, 0xff, 0xf8, 0x0, 0x2f, 0xff, 0x20,
    0xdf, 0xff, 0xff, 0xff, 0xff, 0xff, 0xff, 0xf8,
    0x0, 0x5, 0xff, 0xd0, 0x0, 0x0, 0x0, 0x0,
    0x0, 0x0, 0x1f, 0xf8, 0x0, 0x0, 0x8f, 0xe3,
    0x0, 0x0, 0x0, 0x0, 0x0, 0x0, 0x1f, 0xf8,
    0x7e, 0xe1, 0x9, 0x10, 0x0, 0x0, 0x0, 0x0,
    0x0, 0x0, 0x1f, 0xf8, 0x8f, 0xf1, 0x0, 0x0,
    0x0, 0x0, 0x0, 0x0, 0x0, 0x0, 0x1f, 0xf8,
    0x8f, 0xf1, 0x0, 0x0, 0x0, 0x0, 0x0, 0x0,
    0x0, 0x0, 0x1f, 0xf8, 0x8f, 0xf1, 0x0, 0x0,
    0x0, 0x0, 0x0, 0x0, 0x0, 0x0, 0x1f, 0xf8,
    0x8f, 0xf1, 0x0, 0x0, 0x0, 0x0, 0x0, 0x0,
    0x0, 0x0, 0x1f, 0xf8, 0x8f, 0xf1, 0x0, 0x0,
    0x0, 0x0, 0x0, 0x0, 0x0, 0x0, 0x1f, 0xf8,
    0x8f, 0xf1, 0x0, 0x0, 0x0, 0x0, 0x0, 0x0,
    0x0, 0x0, 0x1f, 0xf8, 0x8f, 0xf1, 0x0, 0x0,
    0x0, 0x0, 0x0, 0x0, 0x0, 0x0, 0x1f, 0xf8,
    0x8f, 0xf1, 0x0, 0x0, 0x0, 0x0, 0x0, 0x0,
    0x0, 0x0, 0x1f, 0xf8, 0x8f, 0xf1, 0x0, 0x0,
    0x0, 0x0, 0x0, 0x0, 0x0, 0x0, 0x1f, 0xf8,
    0x8f, 0xf1, 0x0, 0x0, 0x0, 0x0, 0x0, 0x0,
    0x0, 0x0, 0x1f, 0xf8, 0x8f, 0xf1, 0x0, 0x0,
    0x0, 0x0, 0x0, 0x0, 0x0, 0x0, 0x1f, 0xf8,
    0x8f, 0xf1, 0x0, 0x0, 0x0, 0x0, 0x0, 0x0,
    0x0, 0x0, 0x1f, 0xf8, 0x8f, 0xf1, 0x0, 0x0,
    0x0, 0x0, 0x0, 0x0, 0x0, 0x0, 0x1f, 0xf8,
    0x8f, 0xf1, 0x0, 0x0, 0x0, 0x0, 0x0, 0x0,
    0x0, 0x0, 0x1f, 0xf8, 0x8f, 0xf1, 0x0, 0x0,
    0x0, 0x0, 0x0, 0x0, 0x0, 0x0, 0x1f, 0xf8,
    0x8f, 0xf1, 0x0, 0x0, 0x0, 0x0, 0x0, 0x0,
    0x0, 0x0, 0x1f, 0xf8, 0x8f, 0xf1, 0x0, 0x0,
    0x0, 0x0, 0x0, 0x0, 0x76, 0x66, 0x9f, 0xf7,
    0x8f, 0xf1, 0x0, 0x0, 0x0, 0x0, 0x0, 0x0,
    0xcf, 0xff, 0xff, 0xf3, 0x8f, 0xf1, 0x0, 0x0,
    0x0, 0x0, 0x0, 0x0, 0x6f, 0xff, 0xeb, 0x40,
    0x0, 0x0, 0x0, 0x0, 0x0, 0x0, 0x0, 0x0,
    0x0, 0x0, 0x0, 0x0,

    /* U+9669 "险" */
    0x0, 0x0, 0x0, 0x0, 0x0, 0x0, 0x0, 0x8,
    0x50, 0x0, 0x0, 0x0, 0x0, 0x55, 0x55, 0x55,
    0x60, 0x0, 0x0, 0x0, 0x5f, 0xf6, 0x0, 0x0,
    0x0, 0x0, 0xef, 0xff, 0xff, 0xfe, 0x20, 0x0,
    0x0, 0xef, 0xf9, 0x0, 0x0, 0x0, 0x0, 0xef,
    0xff, 0xff, 0xff, 0x0, 0x0, 0x9, 0xff, 0xff,
    0x70, 0x0, 0x0, 0x0, 0xef, 0x60, 0xc, 0xfa,
    0x0, 0x0, 0x6f, 0xf9, 0xbf, 0xf6, 0x0, 0x0,
    0x0, 0xef, 0x60, 0x1f, 0xf4, 0x0, 0x4, 0xff,
    0xc0, 0xc, 0xff, 0x70, 0x0, 0x0, 0xef, 0x60,
    0x5f, 0xe0, 0x0, 0x4f, 0xfe, 0x10, 0x1, 0xdf,
    0xf9, 0x0, 0x0, 0xef, 0x60, 0xaf, 0x90, 0x4,
    0xff, 0xf3, 0x0, 0x0, 0x1d, 0xff, 0xc2, 0x0,
    0xef, 0x60, 0xff, 0x30, 0x8f, 0xff, 0x30, 0x0,
    0x0, 0x1, 0xbf, 0xff, 0x70, 0xef, 0x65, 0xfe,
    0xa, 0xff, 0xef, 0xff, 0xff, 0xff, 0xff, 0xa9,
    0xff, 0xc0, 0xef, 0x63, 0xff, 0x42, 0xfd, 0x2e,
    0xff, 0xff, 0xff, 0xff, 0xa0, 0x6f, 0x30, 0xef,
    0x60, 0x8f, 0xe0, 0x40, 0x3, 0x44, 0x44, 0x44,
    0x44, 0x20, 0x2, 0x0, 0xef, 0x60, 0xe, 0xf5,
    0x0, 0x0, 0x0, 0x0, 0x0, 0x0, 0x0, 0x0,
    0x0, 0xef, 0x60, 0x9, 0xfb, 0x0, 0x2, 0x0,
    0x1b, 0xc0, 0x0, 0xa, 0x93, 0x0, 0xef, 0x60,
    0x6, 0xfe, 0x5, 0xfc, 0x0, 0xf, 0xf1, 0x0,
    0x1f, 0xf4, 0x0, 0xef, 0x60, 0x5, 0xff, 0x1,
    0xff, 0x10, 0xd, 0xf4, 0x0, 0x7f, 0xe0, 0x0,
    0xef, 0x60, 0x6, 0xfe, 0x0, 0xdf, 0x60, 0xa,
    0xf7, 0x0, 0xdf, 0x70, 0x0, 0xef, 0x66, 0x7e,
    0xfc, 0x0, 0x8f, 0xb0, 0x7, 0xfa, 0x3, 0xff,
    0x10, 0x0, 0xef, 0x6b, 0xff, 0xf5, 0x0, 0x4f,
    0xe0, 0x5, 0xfc, 0xa, 0xf9, 0x0, 0x0, 0xef,
    0x67, 0xcb, 0x50, 0x0, 0x1f, 0xf1, 0x3, 0xfc,
    0x1f, 0xf2, 0x0, 0x0, 0xef, 0x60, 0x0, 0x0,
    0x0, 0xb, 0x81, 0x0, 0x0, 0x8f, 0xa0, 0x0,
    0x0, 0xef, 0x60, 0x0, 0x0, 0x0, 0x0, 0x0,
    0x0, 0x1, 0xff, 0x20, 0x0, 0x0, 0xef, 0x60,
    0x0, 0x0, 0x45, 0x55, 0x55, 0x55, 0x5a, 0xfc,
    0x55, 0x55, 0x20, 0xef, 0x60, 0x0, 0x0, 0xcf,
    0xff, 0xff, 0xff, 0xff, 0xff, 0xff, 0xff, 0x50,
    0xef, 0x60, 0x0, 0x0, 0xcf, 0xff, 0xff, 0xff,
    0xff, 0xff, 0xff, 0xff, 0x50, 0xef, 0x60, 0x0,
    0x0, 0x0, 0x0, 0x0, 0x0, 0x0, 0x0, 0x0,
    0x0, 0x0,

    /* U+96FE "雾" */
    0x0, 0x4b, 0xbb, 0xbb, 0xbb, 0xbb, 0xbb, 0xbb,
    0xbb, 0xbb, 0xbb, 0xb5, 0x0, 0x0, 0x6, 0xff,
    0xff, 0xff, 0xff, 0xff, 0xff, 0xff, 0xff, 0xff,
    0xff, 0x70, 0x0, 0x0, 0x0, 0x0, 0x0, 0x0,
    0x7, 0xff, 0x10, 0x0, 0x0, 0x0, 0x0, 0x0,
    0x0, 0xde, 0xee, 0xee, 0xee, 0xee, 0xff, 0xfe,
    0xee, 0xee, 0xee, 0xee, 0xed, 0x0, 0xe, 0xfd,
    0xaa, 0xaa, 0xaa, 0xad, 0xff, 0xba, 0xaa, 0xaa,
    0xaa, 0xdf, 0xe0, 0x0, 0xef, 0x64, 0x66, 0x66,
    0x60, 0x7f, 0xf1, 0x45, 0x55, 0x55, 0x7, 0xfe,
    0x0, 0xe, 0xf6, 0xaf, 0xff, 0xff, 0x17, 0xff,
    0x1d, 0xff, 0xff, 0xf2, 0x7f, 0xe0, 0x0, 0xef,
    0x60, 0x0, 0x0, 0x0, 0x7f, 0xf1, 0x0, 0x0,
    0x0, 0x7, 0xfe, 0x0, 0x6, 0x73, 0xaf, 0xff,
    0xff, 0x17, 0xff, 0x1d, 0xff, 0xff, 0xf1, 0x37,
    0x70, 0x0, 0x0, 0x3, 0x55, 0x66, 0x50, 0x7f,
    0xf1, 0x67, 0x77, 0x77, 0x0, 0x0, 0x0, 0x0,
    0x0, 0x0, 0x2d, 0xf9, 0x1, 0x22, 0x0, 0x0,
    0x0, 0x0, 0x0, 0x0, 0x0, 0x0, 0x0, 0x6f,
    0xff, 0xff, 0xff, 0xff, 0xff, 0xff, 0xff, 0xf8,
    0x0, 0x0, 0x0, 0x6, 0xdf, 0xfd, 0xbb, 0xbb,
    0xbb, 0xbb, 0xbb, 0xef, 0xfe, 0x40, 0x0, 0x0,
    0x5f, 0xff, 0xef, 0xf8, 0x10, 0x0, 0x0, 0x4,
    0xbf, 0xfb, 0x10, 0x0, 0x0, 0x0, 0xcc, 0x40,
    0x6e, 0xff, 0xc8, 0x45, 0xae, 0xff, 0xa3, 0x0,
    0x0, 0x0, 0x0, 0x0, 0x0, 0x12, 0x4c, 0xff,
    0xff, 0xff, 0xff, 0xa7, 0x64, 0x33, 0x22, 0x20,
    0x8b, 0xce, 0xff, 0xff, 0xff, 0xff, 0xcc, 0xef,
    0xff, 0xff, 0xff, 0xff, 0xfc, 0x7, 0xff, 0xff,
    0xed, 0xb8, 0x52, 0x77, 0x40, 0x13, 0x68, 0x9a,
    0xbc, 0xdd, 0x30, 0x15, 0x32, 0x0, 0x0, 0x0,
    0x2f, 0xf7, 0x0, 0x0, 0x0, 0x0, 0x0, 0x0,
    0x0, 0x3, 0xdd, 0xdd, 0xdd, 0xde, 0xff, 0xed,
    0xdd, 0xdd, 0xdd, 0xd4, 0x0, 0x0, 0x0, 0x3f,
    0xff, 0xff, 0xff, 0xff, 0xff, 0xff, 0xff, 0xff,
    0xff, 0x30, 0x0, 0x0, 0x0, 0x0, 0x0, 0x7,
    0xff, 0xc1, 0x0, 0x0, 0x0, 0x9f, 0xf0, 0x0,
    0x0, 0x0, 0x0, 0x3, 0x8d, 0xff, 0xb1, 0x0,
    0x0, 0x0, 0x1e, 0xfd, 0x0, 0x0, 0x0, 0x2a,
    0xcf, 0xff, 0xfd, 0x50, 0x0, 0x0, 0xef, 0xff,
    0xff, 0x80, 0x0, 0x0, 0x0, 0x8f, 0xfd, 0x83,
    0x0, 0x0, 0x0, 0x9, 0xff, 0xfe, 0x90, 0x0,
    0x0, 0x0, 0x0, 0x30, 0x0, 0x0, 0x0, 0x0,
    0x0, 0x0, 0x0, 0x0, 0x0, 0x0, 0x0,

    /* U+9700 "需" */
    0x0, 0x4, 0x44, 0x44, 0x44, 0x44, 0x44, 0x44,
    0x44, 0x44, 0x44, 0x40, 0x0, 0x0, 0x3f, 0xff,
    0xff, 0xff, 0xff, 0xff, 0xff, 0xff, 0xff, 0xff,
    0xf2, 0x0, 0x0, 0x2c, 0xcc, 0xcc, 0xcc, 0xcd,
    0xff, 0xdc, 0xcc, 0xcc, 0xcc, 0xc1, 0x0, 0x0,
    0x0, 0x0, 0x0, 0x0, 0x5, 0xff, 0x30, 0x0,
    0x0, 0x0, 0x0, 0x0, 0xe, 0xff, 0xff, 0xff,
    0xff, 0xff, 0xff, 0xff, 0xff, 0xff, 0xff, 0xff,
    0xf0, 0xe, 0xfd, 0xbb, 0xbb, 0xbb, 0xbd, 0xff,
    0xcb, 0xbb, 0xbb, 0xbb, 0xdf, 0xf0, 0xe, 0xf6,
    0x0, 0x0, 0x0, 0x4, 0xff, 0x20, 0x0, 0x0,
    0x0, 0x7f, 0xf0, 0xe, 0xf6, 0x6f, 0xff, 0xff,
    0x74, 0xff, 0x29, 0xff, 0xff, 0xf5, 0x7f, 0xf0,
    0xe, 0xf6, 0x4a, 0xaa, 0xaa, 0x44, 0xff, 0x26,
    0xaa, 0xaa, 0xa3, 0x7f, 0xf0, 0x4, 0x52, 0x0,
    0x0, 0x0, 0x4, 0xff, 0x20, 0x0, 0x0, 0x0,
    0x25, 0x50, 0x0, 0x0, 0xff, 0xff, 0xff, 0x74,
    0xff, 0x29, 0xff, 0xff, 0xff, 0x0, 0x0, 0x0,
    0x0, 0x99, 0x99, 0x99, 0x44, 0xff, 0x25, 0x99,
    0x99, 0x99, 0x0, 0x0, 0x1, 0x11, 0x11, 0x11,
    0x11, 0x13, 0x55, 0x21, 0x11, 0x11, 0x11, 0x11,
    0x10, 0x2f, 0xff, 0xff, 0xff, 0xff, 0xff, 0xff,
    0xff, 0xff, 0xff, 0xff, 0xff, 0xf3, 0x2f, 0xff,
    0xff, 0xff, 0xff, 0xff, 0xff, 0xff, 0xff, 0xff,
    0xff, 0xff, 0xf3, 0x0, 0x0, 0x0, 0x0, 0x0,
    0xa, 0xfe, 0x0, 0x0, 0x0, 0x0, 0x0, 0x0,
    0x0, 0x1, 0x11, 0x11, 0x11, 0x2e, 0xfa, 0x11,
    0x11, 0x11, 0x11, 0x11, 0x0, 0x0, 0xf, 0xff,
    0xff, 0xff, 0xff, 0xff, 0xff, 0xff, 0xff, 0xff,
    0xfa, 0x0, 0x0, 0xf, 0xff, 0xff, 0xff, 0xff,
    0xff, 0xff, 0xff, 0xff, 0xff, 0xfa, 0x0, 0x0,
    0xf, 0xf6, 0x0, 0xf, 0xf5, 0x0, 0xf, 0xf6,
    0x0, 0xc, 0xfa, 0x0, 0x0, 0xf, 0xf6, 0x0,
    0xf, 0xf5, 0x0, 0xf, 0xf6, 0x0, 0xc, 0xfa,
    0x0, 0x0, 0xf, 0xf6, 0x0, 0xf, 0xf5, 0x0,
    0xf, 0xf6, 0x0, 0xc, 0xfa, 0x0, 0x0, 0xf,
    0xf6, 0x0, 0xf, 0xf5, 0x0, 0xf, 0xf6, 0x1,
    0x1d, 0xfa, 0x0, 0x0, 0xf, 0xf6, 0x0, 0xf,
    0xf5, 0x0, 0xf, 0xf6, 0x3f, 0xff, 0xf9, 0x0,
    0x0, 0xf, 0xf6, 0x0, 0xd, 0xd4, 0x0, 0xc,
    0xd5, 0xd, 0xff, 0xb1, 0x0, 0x0, 0x0, 0x0,
    0x0, 0x0, 0x0, 0x0, 0x0, 0x0, 0x0, 0x0,
    0x0, 0x0,

    /* U+97F3 "音" */
    0x0, 0x0, 0x0, 0x0, 0x0, 0x4, 0x79, 0x0,
    0x0, 0x0, 0x0, 0x0, 0x0, 0x0, 0x0, 0x0,
    0x0, 0x0, 0x8, 0xff, 0x60, 0x0, 0x0, 0x0,
    0x0, 0x0, 0x0, 0x1, 0x11, 0x11, 0x11, 0x12,
    0xff, 0xd1, 0x11, 0x11, 0x11, 0x11, 0x0, 0x0,
    0x9f, 0xff, 0xff, 0xff, 0xff, 0xff, 0xff, 0xff,
    0xff, 0xff, 0xff, 0x40, 0x0, 0x9f, 0xff, 0xff,
    0xff, 0xff, 0xff, 0xff, 0xff, 0xff, 0xff, 0xff,
    0x40, 0x0, 0x23, 0x33, 0x7b, 0xb3, 0x33, 0x33,
    0x33, 0x36, 0xeb, 0x63, 0x33, 0x10, 0x0, 0x0,
    0x0, 0xbf, 0xf2, 0x0, 0x0, 0x0, 0x8, 0xff,
    0x80, 0x0, 0x0, 0x0, 0x0, 0x0, 0x4f, 0xf9,
    0x0, 0x0, 0x0, 0xd, 0xff, 0x10, 0x0, 0x0,
    0x0, 0x0, 0x0, 0xe, 0xfe, 0x0, 0x0, 0x0,
    0x4f, 0xf9, 0x0, 0x0, 0x0, 0x16, 0x66, 0x66,
    0x6c, 0xff, 0x86, 0x66, 0x66, 0xcf, 0xf8, 0x66,
    0x66, 0x64, 0x2f, 0xff, 0xff, 0xff, 0xff, 0xff,
    0xff, 0xff, 0xff, 0xff, 0xff, 0xff, 0xf9, 0x2e,
    0xee, 0xee, 0xee, 0xee, 0xee, 0xee, 0xee, 0xee,
    0xee, 0xee, 0xee, 0xe9, 0x0, 0x0, 0x0, 0x0,
    0x0, 0x0, 0x0, 0x0, 0x0, 0x0, 0x0, 0x0,
    0x0, 0x0, 0x0, 0x12, 0x22, 0x22, 0x22, 0x22,
    0x22, 0x22, 0x22, 0x22, 0x0, 0x0, 0x0, 0x0,
    0x8f, 0xff, 0xff, 0xff, 0xff, 0xff, 0xff, 0xff,
    0xff, 0x30, 0x0, 0x0, 0x0, 0x8f, 0xff, 0xff,
    0xff, 0xff, 0xff, 0xff, 0xff, 0xff, 0x30, 0x0,
    0x0, 0x0, 0x8f, 0xf1, 0x0, 0x0, 0x0, 0x0,
    0x0, 0x7, 0xff, 0x30, 0x0, 0x0, 0x0, 0x8f,
    0xf1, 0x0, 0x0, 0x0, 0x0, 0x0, 0x7, 0xff,
    0x30, 0x0, 0x0, 0x0, 0x8f, 0xfd, 0xcc, 0xcc,
    0xcc, 0xcc, 0xcc, 0xce, 0xff, 0x30, 0x0, 0x0,
    0x0, 0x8f, 0xff, 0xff, 0xff, 0xff, 0xff, 0xff,
    0xff, 0xff, 0x30, 0x0, 0x0, 0x0, 0x8f, 0xf5,
    0x33, 0x33, 0x33, 0x33, 0x33, 0x39, 0xff, 0x30,
    0x0, 0x0, 0x0, 0x8f, 0xf1, 0x0, 0x0, 0x0,
    0x0, 0x0, 0x7, 0xff, 0x30, 0x0, 0x0, 0x0,
    0x8f, 0xf1, 0x0, 0x0, 0x0, 0x0, 0x0, 0x7,
    0xff, 0x30, 0x0, 0x0, 0x0, 0x8f, 0xff, 0xff,
    0xff, 0xff, 0xff, 0xff, 0xff, 0xff, 0x30, 0x0,
    0x0, 0x0, 0x8f, 0xff, 0xff, 0xff, 0xff, 0xff,
    0xff, 0xff, 0xff, 0x30, 0x0, 0x0, 0x0, 0x8f,
    0xf4, 0x33, 0x33, 0x33, 0x33, 0x33, 0x39, 0xff,
    0x30, 0x0,

    /* U+9875 "页" */
    0x0, 0x0, 0x0, 0x0, 0x0, 0x0, 0x0, 0x0,
    0x0, 0x0, 0x0, 0x0, 0x0, 0xe, 0xff, 0xff,
    0xff, 0xff, 0xff, 0xff, 0xff, 0xff, 0xff, 0xff,
    0xff, 0xf1, 0xe, 0xff, 0xff, 0xff, 0xff, 0xff,
    0xff, 0xff, 0xff, 0xff, 0xff, 0xff, 0xf1, 0x5,
    0x55, 0x55, 0x55, 0x55, 0x5f, 0xfe, 0x55, 0x55,
    0x55, 0x55, 0x55, 0x50, 0x0, 0x0, 0x0, 0x0,
    0x0, 0x4f, 0xf8, 0x0, 0x0, 0x0, 0x0, 0x0,
    0x0, 0x0, 0x0, 0x0, 0x0, 0x0, 0xaf, 0xf1,
    0x0, 0x0, 0x0, 0x0, 0x0, 0x0, 0x0, 0x2,
    0x77, 0x77, 0x77, 0xef, 0xd7, 0x77, 0x77, 0x77,
    0x77, 0x40, 0x0, 0x0, 0x6, 0xff, 0xff, 0xff,
    0xff, 0xff, 0xff, 0xff, 0xff, 0xff, 0xa0, 0x0,
    0x0, 0x6, 0xff, 0xff, 0xff, 0xff, 0xff, 0xff,
    0xff, 0xff, 0xff, 0xa0, 0x0, 0x0, 0x6, 0xff,
    0x40, 0x0, 0x0, 0x0, 0x0, 0x0, 0x1, 0xff,
    0xa0, 0x0, 0x0, 0x6, 0xff, 0x40, 0x0, 0x2,
    0x88, 0x30, 0x0, 0x1, 0xff, 0xa0, 0x0, 0x0,
    0x6, 0xff, 0x40, 0x0, 0x4, 0xff, 0x50, 0x0,
    0x1, 0xff, 0xa0, 0x0, 0x0, 0x6, 0xff, 0x40,
    0x0, 0x4, 0xff, 0x50, 0x0, 0x1, 0xff, 0xa0,
    0x0, 0x0, 0x6, 0xff, 0x40, 0x0, 0x4, 0xff,
    0x50, 0x0, 0x1, 0xff, 0xa0, 0x0, 0x0, 0x6,
    0xff, 0x40, 0x0, 0x4, 0xff, 0x50, 0x0, 0x1,
    0xff, 0xa0, 0x0, 0x0, 0x6, 0xff, 0x40, 0x0,
    0x5, 0xff, 0x50, 0x0, 0x1, 0xff, 0xa0, 0x0,
    0x0, 0x6, 0xff, 0x40, 0x0, 0x7, 0xff, 0x40,
    0x0, 0x1, 0xff, 0xa0, 0x0, 0x0, 0x6, 0xff,
    0x40, 0x0, 0xb, 0xff, 0x10, 0x0, 0x1, 0xff,
    0xa0, 0x0, 0x0, 0x6, 0xff, 0x40, 0x0, 0x3f,
    0xfd, 0x5, 0x20, 0x1, 0xff, 0xa0, 0x0, 0x0,
    0x2, 0x77, 0x10, 0x2, 0xef, 0xf5, 0x5f, 0xfa,
    0x30, 0x55, 0x30, 0x0, 0x0, 0x0, 0x0, 0x0,
    0x6f, 0xff, 0x90, 0x6e, 0xff, 0xfb, 0x40, 0x0,
    0x0, 0x0, 0x0, 0x1, 0x6e, 0xff, 0xf8, 0x0,
    0x0, 0x6e, 0xff, 0xfb, 0x30, 0x0, 0x0, 0x26,
    0xbf, 0xff, 0xfd, 0x40, 0x0, 0x0, 0x0, 0x6e,
    0xff, 0xfa, 0x10, 0x4f, 0xff, 0xff, 0xfc, 0x60,
    0x0, 0x0, 0x0, 0x0, 0x0, 0x8f, 0xff, 0xd0,
    0xa, 0xff, 0xc7, 0x20, 0x0, 0x0, 0x0, 0x0,
    0x0, 0x0, 0x2, 0xcf, 0x40, 0x1, 0x40, 0x0,
    0x0, 0x0, 0x0, 0x0, 0x0, 0x0, 0x0, 0x0,
    0x3, 0x0,

    /* U+98CE "风" */
    0x0, 0x4, 0x77, 0x77, 0x77, 0x77, 0x77, 0x77,
    0x77, 0x77, 0x77, 0x20, 0x0, 0x0, 0x0, 0x9f,
    0xff, 0xff, 0xff, 0xff, 0xff, 0xff, 0xff, 0xff,
    0xf5, 0x0, 0x0, 0x0, 0x9, 0xff, 0xff, 0xff,
    0xff, 0xff, 0xff, 0xff, 0xff, 0xff, 0x50, 0x0,
    0x0, 0x0, 0x9f, 0xf1, 0x0, 0x0, 0x0, 0x0,
    0x0, 0x0, 0x4f, 0xf5, 0x0, 0x0, 0x0, 0x9,
    0xff, 0x10, 0x0, 0x0, 0x0, 0x0, 0x0, 0x3,
    0xff, 0x50, 0x0, 0x0, 0x0, 0x9f, 0xf1, 0x0,
    0x0, 0x0, 0x0, 0x7e, 0x90, 0x3f, 0xf5, 0x0,
    0x0, 0x0, 0x9, 0xff, 0x13, 0xc8, 0x0, 0x0,
    0xd, 0xfa, 0x3, 0xff, 0x50, 0x0, 0x0, 0x0,
    0x9f, 0xf1, 0xbf, 0xf5, 0x0, 0x3, 0xff, 0x40,
    0x3f, 0xf5, 0x0, 0x0, 0x0, 0x9, 0xff, 0x11,
    0xef, 0xf2, 0x0, 0xaf, 0xe0, 0x3, 0xff, 0x50,
    0x0, 0x0, 0x0, 0xaf, 0xf0, 0x3, 0xff, 0xd1,
    0x2f, 0xf8, 0x0, 0x3f, 0xf5, 0x0, 0x0, 0x0,
    0xa, 0xff, 0x0, 0x6, 0xff, 0xb9, 0xff, 0x10,
    0x2, 0xff, 0x50, 0x0, 0x0, 0x0, 0xaf, 0xf0,
    0x0, 0xa, 0xff, 0xff, 0x90, 0x0, 0x2f, 0xf5,
    0x0, 0x0, 0x0, 0xb, 0xff, 0x0, 0x0, 0xd,
    0xff, 0xf1, 0x0, 0x2, 0xff, 0x50, 0x0, 0x0,
    0x0, 0xdf, 0xd0, 0x0, 0x0, 0x6f, 0xfe, 0x10,
    0x0, 0x1f, 0xf6, 0x0, 0x0, 0x0, 0xe, 0xfb,
    0x0, 0x0, 0x1e, 0xff, 0xfb, 0x0, 0x1, 0xff,
    0x60, 0x0, 0x0, 0x0, 0xff, 0x90, 0x0, 0xc,
    0xff, 0xef, 0xf6, 0x0, 0xf, 0xf7, 0x0, 0x0,
    0x0, 0x3f, 0xf7, 0x0, 0x8, 0xff, 0xb2, 0xff,
    0xf2, 0x0, 0xff, 0x70, 0x0, 0x0, 0x7, 0xff,
    0x40, 0x5, 0xff, 0xe1, 0x6, 0xff, 0xb0, 0xe,
    0xf8, 0x0, 0x0, 0x0, 0xbf, 0xf0, 0x5, 0xff,
    0xf3, 0x0, 0xc, 0xff, 0x50, 0xcf, 0xa0, 0x40,
    0x0, 0xf, 0xfc, 0x7, 0xff, 0xf6, 0x0, 0x0,
    0x2f, 0xfe, 0x1a, 0xfc, 0x8, 0xa0, 0x4, 0xff,
    0x80, 0xbf, 0xf6, 0x0, 0x0, 0x0, 0x9f, 0xb1,
    0x7f, 0xe0, 0x9f, 0x20, 0xcf, 0xf3, 0x0, 0xb5,
    0x0, 0x0, 0x0, 0x1, 0x40, 0x4, 0xff, 0x4b,
    0xf0, 0x5f, 0xfb, 0x0, 0x0, 0x0, 0x0, 0x0,
    0x0, 0x0, 0x0, 0xe, 0xff, 0xfe, 0xa, 0xff,
    0x30, 0x0, 0x0, 0x0, 0x0, 0x0, 0x0, 0x0,
    0x0, 0x8f, 0xff, 0x90, 0xa, 0xb0, 0x0, 0x0,
    0x0, 0x0, 0x0, 0x0, 0x0, 0x0, 0x0, 0x9e,
    0xc1, 0x0, 0x1, 0x0, 0x0, 0x0, 0x0, 0x0,
    0x0, 0x0, 0x0, 0x0, 0x0, 0x0, 0x0,

    /* U+9996 "首" */
    0x0, 0x0, 0x0, 0x3, 0x0, 0x0, 0x0, 0x0,
    0x0, 0x21, 0x0, 0x0, 0x0, 0x0, 0x0, 0x3,
    0xdf, 0x80, 0x0, 0x0, 0x0, 0x1, 0xef, 0xd1,
    0x0, 0x0, 0x0, 0x0, 0x0, 0xdf, 0xf6, 0x0,
    0x0, 0x0, 0x9, 0xff, 0x80, 0x0, 0x0, 0x0,
    0x0, 0x0, 0x3f, 0xff, 0x20, 0x0, 0x0, 0x3f,
    0xfc, 0x0, 0x0, 0x0, 0x17, 0x77, 0x77, 0x7c,
    0xfd, 0x77, 0x77, 0x77, 0xdf, 0xf9, 0x77, 0x77,
    0x75, 0x3f, 0xff, 0xff, 0xff, 0xff, 0xff, 0xff,
    0xff, 0xff, 0xff, 0xff, 0xff, 0xfb, 0x3e, 0xee,
    0xee, 0xee, 0xee, 0xef, 0xff, 0xfe, 0xee, 0xee,
    0xee, 0xee, 0xea, 0x0, 0x0, 0x0, 0x0, 0x0,
    0x7, 0xff, 0x80, 0x0, 0x0, 0x0, 0x0, 0x0,
    0x0, 0x0, 0x11, 0x11, 0x11, 0x1c, 0xff, 0x31,
    0x11, 0x11, 0x11, 0x0, 0x0, 0x0, 0x3, 0xff,
    0xff, 0xff, 0xff, 0xff, 0xff, 0xff, 0xff, 0xff,
    0x90, 0x0, 0x0, 0x3, 0xff, 0xff, 0xff, 0xff,
    0xff, 0xff, 0xff, 0xff, 0xff, 0x90, 0x0, 0x0,
    0x3, 0xff, 0x72, 0x22, 0x22, 0x22, 0x22, 0x22,
    0x23, 0xff, 0x90, 0x0, 0x0, 0x3, 0xff, 0x50,
    0x0, 0x0, 0x0, 0x0, 0x0, 0x1, 0xff, 0x90,
    0x0, 0x0, 0x3, 0xff, 0x84, 0x44, 0x44, 0x44,
    0x44, 0x44, 0x45, 0xff, 0x90, 0x0, 0x0, 0x3,
    0xff, 0xff, 0xff, 0xff, 0xff, 0xff, 0xff, 0xff,
    0xff, 0x90, 0x0, 0x0, 0x3, 0xff, 0xdc, 0xcc,
    0xcc, 0xcc, 0xcc, 0xcc, 0xcc, 0xff, 0x90, 0x0,
    0x0, 0x3, 0xff, 0x50, 0x0, 0x0, 0x0, 0x0,
    0x0, 0x1, 0xff, 0x90, 0x0, 0x0, 0x3, 0xff,
    0x61, 0x11, 0x11, 0x11, 0x11, 0x11, 0x12, 0xff,
    0x90, 0x0, 0x0, 0x3, 0xff, 0xff, 0xff, 0xff,
    0xff, 0xff, 0xff, 0xff, 0xff, 0x90, 0x0, 0x0,
    0x3, 0xff, 0xff, 0xff, 0xff, 0xff, 0xff, 0xff,
    0xff, 0xff, 0x90, 0x0, 0x0, 0x3, 0xff, 0x50,
    0x0, 0x0, 0x0, 0x0, 0x0, 0x1, 0xff, 0x90,
    0x0, 0x0, 0x3, 0xff, 0x50, 0x0, 0x0, 0x0,
    0x0, 0x0, 0x1, 0xff, 0x90, 0x0, 0x0, 0x3,
    0xff, 0x94, 0x44, 0x44, 0x44, 0x44, 0x44, 0x46,
    0xff, 0x90, 0x0, 0x0, 0x3, 0xff, 0xff, 0xff,
    0xff, 0xff, 0xff, 0xff, 0xff, 0xff, 0x90, 0x0,
    0x0, 0x3, 0xff, 0xff, 0xff, 0xff, 0xff, 0xff,
    0xff, 0xff, 0xff, 0x90, 0x0, 0x0, 0x3, 0xff,
    0x50, 0x0, 0x0, 0x0, 0x0, 0x0, 0x1, 0xff,
    0x90, 0x0,

    /* U+9A6C "马" */
    0x0, 0x0, 0x0, 0x0, 0x0, 0x0, 0x0, 0x0,
    0x0, 0x0, 0x0, 0x0, 0x0, 0x2, 0xff, 0xff,
    0xff, 0xff, 0xff, 0xff, 0xff, 0xff, 0xfe, 0x10,
    0x0, 0x0, 0x2f, 0xff, 0xff, 0xff, 0xff, 0xff,
    0xff, 0xff, 0xff, 0xf0, 0x0, 0x0, 0x1, 0x88,
    0x88, 0x88, 0x88, 0x88, 0x88, 0x88, 0x8e, 0xfe,
    0x0, 0x0, 0x0, 0x0, 0x0, 0x0, 0x0, 0x0,
    0x0, 0x0, 0x0, 0xcf, 0xc0, 0x0, 0x0, 0x0,
    0x0, 0x79, 0x70, 0x0, 0x0, 0x0, 0x0, 0xe,
    0xfb, 0x0, 0x0, 0x0, 0x0, 0xc, 0xfc, 0x0,
    0x0, 0x0, 0x0, 0x0, 0xff, 0x90, 0x0, 0x0,
    0x0, 0x0, 0xef, 0xa0, 0x0, 0x0, 0x0, 0x0,
    0x1f, 0xf7, 0x0, 0x0, 0x0, 0x0, 0xf, 0xf9,
    0x0, 0x0, 0x0, 0x0, 0x3, 0xff, 0x60, 0x0,
    0x0, 0x0, 0x1, 0xff, 0x70, 0x0, 0x0, 0x0,
    0x0, 0x5f, 0xf4, 0x0, 0x0, 0x0, 0x0, 0x2f,
    0xf5, 0x0, 0x0, 0x0, 0x0, 0x7, 0xff, 0x20,
    0x0, 0x0, 0x0, 0x4, 0xff, 0x73, 0x33, 0x33,
    0x33, 0x33, 0xaf, 0xf4, 0x33, 0x33, 0x0, 0x0,
    0x6f, 0xff, 0xff, 0xff, 0xff, 0xff, 0xff, 0xff,
    0xff, 0xff, 0xc0, 0x0, 0x8, 0xff, 0xff, 0xff,
    0xff, 0xff, 0xff, 0xff, 0xff, 0xff, 0xfa, 0x0,
    0x0, 0x12, 0x22, 0x22, 0x22, 0x22, 0x22, 0x22,
    0x22, 0x23, 0xff, 0x90, 0x0, 0x0, 0x0, 0x0,
    0x0, 0x0, 0x0, 0x0, 0x0, 0x0, 0x2f, 0xf7,
    0x0, 0x0, 0x0, 0x0, 0x0, 0x0, 0x0, 0x0,
    0x0, 0x0, 0x4, 0xff, 0x64, 0xff, 0xff, 0xff,
    0xff, 0xff, 0xff, 0xff, 0xff, 0xfe, 0x0, 0x6f,
    0xf4, 0x4f, 0xff, 0xff, 0xff, 0xff, 0xff, 0xff,
    0xff, 0xff, 0xe0, 0x8, 0xff, 0x12, 0x88, 0x88,
    0x88, 0x88, 0x88, 0x88, 0x88, 0x88, 0x88, 0x0,
    0xbf, 0xf0, 0x0, 0x0, 0x0, 0x0, 0x0, 0x0,
    0x0, 0x0, 0x0, 0x0, 0xf, 0xfc, 0x0, 0x0,
    0x0, 0x0, 0x0, 0x0, 0x0, 0x0, 0x0, 0x0,
    0x5, 0xff, 0x80, 0x0, 0x0, 0x0, 0x0, 0x0,
    0x0, 0x0, 0x18, 0x76, 0x68, 0xef, 0xf3, 0x0,
    0x0, 0x0, 0x0, 0x0, 0x0, 0x0, 0x0, 0xcf,
    0xff, 0xff, 0xfa, 0x0, 0x0, 0x0, 0x0, 0x0,
    0x0, 0x0, 0x0, 0x8, 0xff, 0xff, 0xd8, 0x0,
    0x0, 0x0, 0x0, 0x0, 0x0, 0x0, 0x0, 0x0,
    0x0, 0x0, 0x0, 0x0, 0x0,

    /* U+9E23 "鸣" */
    0x0, 0x0, 0x0, 0x0, 0x0, 0x0, 0x0, 0x5,
    0x64, 0x0, 0x0, 0x0, 0x0, 0x0, 0x0, 0x0,
    0x0, 0x0, 0x0, 0x1, 0xff, 0xb0, 0x0, 0x0,
    0x0, 0x11, 0x11, 0x11, 0x11, 0x0, 0x0, 0x0,
    0x6f, 0xf2, 0x0, 0x0, 0x0, 0xe, 0xff, 0xff,
    0xff, 0xe0, 0x1e, 0xee, 0xef, 0xff, 0xee, 0xee,
    0xe6, 0x0, 0xef, 0xff, 0xff, 0xfe, 0x1, 0xff,
    0xff, 0xff, 0xff, 0xff, 0xff, 0x60, 0xe, 0xfa,
    0x66, 0xaf, 0xe0, 0x1f, 0xf7, 0x11, 0x11, 0x11,
    0x2f, 0xf5, 0x0, 0xef, 0x70, 0x6, 0xfe, 0x1,
    0xff, 0x50, 0x87, 0x0, 0x1, 0xff, 0x40, 0xe,
    0xf7, 0x0, 0x6f, 0xe0, 0x1f, 0xf5, 0x3f, 0xf9,
    0x0, 0x2f, 0xf3, 0x0, 0xef, 0x70, 0x6, 0xfe,
    0x1, 0xff, 0x50, 0x3f, 0xf8, 0x3, 0xff, 0x20,
    0xe, 0xf7, 0x0, 0x6f, 0xe0, 0x1f, 0xf5, 0x0,
    0x4f, 0xb0, 0x5f, 0xf1, 0x0, 0xef, 0x70, 0x6,
    0xfe, 0x1, 0xff, 0x50, 0x0, 0x30, 0xa, 0xfe,
    0x0, 0xe, 0xf7, 0x0, 0x6f, 0xe0, 0x1f, 0xf5,
    0x0, 0x5, 0xff, 0xff, 0xa0, 0x0, 0xef, 0x70,
    0x6, 0xfe, 0x1, 0xff, 0x50, 0x0, 0x1f, 0xfe,
    0xb1, 0x0, 0xe, 0xf7, 0x0, 0x6f, 0xe0, 0x1f,
    0xf5, 0x0, 0x0, 0x0, 0x0, 0x0, 0x0, 0xef,
    0x70, 0x6, 0xfe, 0x1, 0xff, 0xed, 0xdd, 0xdd,
    0xdd, 0xdd, 0xdd, 0xe, 0xf7, 0x0, 0x6f, 0xe0,
    0x1f, 0xff, 0xff, 0xff, 0xff, 0xff, 0xff, 0xf0,
    0xef, 0xa5, 0x59, 0xfe, 0x0, 0x22, 0x22, 0x22,
    0x22, 0x22, 0x29, 0xff, 0xe, 0xff, 0xff, 0xff,
    0xe0, 0x0, 0x0, 0x0, 0x0, 0x0, 0x0, 0x8f,
    0xf0, 0xef, 0xff, 0xff, 0xfe, 0x2, 0x22, 0x22,
    0x22, 0x22, 0x22, 0x18, 0xfe, 0xe, 0xfa, 0x55,
    0x55, 0x51, 0xff, 0xff, 0xff, 0xff, 0xff, 0xf5,
    0x9f, 0xd0, 0xef, 0x70, 0x0, 0x0, 0x1f, 0xff,
    0xff, 0xff, 0xff, 0xff, 0x5b, 0xfc, 0xa, 0xb5,
    0x0, 0x0, 0x0, 0x0, 0x0, 0x0, 0x0, 0x0,
    0x0, 0xcf, 0xa0, 0x0, 0x0, 0x0, 0x0, 0x0,
    0x0, 0x0, 0x0, 0x0, 0x0, 0xe, 0xf9, 0x0,
    0x0, 0x0, 0x0, 0x0, 0x0, 0x0, 0x0, 0x0,
    0x10, 0x5, 0xff, 0x60, 0x0, 0x0, 0x0, 0x0,
    0x0, 0x0, 0x0, 0x0, 0xd, 0xff, 0xff, 0xf1,
    0x0, 0x0, 0x0, 0x0, 0x0, 0x0, 0x0, 0x0,
    0x0, 0x8f, 0xff, 0xd5, 0x0, 0x0, 0x0, 0x0,
    0x0, 0x0, 0x0, 0x0, 0x0, 0x0, 0x0, 0x0,
    0x0, 0x0,

    /* U+FF0C "，" */
    0x0, 0x68, 0x30, 0xb, 0xff, 0xf5, 0xf, 0xff,
    0xfc, 0xd, 0xff, 0xff, 0x2, 0xbe, 0xfe, 0x0,
    0x8, 0xfb, 0x0, 0x1e, 0xf6, 0x1, 0xcf, 0xd0,
    0x7f, 0xfd, 0x20, 0x8f, 0xa1, 0x0, 0x12, 0x0,
    0x0,

    /* U+FF1A "：" */
    0x0, 0x0, 0x0, 0x5, 0xef, 0x90, 0x1f, 0xff,
    0xf4, 0x2f, 0xff, 0xf6, 0xd, 0xff, 0xf2, 0x1,
    0x78, 0x20, 0x0, 0x0, 0x0, 0x0, 0x0, 0x0,
    0x0, 0x0, 0x0, 0x0, 0x0, 0x0, 0x0, 0x0,
    0x0, 0x0, 0x0, 0x0, 0x0, 0x0, 0x0, 0x0,
    0x0, 0x0, 0x0, 0x67, 0x10, 0xc, 0xff, 0xe1,
    0x2f, 0xff, 0xf6, 0x1f, 0xff, 0xf5, 0x6, 0xff,
    0xa0, 0x0, 0x1, 0x0
};


/*---------------------
 *  GLYPH DESCRIPTION
 *--------------------*/

static const lv_font_fmt_txt_glyph_dsc_t glyph_dsc[] = {
    {.bitmap_index = 0, .adv_w = 0, .box_w = 0, .box_h = 0, .ofs_x = 0, .ofs_y = 0} /* id = 0 reserved */,
    {.bitmap_index = 0, .adv_w = 101, .box_w = 0, .box_h = 0, .ofs_x = 0, .ofs_y = 0},
    {.bitmap_index = 0, .adv_w = 154, .box_w = 5, .box_h = 21, .ofs_x = 2, .ofs_y = 0},
    {.bitmap_index = 53, .adv_w = 232, .box_w = 10, .box_h = 9, .ofs_x = 2, .ofs_y = 13},
    {.bitmap_index = 98, .adv_w = 255, .box_w = 15, .box_h = 21, .ofs_x = 1, .ofs_y = 0},
    {.bitmap_index = 256, .adv_w = 255, .box_w = 14, .box_h = 27, .ofs_x = 1, .ofs_y = -3},
    {.bitmap_index = 445, .adv_w = 421, .box_w = 25, .box_h = 21, .ofs_x = 1, .ofs_y = 0},
    {.bitmap_index = 708, .adv_w = 316, .box_w = 20, .box_h = 21, .ofs_x = 0, .ofs_y = 0},
    {.bitmap_index = 918, .adv_w = 134, .box_w = 4, .box_h = 9, .ofs_x = 2, .ofs_y = 13},
    {.bitmap_index = 936, .adv_w = 159, .box_w = 7, .box_h = 30, .ofs_x = 2, .ofs_y = -6},
    {.bitmap_index = 1041, .adv_w = 159, .box_w = 7, .box_h = 30, .ofs_x = 1, .ofs_y = -6},
    {.bitmap_index = 1146, .adv_w = 217, .box_w = 11, .box_h = 11, .ofs_x = 1, .ofs_y = 11},
    {.bitmap_index = 1207, .adv_w = 255, .box_w = 14, .box_h = 15, .ofs_x = 1, .ofs_y = 3},
    {.bitmap_index = 1312, .adv_w = 134, .box_w = 6, .box_h = 11, .ofs_x = 1, .ofs_y = -6},
    {.bitmap_index = 1345, .adv_w = 160, .box_w = 8, .box_h = 3, .ofs_x = 1, .ofs_y = 7},
    {.bitmap_index = 1357, .adv_w = 134, .box_w = 5, .box_h = 5, .ofs_x = 2, .ofs_y = 0},
    {.bitmap_index = 1370, .adv_w = 175, .box_w = 11, .box_h = 28, .ofs_x = 0, .ofs_y = -6},
    {.bitmap_index = 1524, .adv_w = 255, .box_w = 14, .box_h = 21, .ofs_x = 1, .ofs_y = 0},
    {.bitmap_index = 1671, .adv_w = 255, .box_w = 13, .box_h = 21, .ofs_x = 2, .ofs_y = 0},
    {.bitmap_index = 1808, .adv_w = 255, .box_w = 14, .box_h = 21, .ofs_x = 1, .ofs_y = 0},
    {.bitmap_index = 1955, .adv_w = 255, .box_w = 15, .box_h = 21, .ofs_x = 0, .ofs_y = 0},
    {.bitmap_index = 2113, .adv_w = 255, .box_w = 16, .box_h = 21, .ofs_x = 0, .ofs_y = 0},
    {.bitmap_index = 2281, .adv_w = 255, .box_w = 15, .box_h = 21, .ofs_x = 0, .ofs_y = 0},
    {.bitmap_index = 2439, .adv_w = 255, .box_w = 14, .box_h = 21, .ofs_x = 1, .ofs_y = 0},
    {.bitmap_index = 2586, .adv_w = 255, .box_w = 14, .box_h = 21, .ofs_x = 1, .ofs_y = 0},
    {.bitmap_index = 2733, .adv_w = 255, .box_w = 14, .box_h = 21, .ofs_x = 1, .ofs_y = 0},
    {.bitmap_index = 2880, .adv_w = 255, .box_w = 14, .box_h = 21, .ofs_x = 1, .ofs_y = 0},
    {.bitmap_index = 3027, .adv_w = 134, .box_w = 5, .box_h = 16, .ofs_x = 2, .ofs_y = 0},
    {.bitmap_index = 3067, .adv_w = 134, .box_w = 6, .box_h = 22, .ofs_x = 1, .ofs_y = -6},
    {.bitmap_index = 3133, .adv_w = 255, .box_w = 14, .box_h = 15, .ofs_x = 1, .ofs_y = 3},
    {.bitmap_index = 3238, .adv_w = 255, .box_w = 14, .box_h = 10, .ofs_x = 1, .ofs_y = 6},
    {.bitmap_index = 3308, .adv_w = 255, .box_w = 14, .box_h = 15, .ofs_x = 1, .ofs_y = 3},
    {.bitmap_index = 3413, .adv_w = 220, .box_w = 12, .box_h = 21, .ofs_x = 1, .ofs_y = 0},
    {.bitmap_index = 3539, .adv_w = 435, .box_w = 25, .box_h = 26, .ofs_x = 1, .ofs_y = -5},
    {.bitmap_index = 3864, .adv_w = 279, .box_w = 18, .box_h = 21, .ofs_x = 0, .ofs_y = 0},
    {.bitmap_index = 4053, .adv_w = 299, .box_w = 16, .box_h = 21, .ofs_x = 2, .ofs_y = 0},
    {.bitmap_index = 4221, .adv_w = 289, .box_w = 17, .box_h = 21, .ofs_x = 1, .ofs_y = 0},
    {.bitmap_index = 4400, .adv_w = 313, .box_w = 16, .box_h = 21, .ofs_x = 2, .ofs_y = 0},
    {.bitmap_index = 4568, .adv_w = 269, .box_w = 14, .box_h = 21, .ofs_x = 2, .ofs_y = 0},
    {.bitmap_index = 4715, .adv_w = 254, .box_w = 13, .box_h = 21, .ofs_x = 2, .ofs_y = 0},
    {.bitmap_index = 4852, .adv_w = 314, .box_w = 17, .box_h = 21, .ofs_x = 1, .ofs_y = 0},
    {.bitmap_index = 5031, .adv_w = 332, .box_w = 17, .box_h = 21, .ofs_x = 2, .ofs_y = 0},
    {.bitmap_index = 5210, .adv_w = 138, .box_w = 4, .box_h = 21, .ofs_x = 2, .ofs_y = 0},
    {.bitmap_index = 5252, .adv_w = 246, .box_w = 13, .box_h = 21, .ofs_x = 0, .ofs_y = 0},
    {.bitmap_index = 5389, .adv_w = 297, .box_w = 17, .box_h = 21, .ofs_x = 2, .ofs_y = 0},
    {.bitmap_index = 5568, .adv_w = 250, .box_w = 13, .box_h = 21, .ofs_x = 2, .ofs_y = 0},
    {.bitmap_index = 5705, .adv_w = 372, .box_w = 19, .box_h = 21, .ofs_x = 2, .ofs_y = 0},
    {.bitmap_index = 5905, .adv_w = 329, .box_w = 16, .box_h = 21, .ofs_x = 2, .ofs_y = 0},
    {.bitmap_index = 6073, .adv_w = 338, .box_w = 19, .box_h = 21, .ofs_x = 1, .ofs_y = 0},
    {.bitmap_index = 6273, .adv_w = 290, .box_w = 15, .box_h = 21, .ofs_x = 2, .ofs_y = 0},
    {.bitmap_index = 6431, .adv_w = 338, .box_w = 20, .box_h = 27, .ofs_x = 1, .ofs_y = -6},
    {.bitmap_index = 6701, .adv_w = 294, .box_w = 16, .box_h = 21, .ofs_x = 2, .ofs_y = 0},
    {.bitmap_index = 6869, .adv_w = 272, .box_w = 15, .box_h = 21, .ofs_x = 1, .ofs_y = 0},
    {.bitmap_index = 7027, .adv_w = 273, .box_w = 17, .box_h = 21, .ofs_x = 0, .ofs_y = 0},
    {.bitmap_index = 7206, .adv_w = 328, .box_w = 16, .box_h = 21, .ofs_x = 2, .ofs_y = 0},
    {.bitmap_index = 7374, .adv_w = 266, .box_w = 18, .box_h = 21, .ofs_x = -1, .ofs_y = 0},
    {.bitmap_index = 7563, .adv_w = 401, .box_w = 25, .box_h = 21, .ofs_x = 0, .ofs_y = 0},
    {.bitmap_index = 7826, .adv_w = 267, .box_w = 17, .box_h = 21, .ofs_x = 0, .ofs_y = 0},
    {.bitmap_index = 8005, .adv_w = 248, .box_w = 17, .box_h = 21, .ofs_x = -1, .ofs_y = 0},
    {.bitmap_index = 8184, .adv_w = 272, .box_w = 15, .box_h = 21, .ofs_x = 1, .ofs_y = 0},
    {.bitmap_index = 8342, .adv_w = 159, .box_w = 7, .box_h = 28, .ofs_x = 2, .ofs_y = -6},
    {.bitmap_index = 8440, .adv_w = 175, .box_w = 11, .box_h = 28, .ofs_x = 0, .ofs_y = -6},
    {.bitmap_index = 8594, .adv_w = 159, .box_w = 7, .box_h = 28, .ofs_x = 1, .ofs_y = -6},
    {.bitmap_index = 8692, .adv_w = 255, .box_w = 14, .box_h = 13, .ofs_x = 1, .ofs_y = 9},
    {.bitmap_index = 8783, .adv_w = 252, .box_w = 16, .box_h = 3, .ofs_x = 0, .ofs_y = -4},
    {.bitmap_index = 8807, .adv_w = 275, .box_w = 8, .box_h = 8, .ofs_x = 3, .ofs_y = 18},
    {.bitmap_index = 8839, .adv_w = 258, .box_w = 13, .box_h = 16, .ofs_x = 1, .ofs_y = 0},
    {.bitmap_index = 8943, .adv_w = 282, .box_w = 15, .box_h = 22, .ofs_x = 2, .ofs_y = 0},
    {.bitmap_index = 9108, .adv_w = 232, .box_w = 13, .box_h = 16, .ofs_x = 1, .ofs_y = 0},
    {.bitmap_index = 9212, .adv_w = 282, .box_w = 15, .box_h = 22, .ofs_x = 1, .ofs_y = 0},
    {.bitmap_index = 9377, .adv_w = 253, .box_w = 14, .box_h = 16, .ofs_x = 1, .ofs_y = 0},
    {.bitmap_index = 9489, .adv_w = 155, .box_w = 11, .box_h = 22, .ofs_x = 0, .ofs_y = 0},
    {.bitmap_index = 9610, .adv_w = 259, .box_w = 15, .box_h = 22, .ofs_x = 1, .ofs_y = -6},
    {.bitmap_index = 9775, .adv_w = 278, .box_w = 14, .box_h = 22, .ofs_x = 2, .ofs_y = 0},
    {.bitmap_index = 9929, .adv_w = 129, .box_w = 5, .box_h = 22, .ofs_x = 2, .ofs_y = 0},
    {.bitmap_index = 9984, .adv_w = 129, .box_w = 9, .box_h = 28, .ofs_x = -2, .ofs_y = -6},
    {.bitmap_index = 10110, .adv_w = 258, .box_w = 14, .box_h = 22, .ofs_x = 2, .ofs_y = 0},
    {.bitmap_index = 10264, .adv_w = 134, .box_w = 6, .box_h = 22, .ofs_x = 2, .ofs_y = 0},
    {.bitmap_index = 10330, .adv_w = 422, .box_w = 23, .box_h = 16, .ofs_x = 2, .ofs_y = 0},
    {.bitmap_index = 10514, .adv_w = 280, .box_w = 14, .box_h = 16, .ofs_x = 2, .ofs_y = 0},
    {.bitmap_index = 10626, .adv_w = 275, .box_w = 15, .box_h = 16, .ofs_x = 1, .ofs_y = 0},
    {.bitmap_index = 10746, .adv_w = 282, .box_w = 15, .box_h = 22, .ofs_x = 2, .ofs_y = -6},
    {.bitmap_index = 10911, .adv_w = 282, .box_w = 15, .box_h = 22, .ofs_x = 1, .ofs_y = -6},
    {.bitmap_index = 11076, .adv_w = 183, .box_w = 10, .box_h = 16, .ofs_x = 2, .ofs_y = 0},
    {.bitmap_index = 11156, .adv_w = 215, .box_w = 13, .box_h = 16, .ofs_x = 0, .ofs_y = 0},
    {.bitmap_index = 11260, .adv_w = 177, .box_w = 11, .box_h = 21, .ofs_x = 0, .ofs_y = 0},
    {.bitmap_index = 11376, .adv_w = 278, .box_w = 13, .box_h = 16, .ofs_x = 2, .ofs_y = 0},
    {.bitmap_index = 11480, .adv_w = 244, .box_w = 15, .box_h = 16, .ofs_x = 0, .ofs_y = 0},
    {.bitmap_index = 11600, .adv_w = 371, .box_w = 23, .box_h = 16, .ofs_x = 0, .ofs_y = 0},
    {.bitmap_index = 11784, .adv_w = 236, .box_w = 15, .box_h = 16, .ofs_x = 0, .ofs_y = 0},
    {.bitmap_index = 11904, .adv_w = 244, .box_w = 15, .box_h = 22, .ofs_x = 0, .ofs_y = -6},
    {.bitmap_index = 12069, .adv_w = 220, .box_w = 12, .box_h = 16, .ofs_x = 1, .ofs_y = 0},
    {.bitmap_index = 12165, .adv_w = 159, .box_w = 8, .box_h = 28, .ofs_x = 1, .ofs_y = -6},
    {.bitmap_index = 12277, .adv_w = 126, .box_w = 4, .box_h = 32, .ofs_x = 2, .ofs_y = -8},
    {.bitmap_index = 12341, .adv_w = 159, .box_w = 8, .box_h = 28, .ofs_x = 1, .ofs_y = -6},
    {.bitmap_index = 12453, .adv_w = 255, .box_w = 14, .box_h = 5, .ofs_x = 1, .ofs_y = 8},
    {.bitmap_index = 12488, .adv_w = 448, .box_w = 8, .box_h = 7, .ofs_x = 10, .ofs_y = 7},
    {.bitmap_index = 12516, .adv_w = 448, .box_w = 24, .box_h = 5, .ofs_x = 2, .ofs_y = 9},
    {.bitmap_index = 12576, .adv_w = 448, .box_w = 26, .box_h = 25, .ofs_x = 1, .ofs_y = -1},
    {.bitmap_index = 12901, .adv_w = 448, .box_w = 26, .box_h = 24, .ofs_x = 1, .ofs_y = -2},
    {.bitmap_index = 13213, .adv_w = 448, .box_w = 24, .box_h = 26, .ofs_x = 2, .ofs_y = -2},
    {.bitmap_index = 13525, .adv_w = 448, .box_w = 26, .box_h = 27, .ofs_x = 1, .ofs_y = -3},
    {.bitmap_index = 13876, .adv_w = 448, .box_w = 26, .box_h = 27, .ofs_x = 1, .ofs_y = -3},
    {.bitmap_index = 14227, .adv_w = 448, .box_w = 27, .box_h = 27, .ofs_x = 1, .ofs_y = -3},
    {.bitmap_index = 14592, .adv_w = 448, .box_w = 26, .box_h = 27, .ofs_x = 0, .ofs_y = -3},
    {.bitmap_index = 14943, .adv_w = 448, .box_w = 26, .box_h = 26, .ofs_x = 2, .ofs_y = -3},
    {.bitmap_index = 15281, .adv_w = 448, .box_w = 28, .box_h = 27, .ofs_x = 0, .ofs_y = -3},
    {.bitmap_index = 15659, .adv_w = 448, .box_w = 27, .box_h = 27, .ofs_x = 1, .ofs_y = -3},
    {.bitmap_index = 16024, .adv_w = 448, .box_w = 27, .box_h = 27, .ofs_x = 0, .ofs_y = -3},
    {.bitmap_index = 16389, .adv_w = 448, .box_w = 27, .box_h = 26, .ofs_x = 1, .ofs_y = -2},
    {.bitmap_index = 16740, .adv_w = 448, .box_w = 26, .box_h = 27, .ofs_x = 0, .ofs_y = -3},
    {.bitmap_index = 17091, .adv_w = 448, .box_w = 27, .box_h = 27, .ofs_x = 0, .ofs_y = -3},
    {.bitmap_index = 17456, .adv_w = 448, .box_w = 26, .box_h = 27, .ofs_x = 1, .ofs_y = -3},
    {.bitmap_index = 17807, .adv_w = 448, .box_w = 26, .box_h = 26, .ofs_x = 1, .ofs_y = -2},
    {.bitmap_index = 18145, .adv_w = 448, .box_w = 28, .box_h = 26, .ofs_x = 0, .ofs_y = -2},
    {.bitmap_index = 18509, .adv_w = 448, .box_w = 26, .box_h = 24, .ofs_x = 1, .ofs_y = -2},
    {.bitmap_index = 18821, .adv_w = 448, .box_w = 26, .box_h = 26, .ofs_x = 1, .ofs_y = -2},
    {.bitmap_index = 19159, .adv_w = 448, .box_w = 24, .box_h = 26, .ofs_x = 2, .ofs_y = -2},
    {.bitmap_index = 19471, .adv_w = 448, .box_w = 25, .box_h = 26, .ofs_x = 1, .ofs_y = -3},
    {.bitmap_index = 19796, .adv_w = 448, .box_w = 26, .box_h = 27, .ofs_x = 1, .ofs_y = -3},
    {.bitmap_index = 20147, .adv_w = 448, .box_w = 26, .box_h = 27, .ofs_x = 1, .ofs_y = -3},
    {.bitmap_index = 20498, .adv_w = 448, .box_w = 26, .box_h = 26, .ofs_x = 1, .ofs_y = -3},
    {.bitmap_index = 20836, .adv_w = 448, .box_w = 27, .box_h = 27, .ofs_x = 0, .ofs_y = -3},
    {.bitmap_index = 21201, .adv_w = 448, .box_w = 27, .box_h = 27, .ofs_x = 0, .ofs_y = -3},
    {.bitmap_index = 21566, .adv_w = 448, .box_w = 25, .box_h = 25, .ofs_x = 1, .ofs_y = -2},
    {.bitmap_index = 21879, .adv_w = 448, .box_w = 26, .box_h = 26, .ofs_x = 1, .ofs_y = -3},
    {.bitmap_index = 22217, .adv_w = 448, .box_w = 28, .box_h = 27, .ofs_x = 0, .ofs_y = -3},
    {.bitmap_index = 22595, .adv_w = 448, .box_w = 26, .box_h = 24, .ofs_x = 1, .ofs_y = -2},
    {.bitmap_index = 22907, .adv_w = 448, .box_w = 27, .box_h = 27, .ofs_x = 0, .ofs_y = -3},
    {.bitmap_index = 23272, .adv_w = 448, .box_w = 25, .box_h = 27, .ofs_x = 2, .ofs_y = -3},
    {.bitmap_index = 23610, .adv_w = 448, .box_w = 25, .box_h = 27, .ofs_x = 1, .ofs_y = -3},
    {.bitmap_index = 23948, .adv_w = 448, .box_w = 26, .box_h = 26, .ofs_x = 1, .ofs_y = -2},
    {.bitmap_index = 24286, .adv_w = 448, .box_w = 25, .box_h = 27, .ofs_x = 2, .ofs_y = -3},
    {.bitmap_index = 24624, .adv_w = 448, .box_w = 27, .box_h = 25, .ofs_x = 1, .ofs_y = -2},
    {.bitmap_index = 24962, .adv_w = 448, .box_w = 24, .box_h = 25, .ofs_x = 2, .ofs_y = -2},
    {.bitmap_index = 25262, .adv_w = 448, .box_w = 26, .box_h = 26, .ofs_x = 1, .ofs_y = -2},
    {.bitmap_index = 25600, .adv_w = 448, .box_w = 27, .box_h = 26, .ofs_x = 0, .ofs_y = -2},
    {.bitmap_index = 25951, .adv_w = 448, .box_w = 26, .box_h = 27, .ofs_x = 0, .ofs_y = -3},
    {.bitmap_index = 26302, .adv_w = 448, .box_w = 27, .box_h = 27, .ofs_x = 1, .ofs_y = -3},
    {.bitmap_index = 26667, .adv_w = 448, .box_w = 28, .box_h = 26, .ofs_x = 0, .ofs_y = -2},
    {.bitmap_index = 27031, .adv_w = 448, .box_w = 27, .box_h = 27, .ofs_x = 1, .ofs_y = -3},
    {.bitmap_index = 27396, .adv_w = 448, .box_w = 27, .box_h = 25, .ofs_x = 1, .ofs_y = -3},
    {.bitmap_index = 27734, .adv_w = 448, .box_w = 27, .box_h = 27, .ofs_x = 1, .ofs_y = -3},
    {.bitmap_index = 28099, .adv_w = 448, .box_w = 27, .box_h = 27, .ofs_x = 0, .ofs_y = -3},
    {.bitmap_index = 28464, .adv_w = 448, .box_w = 25, .box_h = 27, .ofs_x = 1, .ofs_y = -3},
    {.bitmap_index = 28802, .adv_w = 448, .box_w = 26, .box_h = 27, .ofs_x = 1, .ofs_y = -3},
    {.bitmap_index = 29153, .adv_w = 448, .box_w = 26, .box_h = 27, .ofs_x = 1, .ofs_y = -3},
    {.bitmap_index = 29504, .adv_w = 448, .box_w = 26, .box_h = 27, .ofs_x = 1, .ofs_y = -3},
    {.bitmap_index = 29855, .adv_w = 448, .box_w = 25, .box_h = 27, .ofs_x = 2, .ofs_y = -3},
    {.bitmap_index = 30193, .adv_w = 448, .box_w = 27, .box_h = 27, .ofs_x = 1, .ofs_y = -3},
    {.bitmap_index = 30558, .adv_w = 448, .box_w = 26, .box_h = 26, .ofs_x = 1, .ofs_y = -2},
    {.bitmap_index = 30896, .adv_w = 448, .box_w = 27, .box_h = 27, .ofs_x = 1, .ofs_y = -3},
    {.bitmap_index = 31261, .adv_w = 448, .box_w = 22, .box_h = 26, .ofs_x = 3, .ofs_y = -2},
    {.bitmap_index = 31547, .adv_w = 448, .box_w = 28, .box_h = 26, .ofs_x = 0, .ofs_y = -3},
    {.bitmap_index = 31911, .adv_w = 448, .box_w = 25, .box_h = 24, .ofs_x = 2, .ofs_y = -2},
    {.bitmap_index = 32211, .adv_w = 448, .box_w = 26, .box_h = 26, .ofs_x = 1, .ofs_y = -2},
    {.bitmap_index = 32549, .adv_w = 448, .box_w = 24, .box_h = 26, .ofs_x = 2, .ofs_y = -2},
    {.bitmap_index = 32861, .adv_w = 448, .box_w = 26, .box_h = 24, .ofs_x = 1, .ofs_y = -2},
    {.bitmap_index = 33173, .adv_w = 448, .box_w = 26, .box_h = 27, .ofs_x = 1, .ofs_y = -3},
    {.bitmap_index = 33524, .adv_w = 448, .box_w = 26, .box_h = 27, .ofs_x = 1, .ofs_y = -3},
    {.bitmap_index = 33875, .adv_w = 448, .box_w = 27, .box_h = 26, .ofs_x = 0, .ofs_y = -2},
    {.bitmap_index = 34226, .adv_w = 448, .box_w = 26, .box_h = 25, .ofs_x = 1, .ofs_y = -3},
    {.bitmap_index = 34551, .adv_w = 448, .box_w = 26, .box_h = 26, .ofs_x = 1, .ofs_y = -3},
    {.bitmap_index = 34889, .adv_w = 448, .box_w = 23, .box_h = 26, .ofs_x = 2, .ofs_y = -2},
    {.bitmap_index = 35188, .adv_w = 448, .box_w = 27, .box_h = 26, .ofs_x = 0, .ofs_y = -2},
    {.bitmap_index = 35539, .adv_w = 448, .box_w = 27, .box_h = 27, .ofs_x = 0, .ofs_y = -3},
    {.bitmap_index = 35904, .adv_w = 448, .box_w = 27, .box_h = 25, .ofs_x = 1, .ofs_y = -2},
    {.bitmap_index = 36242, .adv_w = 448, .box_w = 27, .box_h = 27, .ofs_x = 0, .ofs_y = -3},
    {.bitmap_index = 36607, .adv_w = 448, .box_w = 27, .box_h = 26, .ofs_x = 1, .ofs_y = -2},
    {.bitmap_index = 36958, .adv_w = 448, .box_w = 26, .box_h = 26, .ofs_x = 1, .ofs_y = -2},
    {.bitmap_index = 37296, .adv_w = 448, .box_w = 26, .box_h = 26, .ofs_x = 1, .ofs_y = -2},
    {.bitmap_index = 37634, .adv_w = 448, .box_w = 26, .box_h = 26, .ofs_x = 1, .ofs_y = -2},
    {.bitmap_index = 37972, .adv_w = 448, .box_w = 26, .box_h = 26, .ofs_x = 1, .ofs_y = -2},
    {.bitmap_index = 38310, .adv_w = 448, .box_w = 27, .box_h = 27, .ofs_x = 0, .ofs_y = -3},
    {.bitmap_index = 38675, .adv_w = 448, .box_w = 27, .box_h = 27, .ofs_x = 1, .ofs_y = -3},
    {.bitmap_index = 39040, .adv_w = 448, .box_w = 26, .box_h = 27, .ofs_x = 1, .ofs_y = -3},
    {.bitmap_index = 39391, .adv_w = 448, .box_w = 27, .box_h = 27, .ofs_x = 0, .ofs_y = -3},
    {.bitmap_index = 39756, .adv_w = 448, .box_w = 27, .box_h = 27, .ofs_x = 0, .ofs_y = -3},
    {.bitmap_index = 40121, .adv_w = 448, .box_w = 26, .box_h = 27, .ofs_x = 1, .ofs_y = -3},
    {.bitmap_index = 40472, .adv_w = 448, .box_w = 27, .box_h = 27, .ofs_x = 1, .ofs_y = -3},
    {.bitmap_index = 40837, .adv_w = 448, .box_w = 27, .box_h = 27, .ofs_x = 1, .ofs_y = -3},
    {.bitmap_index = 41202, .adv_w = 448, .box_w = 27, .box_h = 27, .ofs_x = 0, .ofs_y = -3},
    {.bitmap_index = 41567, .adv_w = 448, .box_w = 27, .box_h = 26, .ofs_x = 0, .ofs_y = -2},
    {.bitmap_index = 41918, .adv_w = 448, .box_w = 27, .box_h = 27, .ofs_x = 0, .ofs_y = -3},
    {.bitmap_index = 42283, .adv_w = 448, .box_w = 28, .box_h = 27, .ofs_x = 0, .ofs_y = -3},
    {.bitmap_index = 42661, .adv_w = 448, .box_w = 27, .box_h = 27, .ofs_x = 0, .ofs_y = -3},
    {.bitmap_index = 43026, .adv_w = 448, .box_w = 26, .box_h = 27, .ofs_x = 1, .ofs_y = -3},
    {.bitmap_index = 43377, .adv_w = 448, .box_w = 27, .box_h = 27, .ofs_x = 1, .ofs_y = -3},
    {.bitmap_index = 43742, .adv_w = 448, .box_w = 27, .box_h = 26, .ofs_x = 0, .ofs_y = -2},
    {.bitmap_index = 44093, .adv_w = 448, .box_w = 27, .box_h = 27, .ofs_x = 0, .ofs_y = -3},
    {.bitmap_index = 44458, .adv_w = 448, .box_w = 27, .box_h = 25, .ofs_x = 1, .ofs_y = -3},
    {.bitmap_index = 44796, .adv_w = 448, .box_w = 25, .box_h = 27, .ofs_x = 2, .ofs_y = -3},
    {.bitmap_index = 45134, .adv_w = 448, .box_w = 26, .box_h = 24, .ofs_x = 1, .ofs_y = -1},
    {.bitmap_index = 45446, .adv_w = 448, .box_w = 26, .box_h = 26, .ofs_x = 1, .ofs_y = -2},
    {.bitmap_index = 45784, .adv_w = 448, .box_w = 27, .box_h = 26, .ofs_x = 1, .ofs_y = -3},
    {.bitmap_index = 46135, .adv_w = 448, .box_w = 26, .box_h = 26, .ofs_x = 1, .ofs_y = -2},
    {.bitmap_index = 46473, .adv_w = 448, .box_w = 28, .box_h = 26, .ofs_x = 0, .ofs_y = -3},
    {.bitmap_index = 46837, .adv_w = 448, .box_w = 27, .box_h = 26, .ofs_x = 1, .ofs_y = -2},
    {.bitmap_index = 47188, .adv_w = 448, .box_w = 26, .box_h = 26, .ofs_x = 1, .ofs_y = -2},
    {.bitmap_index = 47526, .adv_w = 448, .box_w = 26, .box_h = 26, .ofs_x = 1, .ofs_y = -2},
    {.bitmap_index = 47864, .adv_w = 448, .box_w = 27, .box_h = 26, .ofs_x = 1, .ofs_y = -2},
    {.bitmap_index = 48215, .adv_w = 448, .box_w = 27, .box_h = 26, .ofs_x = 1, .ofs_y = -2},
    {.bitmap_index = 48566, .adv_w = 448, .box_w = 27, .box_h = 27, .ofs_x = 0, .ofs_y = -3},
    {.bitmap_index = 48931, .adv_w = 448, .box_w = 27, .box_h = 26, .ofs_x = 1, .ofs_y = -2},
    {.bitmap_index = 49282, .adv_w = 448, .box_w = 27, .box_h = 27, .ofs_x = 1, .ofs_y = -3},
    {.bitmap_index = 49647, .adv_w = 448, .box_w = 26, .box_h = 24, .ofs_x = 1, .ofs_y = -2},
    {.bitmap_index = 49959, .adv_w = 448, .box_w = 27, .box_h = 26, .ofs_x = 1, .ofs_y = -2},
    {.bitmap_index = 50310, .adv_w = 448, .box_w = 26, .box_h = 27, .ofs_x = 1, .ofs_y = -3},
    {.bitmap_index = 50661, .adv_w = 448, .box_w = 27, .box_h = 27, .ofs_x = 1, .ofs_y = -3},
    {.bitmap_index = 51026, .adv_w = 448, .box_w = 26, .box_h = 27, .ofs_x = 1, .ofs_y = -3},
    {.bitmap_index = 51377, .adv_w = 448, .box_w = 26, .box_h = 26, .ofs_x = 1, .ofs_y = -2},
    {.bitmap_index = 51715, .adv_w = 448, .box_w = 26, .box_h = 27, .ofs_x = 1, .ofs_y = -3},
    {.bitmap_index = 52066, .adv_w = 448, .box_w = 25, .box_h = 27, .ofs_x = 1, .ofs_y = -3},
    {.bitmap_index = 52404, .adv_w = 448, .box_w = 26, .box_h = 26, .ofs_x = 1, .ofs_y = -3},
    {.bitmap_index = 52742, .adv_w = 448, .box_w = 28, .box_h = 27, .ofs_x = 0, .ofs_y = -3},
    {.bitmap_index = 53120, .adv_w = 448, .box_w = 26, .box_h = 26, .ofs_x = 1, .ofs_y = -3},
    {.bitmap_index = 53458, .adv_w = 448, .box_w = 27, .box_h = 25, .ofs_x = 0, .ofs_y = -2},
    {.bitmap_index = 53796, .adv_w = 448, .box_w = 25, .box_h = 25, .ofs_x = 0, .ofs_y = -3},
    {.bitmap_index = 54109, .adv_w = 448, .box_w = 24, .box_h = 26, .ofs_x = 2, .ofs_y = -2},
    {.bitmap_index = 54421, .adv_w = 448, .box_w = 28, .box_h = 26, .ofs_x = 0, .ofs_y = -2},
    {.bitmap_index = 54785, .adv_w = 448, .box_w = 25, .box_h = 27, .ofs_x = 2, .ofs_y = -3},
    {.bitmap_index = 55123, .adv_w = 448, .box_w = 26, .box_h = 26, .ofs_x = 1, .ofs_y = -2},
    {.bitmap_index = 55461, .adv_w = 448, .box_w = 26, .box_h = 26, .ofs_x = 1, .ofs_y = -2},
    {.bitmap_index = 55799, .adv_w = 448, .box_w = 26, .box_h = 27, .ofs_x = 1, .ofs_y = -3},
    {.bitmap_index = 56150, .adv_w = 448, .box_w = 26, .box_h = 27, .ofs_x = 0, .ofs_y = -3},
    {.bitmap_index = 56501, .adv_w = 448, .box_w = 25, .box_h = 27, .ofs_x = 1, .ofs_y = -3},
    {.bitmap_index = 56839, .adv_w = 448, .box_w = 26, .box_h = 25, .ofs_x = 1, .ofs_y = -3},
    {.bitmap_index = 57164, .adv_w = 448, .box_w = 26, .box_h = 26, .ofs_x = 1, .ofs_y = -2},
    {.bitmap_index = 57502, .adv_w = 448, .box_w = 27, .box_h = 26, .ofs_x = 0, .ofs_y = -2},
    {.bitmap_index = 57853, .adv_w = 448, .box_w = 24, .box_h = 26, .ofs_x = 2, .ofs_y = -2},
    {.bitmap_index = 58165, .adv_w = 448, .box_w = 26, .box_h = 26, .ofs_x = 1, .ofs_y = -2},
    {.bitmap_index = 58503, .adv_w = 448, .box_w = 26, .box_h = 26, .ofs_x = 1, .ofs_y = -2},
    {.bitmap_index = 58841, .adv_w = 448, .box_w = 26, .box_h = 26, .ofs_x = 1, .ofs_y = -2},
    {.bitmap_index = 59179, .adv_w = 448, .box_w = 26, .box_h = 25, .ofs_x = 1, .ofs_y = -2},
    {.bitmap_index = 59504, .adv_w = 448, .box_w = 27, .box_h = 26, .ofs_x = 1, .ofs_y = -2},
    {.bitmap_index = 59855, .adv_w = 448, .box_w = 28, .box_h = 26, .ofs_x = 0, .ofs_y = -2},
    {.bitmap_index = 60219, .adv_w = 448, .box_w = 27, .box_h = 26, .ofs_x = 0, .ofs_y = -2},
    {.bitmap_index = 60570, .adv_w = 448, .box_w = 27, .box_h = 26, .ofs_x = 0, .ofs_y = -2},
    {.bitmap_index = 60921, .adv_w = 448, .box_w = 27, .box_h = 27, .ofs_x = 0, .ofs_y = -3},
    {.bitmap_index = 61286, .adv_w = 448, .box_w = 26, .box_h = 25, .ofs_x = 1, .ofs_y = -1},
    {.bitmap_index = 61611, .adv_w = 448, .box_w = 26, .box_h = 27, .ofs_x = 1, .ofs_y = -3},
    {.bitmap_index = 61962, .adv_w = 448, .box_w = 24, .box_h = 24, .ofs_x = 2, .ofs_y = -2},
    {.bitmap_index = 62250, .adv_w = 448, .box_w = 26, .box_h = 25, .ofs_x = 1, .ofs_y = -2},
    {.bitmap_index = 62575, .adv_w = 448, .box_w = 26, .box_h = 27, .ofs_x = 1, .ofs_y = -3},
    {.bitmap_index = 62926, .adv_w = 448, .box_w = 20, .box_h = 26, .ofs_x = 4, .ofs_y = -2},
    {.bitmap_index = 63186, .adv_w = 448, .box_w = 27, .box_h = 26, .ofs_x = 1, .ofs_y = -2},
    {.bitmap_index = 63537, .adv_w = 448, .box_w = 27, .box_h = 26, .ofs_x = 0, .ofs_y = -2},
    {.bitmap_index = 63888, .adv_w = 448, .box_w = 26, .box_h = 26, .ofs_x = 1, .ofs_y = -3},
    {.bitmap_index = 64226, .adv_w = 448, .box_w = 26, .box_h = 26, .ofs_x = 1, .ofs_y = -2},
    {.bitmap_index = 64564, .adv_w = 448, .box_w = 26, .box_h = 26, .ofs_x = 1, .ofs_y = -2},
    {.bitmap_index = 64902, .adv_w = 448, .box_w = 27, .box_h = 27, .ofs_x = 1, .ofs_y = -3},
    {.bitmap_index = 65267, .adv_w = 448, .box_w = 26, .box_h = 25, .ofs_x = 1, .ofs_y = -2},
    {.bitmap_index = 65592, .adv_w = 448, .box_w = 27, .box_h = 26, .ofs_x = 1, .ofs_y = -3},
    {.bitmap_index = 65943, .adv_w = 448, .box_w = 27, .box_h = 27, .ofs_x = 1, .ofs_y = -3},
    {.bitmap_index = 66308, .adv_w = 448, .box_w = 26, .box_h = 26, .ofs_x = 1, .ofs_y = -2},
    {.bitmap_index = 66646, .adv_w = 448, .box_w = 25, .box_h = 26, .ofs_x = 1, .ofs_y = -3},
    {.bitmap_index = 66971, .adv_w = 448, .box_w = 27, .box_h = 27, .ofs_x = 1, .ofs_y = -3},
    {.bitmap_index = 67336, .adv_w = 448, .box_w = 28, .box_h = 27, .ofs_x = 0, .ofs_y = -3},
    {.bitmap_index = 67714, .adv_w = 448, .box_w = 27, .box_h = 27, .ofs_x = 0, .ofs_y = -3},
    {.bitmap_index = 68079, .adv_w = 448, .box_w = 27, .box_h = 27, .ofs_x = 0, .ofs_y = -3},
    {.bitmap_index = 68444, .adv_w = 448, .box_w = 27, .box_h = 26, .ofs_x = 1, .ofs_y = -3},
    {.bitmap_index = 68795, .adv_w = 448, .box_w = 26, .box_h = 27, .ofs_x = 1, .ofs_y = -3},
    {.bitmap_index = 69146, .adv_w = 448, .box_w = 28, .box_h = 27, .ofs_x = 0, .ofs_y = -3},
    {.bitmap_index = 69524, .adv_w = 448, .box_w = 28, .box_h = 27, .ofs_x = 0, .ofs_y = -3},
    {.bitmap_index = 69902, .adv_w = 448, .box_w = 26, .box_h = 25, .ofs_x = 1, .ofs_y = -2},
    {.bitmap_index = 70227, .adv_w = 448, .box_w = 27, .box_h = 26, .ofs_x = 1, .ofs_y = -3},
    {.bitmap_index = 70578, .adv_w = 448, .box_w = 26, .box_h = 25, .ofs_x = 1, .ofs_y = -2},
    {.bitmap_index = 70903, .adv_w = 448, .box_w = 26, .box_h = 26, .ofs_x = 1, .ofs_y = -2},
    {.bitmap_index = 71241, .adv_w = 448, .box_w = 26, .box_h = 25, .ofs_x = 1, .ofs_y = -2},
    {.bitmap_index = 71566, .adv_w = 448, .box_w = 27, .box_h = 27, .ofs_x = 0, .ofs_y = -3},
    {.bitmap_index = 71931, .adv_w = 448, .box_w = 26, .box_h = 26, .ofs_x = 1, .ofs_y = -2},
    {.bitmap_index = 72269, .adv_w = 448, .box_w = 24, .box_h = 27, .ofs_x = 2, .ofs_y = -3},
    {.bitmap_index = 72593, .adv_w = 448, .box_w = 26, .box_h = 26, .ofs_x = 2, .ofs_y = -2},
    {.bitmap_index = 72931, .adv_w = 448, .box_w = 27, .box_h = 26, .ofs_x = 1, .ofs_y = -3},
    {.bitmap_index = 73282, .adv_w = 448, .box_w = 26, .box_h = 26, .ofs_x = 1, .ofs_y = -3},
    {.bitmap_index = 73620, .adv_w = 448, .box_w = 26, .box_h = 26, .ofs_x = 1, .ofs_y = -2},
    {.bitmap_index = 73958, .adv_w = 448, .box_w = 26, .box_h = 26, .ofs_x = 1, .ofs_y = -3},
    {.bitmap_index = 74296, .adv_w = 448, .box_w = 27, .box_h = 26, .ofs_x = 1, .ofs_y = -3},
    {.bitmap_index = 74647, .adv_w = 448, .box_w = 26, .box_h = 26, .ofs_x = 1, .ofs_y = -2},
    {.bitmap_index = 74985, .adv_w = 448, .box_w = 25, .box_h = 26, .ofs_x = 1, .ofs_y = -3},
    {.bitmap_index = 75310, .adv_w = 448, .box_w = 25, .box_h = 27, .ofs_x = 2, .ofs_y = -3},
    {.bitmap_index = 75648, .adv_w = 448, .box_w = 6, .box_h = 11, .ofs_x = 4, .ofs_y = -4},
    {.bitmap_index = 75681, .adv_w = 448, .box_w = 6, .box_h = 20, .ofs_x = 4, .ofs_y = -1}
};

/*---------------------
 *  CHARACTER MAPPING
 *--------------------*/

static const uint16_t unicode_list_1[] = {
    0x0, 0x1f6f, 0x4d53, 0x4d56, 0x4d76, 0x4df7, 0x4e03, 0x4e13,
    0x4e16, 0x4e2e, 0x4e5a, 0x4e63, 0x4e69, 0x4e98, 0x4f5b, 0x4fae,
    0x5091, 0x50ae, 0x50b1, 0x50d6, 0x510f, 0x5163, 0x5179, 0x5196,
    0x51ea, 0x51f1, 0x51f2, 0x52ba, 0x52bc, 0x5313, 0x531a, 0x5338,
    0x5357, 0x5375, 0x5378, 0x5393, 0x5416, 0x55b1, 0x5627, 0x5671,
    0x5679, 0x5839, 0x584d, 0x5850, 0x5856, 0x5872, 0x587a, 0x58c6,
    0x58cb, 0x5ad1, 0x5ad2, 0x5ad5, 0x5ae7, 0x5aff, 0x5b4f, 0x5b58,
    0x5b63, 0x5b86, 0x5d3b, 0x5d77, 0x5d81, 0x5dbc, 0x5dbf, 0x5df6,
    0x5e00, 0x5e49, 0x5e4b, 0x5e9c, 0x5ece, 0x5ed1, 0x5f0c, 0x5f34,
    0x5f4a, 0x5f6e, 0x5fb8, 0x5ff1, 0x6068, 0x6159, 0x615a, 0x615f,
    0x6189, 0x619c, 0x61ed, 0x61ee, 0x624a, 0x6252, 0x62b7, 0x62ee,
    0x6319, 0x63ed, 0x647f, 0x64b9, 0x64bd, 0x64f9, 0x6529, 0x653f,
    0x6587, 0x65cb, 0x663d, 0x6652, 0x6656, 0x6673, 0x6675, 0x66aa,
    0x66ae, 0x672e, 0x6750, 0x6809, 0x6a6a, 0x6aac, 0x6b7d, 0x6b8b,
    0x6bea, 0x6c94, 0x6cd1, 0x6e58, 0x7028, 0x70b0, 0x71ff, 0x72f9,
    0x734f, 0x7471, 0x74a2, 0x75c4, 0x75cd, 0x761a, 0x7654, 0x7668,
    0x772e, 0x77b7, 0x7883, 0x7904, 0x791b, 0x79e0, 0x7a14, 0x7a92,
    0x7c44, 0x7c70, 0x7e08, 0x7e18, 0x7e22, 0x7e25, 0x7e28, 0x7e30,
    0x7e36, 0x7e9a, 0x7eb7, 0x7f9d, 0x8133, 0x864b, 0x8795, 0x88ca,
    0x8949, 0x8aaf, 0x8aed, 0x8af9, 0x8b07, 0x8b1e, 0x8b40, 0x8b4c,
    0x8c6e, 0x8cbf, 0x8d15, 0x8ecc, 0x8f19, 0x8f22, 0x8f27, 0x8f4a,
    0x8f63, 0x9096, 0x9115, 0x9116, 0x9118, 0x93f7, 0x9449, 0x9531,
    0x95b2, 0x9647, 0x9649, 0x973c, 0x97be, 0x9817, 0x98df, 0x99b5,
    0x9d6c, 0xfe55, 0xfe63
};

/*Collect the unicode lists and glyph_id offsets*/
static const lv_font_fmt_txt_cmap_t cmaps[] =
{
    {
        .range_start = 32, .range_length = 95, .glyph_id_start = 1,
        .unicode_list = NULL, .glyph_id_ofs_list = NULL, .list_length = 0, .type = LV_FONT_FMT_TXT_CMAP_FORMAT0_TINY
    },
    {
        .range_start = 183, .range_length = 65124, .glyph_id_start = 96,
        .unicode_list = unicode_list_1, .glyph_id_ofs_list = NULL, .list_length = 187, .type = LV_FONT_FMT_TXT_CMAP_SPARSE_TINY
    }
};

/*-----------------
 *    KERNING
 *----------------*/


/*Map glyph_ids to kern left classes*/
static const uint8_t kern_left_class_mapping[] =
{
    0, 0, 0, 1, 0, 0, 0, 0,
    1, 2, 0, 0, 0, 3, 4, 3,
    5, 0, 0, 0, 0, 0, 0, 0,
    0, 0, 0, 6, 6, 0, 0, 0,
    0, 0, 7, 8, 9, 10, 11, 12,
    13, 0, 0, 14, 15, 16, 0, 0,
    10, 17, 10, 18, 19, 20, 21, 22,
    23, 24, 25, 26, 2, 27, 0, 0,
    0, 0, 28, 29, 30, 0, 31, 32,
    33, 34, 0, 0, 35, 36, 34, 34,
    29, 29, 37, 38, 39, 40, 37, 41,
    42, 43, 44, 45, 2, 0, 0, 0,
    0, 0, 0, 0, 0, 0, 0, 0,
    0, 0, 0, 0, 0, 0, 0, 0,
    0, 0, 0, 0, 0, 0, 0, 0,
    0, 0, 0, 0, 0, 0, 0, 0,
    0, 0, 0, 0, 0, 0, 0, 0,
    0, 0, 0, 0, 0, 0, 0, 0,
    0, 0, 0, 0, 0, 0, 0, 0,
    0, 0, 0, 0, 0, 0, 0, 0,
    0, 0, 0, 0, 0, 0, 0, 0,
    0, 0, 0, 0, 0, 0, 0, 0,
    0, 0, 0, 0, 0, 0, 0, 0,
    0, 0, 0, 0, 0, 0, 0, 0,
    0, 0, 0, 0, 0, 0, 0, 0,
    0, 0, 0, 0, 0, 0, 0, 0,
    0, 0, 0, 0, 0, 0, 0, 0,
    0, 0, 0, 0, 0, 0, 0, 0,
    0, 0, 0, 0, 0, 0, 0, 0,
    0, 0, 0, 0, 0, 0, 0, 0,
    0, 0, 0, 0, 0, 0, 0, 0,
    0, 0, 0, 0, 0, 0, 0, 0,
    0, 0, 0, 0, 0, 0, 0, 0,
    0, 0, 0, 0, 0, 0, 0, 0,
    0, 0, 0, 0, 0, 0, 0, 0,
    0, 0, 0
};

/*Map glyph_ids to kern right classes*/
static const uint8_t kern_right_class_mapping[] =
{
    0, 0, 1, 2, 0, 0, 0, 0,
    2, 0, 3, 4, 0, 5, 6, 7,
    8, 0, 0, 0, 0, 0, 0, 0,
    0, 0, 0, 9, 10, 0, 0, 0,
    11, 0, 12, 0, 13, 0, 0, 0,
    13, 0, 0, 14, 0, 0, 0, 0,
    13, 0, 13, 0, 15, 16, 17, 18,
    19, 20, 21, 22, 0, 23, 3, 0,
    0, 0, 24, 0, 25, 25, 25, 26,
    27, 0, 28, 29, 0, 0, 30, 30,
    25, 30, 25, 30, 31, 32, 33, 34,
    35, 36, 37, 38, 0, 0, 3, 0,
    0, 0, 0, 0, 0, 0, 0, 0,
    0, 0, 0, 0, 0, 0, 0, 0,
    0, 0, 0, 0, 0, 0, 0, 0,
    0, 0, 0, 0, 0, 0, 0, 0,
    0, 0, 0, 0, 0, 0, 0, 0,
    0, 0, 0, 0, 0, 0, 0, 0,
    0, 0, 0, 0, 0, 0, 0, 0,
    0, 0, 0, 0, 0, 0, 0, 0,
    0, 0, 0, 0, 0, 0, 0, 0,
    0, 0, 0, 0, 0, 0, 0, 0,
    0, 0, 0, 0, 0, 0, 0, 0,
    0, 0, 0, 0, 0, 0, 0, 0,
    0, 0, 0, 0, 0, 0, 0, 0,
    0, 0, 0, 0, 0, 0, 0, 0,
    0, 0, 0, 0, 0, 0, 0, 0,
    0, 0, 0, 0, 0, 0, 0, 0,
    0, 0, 0, 0, 0, 0, 0, 0,
    0, 0, 0, 0, 0, 0, 0, 0,
    0, 0, 0, 0, 0, 0, 0, 0,
    0, 0, 0, 0, 0, 0, 0, 0,
    0, 0, 0, 0, 0, 0, 0, 0,
    0, 0, 0, 0, 0, 0, 0, 0,
    0, 0, 0, 0, 0, 0, 0, 0,
    0, 0, 0
};

/*Kern values between classes*/
static const int8_t kern_class_values[] =
{
    0, 0, 0, 0, -60, 0, -60, 0,
    0, 0, 0, -30, 0, -51, -5, 0,
    0, 0, 0, -5, 0, 0, 0, 0,
    -13, 0, 0, 0, 0, 0, -10, 0,
    0, 0, 0, 0, 0, 0, 0, 0,
    0, 0, 0, 0, 0, 0, 0, 0,
    0, 0, 0, -10, 0, 0, 0, 0,
    0, 0, 0, 0, 0, 0, 0, 0,
    0, 0, 40, 0, 0, 0, 0, 0,
    0, 0, 0, 0, 0, -53, 0, -74,
    0, 0, 0, 0, 0, 0, 0, 0,
    0, 0, 0, -50, -11, -34, -17, 0,
    -50, 0, 0, 0, -6, 0, 0, 0,
    15, 0, 0, -26, 0, -22, -13, 0,
    -10, 0, 0, 0, 0, 0, 0, 0,
    0, 0, 0, 0, 0, 0, 0, -10,
    -10, -25, 0, -9, -5, -15, -35, -10,
    0, 0, 0, 0, 0, 0, 0, 0,
    0, -13, 0, -5, 0, -8, 0, 0,
    0, 0, 0, 0, 0, 0, 0, 0,
    0, 0, 0, -20, -5, -40, 0, 0,
    0, 0, 0, 0, 0, 0, 0, -13,
    -13, 0, -5, 10, 10, 0, 0, 2,
    -10, 0, 0, 0, 0, 0, 0, 0,
    0, -22, 0, 0, 0, 0, 0, 0,
    0, 0, 0, 0, 0, 0, 0, 0,
    0, 0, -15, 0, 0, 0, 0, 0,
    0, 0, 2, 0, 0, 0, 0, 0,
    0, 0, 0, 0, 0, -30, 0, -46,
    0, 0, 0, 0, 0, 0, -15, -3,
    -5, 0, 0, -30, -7, -8, 0, 0,
    -8, -3, -20, 10, 0, -5, 0, 0,
    0, 0, 10, -8, -3, -5, -3, -3,
    -5, 0, 0, 0, 0, -15, 0, 0,
    0, 0, 0, 0, 0, 0, 0, -9,
    -8, -13, 0, -4, -3, -3, -8, -3,
    0, 0, 0, 0, 0, 0, 0, 0,
    0, -5, 0, -8, -5, -5, -8, 0,
    0, 0, 0, 0, 0, -15, 0, 0,
    0, 0, 0, 0, -16, -5, -13, -8,
    -8, -3, -3, -3, -5, -5, 0, 0,
    0, 0, -10, 0, 0, 0, 0, -15,
    -5, -8, -5, 0, -8, 0, 0, 0,
    0, -16, 0, 0, 0, -8, 0, 0,
    0, -5, 0, -22, 0, -13, 0, -5,
    -3, -10, -10, -10, 0, 0, 0, 0,
    0, 0, 0, 0, 0, 0, 0, 0,
    0, -8, 0, -5, 0, 0, 0, 0,
    0, 0, 0, 0, 0, 0, 0, 0,
    0, 0, 0, 0, 0, 0, 0, 0,
    0, 0, 0, 0, -5, 0, 0, 0,
    0, 0, 0, -13, 0, -5, 0, -17,
    -5, 0, 0, 0, 0, 0, -39, 0,
    -39, -32, 0, 0, 0, -19, -5, -69,
    -11, 0, 0, 0, 0, -13, -2, -15,
    0, -17, -8, 0, -13, 0, 0, -10,
    -11, -5, -9, -12, -10, -15, -10, -18,
    0, 0, 0, -13, 0, 0, 0, 0,
    0, 0, 0, -3, 0, 0, 0, -10,
    0, -8, -3, 0, 0, 0, 0, 0,
    0, 0, 0, 0, 0, 0, 0, 0,
    0, 0, 0, 0, 0, 0, 0, 0,
    0, 0, -13, 0, -13, 0, 0, 0,
    0, 0, 0, -20, 0, 0, 0, 0,
    0, 0, 0, 0, 0, 0, 0, 0,
    0, 0, 0, 0, 0, 0, 0, 0,
    0, 0, 0, 0, 0, -13, 0, -20,
    0, -18, 0, 0, 0, 0, -5, -5,
    -11, 0, -6, -10, -8, -7, -5, 0,
    -10, 0, 0, 0, -5, 0, 0, 0,
    -5, 0, 0, -20, -7, -12, -10, -10,
    -12, -8, 0, -53, 0, -80, 0, -26,
    0, 0, 0, 0, -19, 0, -15, 0,
    -12, -60, -16, -39, -29, 0, -40, 0,
    -40, 0, -6, -8, -3, 0, 0, 0,
    0, -11, -5, -21, -17, 0, -21, 0,
    0, 0, 0, 0, -60, -15, -60, -34,
    0, 0, 0, -25, 0, -73, -5, -11,
    0, 0, 0, -13, -5, -35, 0, -20,
    -12, 0, -13, 0, 0, 0, -5, 0,
    0, 0, 0, -8, 0, -10, 0, 0,
    0, -5, 0, -16, 0, 0, 0, 0,
    0, -3, 0, -8, -7, -8, 0, 0,
    3, -3, -3, -5, 0, -3, -5, 0,
    -3, 0, 0, 0, 0, 0, 0, 0,
    0, -5, 0, -5, 0, 0, 0, -8,
    0, 8, 0, 0, 0, 0, 0, 0,
    0, -8, -8, -10, 0, 0, 0, 0,
    -8, 0, 0, 0, 0, 0, 0, 0,
    0, 0, 0, -13, 0, 0, 0, 0,
    0, -2, 0, 0, 0, 0, -55, -35,
    -55, -42, -10, -10, 0, -20, -13, -63,
    -17, 0, 0, 0, 0, -10, -8, -26,
    0, -35, -35, -8, -35, 0, 0, -23,
    -30, -8, -23, -15, -16, -17, -15, -36,
    0, 0, 0, 0, -10, 0, -10, -13,
    0, 0, 0, -8, 0, -25, -5, 0,
    0, -3, 0, -5, -8, 0, 0, -3,
    0, 0, -5, 0, 0, 0, -3, 0,
    0, 0, 0, -5, 0, 0, 0, 0,
    0, 0, -34, -9, -34, -21, 0, 0,
    0, -8, -5, -35, -5, 0, -5, 5,
    0, 0, 0, -9, 0, -13, -8, 0,
    -11, 0, 0, -10, -7, 0, -15, -4,
    -4, -8, -4, -12, 0, 0, 0, 0,
    -17, -5, -17, -12, 0, 0, 0, 0,
    -3, -30, -3, 0, 0, 0, 0, 0,
    0, -3, 0, -8, 0, 0, -5, 0,
    0, 0, 0, 0, 0, 0, 0, 0,
    0, -5, 0, -5, 0, -5, 0, -15,
    0, 0, 0, 0, 0, 0, -10, -3,
    -8, -10, -5, 0, 0, 0, 0, 0,
    0, -5, -5, -10, 0, 0, 0, 0,
    0, -10, -5, -10, -8, -5, -10, -8,
    0, 0, 0, 0, -49, -35, -49, -30,
    -14, -14, -5, -8, -8, -50, -9, -8,
    -5, 0, 0, 0, 0, -13, 0, -35,
    -23, 0, -30, 0, 0, -20, -23, -18,
    -17, -8, -13, -17, -8, -25, 0, 0,
    0, 0, 0, -16, 0, 0, 0, 0,
    0, -3, -10, -15, -15, 0, -5, -3,
    -3, 0, -8, -8, 0, -8, -10, -10,
    -7, 0, 0, 0, 0, -8, -10, -8,
    -8, -13, -8, 0, 0, 0, 0, 0,
    0, 0, 0, 0, 0, 0, 0, 0,
    0, 0, 0, -40, -13, -25, -13, 0,
    -35, 0, 0, 0, 0, 0, 15, 0,
    35, 0, 0, 0, 0, -10, -5, 0,
    5, 0, 0, 0, 0, -26, 0, 0,
    0, 0, 0, 0, -9, 0, 0, 0,
    0, -13, 0, -10, -3, 0, -13, 0,
    0, 0, 0, 0, 0, 0, 0, 0,
    0, -8, 0, 0, 0, 0, 0, 0,
    0, -13, 0, -10, -5, 3, -5, 0,
    0, 0, -9, 0, 0, 0, 0, -29,
    0, -9, 0, -3, -25, 0, -15, -7,
    0, -1, 0, 0, 0, 0, -1, -10,
    0, -3, -3, -10, -3, -4, 0, 0,
    0, 0, 0, -12, 0, 0, 0, 0,
    0, 0, 0, 0, 0, -10, 0, -8,
    0, 0, -13, 0, 0, -5, -12, 0,
    -5, 0, 0, 0, 0, -5, 0, 3,
    3, 2, 3, 0, 0, 0, 0, -16,
    0, 5, 0, 0, 0, 0, -5, 0,
    0, -10, -10, -13, 0, -10, -5, 0,
    -15, 0, -12, -7, 0, -1, -5, 0,
    0, 0, 0, -5, 0, 0, 0, -5,
    0, 0, 5, 20, 23, 0, -27, -8,
    -27, -5, 0, 0, 13, 0, 0, 0,
    0, 23, 0, 33, 23, 15, 28, 0,
    26, -10, -5, 0, -7, 0, -5, 0,
    -3, 0, 0, 5, 0, -3, 0, -8,
    0, 0, 5, -15, 0, 0, 0, 21,
    0, 0, -20, 0, 0, 0, 0, -15,
    0, 0, 0, 0, -8, 0, 0, -9,
    -8, 0, 0, 0, 20, 0, 0, 0,
    0, -3, -3, 0, 6, -8, 0, 0,
    0, -16, 0, 0, 0, 0, 0, 0,
    -5, 0, 0, 0, 0, -13, 0, -5,
    0, 0, -10, 0, 0, 0, 0, 0,
    0, 0, 0, 0, 0, 0, 0, 0,
    0, 0, 0, 0, 0, 0, 0, -11,
    5, -29, 5, 0, 5, 5, -9, 0,
    0, 0, 0, -20, 0, 0, 0, 0,
    -7, 0, 0, -5, -11, 0, -5, 0,
    -5, 0, 0, -13, -8, 0, 0, -5,
    0, -5, 0, 0, 0, 0, 0, 0,
    0, 0, 0, 0, 0, 0, 0, 0,
    0, 0, 0, 0, 0, 0, 0, 0,
    0, 0, 0, 0, 0, 0, 4, 0,
    0, 0, 0, 0, 0, 0, 0, 0,
    0, 0, 0, -11, 0, 0, 0, 0,
    0, 0, 0, 0, 0, 0, 0, -10,
    0, -8, 0, 0, -15, 0, 0, 0,
    0, 0, 0, 0, 0, 0, 0, 0,
    0, 0, 0, 0, 0, 0, 0, 0,
    0, 0, -34, -13, -34, -16, 10, 10,
    0, -8, 0, -30, 0, 0, 0, 0,
    0, 0, 0, -5, 5, -13, -5, 0,
    -5, 0, 0, 0, -3, 0, 0, 10,
    8, 0, 10, -3, 0, 0, 0, -22,
    0, 5, 0, 0, 0, 0, -8, 0,
    0, 0, 0, -13, 0, -5, 0, 0,
    -10, 0, 0, 0, 0, 0, 0, 0,
    0, 0, 0, -10, 0, 0, 0, 0,
    0, 0, 0, 0, 0, 0, 0, -15,
    0, 3, 5, 5, -15, 0, 0, 0,
    0, -8, 0, 0, 0, 0, -3, 0,
    0, -11, -8, 0, -5, 0, 0, 0,
    -5, -10, 0, 0, 0, -8, 0, 0,
    0, 0, 0, -6, -22, -5, -22, -10,
    0, 0, 0, -6, 0, -20, 0, -10,
    0, -4, 0, 0, -8, -5, 0, -10,
    -3, 0, 0, 0, -5, 0, 0, 0,
    0, 0, 0, 0, 0, -13, 0, 0,
    0, -6, -27, 0, -27, -3, 0, 0,
    0, -3, 0, -15, 0, -13, 0, -4,
    0, -8, -13, 0, 0, -5, -3, 0,
    0, 0, -5, 0, 0, 0, 0, 0,
    0, 0, 0, -10, -8, 0, 0, -11,
    5, -8, -5, 0, 0, 5, 0, 0,
    -5, 0, -3, -15, 0, -8, 0, -5,
    -17, 0, 0, -5, -10, 0, 0, 0,
    0, 0, 0, -13, 0, 0, 0, 0,
    -3, 0, 0, 0, 0, 0, -22, 0,
    -22, -5, 0, 0, 0, 0, 0, -20,
    0, -10, 0, -3, 0, -3, -5, 0,
    0, -10, -3, 0, 0, 0, -5, 0,
    0, 0, 0, 0, 0, -8, 0, -13,
    0, 0, 0, 0, 0, -10, 0, 0,
    0, 0, 0, 0, 0, 0, 0, -13,
    0, 0, 0, 0, -13, 0, 0, -10,
    -5, 0, -3, 0, 0, 0, 0, 0,
    -5, -3, 0, 0, -3, 0
};


/*Collect the kern class' data in one place*/
static const lv_font_fmt_txt_kern_classes_t kern_classes =
{
    .class_pair_values   = kern_class_values,
    .left_class_mapping  = kern_left_class_mapping,
    .right_class_mapping = kern_right_class_mapping,
    .left_class_cnt      = 45,
    .right_class_cnt     = 38,
};

/*--------------------
 *  ALL CUSTOM DATA
 *--------------------*/

#if LVGL_VERSION_MAJOR == 8
/*Store all the custom data of the font*/
static  lv_font_fmt_txt_glyph_cache_t cache;
#endif

#if LVGL_VERSION_MAJOR >= 8
static const lv_font_fmt_txt_dsc_t font_dsc = {
#else
static lv_font_fmt_txt_dsc_t font_dsc = {
#endif
    .glyph_bitmap = glyph_bitmap,
    .glyph_dsc = glyph_dsc,
    .cmaps = cmaps,
    .kern_dsc = &kern_classes,
    .kern_scale = 16,
    .cmap_num = 2,
    .bpp = 4,
    .kern_classes = 1,
    .bitmap_format = 0,
#if LVGL_VERSION_MAJOR == 8
    .cache = &cache
#endif
};



/*-----------------
 *  PUBLIC FONT
 *----------------*/

/*Initialize a public general font descriptor*/
#if LVGL_VERSION_MAJOR >= 8
const lv_font_t lv_font_velacare_cn_28 = {
#else
lv_font_t lv_font_velacare_cn_28 = {
#endif
    .get_glyph_dsc = lv_font_get_glyph_dsc_fmt_txt,    /*Function pointer to get glyph's data*/
    .get_glyph_bitmap = lv_font_get_bitmap_fmt_txt,    /*Function pointer to get glyph's bitmap*/
    .line_height = 34,          /*The maximum line height required by the font*/
    .base_line = 8,             /*Baseline measured from the bottom of the line*/
#if !(LVGL_VERSION_MAJOR == 6 && LVGL_VERSION_MINOR == 0)
    .subpx = LV_FONT_SUBPX_NONE,
#endif
#if LV_VERSION_CHECK(7, 4, 0) || LVGL_VERSION_MAJOR >= 8
    .underline_position = -3,
    .underline_thickness = 1,
#endif
    .dsc = &font_dsc,          /*The custom font data. Will be accessed by `get_glyph_bitmap/dsc` */
#if LV_VERSION_CHECK(8, 2, 0) || LVGL_VERSION_MAJOR >= 9
    .fallback = NULL,
#endif
    .user_data = NULL,
};



#endif /*#if LV_FONT_VELACARE_CN_28*/

