/*******************************************************************************
 * Size: 18 px
 * Bpp: 4
 * Opts: --bpp 4 --size 18 --font C:\Users\gzf\Desktop\open-vela\tmp\NotoSansSC-Medium.otf -r 0x20-0x7F --symbols ·…上不中亮人今仍以休会传住倒健先入全再准刚到前务动助危即及发可后听启告响器回在地声处备复天失好如守安完实家将小尚尽已帮常平并庭康开异当待很心快态急息您感成我或所打护报持按据接提撤收数整新无时显暂更有服未本条来查标检次正水求没测消漏烟照状现理用留登的监看真知确示离秒窗立等系紧线经给络统继续网置联自蜂行要言警认记设试请调败赶跌较运这连送通配里重量钮销门险雾需音页风首马鸣，： --format lvgl --lv-font-name lv_font_velacare_cn_18 -o C:\Users\gzf\Desktop\open-vela\tmp\v070-freeze-fix-src\app\velacare\lv_font_velacare_cn_18.c --no-compress --no-prefilter --force-fast-kern-format
 ******************************************************************************/

#ifdef LV_LVGL_H_INCLUDE_SIMPLE
#include "lvgl.h"
#else
#include "lvgl/lvgl.h"
#endif

#ifndef LV_FONT_VELACARE_CN_18
#define LV_FONT_VELACARE_CN_18 1
#endif

#if LV_FONT_VELACARE_CN_18

/*-----------------
 *    BITMAPS
 *----------------*/

/*Store the image of the glyphs*/
static LV_ATTRIBUTE_LARGE_CONST const uint8_t glyph_bitmap[] = {
    /* U+0020 " " */

    /* U+0021 "!" */
    0xf, 0xf1, 0xe, 0xf1, 0xe, 0xf0, 0xd, 0xf0,
    0xc, 0xf0, 0xc, 0xe0, 0xb, 0xe0, 0xa, 0xd0,
    0xa, 0xc0, 0x1, 0x20, 0x9, 0xb1, 0x3f, 0xf6,
    0xc, 0xd1,

    /* U+0022 "\"" */
    0x6f, 0xb0, 0x7f, 0xb5, 0xfb, 0x6, 0xfa, 0x4f,
    0xa0, 0x5f, 0x92, 0xf8, 0x3, 0xf7, 0x1f, 0x60,
    0x1f, 0x50, 0x93, 0x0, 0x92,

    /* U+0023 "#" */
    0x0, 0xa, 0x90, 0xe, 0x60, 0x0, 0xd, 0x70,
    0xf, 0x40, 0x0, 0xf, 0x50, 0x3f, 0x10, 0xe,
    0xff, 0xff, 0xff, 0xfa, 0x5, 0x8f, 0x65, 0xae,
    0x53, 0x0, 0x4f, 0x0, 0x8c, 0x0, 0x0, 0x6d,
    0x0, 0xaa, 0x0, 0x1, 0x8c, 0x11, 0xb9, 0x10,
    0x4f, 0xff, 0xff, 0xff, 0xf3, 0x14, 0xda, 0x44,
    0xf7, 0x41, 0x0, 0xe6, 0x1, 0xf3, 0x0, 0x0,
    0xf4, 0x3, 0xf1, 0x0, 0x2, 0xf2, 0x5, 0xf0,
    0x0,

    /* U+0024 "$" */
    0x0, 0x0, 0x8e, 0x0, 0x0, 0x0, 0x0, 0x8e,
    0x0, 0x0, 0x0, 0x1a, 0xff, 0xd7, 0x0, 0x0,
    0xef, 0xeb, 0xef, 0x80, 0x6, 0xfb, 0x0, 0x7,
    0x10, 0x7, 0xf8, 0x0, 0x0, 0x0, 0x4, 0xfe,
    0x20, 0x0, 0x0, 0x0, 0xaf, 0xf9, 0x10, 0x0,
    0x0, 0x5, 0xef, 0xe5, 0x0, 0x0, 0x0, 0x8,
    0xff, 0x60, 0x0, 0x0, 0x0, 0x5f, 0xd0, 0x0,
    0x0, 0x0, 0xf, 0xf0, 0x5, 0x80, 0x0, 0x4f,
    0xd0, 0xb, 0xff, 0xbb, 0xff, 0x50, 0x0, 0x6c,
    0xff, 0xc5, 0x0, 0x0, 0x0, 0x8e, 0x0, 0x0,
    0x0, 0x0, 0x8e, 0x0, 0x0,

    /* U+0025 "%" */
    0x1, 0xae, 0xd5, 0x0, 0x0, 0xd, 0x60, 0x0,
    0x0, 0xbd, 0x48, 0xf3, 0x0, 0x6, 0xd0, 0x0,
    0x0, 0x2f, 0x60, 0xe, 0xa0, 0x1, 0xe5, 0x0,
    0x0, 0x4, 0xf3, 0x0, 0xbc, 0x0, 0x8c, 0x0,
    0x0, 0x0, 0x4f, 0x30, 0xb, 0xc0, 0x2f, 0x30,
    0x0, 0x0, 0x2, 0xf5, 0x0, 0xda, 0xa, 0xa0,
    0x6d, 0xe9, 0x0, 0xc, 0xc1, 0x5f, 0x43, 0xf1,
    0x5f, 0x74, 0xe9, 0x0, 0x2d, 0xff, 0x80, 0xc8,
    0xb, 0xc0, 0x7, 0xf0, 0x0, 0x1, 0x0, 0x5e,
    0x0, 0xe9, 0x0, 0x4f, 0x20, 0x0, 0x0, 0xd,
    0x60, 0xe, 0x90, 0x5, 0xf2, 0x0, 0x0, 0x7,
    0xd0, 0x0, 0xbc, 0x0, 0x7f, 0x0, 0x0, 0x1,
    0xe4, 0x0, 0x5, 0xf7, 0x4e, 0x90, 0x0, 0x0,
    0x9b, 0x0, 0x0, 0x6, 0xde, 0x90, 0x0,

    /* U+0026 "&" */
    0x0, 0x4, 0xcf, 0xd4, 0x0, 0x0, 0x0, 0x3,
    0xfe, 0x8d, 0xf1, 0x0, 0x0, 0x0, 0x9f, 0x30,
    0x6f, 0x40, 0x0, 0x0, 0xa, 0xf1, 0x9, 0xf1,
    0x0, 0x0, 0x0, 0x6f, 0x69, 0xf8, 0x0, 0x0,
    0x0, 0x0, 0xff, 0xf6, 0x0, 0x0, 0x10, 0x0,
    0x8f, 0xfa, 0x0, 0x0, 0xef, 0x0, 0xaf, 0xbb,
    0xf7, 0x0, 0x4f, 0x90, 0x3f, 0xe0, 0xd, 0xf8,
    0xd, 0xf2, 0x5, 0xfa, 0x0, 0x1c, 0xfe, 0xf7,
    0x0, 0x2f, 0xe1, 0x0, 0x1e, 0xff, 0x60, 0x0,
    0xaf, 0xfa, 0xae, 0xfb, 0xef, 0xe3, 0x0, 0x6c,
    0xfd, 0xb4, 0x1, 0x8d, 0x0,

    /* U+0027 "'" */
    0x6f, 0xb5, 0xfb, 0x4f, 0xa2, 0xf8, 0x1f, 0x60,
    0x93,

    /* U+0028 "(" */
    0x0, 0x6, 0x10, 0x5, 0xf4, 0x0, 0xdc, 0x0,
    0x4f, 0x50, 0xa, 0xf0, 0x0, 0xec, 0x0, 0x1f,
    0x90, 0x4, 0xf6, 0x0, 0x5f, 0x50, 0x5, 0xf4,
    0x0, 0x5f, 0x50, 0x3, 0xf6, 0x0, 0x1f, 0x90,
    0x0, 0xdc, 0x0, 0x9, 0xf1, 0x0, 0x3f, 0x60,
    0x0, 0xdd, 0x0, 0x4, 0xf5, 0x0, 0x5, 0x0,

    /* U+0029 ")" */
    0x5, 0x20, 0x0, 0xeb, 0x0, 0x6, 0xf4, 0x0,
    0xf, 0xa0, 0x0, 0xaf, 0x10, 0x6, 0xf4, 0x0,
    0x2f, 0x80, 0x0, 0xfa, 0x0, 0xf, 0xb0, 0x0,
    0xec, 0x0, 0xf, 0xb0, 0x0, 0xfa, 0x0, 0x3f,
    0x80, 0x6, 0xf4, 0x0, 0xaf, 0x0, 0xf, 0xa0,
    0x6, 0xf3, 0x0, 0xea, 0x0, 0x4, 0x20, 0x0,

    /* U+002A "*" */
    0x0, 0x4f, 0x0, 0x2, 0x5, 0xf0, 0x11, 0xcf,
    0xef, 0xef, 0x80, 0x6f, 0xfd, 0x40, 0x6, 0xfd,
    0xf2, 0x0, 0xd8, 0xc, 0x80, 0x1, 0x0, 0x10,
    0x0,

    /* U+002B "+" */
    0x0, 0x0, 0x11, 0x0, 0x0, 0x0, 0x0, 0xae,
    0x0, 0x0, 0x0, 0x0, 0xae, 0x0, 0x0, 0x0,
    0x0, 0xae, 0x0, 0x0, 0x2, 0x22, 0xbe, 0x22,
    0x21, 0x4f, 0xff, 0xff, 0xff, 0xf9, 0x15, 0x55,
    0xcf, 0x55, 0x53, 0x0, 0x0, 0xae, 0x0, 0x0,
    0x0, 0x0, 0xae, 0x0, 0x0, 0x0, 0x0, 0xae,
    0x0, 0x0,

    /* U+002C "," */
    0x1, 0x85, 0x0, 0x8f, 0xf1, 0x4, 0xef, 0x50,
    0x2, 0xf3, 0x1, 0xbd, 0x0, 0xde, 0x20, 0x4,
    0x10, 0x0,

    /* U+002D "-" */
    0x18, 0x88, 0x84, 0x2f, 0xff, 0xf9,

    /* U+002E "." */
    0x3c, 0x70, 0x9f, 0xf0, 0x4e, 0x80,

    /* U+002F "/" */
    0x0, 0x0, 0xe, 0x80, 0x0, 0x3, 0xf3, 0x0,
    0x0, 0x7e, 0x0, 0x0, 0xc, 0xa0, 0x0, 0x1,
    0xf5, 0x0, 0x0, 0x5f, 0x10, 0x0, 0xa, 0xc0,
    0x0, 0x0, 0xe8, 0x0, 0x0, 0x3f, 0x30, 0x0,
    0x7, 0xe0, 0x0, 0x0, 0xca, 0x0, 0x0, 0x1f,
    0x50, 0x0, 0x5, 0xf1, 0x0, 0x0, 0xac, 0x0,
    0x0, 0xe, 0x80, 0x0, 0x3, 0xf3, 0x0, 0x0,
    0x7e, 0x0, 0x0, 0x5, 0x50, 0x0, 0x0,

    /* U+0030 "0" */
    0x0, 0x9, 0xde, 0xa2, 0x0, 0x0, 0xcf, 0xcb,
    0xfe, 0x20, 0x6, 0xfa, 0x0, 0x6f, 0x90, 0xc,
    0xf3, 0x0, 0xf, 0xf0, 0xf, 0xf0, 0x0, 0xb,
    0xf3, 0xf, 0xe0, 0x0, 0xa, 0xf4, 0x2f, 0xd0,
    0x0, 0x9, 0xf6, 0xf, 0xe0, 0x0, 0xa, 0xf4,
    0xf, 0xf0, 0x0, 0xb, 0xf2, 0xc, 0xf3, 0x0,
    0xf, 0xf0, 0x5, 0xfa, 0x0, 0x6f, 0x90, 0x0,
    0xcf, 0xcb, 0xfe, 0x20, 0x0, 0x9, 0xde, 0xa2,
    0x0,

    /* U+0031 "1" */
    0x1, 0x5c, 0xf8, 0x0, 0x0, 0xef, 0xff, 0x80,
    0x0, 0x4, 0x4a, 0xf8, 0x0, 0x0, 0x0, 0x8f,
    0x80, 0x0, 0x0, 0x8, 0xf8, 0x0, 0x0, 0x0,
    0x8f, 0x80, 0x0, 0x0, 0x8, 0xf8, 0x0, 0x0,
    0x0, 0x8f, 0x80, 0x0, 0x0, 0x8, 0xf8, 0x0,
    0x0, 0x0, 0x8f, 0x80, 0x0, 0x0, 0x8, 0xf8,
    0x0, 0x4, 0xaa, 0xdf, 0xda, 0xa1, 0x7f, 0xff,
    0xff, 0xff, 0x10,

    /* U+0032 "2" */
    0x0, 0x7d, 0xfd, 0x91, 0x0, 0xb, 0xfe, 0xbd,
    0xfe, 0x0, 0xb, 0x80, 0x0, 0xbf, 0x70, 0x0,
    0x0, 0x0, 0x5f, 0xa0, 0x0, 0x0, 0x0, 0x6f,
    0x90, 0x0, 0x0, 0x0, 0xaf, 0x50, 0x0, 0x0,
    0x3, 0xfe, 0x0, 0x0, 0x0, 0xd, 0xf5, 0x0,
    0x0, 0x0, 0xbf, 0x90, 0x0, 0x0, 0xa, 0xfb,
    0x0, 0x0, 0x0, 0xbf, 0xb0, 0x0, 0x0, 0xc,
    0xff, 0xaa, 0xbb, 0xb3, 0x3f, 0xff, 0xff, 0xff,
    0xf5,

    /* U+0033 "3" */
    0x0, 0x6b, 0xee, 0xb3, 0x0, 0xb, 0xfe, 0xbe,
    0xff, 0x30, 0x3, 0x70, 0x0, 0x9f, 0xa0, 0x0,
    0x0, 0x0, 0x5f, 0xb0, 0x0, 0x0, 0x0, 0xbf,
    0x70, 0x0, 0x6, 0xae, 0xf7, 0x0, 0x0, 0xc,
    0xff, 0xd5, 0x0, 0x0, 0x0, 0x15, 0xcf, 0x80,
    0x0, 0x0, 0x0, 0x1f, 0xf1, 0x0, 0x0, 0x0,
    0xe, 0xf3, 0x1c, 0x50, 0x0, 0x5f, 0xf0, 0x2e,
    0xfe, 0xbc, 0xff, 0x60, 0x1, 0x8d, 0xfe, 0xb4,
    0x0,

    /* U+0034 "4" */
    0x0, 0x0, 0xa, 0xff, 0x0, 0x0, 0x0, 0x5f,
    0xff, 0x0, 0x0, 0x1, 0xed, 0xdf, 0x0, 0x0,
    0x9, 0xf5, 0xdf, 0x0, 0x0, 0x4f, 0xc0, 0xef,
    0x0, 0x0, 0xdf, 0x20, 0xef, 0x0, 0x8, 0xf7,
    0x0, 0xef, 0x0, 0x3f, 0xc0, 0x0, 0xef, 0x0,
    0xaf, 0xff, 0xff, 0xff, 0xfb, 0x59, 0x99, 0x99,
    0xff, 0x96, 0x0, 0x0, 0x0, 0xef, 0x0, 0x0,
    0x0, 0x0, 0xef, 0x0, 0x0, 0x0, 0x0, 0xef,
    0x0,

    /* U+0035 "5" */
    0x1, 0xff, 0xff, 0xff, 0xa0, 0x2, 0xfe, 0xbb,
    0xbb, 0x70, 0x3, 0xfa, 0x0, 0x0, 0x0, 0x5,
    0xf8, 0x1, 0x0, 0x0, 0x6, 0xfd, 0xff, 0xe7,
    0x0, 0x4, 0xf9, 0x68, 0xff, 0x70, 0x0, 0x0,
    0x0, 0x4f, 0xf0, 0x0, 0x0, 0x0, 0xe, 0xf2,
    0x0, 0x0, 0x0, 0xd, 0xf3, 0x0, 0x0, 0x0,
    0xf, 0xf0, 0x1e, 0x60, 0x0, 0x9f, 0xb0, 0x3e,
    0xfe, 0xbe, 0xfe, 0x20, 0x1, 0x8d, 0xfd, 0xa1,
    0x0,

    /* U+0036 "6" */
    0x0, 0x3, 0xbe, 0xea, 0x20, 0x0, 0x6f, 0xfc,
    0xcf, 0xe0, 0x1, 0xfe, 0x30, 0x1, 0x20, 0x8,
    0xf6, 0x0, 0x0, 0x0, 0xd, 0xf1, 0x26, 0x51,
    0x0, 0xf, 0xf7, 0xff, 0xff, 0x50, 0xf, 0xfd,
    0x40, 0x5f, 0xf1, 0xf, 0xf1, 0x0, 0x9, 0xf4,
    0xd, 0xf1, 0x0, 0x7, 0xf7, 0xa, 0xf5, 0x0,
    0x8, 0xf5, 0x3, 0xfc, 0x0, 0x1e, 0xf1, 0x0,
    0x9f, 0xd9, 0xdf, 0x70, 0x0, 0x6, 0xcf, 0xc6,
    0x0,

    /* U+0037 "7" */
    0x1f, 0xff, 0xff, 0xff, 0xf6, 0x1b, 0xbb, 0xbb,
    0xbf, 0xf3, 0x0, 0x0, 0x0, 0x5f, 0x80, 0x0,
    0x0, 0x1, 0xed, 0x0, 0x0, 0x0, 0x9, 0xf4,
    0x0, 0x0, 0x0, 0xf, 0xe0, 0x0, 0x0, 0x0,
    0x6f, 0x70, 0x0, 0x0, 0x0, 0xbf, 0x30, 0x0,
    0x0, 0x0, 0xff, 0x0, 0x0, 0x0, 0x2, 0xfd,
    0x0, 0x0, 0x0, 0x4, 0xfc, 0x0, 0x0, 0x0,
    0x6, 0xfb, 0x0, 0x0, 0x0, 0x7, 0xfa, 0x0,
    0x0,

    /* U+0038 "8" */
    0x0, 0x2a, 0xef, 0xc5, 0x0, 0x1, 0xef, 0xa8,
    0xef, 0x50, 0x6, 0xf8, 0x0, 0x1f, 0xc0, 0x8,
    0xf5, 0x0, 0xd, 0xe0, 0x4, 0xfb, 0x0, 0xf,
    0xa0, 0x0, 0x8f, 0xc4, 0x9d, 0x10, 0x0, 0x3f,
    0xff, 0xf7, 0x0, 0x5, 0xf8, 0x5, 0xef, 0x80,
    0xe, 0xe0, 0x0, 0x1e, 0xf3, 0x1f, 0xb0, 0x0,
    0x9, 0xf6, 0xf, 0xe1, 0x0, 0xc, 0xf3, 0x6,
    0xfe, 0x98, 0xcf, 0xb0, 0x0, 0x4b, 0xef, 0xc6,
    0x0,

    /* U+0039 "9" */
    0x0, 0x3b, 0xfd, 0x90, 0x0, 0x4, 0xff, 0xac,
    0xfd, 0x0, 0xd, 0xf3, 0x0, 0x8f, 0x70, 0x1f,
    0xc0, 0x0, 0xf, 0xe0, 0x2f, 0xb0, 0x0, 0xc,
    0xf1, 0xf, 0xe0, 0x0, 0x1d, 0xf3, 0xa, 0xfa,
    0x35, 0xdf, 0xf4, 0x1, 0xcf, 0xff, 0x8b, 0xf3,
    0x0, 0x2, 0x41, 0xd, 0xf0, 0x0, 0x0, 0x0,
    0x3f, 0xc0, 0x1, 0x40, 0x1, 0xcf, 0x40, 0xb,
    0xfd, 0xbe, 0xf9, 0x0, 0x1, 0x9d, 0xfc, 0x60,
    0x0,

    /* U+003A ":" */
    0x4e, 0x80, 0x9f, 0xf0, 0x3c, 0x70, 0x0, 0x0,
    0x0, 0x0, 0x0, 0x0, 0x0, 0x0, 0x3c, 0x70,
    0x9f, 0xf0, 0x4e, 0x80,

    /* U+003B ";" */
    0x4, 0xe8, 0x0, 0x9f, 0xf0, 0x3, 0xc7, 0x0,
    0x0, 0x0, 0x0, 0x0, 0x0, 0x0, 0x0, 0x0,
    0x0, 0x0, 0x18, 0x50, 0x8, 0xff, 0x10, 0x4e,
    0xf5, 0x0, 0x2f, 0x30, 0x1b, 0xd0, 0xd, 0xe2,
    0x0, 0x41, 0x0,

    /* U+003C "<" */
    0x0, 0x0, 0x0, 0x0, 0x66, 0x0, 0x0, 0x3,
    0x9f, 0xf9, 0x0, 0x17, 0xdf, 0xfa, 0x40, 0x2b,
    0xff, 0xb5, 0x0, 0x0, 0x4f, 0xf7, 0x0, 0x0,
    0x0, 0x17, 0xdf, 0xe9, 0x30, 0x0, 0x0, 0x3,
    0x9f, 0xfe, 0x82, 0x0, 0x0, 0x0, 0x5c, 0xf9,
    0x0, 0x0, 0x0, 0x0, 0x24,

    /* U+003D "=" */
    0x4f, 0xff, 0xff, 0xff, 0xf9, 0x27, 0x77, 0x77,
    0x77, 0x74, 0x0, 0x0, 0x0, 0x0, 0x0, 0x0,
    0x0, 0x0, 0x0, 0x0, 0x2, 0x22, 0x22, 0x22,
    0x21, 0x4f, 0xff, 0xff, 0xff, 0xf9, 0x15, 0x55,
    0x55, 0x55, 0x53,

    /* U+003E ">" */
    0x37, 0x10, 0x0, 0x0, 0x0, 0x4f, 0xfb, 0x50,
    0x0, 0x0, 0x3, 0x9e, 0xfe, 0x92, 0x0, 0x0,
    0x0, 0x4a, 0xff, 0xc4, 0x0, 0x0, 0x0, 0x4e,
    0xf9, 0x0, 0x2, 0x8d, 0xfe, 0x92, 0x17, 0xcf,
    0xfb, 0x50, 0x0, 0x4f, 0xd7, 0x10, 0x0, 0x0,
    0x23, 0x0, 0x0, 0x0, 0x0,

    /* U+003F "?" */
    0x0, 0x8c, 0xfd, 0x60, 0xc, 0xfd, 0xcf, 0xf7,
    0x4, 0x40, 0x6, 0xfd, 0x0, 0x0, 0x3, 0xfc,
    0x0, 0x0, 0xa, 0xf6, 0x0, 0x0, 0x7f, 0xa0,
    0x0, 0x3, 0xfc, 0x0, 0x0, 0xb, 0xf3, 0x0,
    0x0, 0x9, 0xb0, 0x0, 0x0, 0x0, 0x0, 0x0,
    0x0, 0x9, 0xb1, 0x0, 0x0, 0x2f, 0xf6, 0x0,
    0x0, 0xb, 0xd2, 0x0,

    /* U+0040 "@" */
    0x0, 0x0, 0x6, 0xbe, 0xfd, 0xa7, 0x0, 0x0,
    0x0, 0x4, 0xef, 0xa6, 0x57, 0xaf, 0xd3, 0x0,
    0x0, 0x6f, 0xc2, 0x0, 0x0, 0x2, 0xce, 0x10,
    0x4, 0xfa, 0x0, 0x0, 0x0, 0x0, 0xe, 0xa0,
    0xd, 0xe0, 0x0, 0x0, 0x0, 0x0, 0x6, 0xf1,
    0x5f, 0x40, 0x0, 0x8d, 0xe8, 0xf2, 0x1, 0xf4,
    0xad, 0x0, 0xc, 0xe5, 0x5f, 0xe0, 0x0, 0xf6,
    0xd9, 0x0, 0x6f, 0x30, 0xd, 0xb0, 0x0, 0xf5,
    0xf8, 0x0, 0xbd, 0x0, 0xf, 0x80, 0x1, 0xf3,
    0xf9, 0x0, 0xec, 0x0, 0x3f, 0x50, 0x8, 0xd0,
    0xdc, 0x0, 0xbf, 0x32, 0xcf, 0x80, 0x6f, 0x40,
    0x9f, 0x0, 0x2e, 0xfe, 0x46, 0xff, 0xd4, 0x0,
    0x3f, 0x90, 0x0, 0x10, 0x0, 0x1, 0x0, 0x0,
    0x7, 0xf7, 0x0, 0x0, 0x0, 0x0, 0x0, 0x0,
    0x0, 0x9f, 0xc6, 0x31, 0x36, 0xa0, 0x0, 0x0,
    0x0, 0x3, 0xbf, 0xff, 0xfe, 0x80, 0x0, 0x0,
    0x0, 0x0, 0x0, 0x13, 0x10, 0x0, 0x0, 0x0,

    /* U+0041 "A" */
    0x0, 0x0, 0xcf, 0xf0, 0x0, 0x0, 0x0, 0x1,
    0xfe, 0xf4, 0x0, 0x0, 0x0, 0x7, 0xf5, 0xfa,
    0x0, 0x0, 0x0, 0xc, 0xe0, 0xdf, 0x0, 0x0,
    0x0, 0x2f, 0xa0, 0x8f, 0x50, 0x0, 0x0, 0x7f,
    0x50, 0x3f, 0xa0, 0x0, 0x0, 0xcf, 0x0, 0xe,
    0xf0, 0x0, 0x2, 0xfe, 0x99, 0x9e, 0xf5, 0x0,
    0x7, 0xff, 0xff, 0xff, 0xfa, 0x0, 0xd, 0xf1,
    0x0, 0x0, 0xff, 0x0, 0x2f, 0xd0, 0x0, 0x0,
    0xbf, 0x50, 0x7f, 0x80, 0x0, 0x0, 0x7f, 0xb0,
    0xdf, 0x40, 0x0, 0x0, 0x2f, 0xf0,

    /* U+0042 "B" */
    0x3f, 0xff, 0xfe, 0xd8, 0x10, 0x3, 0xfe, 0x99,
    0xae, 0xfd, 0x10, 0x3f, 0xd0, 0x0, 0xd, 0xf5,
    0x3, 0xfd, 0x0, 0x0, 0x9f, 0x60, 0x3f, 0xd0,
    0x0, 0xd, 0xf2, 0x3, 0xfe, 0x88, 0xae, 0xf7,
    0x0, 0x3f, 0xff, 0xff, 0xfe, 0x80, 0x3, 0xfd,
    0x0, 0x3, 0xaf, 0xb0, 0x3f, 0xd0, 0x0, 0x0,
    0xef, 0x23, 0xfd, 0x0, 0x0, 0xe, 0xf2, 0x3f,
    0xd0, 0x0, 0x6, 0xff, 0x3, 0xfe, 0x99, 0xad,
    0xff, 0x50, 0x3f, 0xff, 0xff, 0xda, 0x30, 0x0,

    /* U+0043 "C" */
    0x0, 0x6, 0xbe, 0xea, 0x40, 0x0, 0x1c, 0xff,
    0xee, 0xff, 0x60, 0xb, 0xfd, 0x20, 0x2, 0xb1,
    0x4, 0xfe, 0x10, 0x0, 0x0, 0x0, 0xaf, 0x80,
    0x0, 0x0, 0x0, 0xc, 0xf4, 0x0, 0x0, 0x0,
    0x0, 0xef, 0x30, 0x0, 0x0, 0x0, 0xc, 0xf4,
    0x0, 0x0, 0x0, 0x0, 0xaf, 0x80, 0x0, 0x0,
    0x0, 0x5, 0xfe, 0x0, 0x0, 0x0, 0x0, 0xc,
    0xfc, 0x20, 0x2, 0xc7, 0x0, 0x2d, 0xff, 0xee,
    0xff, 0x80, 0x0, 0x7, 0xbe, 0xea, 0x40, 0x0,

    /* U+0044 "D" */
    0x3f, 0xff, 0xfc, 0xa3, 0x0, 0x3, 0xff, 0xac,
    0xef, 0xf9, 0x0, 0x3f, 0xd0, 0x0, 0x5e, 0xf6,
    0x3, 0xfd, 0x0, 0x0, 0x5f, 0xf1, 0x3f, 0xd0,
    0x0, 0x0, 0xef, 0x43, 0xfd, 0x0, 0x0, 0xb,
    0xf6, 0x3f, 0xd0, 0x0, 0x0, 0xaf, 0x83, 0xfd,
    0x0, 0x0, 0xb, 0xf6, 0x3f, 0xd0, 0x0, 0x0,
    0xef, 0x43, 0xfd, 0x0, 0x0, 0x6f, 0xe1, 0x3f,
    0xd0, 0x0, 0x5f, 0xf6, 0x3, 0xff, 0xac, 0xef,
    0xf9, 0x0, 0x3f, 0xff, 0xfc, 0xa3, 0x0, 0x0,

    /* U+0045 "E" */
    0x3f, 0xff, 0xff, 0xff, 0x93, 0xff, 0xbb, 0xbb,
    0xb6, 0x3f, 0xd0, 0x0, 0x0, 0x3, 0xfd, 0x0,
    0x0, 0x0, 0x3f, 0xd0, 0x0, 0x0, 0x3, 0xff,
    0xbb, 0xbb, 0x80, 0x3f, 0xff, 0xff, 0xfa, 0x3,
    0xfd, 0x0, 0x0, 0x0, 0x3f, 0xd0, 0x0, 0x0,
    0x3, 0xfd, 0x0, 0x0, 0x0, 0x3f, 0xd0, 0x0,
    0x0, 0x3, 0xff, 0xbb, 0xbb, 0xb9, 0x3f, 0xff,
    0xff, 0xff, 0xc0,

    /* U+0046 "F" */
    0x3f, 0xff, 0xff, 0xff, 0x93, 0xff, 0xbb, 0xbb,
    0xb6, 0x3f, 0xd0, 0x0, 0x0, 0x3, 0xfd, 0x0,
    0x0, 0x0, 0x3f, 0xd0, 0x0, 0x0, 0x3, 0xfd,
    0x0, 0x0, 0x0, 0x3f, 0xff, 0xff, 0xfb, 0x3,
    0xff, 0xbb, 0xbb, 0x80, 0x3f, 0xd0, 0x0, 0x0,
    0x3, 0xfd, 0x0, 0x0, 0x0, 0x3f, 0xd0, 0x0,
    0x0, 0x3, 0xfd, 0x0, 0x0, 0x0, 0x3f, 0xd0,
    0x0, 0x0, 0x0,

    /* U+0047 "G" */
    0x0, 0x5, 0xad, 0xfd, 0x70, 0x0, 0x1b, 0xff,
    0xfd, 0xff, 0xc0, 0xa, 0xfd, 0x30, 0x0, 0x85,
    0x4, 0xff, 0x10, 0x0, 0x0, 0x0, 0x9f, 0x80,
    0x0, 0x0, 0x0, 0xc, 0xf5, 0x0, 0x0, 0x0,
    0x0, 0xef, 0x30, 0x2, 0xff, 0xff, 0x5c, 0xf4,
    0x0, 0x1a, 0xad, 0xf5, 0xaf, 0x80, 0x0, 0x0,
    0x8f, 0x55, 0xfe, 0x10, 0x0, 0x8, 0xf5, 0xb,
    0xfd, 0x30, 0x0, 0xaf, 0x50, 0x1c, 0xff, 0xfd,
    0xff, 0xe3, 0x0, 0x6, 0xbe, 0xec, 0x81, 0x0,

    /* U+0048 "H" */
    0x3f, 0xd0, 0x0, 0x0, 0x7f, 0x93, 0xfd, 0x0,
    0x0, 0x7, 0xf9, 0x3f, 0xd0, 0x0, 0x0, 0x7f,
    0x93, 0xfd, 0x0, 0x0, 0x7, 0xf9, 0x3f, 0xd0,
    0x0, 0x0, 0x7f, 0x93, 0xff, 0xcc, 0xcc, 0xce,
    0xf9, 0x3f, 0xff, 0xff, 0xff, 0xff, 0x93, 0xfd,
    0x0, 0x0, 0x7, 0xf9, 0x3f, 0xd0, 0x0, 0x0,
    0x7f, 0x93, 0xfd, 0x0, 0x0, 0x7, 0xf9, 0x3f,
    0xd0, 0x0, 0x0, 0x7f, 0x93, 0xfd, 0x0, 0x0,
    0x7, 0xf9, 0x3f, 0xd0, 0x0, 0x0, 0x7f, 0x90,

    /* U+0049 "I" */
    0x3f, 0xd3, 0xfd, 0x3f, 0xd3, 0xfd, 0x3f, 0xd3,
    0xfd, 0x3f, 0xd3, 0xfd, 0x3f, 0xd3, 0xfd, 0x3f,
    0xd3, 0xfd, 0x3f, 0xd0,

    /* U+004A "J" */
    0x0, 0x0, 0x0, 0xdf, 0x30, 0x0, 0x0, 0xd,
    0xf3, 0x0, 0x0, 0x0, 0xdf, 0x30, 0x0, 0x0,
    0xd, 0xf3, 0x0, 0x0, 0x0, 0xdf, 0x30, 0x0,
    0x0, 0xd, 0xf3, 0x0, 0x0, 0x0, 0xdf, 0x30,
    0x0, 0x0, 0xd, 0xf3, 0x0, 0x0, 0x0, 0xdf,
    0x30, 0x0, 0x0, 0xf, 0xf2, 0x2c, 0x90, 0x5,
    0xfe, 0x1, 0xef, 0xfd, 0xff, 0x70, 0x1, 0x9e,
    0xfc, 0x60, 0x0,

    /* U+004B "K" */
    0x3f, 0xd0, 0x0, 0x7, 0xfc, 0x3, 0xfd, 0x0,
    0x4, 0xfe, 0x10, 0x3f, 0xd0, 0x2, 0xff, 0x30,
    0x3, 0xfd, 0x1, 0xdf, 0x60, 0x0, 0x3f, 0xd0,
    0xbf, 0x90, 0x0, 0x3, 0xfd, 0x9f, 0xf6, 0x0,
    0x0, 0x3f, 0xff, 0xef, 0xe1, 0x0, 0x3, 0xff,
    0xf3, 0x9f, 0x90, 0x0, 0x3f, 0xf5, 0x1, 0xff,
    0x30, 0x3, 0xfd, 0x0, 0x7, 0xfd, 0x0, 0x3f,
    0xd0, 0x0, 0xd, 0xf6, 0x3, 0xfd, 0x0, 0x0,
    0x4f, 0xf1, 0x3f, 0xd0, 0x0, 0x0, 0xaf, 0xa0,

    /* U+004C "L" */
    0x3f, 0xd0, 0x0, 0x0, 0x3, 0xfd, 0x0, 0x0,
    0x0, 0x3f, 0xd0, 0x0, 0x0, 0x3, 0xfd, 0x0,
    0x0, 0x0, 0x3f, 0xd0, 0x0, 0x0, 0x3, 0xfd,
    0x0, 0x0, 0x0, 0x3f, 0xd0, 0x0, 0x0, 0x3,
    0xfd, 0x0, 0x0, 0x0, 0x3f, 0xd0, 0x0, 0x0,
    0x3, 0xfd, 0x0, 0x0, 0x0, 0x3f, 0xd0, 0x0,
    0x0, 0x3, 0xff, 0xbb, 0xbb, 0xb5, 0x3f, 0xff,
    0xff, 0xff, 0x70,

    /* U+004D "M" */
    0x3f, 0xf5, 0x0, 0x0, 0x6, 0xff, 0x33, 0xff,
    0xb0, 0x0, 0x0, 0xcf, 0xf3, 0x3f, 0xff, 0x10,
    0x0, 0x1f, 0xff, 0x33, 0xfa, 0xf6, 0x0, 0x7,
    0xfa, 0xf3, 0x3f, 0x7e, 0xc0, 0x0, 0xdc, 0x9f,
    0x33, 0xf8, 0x8f, 0x20, 0x3f, 0x6a, 0xf3, 0x3f,
    0x92, 0xf8, 0x9, 0xf1, 0xbf, 0x33, 0xf9, 0xc,
    0xe0, 0xea, 0xb, 0xf3, 0x3f, 0x90, 0x6f, 0x7f,
    0x40, 0xbf, 0x33, 0xf9, 0x1, 0xff, 0xe0, 0xb,
    0xf3, 0x3f, 0x90, 0xa, 0xf8, 0x0, 0xbf, 0x33,
    0xf9, 0x0, 0x4b, 0x20, 0xb, 0xf3, 0x3f, 0x90,
    0x0, 0x0, 0x0, 0xbf, 0x30,

    /* U+004E "N" */
    0x3f, 0xf3, 0x0, 0x0, 0x8f, 0x73, 0xff, 0xc0,
    0x0, 0x8, 0xf7, 0x3f, 0xef, 0x50, 0x0, 0x8f,
    0x73, 0xf9, 0xfd, 0x0, 0x8, 0xf7, 0x3f, 0x97,
    0xf7, 0x0, 0x8f, 0x73, 0xfa, 0xe, 0xf1, 0x8,
    0xf7, 0x3f, 0xb0, 0x6f, 0x90, 0x7f, 0x73, 0xfb,
    0x0, 0xdf, 0x36, 0xf7, 0x3f, 0xb0, 0x4, 0xfb,
    0x5f, 0x73, 0xfb, 0x0, 0xa, 0xf8, 0xf7, 0x3f,
    0xb0, 0x0, 0x2f, 0xef, 0x73, 0xfb, 0x0, 0x0,
    0x8f, 0xf7, 0x3f, 0xb0, 0x0, 0x0, 0xef, 0x70,

    /* U+004F "O" */
    0x0, 0x8, 0xcf, 0xda, 0x40, 0x0, 0x2, 0xdf,
    0xfd, 0xff, 0xf9, 0x0, 0xd, 0xfb, 0x10, 0x5,
    0xff, 0x60, 0x6f, 0xe0, 0x0, 0x0, 0x5f, 0xe0,
    0xaf, 0x70, 0x0, 0x0, 0xe, 0xf4, 0xdf, 0x40,
    0x0, 0x0, 0xb, 0xf6, 0xef, 0x30, 0x0, 0x0,
    0x9, 0xf8, 0xcf, 0x40, 0x0, 0x0, 0xb, 0xf6,
    0xaf, 0x70, 0x0, 0x0, 0xe, 0xf3, 0x5f, 0xe0,
    0x0, 0x0, 0x6f, 0xe0, 0xc, 0xfc, 0x10, 0x5,
    0xff, 0x60, 0x2, 0xdf, 0xfd, 0xff, 0xf9, 0x0,
    0x0, 0x8, 0xcf, 0xda, 0x40, 0x0,

    /* U+0050 "P" */
    0x3f, 0xff, 0xfe, 0xd8, 0x10, 0x3f, 0xfa, 0xac,
    0xff, 0xd1, 0x3f, 0xd0, 0x0, 0xb, 0xf8, 0x3f,
    0xd0, 0x0, 0x5, 0xfb, 0x3f, 0xd0, 0x0, 0x5,
    0xfa, 0x3f, 0xd0, 0x0, 0x1c, 0xf7, 0x3f, 0xfa,
    0xab, 0xff, 0xc0, 0x3f, 0xff, 0xfe, 0xc6, 0x0,
    0x3f, 0xd0, 0x0, 0x0, 0x0, 0x3f, 0xd0, 0x0,
    0x0, 0x0, 0x3f, 0xd0, 0x0, 0x0, 0x0, 0x3f,
    0xd0, 0x0, 0x0, 0x0, 0x3f, 0xd0, 0x0, 0x0,
    0x0,

    /* U+0051 "Q" */
    0x0, 0x7, 0xbe, 0xda, 0x40, 0x0, 0x2, 0xdf,
    0xfd, 0xff, 0xf8, 0x0, 0xc, 0xfc, 0x10, 0x5,
    0xff, 0x50, 0x5f, 0xe0, 0x0, 0x0, 0x6f, 0xe0,
    0xaf, 0x80, 0x0, 0x0, 0xe, 0xf3, 0xcf, 0x50,
    0x0, 0x0, 0xb, 0xf6, 0xef, 0x30, 0x0, 0x0,
    0x9, 0xf8, 0xdf, 0x40, 0x0, 0x0, 0xa, 0xf7,
    0xbf, 0x60, 0x0, 0x0, 0xc, 0xf5, 0x8f, 0xb0,
    0x0, 0x0, 0x2f, 0xf1, 0x1f, 0xf4, 0x0, 0x0,
    0xaf, 0xa0, 0x7, 0xff, 0x73, 0x5b, 0xfe, 0x20,
    0x0, 0x6f, 0xff, 0xff, 0xc2, 0x0, 0x0, 0x0,
    0x5f, 0xf6, 0x0, 0x0, 0x0, 0x0, 0x8, 0xff,
    0x62, 0x1, 0x0, 0x0, 0x0, 0x8f, 0xff, 0xfc,
    0x0, 0x0, 0x0, 0x2, 0x7a, 0xa7,

    /* U+0052 "R" */
    0x3f, 0xff, 0xff, 0xd9, 0x20, 0x3, 0xff, 0xaa,
    0xbe, 0xfe, 0x20, 0x3f, 0xd0, 0x0, 0xa, 0xf9,
    0x3, 0xfd, 0x0, 0x0, 0x4f, 0xd0, 0x3f, 0xd0,
    0x0, 0x6, 0xfc, 0x3, 0xfd, 0x0, 0x15, 0xef,
    0x60, 0x3f, 0xff, 0xff, 0xff, 0xa0, 0x3, 0xff,
    0xaa, 0xff, 0x50, 0x0, 0x3f, 0xd0, 0x8, 0xfb,
    0x0, 0x3, 0xfd, 0x0, 0x1e, 0xf5, 0x0, 0x3f,
    0xd0, 0x0, 0x6f, 0xd0, 0x3, 0xfd, 0x0, 0x0,
    0xdf, 0x70, 0x3f, 0xd0, 0x0, 0x4, 0xff, 0x10,

    /* U+0053 "S" */
    0x0, 0x7, 0xcf, 0xda, 0x30, 0x0, 0xc, 0xff,
    0xee, 0xff, 0x60, 0x5, 0xfd, 0x20, 0x3, 0xb2,
    0x0, 0x8f, 0x90, 0x0, 0x0, 0x0, 0x5, 0xfe,
    0x40, 0x0, 0x0, 0x0, 0xa, 0xff, 0xc6, 0x0,
    0x0, 0x0, 0x5, 0xdf, 0xfe, 0x50, 0x0, 0x0,
    0x0, 0x4b, 0xff, 0x80, 0x0, 0x0, 0x0, 0x5,
    0xff, 0x0, 0x0, 0x0, 0x0, 0xf, 0xf2, 0xa,
    0xe5, 0x0, 0x7, 0xfe, 0x0, 0x8f, 0xff, 0xde,
    0xff, 0x40, 0x0, 0x3a, 0xef, 0xda, 0x20, 0x0,

    /* U+0054 "T" */
    0x6f, 0xff, 0xff, 0xff, 0xff, 0x65, 0xbb, 0xbe,
    0xfe, 0xbb, 0xb5, 0x0, 0x0, 0x8f, 0x80, 0x0,
    0x0, 0x0, 0x8, 0xf8, 0x0, 0x0, 0x0, 0x0,
    0x8f, 0x80, 0x0, 0x0, 0x0, 0x8, 0xf8, 0x0,
    0x0, 0x0, 0x0, 0x8f, 0x80, 0x0, 0x0, 0x0,
    0x8, 0xf8, 0x0, 0x0, 0x0, 0x0, 0x8f, 0x80,
    0x0, 0x0, 0x0, 0x8, 0xf8, 0x0, 0x0, 0x0,
    0x0, 0x8f, 0x80, 0x0, 0x0, 0x0, 0x8, 0xf8,
    0x0, 0x0, 0x0, 0x0, 0x8f, 0x80, 0x0, 0x0,

    /* U+0055 "U" */
    0x5f, 0xc0, 0x0, 0x0, 0x7f, 0x85, 0xfc, 0x0,
    0x0, 0x7, 0xf8, 0x5f, 0xc0, 0x0, 0x0, 0x7f,
    0x85, 0xfc, 0x0, 0x0, 0x7, 0xf8, 0x5f, 0xc0,
    0x0, 0x0, 0x7f, 0x85, 0xfc, 0x0, 0x0, 0x7,
    0xf8, 0x5f, 0xc0, 0x0, 0x0, 0x7f, 0x84, 0xfc,
    0x0, 0x0, 0x8, 0xf7, 0x2f, 0xe0, 0x0, 0x0,
    0xaf, 0x50, 0xff, 0x20, 0x0, 0xd, 0xf3, 0xa,
    0xfb, 0x10, 0x8, 0xfd, 0x0, 0x1e, 0xff, 0xdf,
    0xff, 0x40, 0x0, 0x19, 0xdf, 0xda, 0x20, 0x0,

    /* U+0056 "V" */
    0xd, 0xf5, 0x0, 0x0, 0x8, 0xf9, 0x8, 0xf9,
    0x0, 0x0, 0xd, 0xf4, 0x3, 0xfe, 0x0, 0x0,
    0x1f, 0xe0, 0x0, 0xef, 0x30, 0x0, 0x6f, 0x90,
    0x0, 0x9f, 0x70, 0x0, 0xbf, 0x40, 0x0, 0x4f,
    0xc0, 0x0, 0xff, 0x0, 0x0, 0xe, 0xf1, 0x4,
    0xfa, 0x0, 0x0, 0xa, 0xf5, 0x9, 0xf5, 0x0,
    0x0, 0x5, 0xfa, 0xd, 0xf0, 0x0, 0x0, 0x0,
    0xfe, 0x2f, 0xb0, 0x0, 0x0, 0x0, 0xaf, 0xaf,
    0x60, 0x0, 0x0, 0x0, 0x5f, 0xff, 0x10, 0x0,
    0x0, 0x0, 0xf, 0xfc, 0x0, 0x0,

    /* U+0057 "W" */
    0x7f, 0xa0, 0x0, 0xe, 0xf2, 0x0, 0x7, 0xf8,
    0x4f, 0xd0, 0x0, 0x3f, 0xf6, 0x0, 0x9, 0xf5,
    0x1f, 0xf0, 0x0, 0x7f, 0xfa, 0x0, 0xc, 0xf2,
    0xd, 0xf3, 0x0, 0xbd, 0xce, 0x0, 0xf, 0xf0,
    0xa, 0xf6, 0x0, 0xfa, 0x9f, 0x20, 0x2f, 0xc0,
    0x7, 0xf8, 0x3, 0xf6, 0x5f, 0x60, 0x5f, 0x80,
    0x3, 0xfb, 0x7, 0xf3, 0x2f, 0xa0, 0x8f, 0x50,
    0x0, 0xfe, 0xa, 0xf0, 0xe, 0xe0, 0xbf, 0x20,
    0x0, 0xdf, 0x1e, 0xb0, 0xa, 0xf1, 0xdf, 0x0,
    0x0, 0x9f, 0x5f, 0x70, 0x6, 0xf5, 0xfb, 0x0,
    0x0, 0x6f, 0xcf, 0x30, 0x2, 0xfb, 0xf8, 0x0,
    0x0, 0x3f, 0xff, 0x0, 0x0, 0xef, 0xf5, 0x0,
    0x0, 0xf, 0xfc, 0x0, 0x0, 0xaf, 0xf2, 0x0,

    /* U+0058 "X" */
    0x3f, 0xf2, 0x0, 0x3, 0xfe, 0x0, 0xaf, 0xa0,
    0x0, 0xcf, 0x50, 0x1, 0xff, 0x20, 0x4f, 0xc0,
    0x0, 0x7, 0xfa, 0xc, 0xf4, 0x0, 0x0, 0xe,
    0xf6, 0xfb, 0x0, 0x0, 0x0, 0x5f, 0xff, 0x20,
    0x0, 0x0, 0x1, 0xff, 0xc0, 0x0, 0x0, 0x0,
    0x9f, 0xef, 0x40, 0x0, 0x0, 0x2f, 0xc4, 0xfd,
    0x0, 0x0, 0xb, 0xf5, 0xb, 0xf6, 0x0, 0x4,
    0xfc, 0x0, 0x3f, 0xe1, 0x0, 0xdf, 0x40, 0x0,
    0xaf, 0x90, 0x6f, 0xc0, 0x0, 0x2, 0xff, 0x20,

    /* U+0059 "Y" */
    0xc, 0xf6, 0x0, 0x0, 0x6f, 0xc0, 0x4, 0xfd,
    0x0, 0x0, 0xdf, 0x40, 0x0, 0xdf, 0x40, 0x4,
    0xfc, 0x0, 0x0, 0x5f, 0xb0, 0xb, 0xf4, 0x0,
    0x0, 0xd, 0xf2, 0x2f, 0xc0, 0x0, 0x0, 0x5,
    0xf9, 0xaf, 0x40, 0x0, 0x0, 0x0, 0xdf, 0xfc,
    0x0, 0x0, 0x0, 0x0, 0x5f, 0xf4, 0x0, 0x0,
    0x0, 0x0, 0x1f, 0xf0, 0x0, 0x0, 0x0, 0x0,
    0x1f, 0xf0, 0x0, 0x0, 0x0, 0x0, 0x1f, 0xf0,
    0x0, 0x0, 0x0, 0x0, 0x1f, 0xf0, 0x0, 0x0,
    0x0, 0x0, 0x1f, 0xf0, 0x0, 0x0,

    /* U+005A "Z" */
    0x8, 0xff, 0xff, 0xff, 0xff, 0x0, 0x6b, 0xbb,
    0xbb, 0xef, 0xd0, 0x0, 0x0, 0x0, 0x1e, 0xf3,
    0x0, 0x0, 0x0, 0xa, 0xf9, 0x0, 0x0, 0x0,
    0x5, 0xfd, 0x0, 0x0, 0x0, 0x1, 0xef, 0x40,
    0x0, 0x0, 0x0, 0xaf, 0x90, 0x0, 0x0, 0x0,
    0x5f, 0xe0, 0x0, 0x0, 0x0, 0x1e, 0xf4, 0x0,
    0x0, 0x0, 0xa, 0xf9, 0x0, 0x0, 0x0, 0x5,
    0xfe, 0x0, 0x0, 0x0, 0x0, 0xef, 0xdb, 0xbb,
    0xbb, 0xb1, 0x2f, 0xff, 0xff, 0xff, 0xff, 0x20,

    /* U+005B "[" */
    0x1f, 0xff, 0xa1, 0xf7, 0x11, 0x1f, 0x60, 0x1,
    0xf6, 0x0, 0x1f, 0x60, 0x1, 0xf6, 0x0, 0x1f,
    0x60, 0x1, 0xf6, 0x0, 0x1f, 0x60, 0x1, 0xf6,
    0x0, 0x1f, 0x60, 0x1, 0xf6, 0x0, 0x1f, 0x60,
    0x1, 0xf6, 0x0, 0x1f, 0x60, 0x1, 0xf6, 0x0,
    0x1f, 0xff, 0xa0, 0x22, 0x21,

    /* U+005C "\\" */
    0x7e, 0x0, 0x0, 0x3, 0xf3, 0x0, 0x0, 0xe,
    0x80, 0x0, 0x0, 0xac, 0x0, 0x0, 0x5, 0xf1,
    0x0, 0x0, 0x1f, 0x50, 0x0, 0x0, 0xca, 0x0,
    0x0, 0x7, 0xe0, 0x0, 0x0, 0x3f, 0x30, 0x0,
    0x0, 0xe8, 0x0, 0x0, 0xa, 0xc0, 0x0, 0x0,
    0x5f, 0x10, 0x0, 0x1, 0xf5, 0x0, 0x0, 0xc,
    0xa0, 0x0, 0x0, 0x7e, 0x0, 0x0, 0x3, 0xf3,
    0x0, 0x0, 0xe, 0x80, 0x0, 0x0, 0x55,

    /* U+005D "]" */
    0x4f, 0xff, 0x80, 0x12, 0xf8, 0x0, 0xf, 0x80,
    0x0, 0xf8, 0x0, 0xf, 0x80, 0x0, 0xf8, 0x0,
    0xf, 0x80, 0x0, 0xf8, 0x0, 0xf, 0x80, 0x0,
    0xf8, 0x0, 0xf, 0x80, 0x0, 0xf8, 0x0, 0xf,
    0x80, 0x0, 0xf8, 0x0, 0xf, 0x80, 0x0, 0xf8,
    0x4f, 0xff, 0x80, 0x22, 0x21,

    /* U+005E "^" */
    0x0, 0xe, 0xf3, 0x0, 0x0, 0x5, 0xff, 0x90,
    0x0, 0x0, 0xbe, 0xaf, 0x0, 0x0, 0x1f, 0x84,
    0xf5, 0x0, 0x7, 0xf2, 0xe, 0xc0, 0x0, 0xdd,
    0x0, 0x9f, 0x20, 0x4f, 0x70, 0x3, 0xf8, 0xa,
    0xf1, 0x0, 0xd, 0xe0,

    /* U+005F "_" */
    0x0, 0x0, 0x0, 0x0, 0x0, 0xcf, 0xff, 0xff,
    0xff, 0xfd, 0x23, 0x33, 0x33, 0x33, 0x33,

    /* U+0060 "`" */
    0x8, 0x20, 0x6, 0xfd, 0x10, 0x9, 0xfc, 0x0,
    0x8, 0xf7, 0x0, 0x5, 0x0,

    /* U+0061 "a" */
    0x0, 0x4a, 0xdf, 0xc5, 0x0, 0x6f, 0xfc, 0xcf,
    0xf4, 0x0, 0x60, 0x0, 0x7f, 0xb0, 0x0, 0x0,
    0x5, 0xfe, 0x0, 0x28, 0xdf, 0xff, 0xf0, 0x4f,
    0xe8, 0x32, 0xff, 0xd, 0xf3, 0x0, 0x1f, 0xf0,
    0xff, 0x20, 0x7, 0xff, 0xa, 0xfe, 0xad, 0xef,
    0xf0, 0x1a, 0xed, 0x91, 0xcf,

    /* U+0062 "b" */
    0x6f, 0xa0, 0x0, 0x0, 0x0, 0x6f, 0xa0, 0x0,
    0x0, 0x0, 0x6f, 0xa0, 0x0, 0x0, 0x0, 0x6f,
    0xa0, 0x0, 0x0, 0x0, 0x6f, 0x95, 0xcf, 0xc6,
    0x0, 0x6f, 0xff, 0xdd, 0xff, 0x70, 0x6f, 0xe3,
    0x0, 0x6f, 0xe0, 0x6f, 0xa0, 0x0, 0xe, 0xf4,
    0x6f, 0xa0, 0x0, 0xb, 0xf6, 0x6f, 0xa0, 0x0,
    0xc, 0xf5, 0x6f, 0xa0, 0x0, 0xf, 0xf2, 0x6f,
    0xc1, 0x0, 0x9f, 0xc0, 0x6f, 0xef, 0xbd, 0xff,
    0x30, 0x6f, 0x47, 0xde, 0xb2, 0x0,

    /* U+0063 "c" */
    0x0, 0x6, 0xcf, 0xd9, 0x10, 0xb, 0xff, 0xcd,
    0xf5, 0x7, 0xfd, 0x20, 0x3, 0x0, 0xdf, 0x50,
    0x0, 0x0, 0xf, 0xf1, 0x0, 0x0, 0x0, 0xff,
    0x10, 0x0, 0x0, 0xe, 0xf4, 0x0, 0x0, 0x0,
    0x8f, 0xd1, 0x0, 0x41, 0x0, 0xdf, 0xfb, 0xdf,
    0x90, 0x0, 0x8c, 0xfd, 0x81,

    /* U+0064 "d" */
    0x0, 0x0, 0x0, 0x4, 0xfc, 0x0, 0x0, 0x0,
    0x4, 0xfc, 0x0, 0x0, 0x0, 0x4, 0xfc, 0x0,
    0x0, 0x0, 0x4, 0xfc, 0x0, 0x8, 0xde, 0xa5,
    0xfc, 0x0, 0xdf, 0xfc, 0xef, 0xfc, 0x7, 0xfd,
    0x10, 0x8, 0xfc, 0xd, 0xf5, 0x0, 0x4, 0xfc,
    0xf, 0xf1, 0x0, 0x4, 0xfc, 0xf, 0xf1, 0x0,
    0x4, 0xfc, 0xe, 0xf4, 0x0, 0x4, 0xfc, 0x9,
    0xfc, 0x0, 0xa, 0xfc, 0x1, 0xef, 0xeb, 0xee,
    0xfc, 0x0, 0x2a, 0xee, 0x91, 0xfc,

    /* U+0065 "e" */
    0x0, 0x7, 0xdf, 0xc6, 0x0, 0x0, 0xcf, 0xca,
    0xdf, 0x80, 0x7, 0xf8, 0x0, 0xc, 0xf1, 0xd,
    0xf2, 0x11, 0x18, 0xf4, 0xf, 0xff, 0xff, 0xff,
    0xf6, 0xf, 0xf4, 0x44, 0x44, 0x41, 0xe, 0xf3,
    0x0, 0x0, 0x0, 0x8, 0xfc, 0x10, 0x0, 0x10,
    0x0, 0xcf, 0xea, 0xae, 0xc0, 0x0, 0x7, 0xcf,
    0xda, 0x30,

    /* U+0066 "f" */
    0x0, 0x1a, 0xee, 0x80, 0xc, 0xfe, 0xa6, 0x0,
    0xff, 0x20, 0x0, 0x1f, 0xf0, 0x0, 0x6f, 0xff,
    0xff, 0x4, 0xaf, 0xfa, 0x90, 0x1, 0xff, 0x0,
    0x0, 0x1f, 0xf0, 0x0, 0x1, 0xff, 0x0, 0x0,
    0x1f, 0xf0, 0x0, 0x1, 0xff, 0x0, 0x0, 0x1f,
    0xf0, 0x0, 0x1, 0xff, 0x0, 0x0, 0x1f, 0xf0,
    0x0,

    /* U+0067 "g" */
    0x0, 0x3b, 0xef, 0xff, 0xff, 0x0, 0x3f, 0xf9,
    0x9f, 0xfa, 0x80, 0xa, 0xf5, 0x0, 0x4f, 0x90,
    0x0, 0xbf, 0x30, 0x2, 0xfa, 0x0, 0x5, 0xfc,
    0x33, 0xbf, 0x50, 0x0, 0xb, 0xff, 0xff, 0x70,
    0x0, 0x4, 0xf4, 0x22, 0x0, 0x0, 0x0, 0x8f,
    0x30, 0x0, 0x0, 0x0, 0x5, 0xfe, 0xaa, 0xa8,
    0x50, 0x0, 0xe, 0xef, 0xff, 0xff, 0xb0, 0xc,
    0xd0, 0x0, 0x4, 0xff, 0x11, 0xfb, 0x0, 0x0,
    0x1f, 0xe0, 0xd, 0xfa, 0x66, 0x8e, 0xf4, 0x0,
    0x18, 0xdf, 0xed, 0x92, 0x0,

    /* U+0068 "h" */
    0x6f, 0xa0, 0x0, 0x0, 0x6, 0xfa, 0x0, 0x0,
    0x0, 0x6f, 0xa0, 0x0, 0x0, 0x6, 0xfa, 0x0,
    0x0, 0x0, 0x6f, 0x93, 0xae, 0xd6, 0x6, 0xfd,
    0xfe, 0xdf, 0xf4, 0x6f, 0xf6, 0x0, 0xaf, 0xa6,
    0xfa, 0x0, 0x5, 0xfc, 0x6f, 0xa0, 0x0, 0x4f,
    0xc6, 0xfa, 0x0, 0x4, 0xfc, 0x6f, 0xa0, 0x0,
    0x4f, 0xc6, 0xfa, 0x0, 0x4, 0xfc, 0x6f, 0xa0,
    0x0, 0x4f, 0xc6, 0xfa, 0x0, 0x4, 0xfc,

    /* U+0069 "i" */
    0x5e, 0x78, 0xfb, 0x5, 0x10, 0x0, 0x6f, 0xa6,
    0xfa, 0x6f, 0xa6, 0xfa, 0x6f, 0xa6, 0xfa, 0x6f,
    0xa6, 0xfa, 0x6f, 0xa6, 0xfa,

    /* U+006A "j" */
    0x0, 0x5e, 0x70, 0x8, 0xfb, 0x0, 0x5, 0x10,
    0x0, 0x0, 0x0, 0x6f, 0xa0, 0x6, 0xfa, 0x0,
    0x6f, 0xa0, 0x6, 0xfa, 0x0, 0x6f, 0xa0, 0x6,
    0xfa, 0x0, 0x6f, 0xa0, 0x6, 0xfa, 0x0, 0x6f,
    0xa0, 0x6, 0xfa, 0x0, 0x7f, 0xa0, 0x9, 0xf8,
    0x7b, 0xff, 0x3a, 0xfd, 0x60,

    /* U+006B "k" */
    0x6f, 0x90, 0x0, 0x0, 0x0, 0x6f, 0x90, 0x0,
    0x0, 0x0, 0x6f, 0x90, 0x0, 0x0, 0x0, 0x6f,
    0x90, 0x0, 0x0, 0x0, 0x6f, 0x90, 0x0, 0xdf,
    0x60, 0x6f, 0x90, 0xa, 0xf9, 0x0, 0x6f, 0x90,
    0x7f, 0xb0, 0x0, 0x6f, 0x94, 0xfd, 0x10, 0x0,
    0x6f, 0xbe, 0xfb, 0x0, 0x0, 0x6f, 0xff, 0xdf,
    0x50, 0x0, 0x6f, 0xf5, 0x2f, 0xe1, 0x0, 0x6f,
    0xa0, 0x8, 0xf9, 0x0, 0x6f, 0x90, 0x0, 0xef,
    0x30, 0x6f, 0x90, 0x0, 0x5f, 0xd0,

    /* U+006C "l" */
    0x6f, 0xa0, 0x6f, 0xa0, 0x6f, 0xa0, 0x6f, 0xa0,
    0x6f, 0xa0, 0x6f, 0xa0, 0x6f, 0xa0, 0x6f, 0xa0,
    0x6f, 0xa0, 0x6f, 0xa0, 0x6f, 0xa0, 0x6f, 0xa0,
    0x4f, 0xf5, 0xa, 0xf9,

    /* U+006D "m" */
    0x6f, 0x43, 0xbe, 0xb4, 0x4, 0xcf, 0xc3, 0x6,
    0xfc, 0xfe, 0xef, 0xe7, 0xfd, 0xef, 0xf0, 0x6f,
    0xf5, 0x0, 0xdf, 0xf5, 0x0, 0xdf, 0x56, 0xfa,
    0x0, 0x8, 0xf9, 0x0, 0x9, 0xf7, 0x6f, 0xa0,
    0x0, 0x8f, 0x90, 0x0, 0x8f, 0x86, 0xfa, 0x0,
    0x7, 0xf9, 0x0, 0x8, 0xf8, 0x6f, 0xa0, 0x0,
    0x7f, 0x90, 0x0, 0x8f, 0x86, 0xfa, 0x0, 0x7,
    0xf9, 0x0, 0x8, 0xf8, 0x6f, 0xa0, 0x0, 0x7f,
    0x90, 0x0, 0x8f, 0x86, 0xfa, 0x0, 0x7, 0xf9,
    0x0, 0x8, 0xf8,

    /* U+006E "n" */
    0x6f, 0x43, 0xae, 0xd6, 0x6, 0xfc, 0xfe, 0xdf,
    0xf4, 0x6f, 0xf6, 0x0, 0xaf, 0xa6, 0xfa, 0x0,
    0x5, 0xfc, 0x6f, 0xa0, 0x0, 0x4f, 0xc6, 0xfa,
    0x0, 0x4, 0xfc, 0x6f, 0xa0, 0x0, 0x4f, 0xc6,
    0xfa, 0x0, 0x4, 0xfc, 0x6f, 0xa0, 0x0, 0x4f,
    0xc6, 0xfa, 0x0, 0x4, 0xfc,

    /* U+006F "o" */
    0x0, 0x7, 0xcf, 0xc7, 0x0, 0x0, 0xc, 0xfe,
    0xbe, 0xfc, 0x0, 0x7, 0xfc, 0x10, 0xb, 0xf8,
    0x0, 0xdf, 0x40, 0x0, 0x3f, 0xe0, 0xf, 0xf1,
    0x0, 0x0, 0xff, 0x10, 0xff, 0x0, 0x0, 0xf,
    0xf1, 0xd, 0xf4, 0x0, 0x3, 0xfe, 0x0, 0x8f,
    0xc0, 0x0, 0xbf, 0x80, 0x0, 0xcf, 0xeb, 0xef,
    0xd0, 0x0, 0x0, 0x7c, 0xfd, 0x80, 0x0,

    /* U+0070 "p" */
    0x6f, 0x55, 0xcf, 0xc6, 0x0, 0x6f, 0xef, 0xdd,
    0xff, 0x70, 0x6f, 0xe3, 0x0, 0x6f, 0xe0, 0x6f,
    0xa0, 0x0, 0xe, 0xf4, 0x6f, 0xa0, 0x0, 0xb,
    0xf6, 0x6f, 0xa0, 0x0, 0xc, 0xf5, 0x6f, 0xa0,
    0x0, 0xf, 0xf2, 0x6f, 0xc1, 0x0, 0x9f, 0xc0,
    0x6f, 0xff, 0xbd, 0xff, 0x30, 0x6f, 0x97, 0xde,
    0xb2, 0x0, 0x6f, 0xa0, 0x0, 0x0, 0x0, 0x6f,
    0xa0, 0x0, 0x0, 0x0, 0x6f, 0xa0, 0x0, 0x0,
    0x0, 0x6f, 0xa0, 0x0, 0x0, 0x0,

    /* U+0071 "q" */
    0x0, 0x8, 0xde, 0xb3, 0xec, 0x0, 0xdf, 0xfc,
    0xef, 0xfc, 0x7, 0xfd, 0x10, 0x8, 0xfc, 0xd,
    0xf5, 0x0, 0x4, 0xfc, 0xf, 0xf1, 0x0, 0x4,
    0xfc, 0xf, 0xf1, 0x0, 0x4, 0xfc, 0xe, 0xf4,
    0x0, 0x4, 0xfc, 0x9, 0xfc, 0x0, 0xa, 0xfc,
    0x1, 0xef, 0xeb, 0xef, 0xfc, 0x0, 0x2a, 0xee,
    0x94, 0xfc, 0x0, 0x0, 0x0, 0x4, 0xfc, 0x0,
    0x0, 0x0, 0x4, 0xfc, 0x0, 0x0, 0x0, 0x4,
    0xfc, 0x0, 0x0, 0x0, 0x4, 0xfc,

    /* U+0072 "r" */
    0x6f, 0x43, 0xdf, 0x46, 0xf8, 0xee, 0xe1, 0x6f,
    0xf9, 0x0, 0x6, 0xfd, 0x0, 0x0, 0x6f, 0xa0,
    0x0, 0x6, 0xfa, 0x0, 0x0, 0x6f, 0xa0, 0x0,
    0x6, 0xfa, 0x0, 0x0, 0x6f, 0xa0, 0x0, 0x6,
    0xfa, 0x0, 0x0,

    /* U+0073 "s" */
    0x0, 0x7d, 0xfd, 0x91, 0x0, 0x8f, 0xea, 0xbf,
    0x80, 0xd, 0xf2, 0x0, 0x20, 0x0, 0xbf, 0x80,
    0x0, 0x0, 0x2, 0xdf, 0xf9, 0x10, 0x0, 0x0,
    0x5c, 0xff, 0x50, 0x0, 0x0, 0x5, 0xfd, 0x0,
    0x61, 0x0, 0x2f, 0xe0, 0x3f, 0xfb, 0x9e, 0xf8,
    0x0, 0x3a, 0xdf, 0xd7, 0x0,

    /* U+0074 "t" */
    0x0, 0x67, 0x0, 0x0, 0xd, 0xf0, 0x0, 0x0,
    0xff, 0x0, 0x8, 0xff, 0xff, 0xf8, 0x5a, 0xff,
    0xaa, 0x50, 0x1f, 0xf0, 0x0, 0x1, 0xff, 0x0,
    0x0, 0x1f, 0xf0, 0x0, 0x1, 0xff, 0x0, 0x0,
    0x1f, 0xf0, 0x0, 0x0, 0xff, 0x30, 0x0, 0xb,
    0xff, 0xb7, 0x0, 0x1b, 0xee, 0x80,

    /* U+0075 "u" */
    0x8f, 0x80, 0x0, 0x7f, 0x98, 0xf8, 0x0, 0x7,
    0xf9, 0x8f, 0x80, 0x0, 0x7f, 0x98, 0xf8, 0x0,
    0x7, 0xf9, 0x8f, 0x80, 0x0, 0x7f, 0x98, 0xf8,
    0x0, 0x7, 0xf9, 0x8f, 0x90, 0x0, 0x7f, 0x96,
    0xfd, 0x0, 0x4f, 0xf9, 0x1f, 0xfe, 0xdf, 0xaf,
    0x90, 0x4d, 0xfb, 0x41, 0xf9,

    /* U+0076 "v" */
    0x9f, 0x80, 0x0, 0x9, 0xf6, 0x3f, 0xd0, 0x0,
    0xe, 0xf1, 0xe, 0xf2, 0x0, 0x3f, 0xb0, 0x8,
    0xf7, 0x0, 0x9f, 0x50, 0x2, 0xfc, 0x0, 0xef,
    0x0, 0x0, 0xdf, 0x13, 0xfa, 0x0, 0x0, 0x7f,
    0x57, 0xf5, 0x0, 0x0, 0x2f, 0xac, 0xf0, 0x0,
    0x0, 0xc, 0xff, 0xa0, 0x0, 0x0, 0x6, 0xff,
    0x40, 0x0,

    /* U+0077 "w" */
    0x6f, 0xb0, 0x0, 0x9f, 0x90, 0x0, 0xaf, 0x41,
    0xfe, 0x0, 0xd, 0xfd, 0x0, 0xe, 0xf0, 0xd,
    0xf2, 0x1, 0xfc, 0xf1, 0x1, 0xfc, 0x0, 0x9f,
    0x60, 0x5f, 0x5f, 0x50, 0x5f, 0x80, 0x4, 0xfa,
    0x9, 0xe0, 0xfa, 0x9, 0xf4, 0x0, 0xf, 0xe0,
    0xea, 0xc, 0xe0, 0xdf, 0x0, 0x0, 0xcf, 0x3f,
    0x60, 0x8f, 0x2f, 0xc0, 0x0, 0x8, 0xf9, 0xf2,
    0x4, 0xf9, 0xf7, 0x0, 0x0, 0x3f, 0xfe, 0x0,
    0xf, 0xff, 0x30, 0x0, 0x0, 0xff, 0xa0, 0x0,
    0xcf, 0xf0, 0x0,

    /* U+0078 "x" */
    0x3f, 0xf1, 0x0, 0x7f, 0xa0, 0x9, 0xf9, 0x0,
    0xef, 0x10, 0x0, 0xef, 0x37, 0xf7, 0x0, 0x0,
    0x5f, 0xce, 0xd0, 0x0, 0x0, 0xb, 0xff, 0x40,
    0x0, 0x0, 0x1e, 0xff, 0x40, 0x0, 0x0, 0x9f,
    0x7f, 0xe0, 0x0, 0x3, 0xfc, 0x9, 0xf9, 0x0,
    0xc, 0xf4, 0x1, 0xef, 0x30, 0x6f, 0xb0, 0x0,
    0x5f, 0xd0,

    /* U+0079 "y" */
    0x9f, 0x80, 0x0, 0x9, 0xf6, 0x2f, 0xe0, 0x0,
    0xe, 0xf1, 0xc, 0xf4, 0x0, 0x3f, 0xb0, 0x5,
    0xf9, 0x0, 0x8f, 0x50, 0x0, 0xef, 0x0, 0xdf,
    0x0, 0x0, 0x9f, 0x52, 0xfa, 0x0, 0x0, 0x2f,
    0xa6, 0xf4, 0x0, 0x0, 0xc, 0xfb, 0xe0, 0x0,
    0x0, 0x5, 0xff, 0x90, 0x0, 0x0, 0x0, 0xff,
    0x40, 0x0, 0x0, 0x1, 0xfe, 0x0, 0x0, 0x0,
    0xa, 0xf7, 0x0, 0x0, 0xa, 0xcf, 0xd0, 0x0,
    0x0, 0x1e, 0xea, 0x10, 0x0, 0x0,

    /* U+007A "z" */
    0xc, 0xff, 0xff, 0xff, 0x20, 0x8a, 0xaa, 0xdf,
    0xd0, 0x0, 0x0, 0x1e, 0xf3, 0x0, 0x0, 0xb,
    0xf8, 0x0, 0x0, 0x5, 0xfd, 0x0, 0x0, 0x1,
    0xef, 0x30, 0x0, 0x0, 0xbf, 0x80, 0x0, 0x0,
    0x6f, 0xd0, 0x0, 0x0, 0x1f, 0xfc, 0x99, 0x99,
    0x35, 0xff, 0xff, 0xff, 0xf4,

    /* U+007B "{" */
    0x0, 0x2c, 0xfa, 0x0, 0x9f, 0x51, 0x0, 0xbe,
    0x0, 0x0, 0xbe, 0x0, 0x0, 0xaf, 0x0, 0x0,
    0xaf, 0x0, 0x0, 0xaf, 0x0, 0x3, 0xed, 0x0,
    0x4f, 0xe1, 0x0, 0x16, 0xfa, 0x0, 0x0, 0xbe,
    0x0, 0x0, 0xaf, 0x0, 0x0, 0xaf, 0x0, 0x0,
    0xbe, 0x0, 0x0, 0xbe, 0x0, 0x0, 0xaf, 0x20,
    0x0, 0x3e, 0xfa, 0x0, 0x0, 0x21,

    /* U+007C "|" */
    0x2f, 0x32, 0xf3, 0x2f, 0x32, 0xf3, 0x2f, 0x32,
    0xf3, 0x2f, 0x32, 0xf3, 0x2f, 0x32, 0xf3, 0x2f,
    0x32, 0xf3, 0x2f, 0x32, 0xf3, 0x2f, 0x32, 0xf3,
    0x2f, 0x32, 0xf3, 0x2f, 0x32, 0xf3,

    /* U+007D "}" */
    0x4f, 0xe6, 0x0, 0x2, 0xdf, 0x0, 0x0, 0x8f,
    0x20, 0x0, 0x8f, 0x20, 0x0, 0x8f, 0x10, 0x0,
    0x9f, 0x0, 0x0, 0x9f, 0x0, 0x0, 0x6f, 0x80,
    0x0, 0xa, 0xfb, 0x0, 0x4f, 0xa3, 0x0, 0x8f,
    0x10, 0x0, 0x9f, 0x0, 0x0, 0x9f, 0x10, 0x0,
    0x8f, 0x20, 0x0, 0x8f, 0x20, 0x0, 0xcf, 0x0,
    0x4f, 0xf8, 0x0, 0x2, 0x10, 0x0,

    /* U+007E "~" */
    0x2, 0xce, 0x91, 0x0, 0x50, 0xd, 0xd9, 0xfd,
    0x57, 0xf5, 0xa, 0x10, 0x2c, 0xff, 0x90, 0x0,
    0x0, 0x0, 0x33, 0x0,

    /* U+00B7 "·" */
    0x0, 0x0, 0x0, 0x6, 0xff, 0x60, 0xf, 0xff,
    0xf0, 0xf, 0xff, 0xf0, 0x5, 0xee, 0x50,

    /* U+2026 "…" */
    0x5, 0x50, 0x0, 0x5, 0x50, 0x0, 0x5, 0x50,
    0x2f, 0xf2, 0x0, 0x2f, 0xf2, 0x0, 0x2f, 0xf2,
    0xc, 0xc0, 0x0, 0xc, 0xc0, 0x0, 0xc, 0xc0,

    /* U+4E0A "上" */
    0x0, 0x0, 0x0, 0x7, 0xf5, 0x0, 0x0, 0x0,
    0x0, 0x0, 0x0, 0x0, 0x7, 0xf5, 0x0, 0x0,
    0x0, 0x0, 0x0, 0x0, 0x0, 0x7, 0xf5, 0x0,
    0x0, 0x0, 0x0, 0x0, 0x0, 0x0, 0x7, 0xf5,
    0x0, 0x0, 0x0, 0x0, 0x0, 0x0, 0x0, 0x7,
    0xf5, 0x0, 0x0, 0x0, 0x0, 0x0, 0x0, 0x0,
    0x7, 0xfb, 0x99, 0x99, 0x98, 0x0, 0x0, 0x0,
    0x0, 0x7, 0xff, 0xff, 0xff, 0xfd, 0x0, 0x0,
    0x0, 0x0, 0x7, 0xf5, 0x0, 0x0, 0x0, 0x0,
    0x0, 0x0, 0x0, 0x7, 0xf5, 0x0, 0x0, 0x0,
    0x0, 0x0, 0x0, 0x0, 0x7, 0xf5, 0x0, 0x0,
    0x0, 0x0, 0x0, 0x0, 0x0, 0x7, 0xf5, 0x0,
    0x0, 0x0, 0x0, 0x0, 0x0, 0x0, 0x7, 0xf5,
    0x0, 0x0, 0x0, 0x0, 0x0, 0x0, 0x0, 0x7,
    0xf5, 0x0, 0x0, 0x0, 0x0, 0x0, 0x0, 0x0,
    0x7, 0xf5, 0x0, 0x0, 0x0, 0x0, 0xf, 0xff,
    0xff, 0xff, 0xff, 0xff, 0xff, 0xff, 0xf0, 0xa,
    0xaa, 0xaa, 0xaa, 0xaa, 0xaa, 0xaa, 0xaa, 0xa0,

    /* U+4E0D "不" */
    0xe, 0xff, 0xff, 0xff, 0xff, 0xff, 0xff, 0xff,
    0x70, 0xb, 0xbb, 0xbb, 0xbb, 0xdf, 0xfb, 0xbb,
    0xbb, 0x50, 0x0, 0x0, 0x0, 0x0, 0xdf, 0x60,
    0x0, 0x0, 0x0, 0x0, 0x0, 0x0, 0x9, 0xfc,
    0x0, 0x0, 0x0, 0x0, 0x0, 0x0, 0x0, 0x6f,
    0xfa, 0x33, 0x0, 0x0, 0x0, 0x0, 0x0, 0x6,
    0xff, 0xfb, 0xef, 0x80, 0x0, 0x0, 0x0, 0x0,
    0x8f, 0xe5, 0xfa, 0x1c, 0xfc, 0x20, 0x0, 0x0,
    0x1b, 0xfd, 0x22, 0xfa, 0x0, 0x8f, 0xf5, 0x0,
    0x7, 0xff, 0xb1, 0x2, 0xfa, 0x0, 0x5, 0xff,
    0x70, 0x2f, 0xe6, 0x0, 0x2, 0xfa, 0x0, 0x0,
    0x3f, 0x90, 0x3, 0x10, 0x0, 0x2, 0xfa, 0x0,
    0x0, 0x1, 0x0, 0x0, 0x0, 0x0, 0x2, 0xfa,
    0x0, 0x0, 0x0, 0x0, 0x0, 0x0, 0x0, 0x2,
    0xfa, 0x0, 0x0, 0x0, 0x0, 0x0, 0x0, 0x0,
    0x2, 0xfa, 0x0, 0x0, 0x0, 0x0, 0x0, 0x0,
    0x0, 0x2, 0xfa, 0x0, 0x0, 0x0, 0x0,

    /* U+4E2D "中" */
    0x0, 0x0, 0x0, 0xb, 0xf0, 0x0, 0x0, 0x0,
    0x0, 0x0, 0x0, 0xb, 0xf0, 0x0, 0x0, 0x0,
    0x0, 0x0, 0x0, 0xb, 0xf0, 0x0, 0x0, 0x0,
    0x1f, 0xff, 0xff, 0xff, 0xff, 0xff, 0xff, 0xf4,
    0x1f, 0xda, 0xaa, 0xae, 0xfa, 0xaa, 0xad, 0xf4,
    0x1f, 0x90, 0x0, 0xb, 0xf0, 0x0, 0x6, 0xf4,
    0x1f, 0x90, 0x0, 0xb, 0xf0, 0x0, 0x6, 0xf4,
    0x1f, 0x90, 0x0, 0xb, 0xf0, 0x0, 0x6, 0xf4,
    0x1f, 0x90, 0x0, 0xb, 0xf0, 0x0, 0x6, 0xf4,
    0x1f, 0xff, 0xff, 0xff, 0xff, 0xff, 0xff, 0xf4,
    0x1f, 0xda, 0xaa, 0xae, 0xfa, 0xaa, 0xad, 0xf4,
    0xb, 0x60, 0x0, 0xb, 0xf0, 0x0, 0x4, 0xa3,
    0x0, 0x0, 0x0, 0xb, 0xf0, 0x0, 0x0, 0x0,
    0x0, 0x0, 0x0, 0xb, 0xf0, 0x0, 0x0, 0x0,
    0x0, 0x0, 0x0, 0xb, 0xf0, 0x0, 0x0, 0x0,
    0x0, 0x0, 0x0, 0xb, 0xf0, 0x0, 0x0, 0x0,

    /* U+4EAE "亮" */
    0x0, 0x0, 0x0, 0x0, 0x0, 0x0, 0x0, 0x0,
    0x0, 0x0, 0x0, 0x1f, 0xb0, 0x0, 0x0, 0x0,
    0x67, 0x77, 0x77, 0x7e, 0xf8, 0x77, 0x77, 0x76,
    0xde, 0xee, 0xee, 0xee, 0xee, 0xee, 0xee, 0xed,
    0x0, 0x12, 0x22, 0x22, 0x22, 0x22, 0x21, 0x0,
    0x0, 0x6f, 0xff, 0xff, 0xff, 0xff, 0xf8, 0x0,
    0x0, 0x6f, 0x30, 0x0, 0x0, 0x3, 0xf8, 0x0,
    0x0, 0x6f, 0xed, 0xdd, 0xdd, 0xde, 0xf8, 0x0,
    0x0, 0x13, 0x33, 0x33, 0x33, 0x33, 0x31, 0x0,
    0x9e, 0xee, 0xee, 0xee, 0xee, 0xee, 0xee, 0xe9,
    0xaf, 0x66, 0x66, 0x66, 0x66, 0x66, 0x66, 0xfa,
    0xae, 0x0, 0x35, 0x55, 0x55, 0x53, 0x0, 0xfa,
    0x23, 0x0, 0xcf, 0xff, 0xff, 0xfa, 0x0, 0x32,
    0x0, 0x0, 0xfc, 0x0, 0x2, 0xfa, 0x0, 0x0,
    0x0, 0x9, 0xf7, 0x0, 0x1, 0xfa, 0x0, 0xab,
    0x26, 0xcf, 0xc0, 0x0, 0x1, 0xfd, 0x77, 0xeb,
    0x9f, 0xd7, 0x0, 0x0, 0x0, 0xaf, 0xff, 0xe4,
    0x2, 0x0, 0x0, 0x0, 0x0, 0x0, 0x0, 0x0,

    /* U+4EBA "人" */
    0x0, 0x0, 0x0, 0x0, 0xfd, 0x0, 0x0, 0x0,
    0x0, 0x0, 0x0, 0x0, 0x1, 0xfc, 0x0, 0x0,
    0x0, 0x0, 0x0, 0x0, 0x0, 0x2, 0xfc, 0x0,
    0x0, 0x0, 0x0, 0x0, 0x0, 0x0, 0x3, 0xfd,
    0x0, 0x0, 0x0, 0x0, 0x0, 0x0, 0x0, 0x5,
    0xff, 0x0, 0x0, 0x0, 0x0, 0x0, 0x0, 0x0,
    0x8, 0xff, 0x40, 0x0, 0x0, 0x0, 0x0, 0x0,
    0x0, 0xc, 0xff, 0x90, 0x0, 0x0, 0x0, 0x0,
    0x0, 0x0, 0x1f, 0xdd, 0xe0, 0x0, 0x0, 0x0,
    0x0, 0x0, 0x0, 0x6f, 0x88, 0xf4, 0x0, 0x0,
    0x0, 0x0, 0x0, 0x0, 0xdf, 0x22, 0xfc, 0x0,
    0x0, 0x0, 0x0, 0x0, 0x6, 0xfa, 0x0, 0x9f,
    0x50, 0x0, 0x0, 0x0, 0x0, 0x2f, 0xf2, 0x0,
    0x1f, 0xf2, 0x0, 0x0, 0x0, 0x1, 0xdf, 0x70,
    0x0, 0x6, 0xfd, 0x10, 0x0, 0x0, 0x2d, 0xfa,
    0x0, 0x0, 0x0, 0x8f, 0xe3, 0x0, 0x6, 0xff,
    0xb0, 0x0, 0x0, 0x0, 0x8, 0xff, 0x91, 0xb,
    0xf6, 0x0, 0x0, 0x0, 0x0, 0x0, 0x4d, 0xb0,
    0x0, 0x20, 0x0, 0x0, 0x0, 0x0, 0x0, 0x0,
    0x10,

    /* U+4ECA "今" */
    0x0, 0x0, 0x0, 0x0, 0x22, 0x0, 0x0, 0x0,
    0x0, 0x0, 0x0, 0x0, 0x1, 0xef, 0x30, 0x0,
    0x0, 0x0, 0x0, 0x0, 0x0, 0xc, 0xff, 0xb0,
    0x0, 0x0, 0x0, 0x0, 0x0, 0x1, 0xcf, 0x97,
    0xfc, 0x10, 0x0, 0x0, 0x0, 0x0, 0x3d, 0xf9,
    0x0, 0x5f, 0xe4, 0x0, 0x0, 0x0, 0x7, 0xff,
    0x82, 0x40, 0x4, 0xff, 0xa1, 0x0, 0x5, 0xdf,
    0xe5, 0xb, 0xf8, 0x0, 0x2d, 0xff, 0x80, 0x1e,
    0xf9, 0x10, 0x0, 0xaf, 0xb0, 0x0, 0x8f, 0xd0,
    0x3, 0x30, 0x0, 0x0, 0x8, 0xf4, 0x0, 0x2,
    0x10, 0x0, 0x9, 0x99, 0x99, 0x99, 0xc9, 0x99,
    0x92, 0x0, 0x0, 0x1f, 0xff, 0xff, 0xff, 0xff,
    0xff, 0xf3, 0x0, 0x0, 0x1, 0x11, 0x11, 0x11,
    0x11, 0xdf, 0x60, 0x0, 0x0, 0x0, 0x0, 0x0,
    0x0, 0x9, 0xfa, 0x0, 0x0, 0x0, 0x0, 0x0,
    0x0, 0x0, 0x5f, 0xd0, 0x0, 0x0, 0x0, 0x0,
    0x0, 0x0, 0x3, 0xff, 0x20, 0x0, 0x0, 0x0,
    0x0, 0x0, 0x0, 0x1e, 0xf5, 0x0, 0x0, 0x0,
    0x0, 0x0, 0x0, 0x0, 0x7f, 0x80, 0x0, 0x0,
    0x0, 0x0, 0x0, 0x0, 0x0, 0x1, 0x0, 0x0,
    0x0, 0x0,

    /* U+4ECD "仍" */
    0x0, 0x0, 0x0, 0x0, 0x0, 0x0, 0x0, 0x0,
    0x0, 0x0, 0x5f, 0x40, 0x0, 0x0, 0x0, 0x0,
    0x0, 0x0, 0xb, 0xf3, 0xff, 0xff, 0xff, 0xff,
    0x50, 0x0, 0x2, 0xf9, 0x18, 0xbf, 0xb8, 0x8c,
    0xf2, 0x0, 0x0, 0x8f, 0x30, 0x5, 0xf5, 0x0,
    0xae, 0x0, 0x0, 0x2f, 0xf1, 0x0, 0x5f, 0x50,
    0xd, 0xb0, 0x0, 0xb, 0xff, 0x10, 0x6, 0xf4,
    0x1, 0xf8, 0x0, 0x6, 0xff, 0xf1, 0x0, 0x7f,
    0x30, 0x4f, 0xff, 0xf8, 0x3e, 0x9f, 0x10, 0x9,
    0xf1, 0x4, 0x88, 0x9f, 0x80, 0x27, 0xf1, 0x0,
    0xbe, 0x0, 0x0, 0x2, 0xf7, 0x0, 0x7f, 0x10,
    0xe, 0xc0, 0x0, 0x0, 0x3f, 0x60, 0x7, 0xf1,
    0x3, 0xf8, 0x0, 0x0, 0x4, 0xf5, 0x0, 0x7f,
    0x10, 0x8f, 0x30, 0x0, 0x0, 0x6f, 0x30, 0x7,
    0xf1, 0xd, 0xe0, 0x0, 0x0, 0x8, 0xf2, 0x0,
    0x7f, 0x18, 0xf8, 0x0, 0x0, 0x0, 0xcf, 0x0,
    0x7, 0xf5, 0xfd, 0x0, 0x1, 0xba, 0xcf, 0xb0,
    0x0, 0x7f, 0x2c, 0x30, 0x0, 0xb, 0xed, 0xb1,
    0x0, 0x0, 0x0, 0x0, 0x0, 0x0, 0x0, 0x0,
    0x0,

    /* U+4EE5 "以" */
    0x0, 0x0, 0x0, 0x0, 0x0, 0x0, 0x0, 0x0,
    0x0, 0x7, 0x50, 0x0, 0x0, 0x0, 0x7, 0xf4,
    0x0, 0x1, 0xfb, 0x1, 0xa8, 0x0, 0x0, 0x8f,
    0x30, 0x0, 0x1f, 0xb0, 0xb, 0xf4, 0x0, 0x9,
    0xf2, 0x0, 0x1, 0xfb, 0x0, 0x1f, 0xe0, 0x0,
    0xbf, 0x10, 0x0, 0x1f, 0xb0, 0x0, 0x7f, 0x80,
    0xd, 0xe0, 0x0, 0x1, 0xfb, 0x0, 0x0, 0xc4,
    0x0, 0xfc, 0x0, 0x0, 0x1f, 0xb0, 0x0, 0x0,
    0x0, 0x3f, 0x90, 0x0, 0x1, 0xfb, 0x0, 0x0,
    0x0, 0x7, 0xf5, 0x0, 0x0, 0x1f, 0xb0, 0x0,
    0x0, 0x0, 0xcf, 0x10, 0x0, 0x1, 0xfb, 0x0,
    0x68, 0x0, 0x3f, 0xb0, 0x0, 0x0, 0x1f, 0xc7,
    0xef, 0xc0, 0xc, 0xfc, 0x0, 0x0, 0x4, 0xff,
    0xfd, 0x60, 0x7, 0xfe, 0xfc, 0x0, 0x1, 0xdf,
    0xe6, 0x0, 0x7, 0xfd, 0x19, 0xfb, 0x0, 0xb,
    0x80, 0x0, 0x2b, 0xfe, 0x20, 0xa, 0xfa, 0x0,
    0x0, 0x0, 0x4f, 0xfb, 0x10, 0x0, 0xd, 0xf4,
    0x0, 0x0, 0x0, 0x85, 0x0, 0x0, 0x0, 0x25,
    0x0,

    /* U+4F11 "休" */
    0x0, 0x0, 0x0, 0x0, 0x0, 0x0, 0x0, 0x0,
    0x0, 0x0, 0x0, 0x3f, 0x80, 0x0, 0x9f, 0x10,
    0x0, 0x0, 0x0, 0x0, 0xbf, 0x40, 0x0, 0x9f,
    0x10, 0x0, 0x0, 0x0, 0x3, 0xfc, 0x0, 0x0,
    0x9f, 0x10, 0x0, 0x0, 0x0, 0xb, 0xf5, 0x0,
    0x0, 0x9f, 0x10, 0x0, 0x0, 0x0, 0x6f, 0xf3,
    0xaa, 0xaa, 0xdf, 0xaa, 0xaa, 0xa0, 0x3, 0xff,
    0xe4, 0xff, 0xff, 0xff, 0xff, 0xff, 0xf0, 0x2e,
    0xff, 0xe0, 0x0, 0x9, 0xff, 0xf3, 0x0, 0x0,
    0x3f, 0x8b, 0xe0, 0x0, 0x2f, 0xff, 0xfc, 0x0,
    0x0, 0x5, 0xb, 0xe0, 0x0, 0xaf, 0xbf, 0x8f,
    0x40, 0x0, 0x0, 0xb, 0xe0, 0x3, 0xf9, 0x9f,
    0x1d, 0xd0, 0x0, 0x0, 0xb, 0xe0, 0xd, 0xe1,
    0x9f, 0x15, 0xf8, 0x0, 0x0, 0xb, 0xe0, 0xbf,
    0x50, 0x9f, 0x10, 0xbf, 0x60, 0x0, 0xb, 0xeb,
    0xf8, 0x0, 0x9f, 0x10, 0x1e, 0xf4, 0x0, 0xb,
    0xe5, 0xa0, 0x0, 0x9f, 0x10, 0x2, 0x90, 0x0,
    0xb, 0xe0, 0x0, 0x0, 0x9f, 0x10, 0x0, 0x0,
    0x0, 0xb, 0xe0, 0x0, 0x0, 0x9f, 0x10, 0x0,
    0x0, 0x0, 0x0, 0x0, 0x0, 0x0, 0x0, 0x0,
    0x0, 0x0,

    /* U+4F1A "会" */
    0x0, 0x0, 0x0, 0x0, 0x0, 0x0, 0x0, 0x0,
    0x0, 0x0, 0x0, 0x0, 0x0, 0x4e, 0x60, 0x0,
    0x0, 0x0, 0x0, 0x0, 0x0, 0x3, 0xff, 0x80,
    0x0, 0x0, 0x0, 0x0, 0x0, 0x0, 0x5f, 0xfb,
    0xf9, 0x0, 0x0, 0x0, 0x0, 0x0, 0x9, 0xfe,
    0x30, 0x8f, 0xd3, 0x0, 0x0, 0x0, 0x5, 0xef,
    0xc2, 0x0, 0x5, 0xef, 0xa2, 0x0, 0x5, 0xdf,
    0xff, 0x99, 0x99, 0x99, 0xbe, 0xff, 0xb3, 0x7,
    0xfa, 0x2e, 0xff, 0xff, 0xff, 0xf7, 0x3b, 0xd0,
    0x0, 0x20, 0x0, 0x0, 0x0, 0x0, 0x0, 0x0,
    0x0, 0x0, 0x0, 0x0, 0x0, 0x0, 0x0, 0x0,
    0x0, 0x0, 0x1, 0xff, 0xff, 0xff, 0xff, 0xff,
    0xff, 0xff, 0xa0, 0x0, 0x99, 0x99, 0xcf, 0xe9,
    0x99, 0x99, 0x99, 0x60, 0x0, 0x0, 0x2, 0xfe,
    0x20, 0x5, 0xc2, 0x0, 0x0, 0x0, 0x0, 0x1e,
    0xf3, 0x0, 0x3, 0xee, 0x20, 0x0, 0x0, 0x2,
    0xdf, 0x40, 0x1, 0x23, 0x8f, 0xe1, 0x0, 0x0,
    0x3e, 0xff, 0xef, 0xff, 0xff, 0xff, 0xfc, 0x0,
    0x0, 0x1f, 0xfd, 0xba, 0x97, 0x65, 0x32, 0x9f,
    0x60, 0x0, 0x1, 0x0, 0x0, 0x0, 0x0, 0x0,
    0x5, 0x0,

    /* U+4F20 "传" */
    0x0, 0x0, 0x9a, 0x0, 0x1, 0xd7, 0x0, 0x0,
    0x0, 0x0, 0x1, 0xfb, 0x0, 0x5, 0xf6, 0x0,
    0x0, 0x0, 0x0, 0x8, 0xf4, 0xcf, 0xff, 0xff,
    0xff, 0xff, 0x30, 0x0, 0xf, 0xe0, 0x67, 0x7f,
    0xe7, 0x77, 0x77, 0x10, 0x0, 0x9f, 0x80, 0x0,
    0x1f, 0x90, 0x0, 0x0, 0x0, 0x4, 0xff, 0x86,
    0x99, 0xbf, 0xc9, 0x99, 0x99, 0x90, 0x2e, 0xff,
    0x8a, 0xff, 0xff, 0xff, 0xff, 0xff, 0xf0, 0x3f,
    0x7f, 0x80, 0x0, 0xec, 0x0, 0x0, 0x0, 0x0,
    0x2, 0x1f, 0x80, 0x4, 0xfc, 0x88, 0x88, 0x85,
    0x0, 0x0, 0x1f, 0x80, 0xa, 0xff, 0xff, 0xff,
    0xfd, 0x10, 0x0, 0x1f, 0x80, 0x0, 0x0, 0x0,
    0x3e, 0xe2, 0x0, 0x0, 0x1f, 0x80, 0x0, 0x4,
    0x2, 0xee, 0x20, 0x0, 0x0, 0x1f, 0x80, 0x0,
    0x7f, 0xcd, 0xf3, 0x0, 0x0, 0x0, 0x1f, 0x80,
    0x0, 0x5, 0xef, 0xa0, 0x0, 0x0, 0x0, 0x1f,
    0x80, 0x0, 0x0, 0x1c, 0xfb, 0x0, 0x0, 0x0,
    0x1f, 0x80, 0x0, 0x0, 0x0, 0x98, 0x0, 0x0,
    0x0, 0x0, 0x0, 0x0, 0x0, 0x0, 0x0, 0x0,
    0x0,

    /* U+4F4F "住" */
    0x0, 0x0, 0x0, 0x0, 0x0, 0x0, 0x0, 0x0,
    0x0, 0x0, 0x0, 0x3d, 0x50, 0x0, 0xbe, 0x0,
    0x0, 0x0, 0x0, 0x0, 0xbf, 0x20, 0x0, 0x6f,
    0x70, 0x0, 0x0, 0x0, 0x3, 0xfa, 0x0, 0x0,
    0xe, 0xc0, 0x0, 0x0, 0x0, 0xb, 0xf2, 0x6a,
    0xaa, 0xac, 0xaa, 0xaa, 0xa2, 0x0, 0x5f, 0xc0,
    0x9f, 0xff, 0xff, 0xff, 0xff, 0xf3, 0x2, 0xff,
    0xb0, 0x0, 0x0, 0x1f, 0x90, 0x0, 0x0, 0x1e,
    0xff, 0xb0, 0x0, 0x0, 0x1f, 0x90, 0x0, 0x0,
    0x1e, 0x7e, 0xb0, 0x0, 0x0, 0x1f, 0x90, 0x0,
    0x0, 0x3, 0xe, 0xb0, 0x8, 0x88, 0x9f, 0xd8,
    0x88, 0x50, 0x0, 0xe, 0xb0, 0xf, 0xff, 0xff,
    0xff, 0xff, 0xa0, 0x0, 0xe, 0xb0, 0x0, 0x0,
    0x1f, 0xa0, 0x0, 0x0, 0x0, 0xe, 0xb0, 0x0,
    0x0, 0x1f, 0x90, 0x0, 0x0, 0x0, 0xe, 0xb0,
    0x0, 0x0, 0x1f, 0x90, 0x0, 0x0, 0x0, 0xe,
    0xb0, 0x0, 0x0, 0x1f, 0x90, 0x0, 0x0, 0x0,
    0xe, 0xb0, 0xaa, 0xaa, 0xaf, 0xda, 0xaa, 0xa4,
    0x0, 0xe, 0xb1, 0xff, 0xff, 0xff, 0xff, 0xff,
    0xf6,

    /* U+5012 "倒" */
    0x0, 0x2, 0x40, 0x0, 0x0, 0x0, 0x0, 0x0,
    0x0, 0x0, 0x9f, 0x9b, 0xbb, 0xbb, 0x94, 0x80,
    0xe8, 0x0, 0xf, 0xa6, 0xaf, 0xb8, 0x86, 0x7e,
    0xe, 0x80, 0x6, 0xf3, 0x8, 0xf1, 0x65, 0x7,
    0xe0, 0xe8, 0x0, 0xdf, 0x0, 0xe8, 0x7, 0xf1,
    0x7e, 0xe, 0x80, 0x7f, 0xf0, 0xaf, 0xab, 0xef,
    0x97, 0xe0, 0xe8, 0x3f, 0xff, 0xc, 0xfc, 0x96,
    0x8f, 0x9e, 0xe, 0x86, 0xfb, 0xf0, 0x10, 0x59,
    0x0, 0x37, 0xe0, 0xe8, 0x6, 0x8f, 0x0, 0x8,
    0xf0, 0x0, 0x7e, 0xe, 0x80, 0x8, 0xf0, 0xbc,
    0xef, 0xcc, 0x87, 0xe0, 0xe8, 0x0, 0x8f, 0x9,
    0x9d, 0xfa, 0x96, 0x7e, 0xe, 0x80, 0x8, 0xf0,
    0x0, 0x8f, 0x0, 0x7, 0xe0, 0xe8, 0x0, 0x8f,
    0x0, 0x8, 0xf4, 0x79, 0x0, 0xe, 0x80, 0x8,
    0xf3, 0x9c, 0xff, 0xfe, 0xb0, 0x0, 0xe8, 0x0,
    0x8f, 0x4d, 0xa7, 0x41, 0x0, 0x46, 0x7f, 0x80,
    0x8, 0xf0, 0x0, 0x0, 0x0, 0x5, 0xff, 0xc2,
    0x0, 0x0, 0x0, 0x0, 0x0, 0x0, 0x0, 0x0,
    0x0,

    /* U+5065 "健" */
    0x0, 0x0, 0x0, 0x0, 0x0, 0x0, 0x0, 0x0,
    0x0, 0x0, 0x9, 0xd1, 0x11, 0x10, 0x3, 0xf2,
    0x0, 0x0, 0x0, 0xe, 0xcd, 0xff, 0xf6, 0xee,
    0xfe, 0xee, 0x10, 0x0, 0x3f, 0x64, 0x5e, 0xc1,
    0x47, 0xf7, 0x7f, 0x10, 0x0, 0x8f, 0x10, 0x3f,
    0x64, 0x47, 0xf7, 0x7f, 0x61, 0x0, 0xff, 0x0,
    0x9e, 0x1f, 0xff, 0xff, 0xff, 0xf4, 0x8, 0xff,
    0x1, 0xf7, 0x0, 0x3, 0xf2, 0x3f, 0x10, 0x2f,
    0xff, 0xb, 0xf7, 0x63, 0xab, 0xfb, 0xbf, 0x10,
    0x2f, 0xbf, 0x3f, 0xde, 0xf3, 0x9b, 0xfa, 0x99,
    0x0, 0x3, 0x7f, 0x1, 0x8, 0xd2, 0x57, 0xf7,
    0x55, 0x10, 0x0, 0x7f, 0x19, 0xa, 0xb8, 0xff,
    0xff, 0xff, 0x40, 0x0, 0x7f, 0x1f, 0x6e, 0x70,
    0x3, 0xf3, 0x0, 0x0, 0x0, 0x7f, 0xa, 0xef,
    0x2f, 0xff, 0xff, 0xff, 0xc0, 0x0, 0x7f, 0x2,
    0xfe, 0x4, 0x46, 0xf6, 0x44, 0x30, 0x0, 0x7f,
    0x3, 0xff, 0xa1, 0x3, 0xf2, 0x0, 0x0, 0x0,
    0x7f, 0x3e, 0xb6, 0xff, 0xcb, 0xc7, 0x66, 0x61,
    0x0, 0x7f, 0x7a, 0x0, 0x17, 0xbc, 0xef, 0xff,
    0xe0, 0x0, 0x0, 0x0, 0x0, 0x0, 0x0, 0x0,
    0x0, 0x0,

    /* U+5148 "先" */
    0x0, 0x0, 0x76, 0x0, 0xce, 0x0, 0x0, 0x0,
    0x0, 0x0, 0x1, 0xfb, 0x0, 0xce, 0x0, 0x0,
    0x0, 0x0, 0x0, 0x6, 0xfc, 0x88, 0xef, 0x88,
    0x88, 0x85, 0x0, 0x0, 0xc, 0xff, 0xff, 0xff,
    0xff, 0xff, 0xf9, 0x0, 0x0, 0x6f, 0x80, 0x0,
    0xde, 0x0, 0x0, 0x0, 0x0, 0x0, 0xee, 0x0,
    0x0, 0xce, 0x0, 0x0, 0x0, 0x0, 0x0, 0x45,
    0x0, 0x0, 0xce, 0x0, 0x0, 0x0, 0x0, 0x7,
    0x99, 0x99, 0x99, 0xef, 0x99, 0x99, 0x99, 0x80,
    0xd, 0xff, 0xff, 0xff, 0xff, 0xff, 0xff, 0xff,
    0xe0, 0x0, 0x0, 0x7, 0xf5, 0x0, 0x9f, 0x20,
    0x0, 0x0, 0x0, 0x0, 0xa, 0xf1, 0x0, 0x9f,
    0x10, 0x0, 0x0, 0x0, 0x0, 0xe, 0xd0, 0x0,
    0x9f, 0x10, 0x0, 0x0, 0x0, 0x0, 0x7f, 0x70,
    0x0, 0x9f, 0x10, 0x6, 0xb0, 0x0, 0x7, 0xfd,
    0x0, 0x0, 0x9f, 0x10, 0x8, 0xf0, 0x5, 0xcf,
    0xe1, 0x0, 0x0, 0x8f, 0xb9, 0x9e, 0xd0, 0xa,
    0xfa, 0x10, 0x0, 0x0, 0x2d, 0xff, 0xfe, 0x50,
    0x1, 0x20, 0x0, 0x0, 0x0, 0x0, 0x0, 0x0,
    0x0,

    /* U+5165 "入" */
    0x0, 0x0, 0x1, 0x80, 0x0, 0x0, 0x0, 0x0,
    0x0, 0x0, 0x0, 0x9, 0xfa, 0x0, 0x0, 0x0,
    0x0, 0x0, 0x0, 0x0, 0x0, 0xbf, 0x90, 0x0,
    0x0, 0x0, 0x0, 0x0, 0x0, 0x0, 0xc, 0xf6,
    0x0, 0x0, 0x0, 0x0, 0x0, 0x0, 0x0, 0x1,
    0xfe, 0x10, 0x0, 0x0, 0x0, 0x0, 0x0, 0x0,
    0x4, 0xff, 0x90, 0x0, 0x0, 0x0, 0x0, 0x0,
    0x0, 0x9, 0xff, 0xf2, 0x0, 0x0, 0x0, 0x0,
    0x0, 0x0, 0xe, 0xf4, 0xfb, 0x0, 0x0, 0x0,
    0x0, 0x0, 0x0, 0x5f, 0xa0, 0xaf, 0x50, 0x0,
    0x0, 0x0, 0x0, 0x0, 0xdf, 0x40, 0x2f, 0xe0,
    0x0, 0x0, 0x0, 0x0, 0x6, 0xfb, 0x0, 0x9,
    0xf8, 0x0, 0x0, 0x0, 0x0, 0x3f, 0xf2, 0x0,
    0x1, 0xff, 0x30, 0x0, 0x0, 0x2, 0xef, 0x70,
    0x0, 0x0, 0x6f, 0xe2, 0x0, 0x0, 0x4e, 0xf9,
    0x0, 0x0, 0x0, 0x9, 0xfe, 0x40, 0x9, 0xff,
    0xa0, 0x0, 0x0, 0x0, 0x0, 0xaf, 0xf2, 0x8,
    0xf6, 0x0, 0x0, 0x0, 0x0, 0x0, 0x7, 0xc0,
    0x0, 0x10, 0x0, 0x0, 0x0, 0x0, 0x0, 0x0,
    0x0,

    /* U+5168 "全" */
    0x0, 0x0, 0x0, 0x0, 0x0, 0x0, 0x0, 0x0,
    0x0, 0x0, 0x0, 0x0, 0x0, 0x9e, 0x30, 0x0,
    0x0, 0x0, 0x0, 0x0, 0x0, 0x5, 0xff, 0xa0,
    0x0, 0x0, 0x0, 0x0, 0x0, 0x0, 0x5f, 0xc8,
    0xfa, 0x0, 0x0, 0x0, 0x0, 0x0, 0x7, 0xfc,
    0x10, 0x6f, 0xc1, 0x0, 0x0, 0x0, 0x1, 0xbf,
    0xc1, 0x0, 0x6, 0xfe, 0x60, 0x0, 0x0, 0x7e,
    0xf8, 0x0, 0x0, 0x0, 0x3d, 0xfc, 0x30, 0x1e,
    0xff, 0xc8, 0x88, 0x88, 0x88, 0x89, 0xff, 0xf7,
    0x6, 0x83, 0xff, 0xff, 0xff, 0xff, 0xff, 0xb4,
    0xc1, 0x0, 0x0, 0x0, 0x0, 0xaf, 0x10, 0x0,
    0x0, 0x0, 0x0, 0x0, 0x0, 0x0, 0xaf, 0x10,
    0x0, 0x0, 0x0, 0x0, 0x0, 0x77, 0x77, 0xdf,
    0x87, 0x77, 0x50, 0x0, 0x0, 0x0, 0xff, 0xff,
    0xff, 0xff, 0xff, 0xa0, 0x0, 0x0, 0x0, 0x0,
    0x0, 0xaf, 0x10, 0x0, 0x0, 0x0, 0x0, 0x0,
    0x0, 0x0, 0xaf, 0x10, 0x0, 0x0, 0x0, 0x2,
    0x77, 0x77, 0x77, 0xdf, 0x87, 0x77, 0x77, 0x70,
    0x5, 0xff, 0xff, 0xff, 0xff, 0xff, 0xff, 0xff,
    0xe0,

    /* U+518D "再" */
    0x6, 0xff, 0xff, 0xff, 0xff, 0xff, 0xff, 0xff,
    0xc0, 0x3, 0x88, 0x88, 0x88, 0xdf, 0x88, 0x88,
    0x88, 0x60, 0x0, 0x0, 0x0, 0x0, 0xbf, 0x0,
    0x0, 0x0, 0x0, 0x0, 0xf, 0xff, 0xff, 0xff,
    0xff, 0xff, 0xf5, 0x0, 0x0, 0xf, 0xd7, 0x77,
    0xdf, 0x77, 0x7a, 0xf5, 0x0, 0x0, 0xf, 0xa0,
    0x0, 0xbe, 0x0, 0x4, 0xf5, 0x0, 0x0, 0xf,
    0xd7, 0x77, 0xdf, 0x77, 0x7a, 0xf5, 0x0, 0x0,
    0xf, 0xff, 0xff, 0xff, 0xff, 0xff, 0xf5, 0x0,
    0x0, 0xf, 0xa0, 0x0, 0xbe, 0x0, 0x4, 0xf5,
    0x0, 0x7, 0x7f, 0xd7, 0x77, 0xdf, 0x77, 0x7a,
    0xfa, 0x73, 0x1f, 0xff, 0xff, 0xff, 0xff, 0xff,
    0xff, 0xff, 0xf7, 0x0, 0xf, 0xa0, 0x0, 0x0,
    0x0, 0x5, 0xf6, 0x0, 0x0, 0xf, 0xa0, 0x0,
    0x0, 0x0, 0x4, 0xf5, 0x0, 0x0, 0xf, 0xa0,
    0x0, 0x0, 0x19, 0x8b, 0xf4, 0x0, 0x0, 0xf,
    0xa0, 0x0, 0x0, 0xd, 0xfe, 0xa0, 0x0,

    /* U+51C6 "准" */
    0x0, 0x0, 0x0, 0x0, 0x0, 0x0, 0x0, 0x0,
    0x0, 0x0, 0x20, 0x0, 0x4, 0xc3, 0xb, 0x70,
    0x0, 0x0, 0xd, 0xd0, 0x0, 0xb, 0xf1, 0xc,
    0xf2, 0x0, 0x0, 0x7, 0xf8, 0x0, 0x2f, 0xa0,
    0x4, 0xf5, 0x0, 0x0, 0x0, 0xdf, 0x10, 0x9f,
    0xff, 0xff, 0xff, 0xff, 0xd0, 0x0, 0x5f, 0x82,
    0xff, 0x77, 0x7c, 0xf8, 0x77, 0x60, 0x0, 0x5,
    0xc, 0xff, 0x0, 0x8, 0xf1, 0x0, 0x0, 0x0,
    0x0, 0xaf, 0xef, 0x66, 0x6b, 0xf7, 0x66, 0x30,
    0x0, 0x1, 0xda, 0x8f, 0xff, 0xff, 0xff, 0xff,
    0x70, 0x0, 0x1, 0x10, 0x8f, 0x0, 0x9, 0xf1,
    0x0, 0x0, 0x0, 0xc, 0xb0, 0x8f, 0x0, 0x8,
    0xf1, 0x0, 0x0, 0x0, 0x3f, 0xb0, 0x8f, 0xff,
    0xff, 0xff, 0xff, 0x70, 0x0, 0x9f, 0x40, 0x8f,
    0x77, 0x7c, 0xf8, 0x77, 0x30, 0x1, 0xfd, 0x0,
    0x8f, 0x0, 0x8, 0xf1, 0x0, 0x0, 0x8, 0xf7,
    0x0, 0x8f, 0x77, 0x7c, 0xf7, 0x77, 0x71, 0xe,
    0xf0, 0x0, 0x8f, 0xff, 0xff, 0xff, 0xff, 0xf2,
    0x0, 0x30, 0x0, 0x8f, 0x0, 0x0, 0x0, 0x0,
    0x0,

    /* U+521A "刚" */
    0x0, 0x0, 0x0, 0x0, 0x0, 0x0, 0x0, 0xf8,
    0x7f, 0xff, 0xff, 0xff, 0xf9, 0x1, 0x0, 0xf8,
    0x7f, 0x87, 0x77, 0x77, 0xf9, 0xe, 0x80, 0xf8,
    0x7f, 0x10, 0x0, 0xb4, 0xe9, 0xe, 0x80, 0xf8,
    0x7f, 0x7c, 0x3, 0xf3, 0xe9, 0xe, 0x80, 0xf8,
    0x7f, 0x3f, 0x58, 0xe0, 0xe9, 0xe, 0x80, 0xf8,
    0x7f, 0x19, 0xed, 0x80, 0xe9, 0xe, 0x80, 0xf8,
    0x7f, 0x11, 0xff, 0x30, 0xe9, 0xe, 0x80, 0xf8,
    0x7f, 0x10, 0xaf, 0x0, 0xe9, 0xe, 0x80, 0xf8,
    0x7f, 0x10, 0xef, 0x60, 0xe9, 0xe, 0x80, 0xf8,
    0x7f, 0x15, 0xfb, 0xe0, 0xe9, 0xe, 0x80, 0xf8,
    0x7f, 0x1d, 0xa2, 0xf4, 0xe9, 0xe, 0x80, 0xf8,
    0x7f, 0x8f, 0x20, 0xb5, 0xe9, 0x0, 0x0, 0xf8,
    0x7f, 0xa9, 0x0, 0x0, 0xe9, 0x0, 0x0, 0xf8,
    0x7f, 0x10, 0x2, 0x67, 0xf8, 0x4, 0x88, 0xf7,
    0x7f, 0x10, 0x2, 0xff, 0xc2, 0x3, 0xfe, 0xb1,
    0x0, 0x0, 0x0, 0x0, 0x0, 0x0, 0x0, 0x0,

    /* U+5230 "到" */
    0x0, 0x0, 0x0, 0x0, 0x0, 0x0, 0x0, 0x8f,
    0x10, 0xef, 0xff, 0xff, 0xff, 0xf4, 0xa7, 0x8,
    0xf1, 0x6, 0x7b, 0xfa, 0x78, 0x77, 0x2e, 0xa0,
    0x8f, 0x10, 0x0, 0xdd, 0x4, 0xf3, 0x0, 0xea,
    0x8, 0xf1, 0x0, 0x7f, 0x30, 0xc, 0xe1, 0xe,
    0xa0, 0x8f, 0x10, 0x4f, 0xea, 0xcd, 0xef, 0xa0,
    0xea, 0x8, 0xf1, 0x3, 0xfd, 0xba, 0x87, 0x9f,
    0x1e, 0xa0, 0x8f, 0x10, 0x0, 0x0, 0xb6, 0x0,
    0x10, 0xea, 0x8, 0xf1, 0x0, 0x0, 0xf, 0x80,
    0x0, 0xe, 0xa0, 0x8f, 0x10, 0x7f, 0xff, 0xff,
    0xff, 0xe0, 0xea, 0x8, 0xf1, 0x3, 0x66, 0x7f,
    0xb6, 0x66, 0xe, 0xa0, 0x8f, 0x10, 0x0, 0x0,
    0xf8, 0x0, 0x0, 0xea, 0x8, 0xf1, 0x0, 0x0,
    0xf, 0x83, 0x69, 0x10, 0x0, 0x8f, 0x10, 0x24,
    0x7a, 0xff, 0xff, 0xf2, 0x0, 0x8, 0xf1, 0xf,
    0xff, 0xfc, 0x95, 0x20, 0x0, 0x99, 0xdf, 0x0,
    0x65, 0x20, 0x0, 0x0, 0x0, 0xb, 0xfe, 0x70,
    0x0, 0x0, 0x0, 0x0, 0x0, 0x0, 0x0, 0x0,
    0x0,

    /* U+524D "前" */
    0x0, 0x0, 0x1, 0x0, 0x0, 0x0, 0x11, 0x0,
    0x0, 0x0, 0x2, 0xfc, 0x0, 0x0, 0x0, 0xaf,
    0x40, 0x0, 0x0, 0x0, 0x8f, 0x80, 0x0, 0x3,
    0xfc, 0x0, 0x0, 0x7, 0x77, 0x8f, 0xc7, 0x77,
    0x7d, 0xf9, 0x77, 0x70, 0xf, 0xff, 0xff, 0xff,
    0xff, 0xff, 0xff, 0xff, 0xf0, 0x0, 0x0, 0x0,
    0x0, 0x0, 0x0, 0x0, 0x11, 0x0, 0x0, 0x77,
    0x77, 0x77, 0x60, 0x13, 0x0, 0xbe, 0x0, 0x0,
    0xff, 0xff, 0xff, 0xc0, 0x4f, 0x30, 0xbe, 0x0,
    0x0, 0xf9, 0x0, 0xd, 0xc0, 0x4f, 0x30, 0xbe,
    0x0, 0x0, 0xfc, 0x77, 0x7e, 0xc0, 0x4f, 0x30,
    0xbe, 0x0, 0x0, 0xfe, 0xcc, 0xcf, 0xc0, 0x4f,
    0x30, 0xbe, 0x0, 0x0, 0xf9, 0x0, 0xc, 0xc0,
    0x4f, 0x30, 0xbe, 0x0, 0x0, 0xfe, 0xaa, 0xaf,
    0xc0, 0x4f, 0x30, 0xbe, 0x0, 0x0, 0xfd, 0x99,
    0x9e, 0xc0, 0x4f, 0x30, 0xbe, 0x0, 0x0, 0xf9,
    0x0, 0xc, 0xc0, 0x1, 0x0, 0xbe, 0x0, 0x0,
    0xf9, 0x5, 0x6e, 0xb0, 0x2, 0x88, 0xed, 0x0,
    0x0, 0xf9, 0x9, 0xfe, 0x50, 0x0, 0xef, 0xe6,
    0x0, 0x0, 0x0, 0x0, 0x0, 0x0, 0x0, 0x0,
    0x0, 0x0,

    /* U+52A1 "务" */
    0x0, 0x0, 0x0, 0x0, 0x0, 0x0, 0x0, 0x0,
    0x0, 0x0, 0x0, 0x0, 0xbf, 0x20, 0x0, 0x0,
    0x0, 0x0, 0x0, 0x0, 0x8, 0xfc, 0x44, 0x44,
    0x44, 0x50, 0x0, 0x0, 0x0, 0x8f, 0xff, 0xff,
    0xff, 0xff, 0xf6, 0x0, 0x0, 0x2b, 0xff, 0x51,
    0x11, 0x11, 0x9f, 0x90, 0x0, 0x2, 0xff, 0x7b,
    0xf6, 0x0, 0x3c, 0xf9, 0x0, 0x0, 0x0, 0x61,
    0x0, 0x8f, 0xdc, 0xfd, 0x30, 0x0, 0x0, 0x0,
    0x2, 0x58, 0xcf, 0xff, 0xfd, 0xa7, 0x43, 0x10,
    0xc, 0xff, 0xff, 0xb6, 0x21, 0x5a, 0xef, 0xff,
    0xe0, 0x5, 0x75, 0x20, 0x3, 0xc5, 0x0, 0x0,
    0x35, 0x30, 0x0, 0x22, 0x22, 0x28, 0xf6, 0x22,
    0x22, 0x21, 0x0, 0x0, 0xbf, 0xff, 0xff, 0xff,
    0xff, 0xff, 0xfa, 0x0, 0x0, 0x34, 0x44, 0x8f,
    0xa4, 0x44, 0x46, 0xf7, 0x0, 0x0, 0x0, 0x2,
    0xee, 0x10, 0x0, 0x5, 0xf5, 0x0, 0x0, 0x0,
    0x5e, 0xf3, 0x0, 0x0, 0x9, 0xf1, 0x0, 0x4,
    0x9e, 0xfc, 0x20, 0x5, 0x65, 0x7f, 0xc0, 0x0,
    0x7, 0xfb, 0x50, 0x0, 0x6, 0xff, 0xfc, 0x30,
    0x0, 0x0, 0x10, 0x0, 0x0, 0x0, 0x0, 0x0,
    0x0, 0x0,

    /* U+52A8 "动" */
    0x0, 0x0, 0x0, 0x0, 0x0, 0x8f, 0x10, 0x0,
    0x38, 0x88, 0x88, 0x84, 0x0, 0x9f, 0x10, 0x0,
    0x5f, 0xff, 0xff, 0xf8, 0x0, 0x9f, 0x10, 0x0,
    0x0, 0x0, 0x0, 0x0, 0x0, 0x9f, 0x0, 0x0,
    0x0, 0x0, 0x0, 0x0, 0xef, 0xff, 0xff, 0xff,
    0x77, 0x77, 0x77, 0x76, 0x78, 0xdf, 0x88, 0xde,
    0xff, 0xff, 0xff, 0xfd, 0x0, 0xbe, 0x0, 0xbe,
    0x0, 0xce, 0x0, 0x0, 0x0, 0xdc, 0x0, 0xcd,
    0x0, 0xf9, 0x4, 0x50, 0x0, 0xfb, 0x0, 0xdd,
    0x4, 0xf4, 0x8, 0xf0, 0x2, 0xf8, 0x0, 0xdc,
    0x9, 0xe0, 0x2, 0xf6, 0x5, 0xf4, 0x0, 0xeb,
    0xf, 0x93, 0x7a, 0xfc, 0xb, 0xf1, 0x0, 0xfa,
    0x9f, 0xff, 0xfd, 0xcf, 0x4f, 0xb0, 0x1, 0xf9,
    0x8d, 0x94, 0x10, 0x26, 0xbf, 0x40, 0x4, 0xf7,
    0x0, 0x0, 0x0, 0x7, 0xfb, 0x39, 0x9e, 0xf3,
    0x0, 0x0, 0x0, 0x5, 0xd1, 0xf, 0xff, 0x80,
    0x0, 0x0, 0x0, 0x0, 0x0, 0x0, 0x0, 0x0,

    /* U+52A9 "助" */
    0x0, 0x0, 0x0, 0x0, 0x0, 0xd, 0xc0, 0x0,
    0x0, 0x1f, 0xff, 0xff, 0xe0, 0x0, 0xdc, 0x0,
    0x0, 0x1, 0xfb, 0x88, 0xde, 0x0, 0xd, 0xc0,
    0x0, 0x0, 0x1f, 0x60, 0x9, 0xe0, 0x0, 0xec,
    0x0, 0x0, 0x1, 0xfb, 0x77, 0xce, 0x8f, 0xff,
    0xff, 0xff, 0xb0, 0x1f, 0xff, 0xff, 0xe3, 0x67,
    0xfc, 0x66, 0xfa, 0x1, 0xf6, 0x0, 0x9e, 0x0,
    0xf, 0x90, 0xf, 0xa0, 0x1f, 0x60, 0x9, 0xe0,
    0x2, 0xf7, 0x0, 0xf9, 0x1, 0xff, 0xff, 0xfe,
    0x0, 0x5f, 0x50, 0xf, 0x90, 0x1f, 0xb8, 0x8d,
    0xe0, 0x9, 0xf1, 0x0, 0xf8, 0x1, 0xf6, 0x0,
    0x9e, 0x0, 0xdd, 0x0, 0x1f, 0x70, 0x1f, 0x61,
    0x4c, 0xfb, 0x5f, 0x80, 0x2, 0xf7, 0x18, 0xff,
    0xff, 0xfd, 0x9e, 0xf1, 0x0, 0x4f, 0x53, 0xff,
    0xc8, 0x51, 0xa, 0xf7, 0x0, 0x7, 0xf4, 0x4,
    0x0, 0x0, 0x1c, 0xfa, 0x4, 0x99, 0xef, 0x10,
    0x0, 0x0, 0x0, 0xa9, 0x0, 0x2f, 0xfe, 0x60,
    0x0, 0x0, 0x0, 0x0, 0x0, 0x0, 0x0, 0x0,
    0x0,

    /* U+5371 "危" */
    0x0, 0x0, 0x1, 0x0, 0x0, 0x0, 0x0, 0x0,
    0x0, 0x0, 0x0, 0xd, 0xf2, 0x0, 0x0, 0x0,
    0x0, 0x0, 0x0, 0x0, 0x6f, 0xff, 0xff, 0xfe,
    0x30, 0x0, 0x0, 0x0, 0x2, 0xfe, 0x66, 0x66,
    0xff, 0x20, 0x0, 0x0, 0x0, 0x1e, 0xf3, 0x0,
    0x7, 0xf8, 0x0, 0x0, 0x0, 0x2, 0xdf, 0xff,
    0xff, 0xff, 0xff, 0xff, 0xff, 0xd0, 0x2f, 0xff,
    0xd8, 0x88, 0x88, 0x88, 0x88, 0x88, 0x80, 0x7,
    0x5f, 0xa0, 0x0, 0x0, 0x0, 0x0, 0x0, 0x0,
    0x0, 0xf, 0xa0, 0xaf, 0xff, 0xff, 0xff, 0x90,
    0x0, 0x0, 0xf, 0xa0, 0xbf, 0x77, 0x77, 0x8f,
    0x80, 0x0, 0x0, 0x1f, 0x90, 0xbe, 0x0, 0x0,
    0x2f, 0x70, 0x0, 0x0, 0x3f, 0x60, 0xbe, 0x0,
    0x0, 0x5f, 0x50, 0x0, 0x0, 0x7f, 0x30, 0xbe,
    0x0, 0xbd, 0xff, 0x10, 0x0, 0x0, 0xde, 0x0,
    0xbe, 0x0, 0x48, 0x82, 0x5, 0xa1, 0x4, 0xf9,
    0x0, 0xbf, 0x0, 0x0, 0x0, 0x8, 0xf1, 0x1e,
    0xf2, 0x0, 0x9f, 0xa8, 0x88, 0x88, 0x9f, 0xd0,
    0x1c, 0x60, 0x0, 0x1b, 0xef, 0xff, 0xff, 0xfd,
    0x30, 0x0, 0x0, 0x0, 0x0, 0x0, 0x0, 0x0,
    0x0, 0x0,

    /* U+5373 "即" */
    0x1f, 0xff, 0xff, 0xff, 0x8, 0xdd, 0xdd, 0xd7,
    0x1f, 0xc7, 0x77, 0xcf, 0x9, 0xfa, 0xaa, 0xf8,
    0x1f, 0x90, 0x0, 0x9f, 0x9, 0xf1, 0x1, 0xf8,
    0x1f, 0xd8, 0x88, 0xdf, 0x9, 0xf1, 0x1, 0xf8,
    0x1f, 0xff, 0xff, 0xff, 0x9, 0xf1, 0x1, 0xf8,
    0x1f, 0x90, 0x0, 0x9f, 0x9, 0xf1, 0x1, 0xf8,
    0x1f, 0xa0, 0x0, 0xaf, 0x9, 0xf1, 0x1, 0xf8,
    0x1f, 0xff, 0xff, 0xff, 0x9, 0xf1, 0x1, 0xf8,
    0x1f, 0xc7, 0x77, 0x77, 0x9, 0xf1, 0x1, 0xf8,
    0x1f, 0x90, 0x19, 0x40, 0x9, 0xf1, 0x1, 0xf8,
    0x1f, 0x90, 0x1e, 0xd0, 0x9, 0xf2, 0x79, 0xf8,
    0x1f, 0x90, 0x2b, 0xf7, 0x9, 0xf1, 0xef, 0xd2,
    0x5f, 0xee, 0xff, 0xff, 0x19, 0xf1, 0x0, 0x0,
    0xaf, 0xe9, 0x50, 0x5f, 0x49, 0xf1, 0x0, 0x0,
    0x24, 0x0, 0x0, 0x1, 0x9, 0xf1, 0x0, 0x0,

    /* U+53CA "及" */
    0x1, 0xff, 0xff, 0xff, 0xff, 0xff, 0xe0, 0x0,
    0x0, 0x1, 0xbb, 0xbf, 0xeb, 0xbb, 0xbf, 0xa0,
    0x0, 0x0, 0x0, 0x0, 0x1f, 0xa0, 0x0, 0x3f,
    0x70, 0x0, 0x0, 0x0, 0x0, 0x1f, 0xf0, 0x0,
    0x7f, 0x30, 0x0, 0x0, 0x0, 0x0, 0x2f, 0xf4,
    0x0, 0xcf, 0xff, 0xff, 0x50, 0x0, 0x0, 0x3f,
    0xfb, 0x0, 0x99, 0x99, 0xdf, 0x30, 0x0, 0x0,
    0x6f, 0xdf, 0x20, 0x0, 0x0, 0xee, 0x0, 0x0,
    0x0, 0x9f, 0x4e, 0xb0, 0x0, 0x7, 0xf8, 0x0,
    0x0, 0x0, 0xdf, 0x7, 0xf6, 0x0, 0x1e, 0xf1,
    0x0, 0x0, 0x3, 0xfa, 0x0, 0xdf, 0x40, 0xbf,
    0x50, 0x0, 0x0, 0xa, 0xf5, 0x0, 0x2e, 0xfb,
    0xf9, 0x0, 0x0, 0x0, 0x3f, 0xd0, 0x0, 0x5,
    0xff, 0xe0, 0x0, 0x0, 0x1, 0xdf, 0x40, 0x0,
    0x6e, 0xff, 0xfe, 0x60, 0x0, 0xd, 0xf8, 0x2,
    0x8e, 0xfe, 0x50, 0x8f, 0xff, 0xa3, 0x6, 0xa0,
    0x4, 0xfd, 0x70, 0x0, 0x2, 0x8d, 0xd0, 0x0,
    0x0, 0x0, 0x20, 0x0, 0x0, 0x0, 0x0, 0x10,

    /* U+53D1 "发" */
    0x0, 0x0, 0x0, 0x0, 0x0, 0x0, 0x0, 0x0,
    0x0, 0x0, 0x1, 0x73, 0x0, 0xfb, 0x0, 0x48,
    0x0, 0x0, 0x0, 0x6, 0xf6, 0x3, 0xfb, 0x0,
    0x7f, 0x90, 0x0, 0x0, 0xb, 0xf1, 0x6, 0xf8,
    0x0, 0x9, 0xf5, 0x0, 0x0, 0x3f, 0xa0, 0x9,
    0xf6, 0x0, 0x1, 0x60, 0x0, 0x0, 0xcf, 0xff,
    0xff, 0xff, 0xff, 0xff, 0xff, 0xc0, 0x0, 0x69,
    0x88, 0xaf, 0xe8, 0x88, 0x88, 0x88, 0x60, 0x0,
    0x0, 0x0, 0x7f, 0x70, 0x0, 0x0, 0x0, 0x0,
    0x0, 0x0, 0x0, 0xef, 0xff, 0xff, 0xff, 0xe3,
    0x0, 0x0, 0x0, 0x6, 0xff, 0xba, 0xaa, 0xaf,
    0xe0, 0x0, 0x0, 0x0, 0x1f, 0xff, 0x80, 0x0,
    0x6f, 0x70, 0x0, 0x0, 0x0, 0xcf, 0x68, 0xf4,
    0x2, 0xfe, 0x10, 0x0, 0x0, 0xb, 0xfa, 0x0,
    0xbf, 0x6e, 0xf3, 0x0, 0x0, 0x2, 0xcf, 0xc0,
    0x0, 0x1e, 0xff, 0x50, 0x0, 0x0, 0x2f, 0xf9,
    0x0, 0x3, 0xbf, 0xff, 0xd6, 0x0, 0x0, 0x8,
    0x50, 0x27, 0xcf, 0xf9, 0x16, 0xef, 0xea, 0x61,
    0x0, 0x0, 0x4f, 0xe8, 0x20, 0x0, 0x7, 0xcf,
    0xd0, 0x0, 0x0, 0x2, 0x0, 0x0, 0x0, 0x0,
    0x1, 0x20,

    /* U+53EF "可" */
    0xef, 0xff, 0xff, 0xff, 0xff, 0xff, 0xff, 0xff,
    0xb, 0xbb, 0xbb, 0xbb, 0xbb, 0xbb, 0xbf, 0xfb,
    0xb0, 0x0, 0x0, 0x0, 0x0, 0x0, 0x0, 0xdd,
    0x0, 0x0, 0x0, 0x0, 0x0, 0x0, 0x0, 0xd,
    0xd0, 0x0, 0x3, 0xff, 0xff, 0xff, 0xf3, 0x0,
    0xdd, 0x0, 0x0, 0x3f, 0xc9, 0x99, 0xcf, 0x30,
    0xd, 0xd0, 0x0, 0x3, 0xf6, 0x0, 0x6, 0xf3,
    0x0, 0xdd, 0x0, 0x0, 0x3f, 0x60, 0x0, 0x6f,
    0x30, 0xd, 0xd0, 0x0, 0x3, 0xf6, 0x0, 0x6,
    0xf3, 0x0, 0xdd, 0x0, 0x0, 0x3f, 0xc9, 0x99,
    0xcf, 0x30, 0xd, 0xd0, 0x0, 0x3, 0xff, 0xff,
    0xff, 0xf3, 0x0, 0xdd, 0x0, 0x0, 0x3f, 0x60,
    0x0, 0x0, 0x0, 0xd, 0xd0, 0x0, 0x0, 0x31,
    0x0, 0x0, 0x0, 0x0, 0xed, 0x0, 0x0, 0x0,
    0x0, 0x0, 0x6, 0xcb, 0xcf, 0xb0, 0x0, 0x0,
    0x0, 0x0, 0x0, 0x2f, 0xfe, 0xb3, 0x0, 0x0,

    /* U+540E "后" */
    0x0, 0x0, 0x0, 0x0, 0x0, 0x14, 0x69, 0xc3,
    0x0, 0x0, 0x7, 0x89, 0xbc, 0xef, 0xff, 0xff,
    0xd9, 0x0, 0x0, 0x1f, 0xfe, 0xdb, 0xa8, 0x75,
    0x20, 0x0, 0x0, 0x0, 0x1f, 0x90, 0x0, 0x0,
    0x0, 0x0, 0x0, 0x0, 0x0, 0x1f, 0xa0, 0x0,
    0x0, 0x0, 0x0, 0x0, 0x0, 0x0, 0x1f, 0xff,
    0xff, 0xff, 0xff, 0xff, 0xff, 0xf6, 0x0, 0x1f,
    0xd8, 0x88, 0x88, 0x88, 0x88, 0x88, 0x83, 0x0,
    0x2f, 0x90, 0x0, 0x0, 0x0, 0x0, 0x0, 0x0,
    0x0, 0x2f, 0x80, 0x77, 0x77, 0x77, 0x77, 0x77,
    0x0, 0x0, 0x4f, 0x61, 0xff, 0xff, 0xff, 0xff,
    0xff, 0x10, 0x0, 0x6f, 0x41, 0xf9, 0x0, 0x0,
    0x0, 0xbf, 0x10, 0x0, 0x9f, 0x11, 0xf9, 0x0,
    0x0, 0x0, 0xaf, 0x10, 0x0, 0xed, 0x1, 0xf9,
    0x0, 0x0, 0x0, 0xaf, 0x10, 0x3, 0xf8, 0x1,
    0xf9, 0x0, 0x0, 0x0, 0xbf, 0x10, 0xc, 0xf1,
    0x1, 0xff, 0xff, 0xff, 0xff, 0xff, 0x10, 0xa,
    0x70, 0x1, 0xfd, 0x88, 0x88, 0x88, 0xdf, 0x10,
    0x0, 0x0, 0x0, 0x0, 0x0, 0x0, 0x0, 0x0,
    0x0,

    /* U+542C "听" */
    0x0, 0x0, 0x0, 0x0, 0x0, 0x0, 0x0, 0x0,
    0x0, 0x0, 0x0, 0x0, 0x0, 0x3, 0x8e, 0x80,
    0x59, 0x99, 0x95, 0x3, 0x8b, 0xff, 0xfd, 0x80,
    0x9f, 0xff, 0xf9, 0xa, 0xfd, 0x96, 0x20, 0x0,
    0x9f, 0x1, 0xf9, 0xa, 0xf1, 0x0, 0x0, 0x0,
    0x9f, 0x0, 0xf9, 0xa, 0xf1, 0x0, 0x0, 0x0,
    0x9f, 0x0, 0xf9, 0xa, 0xfa, 0x99, 0x99, 0x98,
    0x9f, 0x0, 0xf9, 0xa, 0xff, 0xff, 0xff, 0xfd,
    0x9f, 0x0, 0xf9, 0xb, 0xf1, 0x0, 0xcf, 0x0,
    0x9f, 0x0, 0xf9, 0xc, 0xf0, 0x0, 0xce, 0x0,
    0x9f, 0x0, 0xf9, 0xd, 0xe0, 0x0, 0xce, 0x0,
    0x9f, 0x9a, 0xf9, 0xf, 0xc0, 0x0, 0xce, 0x0,
    0x9f, 0xff, 0xf9, 0x2f, 0x90, 0x0, 0xce, 0x0,
    0x9f, 0x0, 0x0, 0x6f, 0x50, 0x0, 0xce, 0x0,
    0x35, 0x0, 0x0, 0xcf, 0x0, 0x0, 0xce, 0x0,
    0x0, 0x0, 0x4, 0xf9, 0x0, 0x0, 0xce, 0x0,
    0x0, 0x0, 0x2, 0xb1, 0x0, 0x0, 0xce, 0x0,
    0x0, 0x0, 0x0, 0x0, 0x0, 0x0, 0x0, 0x0,

    /* U+542F "启" */
    0x0, 0x0, 0x0, 0x0, 0x0, 0x0, 0x0, 0x0,
    0x0, 0x0, 0x0, 0x0, 0xc, 0xd0, 0x0, 0x0,
    0x0, 0x0, 0x0, 0x0, 0x0, 0x8f, 0x50, 0x0,
    0x0, 0x0, 0x0, 0x99, 0x99, 0x9a, 0xfd, 0x99,
    0x99, 0x80, 0x0, 0xf, 0xff, 0xff, 0xff, 0xff,
    0xff, 0xfe, 0x0, 0x0, 0xfb, 0x0, 0x0, 0x0,
    0x0, 0xc, 0xe0, 0x0, 0xf, 0xb0, 0x0, 0x0,
    0x0, 0x0, 0xce, 0x0, 0x0, 0xff, 0xff, 0xff,
    0xff, 0xff, 0xff, 0xe0, 0x0, 0xf, 0xd9, 0x99,
    0x99, 0x99, 0x99, 0x98, 0x0, 0x1, 0xfa, 0x0,
    0x0, 0x0, 0x0, 0x0, 0x0, 0x0, 0x2f, 0x96,
    0x99, 0x99, 0x99, 0x99, 0x99, 0x20, 0x4, 0xf6,
    0xaf, 0xff, 0xff, 0xff, 0xff, 0xf4, 0x0, 0x6f,
    0x4a, 0xf0, 0x0, 0x0, 0x0, 0x6f, 0x40, 0xb,
    0xf0, 0xaf, 0x0, 0x0, 0x0, 0x6, 0xf4, 0x1,
    0xfa, 0xa, 0xf0, 0x0, 0x0, 0x0, 0x7f, 0x40,
    0x9f, 0x40, 0xaf, 0xff, 0xff, 0xff, 0xff, 0xf4,
    0xb, 0xa0, 0xa, 0xf7, 0x77, 0x77, 0x77, 0xaf,
    0x40, 0x0, 0x0, 0x0, 0x0, 0x0, 0x0, 0x0,
    0x0,

    /* U+544A "告" */
    0x0, 0xb, 0x90, 0x6, 0xf5, 0x0, 0x0, 0x0,
    0x0, 0x4f, 0x90, 0x6, 0xf5, 0x0, 0x0, 0x0,
    0x0, 0xbf, 0xb9, 0x9c, 0xfb, 0x99, 0x99, 0x60,
    0x5, 0xff, 0xff, 0xff, 0xff, 0xff, 0xff, 0xa0,
    0x2f, 0xe1, 0x0, 0x6, 0xf5, 0x0, 0x0, 0x0,
    0x5e, 0x40, 0x0, 0x6, 0xf5, 0x0, 0x0, 0x0,
    0x7a, 0x99, 0x99, 0x9c, 0xfb, 0x99, 0x99, 0x98,
    0xcf, 0xff, 0xff, 0xff, 0xff, 0xff, 0xff, 0xfe,
    0x0, 0x0, 0x0, 0x0, 0x0, 0x0, 0x0, 0x0,
    0x0, 0x57, 0x77, 0x77, 0x77, 0x77, 0x77, 0x0,
    0x0, 0xaf, 0xff, 0xff, 0xff, 0xff, 0xff, 0x0,
    0x0, 0xaf, 0x10, 0x0, 0x0, 0x0, 0xcf, 0x0,
    0x0, 0xaf, 0x0, 0x0, 0x0, 0x0, 0xcf, 0x0,
    0x0, 0xaf, 0x0, 0x0, 0x0, 0x0, 0xcf, 0x0,
    0x0, 0xaf, 0xff, 0xff, 0xff, 0xff, 0xff, 0x0,
    0x0, 0xaf, 0x99, 0x99, 0x99, 0x99, 0xef, 0x0,

    /* U+54CD "响" */
    0x0, 0x0, 0x0, 0x0, 0x0, 0x0, 0x0, 0x0,
    0x0, 0x0, 0x0, 0x0, 0x1, 0xfc, 0x0, 0x0,
    0x47, 0x77, 0x70, 0x0, 0x6, 0xf8, 0x0, 0x0,
    0x8f, 0xff, 0xf0, 0x11, 0x1b, 0xf3, 0x11, 0x11,
    0x8e, 0x16, 0xf0, 0xaf, 0xff, 0xff, 0xff, 0xfe,
    0x8e, 0x4, 0xf0, 0xaf, 0x44, 0x44, 0x44, 0xce,
    0x8e, 0x4, 0xf0, 0xae, 0x0, 0x0, 0x0, 0xbe,
    0x8e, 0x4, 0xf0, 0xae, 0xe, 0xff, 0xf0, 0xbe,
    0x8e, 0x4, 0xf0, 0xae, 0xe, 0x64, 0xf0, 0xbe,
    0x8e, 0x4, 0xf0, 0xae, 0xe, 0x31, 0xf0, 0xbe,
    0x8e, 0x4, 0xf0, 0xae, 0xe, 0x31, 0xf0, 0xbe,
    0x8f, 0xde, 0xf0, 0xae, 0xe, 0x41, 0xf0, 0xbe,
    0x8f, 0xbb, 0xb0, 0xae, 0xe, 0xff, 0xf0, 0xbe,
    0x8e, 0x0, 0x0, 0xae, 0xe, 0x52, 0x20, 0xbe,
    0x35, 0x0, 0x0, 0xae, 0x1, 0x0, 0x0, 0xbe,
    0x0, 0x0, 0x0, 0xae, 0x0, 0x0, 0x46, 0xde,
    0x0, 0x0, 0x0, 0xae, 0x0, 0x0, 0x6f, 0xf7,
    0x0, 0x0, 0x0, 0x0, 0x0, 0x0, 0x0, 0x0,

    /* U+5668 "器" */
    0x0, 0xaf, 0xff, 0xff, 0x2, 0xff, 0xff, 0xfb,
    0x0, 0x0, 0xae, 0x66, 0xcf, 0x2, 0xfa, 0x66,
    0xeb, 0x0, 0x0, 0xad, 0x0, 0x9f, 0x2, 0xf5,
    0x0, 0xdb, 0x0, 0x0, 0xaf, 0xff, 0xff, 0x2,
    0xff, 0xff, 0xfb, 0x0, 0x0, 0x47, 0x77, 0x7c,
    0x82, 0x7c, 0xd7, 0x75, 0x0, 0x0, 0x0, 0x0,
    0x1e, 0xd0, 0x9, 0xfc, 0x20, 0x0, 0x8, 0x88,
    0x88, 0xbf, 0xc8, 0x88, 0xbf, 0x98, 0x80, 0xf,
    0xff, 0xff, 0xff, 0xff, 0xff, 0xff, 0xff, 0xf0,
    0x0, 0x1, 0xbf, 0x80, 0x0, 0x1c, 0xf7, 0x0,
    0x0, 0x1, 0x8f, 0xf7, 0x22, 0x0, 0x22, 0xcf,
    0xd7, 0x10, 0x2f, 0xff, 0xff, 0xff, 0x2, 0xff,
    0xff, 0xff, 0xf3, 0x6, 0xce, 0x44, 0xbf, 0x2,
    0xf9, 0x44, 0xed, 0x50, 0x0, 0xad, 0x0, 0x9f,
    0x2, 0xf6, 0x0, 0xdb, 0x0, 0x0, 0xae, 0x77,
    0xcf, 0x2, 0xfa, 0x77, 0xeb, 0x0, 0x0, 0xaf,
    0xff, 0xee, 0x2, 0xff, 0xff, 0xea, 0x0,

    /* U+56DE "回" */
    0xaf, 0xff, 0xff, 0xff, 0xff, 0xff, 0xff, 0xf2,
    0xaf, 0xbb, 0xbb, 0xbb, 0xbb, 0xbb, 0xbe, 0xf2,
    0xaf, 0x10, 0x0, 0x0, 0x0, 0x0, 0xa, 0xf2,
    0xaf, 0x10, 0x23, 0x33, 0x33, 0x32, 0xa, 0xf2,
    0xaf, 0x10, 0xaf, 0xff, 0xff, 0xf8, 0xa, 0xf2,
    0xaf, 0x10, 0xaf, 0x33, 0x35, 0xf8, 0xa, 0xf2,
    0xaf, 0x10, 0xae, 0x0, 0x1, 0xf8, 0xa, 0xf2,
    0xaf, 0x10, 0xae, 0x0, 0x1, 0xf8, 0xa, 0xf2,
    0xaf, 0x10, 0xae, 0x11, 0x13, 0xf8, 0xa, 0xf2,
    0xaf, 0x10, 0xaf, 0xff, 0xff, 0xf8, 0xa, 0xf2,
    0xaf, 0x10, 0x35, 0x55, 0x55, 0x53, 0xa, 0xf2,
    0xaf, 0x10, 0x0, 0x0, 0x0, 0x0, 0xa, 0xf2,
    0xaf, 0x10, 0x0, 0x0, 0x0, 0x0, 0xa, 0xf2,
    0xaf, 0xff, 0xff, 0xff, 0xff, 0xff, 0xff, 0xf2,
    0xaf, 0x88, 0x88, 0x88, 0x88, 0x88, 0x8d, 0xf2,

    /* U+5728 "在" */
    0x0, 0x0, 0x0, 0x1, 0x0, 0x0, 0x0, 0x0,
    0x0, 0x0, 0x0, 0x4, 0xf7, 0x0, 0x0, 0x0,
    0x0, 0x0, 0x0, 0x0, 0x9f, 0x40, 0x0, 0x0,
    0x0, 0x0, 0x68, 0x88, 0x8e, 0xf8, 0x88, 0x88,
    0x88, 0x88, 0xc, 0xff, 0xff, 0xff, 0xff, 0xff,
    0xff, 0xff, 0xe0, 0x0, 0x1, 0xee, 0x10, 0x0,
    0x0, 0x0, 0x0, 0x0, 0x0, 0x8f, 0x60, 0x0,
    0x4f, 0x60, 0x0, 0x0, 0x0, 0x2f, 0xd0, 0x0,
    0x4, 0xf6, 0x0, 0x0, 0x0, 0x1c, 0xf5, 0x0,
    0x0, 0x4f, 0x60, 0x0, 0x0, 0x1c, 0xff, 0x11,
    0x99, 0x9b, 0xfc, 0x99, 0x92, 0x1d, 0xff, 0xf1,
    0x2f, 0xff, 0xff, 0xff, 0xff, 0x30, 0xe9, 0x9f,
    0x10, 0x0, 0x4, 0xf6, 0x0, 0x0, 0x2, 0x8,
    0xf1, 0x0, 0x0, 0x4f, 0x60, 0x0, 0x0, 0x0,
    0x8f, 0x10, 0x0, 0x4, 0xf6, 0x0, 0x0, 0x0,
    0x8, 0xf1, 0x0, 0x0, 0x4f, 0x60, 0x0, 0x0,
    0x0, 0x8f, 0x17, 0x88, 0x8b, 0xfb, 0x88, 0x88,
    0x0, 0x8, 0xf1, 0xdf, 0xff, 0xff, 0xff, 0xff,
    0xe0,

    /* U+5730 "地" */
    0x0, 0x0, 0x0, 0x0, 0x0, 0x2, 0x20, 0x0,
    0x0, 0x0, 0xf, 0x80, 0x0, 0x0, 0xa, 0xe0,
    0x0, 0x0, 0x0, 0xf, 0x80, 0x3, 0x60, 0xa,
    0xe0, 0x0, 0x0, 0x0, 0xf, 0x80, 0x7, 0xf1,
    0xa, 0xe0, 0x0, 0x0, 0x0, 0xf, 0x80, 0x7,
    0xf1, 0xa, 0xe2, 0x8f, 0x70, 0x3f, 0xff, 0xff,
    0x87, 0xf1, 0xb, 0xff, 0xff, 0x80, 0x2a, 0xaf,
    0xda, 0x57, 0xf9, 0xef, 0xf9, 0x3f, 0x80, 0x0,
    0xf, 0x80, 0x3c, 0xff, 0xdd, 0xe0, 0x1f, 0x80,
    0x0, 0xf, 0x80, 0xff, 0xf4, 0xa, 0xe0, 0x1f,
    0x70, 0x0, 0xf, 0x80, 0x59, 0xf1, 0xa, 0xe0,
    0x1f, 0x70, 0x0, 0xf, 0x80, 0x27, 0xf1, 0xa,
    0xe0, 0x2f, 0x60, 0x0, 0xf, 0xdf, 0xa7, 0xf1,
    0xa, 0xe7, 0xef, 0x30, 0x6, 0xcf, 0xfa, 0x37,
    0xf1, 0xa, 0xe2, 0x74, 0x0, 0x2f, 0xf9, 0x20,
    0x7, 0xf1, 0x2, 0x30, 0x2, 0xb2, 0x6, 0x10,
    0x0, 0x7, 0xf1, 0x0, 0x0, 0x5, 0xf3, 0x0,
    0x0, 0x0, 0x5, 0xfb, 0x87, 0x77, 0x8d, 0xf0,
    0x0, 0x0, 0x0, 0x0, 0xae, 0xff, 0xff, 0xfd,
    0x50,

    /* U+58F0 "声" */
    0x0, 0x0, 0x0, 0x1, 0xf9, 0x0, 0x0, 0x0,
    0x0, 0x67, 0x77, 0x77, 0x8f, 0xc7, 0x77, 0x77,
    0x73, 0xe, 0xff, 0xff, 0xff, 0xff, 0xff, 0xff,
    0xff, 0x70, 0x0, 0x0, 0x0, 0x1f, 0x90, 0x0,
    0x0, 0x0, 0x0, 0xcf, 0xff, 0xff, 0xff, 0xff,
    0xff, 0xfa, 0x0, 0x6, 0x77, 0x77, 0x77, 0x77,
    0x77, 0x77, 0x50, 0x0, 0x1, 0x11, 0x11, 0x11,
    0x11, 0x11, 0x10, 0x0, 0x7, 0xff, 0xff, 0xff,
    0xff, 0xff, 0xff, 0x60, 0x0, 0x7f, 0x64, 0x44,
    0xfb, 0x44, 0x47, 0xf6, 0x0, 0x7, 0xf2, 0x0,
    0xf, 0x90, 0x0, 0x4f, 0x60, 0x0, 0x8f, 0x75,
    0x56, 0xfb, 0x55, 0x58, 0xf6, 0x0, 0xb, 0xff,
    0xff, 0xff, 0xff, 0xff, 0xff, 0x60, 0x0, 0xec,
    0x0, 0x0, 0x0, 0x0, 0x5, 0xf6, 0x0, 0x5f,
    0x60, 0x0, 0x0, 0x0, 0x0, 0x0, 0x0, 0x1e,
    0xf1, 0x0, 0x0, 0x0, 0x0, 0x0, 0x0, 0x6,
    0xf5, 0x0, 0x0, 0x0, 0x0, 0x0, 0x0, 0x0,
    0x3, 0x0, 0x0, 0x0, 0x0, 0x0, 0x0, 0x0,
    0x0,

    /* U+5904 "处" */
    0x0, 0x2, 0xd6, 0x0, 0x0, 0x1f, 0xb0, 0x0,
    0x0, 0x0, 0x6, 0xf6, 0x0, 0x0, 0x1f, 0xb0,
    0x0, 0x0, 0x0, 0xa, 0xf9, 0x77, 0x71, 0x1f,
    0xb0, 0x0, 0x0, 0x0, 0xe, 0xff, 0xff, 0xf4,
    0x1f, 0xb0, 0x0, 0x0, 0x0, 0x1f, 0xa0, 0x9,
    0xf2, 0x1f, 0xfa, 0x0, 0x0, 0x0, 0x7f, 0x60,
    0xc, 0xf0, 0x1f, 0xff, 0x70, 0x0, 0x0, 0xdf,
    0x90, 0xf, 0xc0, 0x1f, 0xbc, 0xf4, 0x0, 0x5,
    0xff, 0xe0, 0x3f, 0x80, 0x1f, 0xb1, 0xee, 0x10,
    0xc, 0xe5, 0xf4, 0x8f, 0x40, 0x1f, 0xb0, 0x5f,
    0xa0, 0x1, 0x40, 0xeb, 0xee, 0x0, 0x1f, 0xb0,
    0x9, 0x30, 0x0, 0x0, 0x7f, 0xf8, 0x0, 0x1f,
    0xb0, 0x0, 0x0, 0x0, 0x0, 0x2f, 0xf3, 0x0,
    0x1f, 0xb0, 0x0, 0x0, 0x0, 0x0, 0xcf, 0xfe,
    0x30, 0x1f, 0xb0, 0x0, 0x0, 0x0, 0xb, 0xfb,
    0x6f, 0xfa, 0x43, 0x20, 0x0, 0x0, 0x4, 0xef,
    0xc0, 0x3, 0xdf, 0xff, 0xdc, 0xcb, 0xc3, 0x1d,
    0xf9, 0x0, 0x0, 0x4, 0x9c, 0xef, 0xff, 0xf0,
    0x1, 0x30, 0x0, 0x0, 0x0, 0x0, 0x0, 0x0,
    0x0,

    /* U+5907 "备" */
    0x0, 0x0, 0x0, 0x0, 0x0, 0x0, 0x0, 0x0,
    0x0, 0x0, 0x0, 0x0, 0xcd, 0x20, 0x0, 0x0,
    0x0, 0x0, 0x0, 0x0, 0x9, 0xfd, 0x77, 0x77,
    0x78, 0x20, 0x0, 0x0, 0x0, 0xaf, 0xff, 0xff,
    0xff, 0xff, 0x60, 0x0, 0x0, 0x4d, 0xff, 0x80,
    0x0, 0xa, 0xf9, 0x0, 0x0, 0x5, 0xfd, 0x48,
    0xfc, 0x45, 0xdf, 0x70, 0x0, 0x0, 0x0, 0x50,
    0x0, 0x5f, 0xff, 0xf5, 0x0, 0x0, 0x0, 0x0,
    0x3, 0x7b, 0xff, 0xdd, 0xff, 0xd8, 0x53, 0x0,
    0x3d, 0xff, 0xfe, 0x93, 0x0, 0x38, 0xdf, 0xff,
    0xf4, 0xb, 0x9c, 0x96, 0x66, 0x66, 0x66, 0x67,
    0xa6, 0x70, 0x0, 0xf, 0xff, 0xff, 0xff, 0xff,
    0xff, 0xf0, 0x0, 0x0, 0xf, 0xb0, 0x0, 0xed,
    0x0, 0xd, 0xf0, 0x0, 0x0, 0xf, 0xc5, 0x55,
    0xfe, 0x55, 0x5e, 0xf0, 0x0, 0x0, 0xf, 0xff,
    0xff, 0xff, 0xff, 0xff, 0xf0, 0x0, 0x0, 0xf,
    0xb0, 0x0, 0xec, 0x0, 0xc, 0xf0, 0x0, 0x0,
    0xf, 0xd7, 0x77, 0xfe, 0x77, 0x7e, 0xf0, 0x0,
    0x0, 0xf, 0xff, 0xff, 0xff, 0xff, 0xff, 0xf0,
    0x0,

    /* U+590D "复" */
    0x0, 0x0, 0x0, 0x0, 0x0, 0x0, 0x0, 0x0,
    0x0, 0x0, 0x0, 0x8d, 0x20, 0x0, 0x0, 0x0,
    0x0, 0x0, 0x0, 0x3, 0xfe, 0x66, 0x66, 0x66,
    0x66, 0x66, 0x20, 0x0, 0x1d, 0xff, 0xff, 0xff,
    0xff, 0xff, 0xff, 0x50, 0x3, 0xef, 0x50, 0x0,
    0x0, 0x0, 0x0, 0x0, 0x0, 0xb, 0xf6, 0xff,
    0xff, 0xff, 0xff, 0xff, 0xf1, 0x0, 0x1, 0x31,
    0xfa, 0x11, 0x11, 0x11, 0x1b, 0xf1, 0x0, 0x0,
    0x1, 0xff, 0xff, 0xff, 0xff, 0xff, 0xf1, 0x0,
    0x0, 0x1, 0xfa, 0x11, 0x11, 0x11, 0x1b, 0xf1,
    0x0, 0x0, 0x1, 0xff, 0xee, 0xee, 0xee, 0xef,
    0xf1, 0x0, 0x0, 0x0, 0x2a, 0xf6, 0x22, 0x22,
    0x22, 0x20, 0x0, 0x0, 0x0, 0x8f, 0xfe, 0xee,
    0xee, 0xef, 0x70, 0x0, 0x0, 0x2c, 0xff, 0xb5,
    0x55, 0x57, 0xfe, 0x20, 0x0, 0x0, 0xde, 0x44,
    0xeb, 0x31, 0x8f, 0xd3, 0x0, 0x0, 0x0, 0x11,
    0x0, 0x3f, 0xff, 0xfb, 0x0, 0x0, 0x0, 0x5,
    0x78, 0xbe, 0xff, 0xca, 0xef, 0xfc, 0xa9, 0x71,
    0xe, 0xfe, 0xc9, 0x51, 0x0, 0x3, 0x8a, 0xcf,
    0xc0, 0x1, 0x10, 0x0, 0x0, 0x0, 0x0, 0x0,
    0x0, 0x0,

    /* U+5929 "天" */
    0x0, 0xbc, 0xcc, 0xcc, 0xcc, 0xcc, 0xcc, 0xcc,
    0x20, 0x0, 0xef, 0xff, 0xff, 0xff, 0xff, 0xff,
    0xff, 0x20, 0x0, 0x0, 0x0, 0x0, 0xdd, 0x0,
    0x0, 0x0, 0x0, 0x0, 0x0, 0x0, 0x0, 0xdd,
    0x0, 0x0, 0x0, 0x0, 0x0, 0x0, 0x0, 0x0,
    0xed, 0x0, 0x0, 0x0, 0x0, 0x5, 0x99, 0x99,
    0x99, 0xfe, 0x99, 0x99, 0x99, 0x80, 0x9, 0xff,
    0xff, 0xff, 0xff, 0xff, 0xff, 0xff, 0xe0, 0x1,
    0x11, 0x11, 0x18, 0xff, 0x91, 0x11, 0x11, 0x10,
    0x0, 0x0, 0x0, 0xd, 0xfd, 0xf1, 0x0, 0x0,
    0x0, 0x0, 0x0, 0x0, 0x6f, 0xb3, 0xfa, 0x0,
    0x0, 0x0, 0x0, 0x0, 0x3, 0xff, 0x20, 0xaf,
    0x70, 0x0, 0x0, 0x0, 0x0, 0x5f, 0xf5, 0x0,
    0xd, 0xf8, 0x0, 0x0, 0x0, 0x19, 0xff, 0x60,
    0x0, 0x1, 0xdf, 0xc3, 0x0, 0x9, 0xff, 0xd3,
    0x0, 0x0, 0x0, 0xa, 0xff, 0xd3, 0x8, 0xd6,
    0x0, 0x0, 0x0, 0x0, 0x0, 0x4b, 0xd0, 0x0,
    0x0, 0x0, 0x0, 0x0, 0x0, 0x0, 0x0, 0x0,

    /* U+5931 "失" */
    0x0, 0x0, 0xa6, 0x0, 0xfc, 0x0, 0x0, 0x0,
    0x0, 0x0, 0x6, 0xf8, 0x0, 0xfc, 0x0, 0x0,
    0x0, 0x0, 0x0, 0xc, 0xf3, 0x0, 0xfc, 0x0,
    0x0, 0x0, 0x0, 0x0, 0x2f, 0xff, 0xff, 0xff,
    0xff, 0xff, 0xf7, 0x0, 0x0, 0xaf, 0xba, 0xaa,
    0xfe, 0xaa, 0xaa, 0xa4, 0x0, 0x4, 0xfc, 0x0,
    0x0, 0xfc, 0x0, 0x0, 0x0, 0x0, 0x9, 0xf3,
    0x0, 0x0, 0xfb, 0x0, 0x0, 0x0, 0x0, 0x0,
    0x20, 0x0, 0x1, 0xfb, 0x0, 0x0, 0x0, 0x0,
    0xf, 0xff, 0xff, 0xff, 0xff, 0xff, 0xff, 0xff,
    0xf0, 0xa, 0xaa, 0xaa, 0xae, 0xff, 0xda, 0xaa,
    0xaa, 0xa0, 0x0, 0x0, 0x0, 0xe, 0xfe, 0xe0,
    0x0, 0x0, 0x0, 0x0, 0x0, 0x0, 0x9f, 0x86,
    0xf9, 0x0, 0x0, 0x0, 0x0, 0x0, 0x8, 0xfd,
    0x10, 0xcf, 0x80, 0x0, 0x0, 0x0, 0x2, 0xbf,
    0xe2, 0x0, 0x1d, 0xfb, 0x20, 0x0, 0x3, 0xaf,
    0xfb, 0x10, 0x0, 0x1, 0xbf, 0xfa, 0x40, 0xd,
    0xfd, 0x60, 0x0, 0x0, 0x0, 0x6, 0xdf, 0xf2,
    0x3, 0x40, 0x0, 0x0, 0x0, 0x0, 0x0, 0x3,
    0x40,

    /* U+597D "好" */
    0x0, 0x0, 0x0, 0x0, 0x0, 0x0, 0x0, 0x0,
    0x0, 0x0, 0xf, 0xa0, 0x0, 0x0, 0x0, 0x0,
    0x0, 0x0, 0x0, 0x1f, 0x80, 0x0, 0x6d, 0xdd,
    0xdd, 0xdd, 0x50, 0x0, 0x4f, 0x50, 0x0, 0x4a,
    0xaa, 0xaa, 0xff, 0x50, 0x17, 0xaf, 0x97, 0x85,
    0x0, 0x0, 0x7, 0xf9, 0x0, 0x3f, 0xff, 0xff,
    0xfb, 0x0, 0x0, 0x5f, 0xb0, 0x0, 0x0, 0xdc,
    0x1, 0xf8, 0x0, 0x2, 0xfc, 0x0, 0x0, 0x1,
    0xf8, 0x2, 0xf6, 0x0, 0x3, 0xf7, 0x0, 0x0,
    0x5, 0xf4, 0x6, 0xf6, 0x99, 0x9b, 0xfc, 0x99,
    0x92, 0x9, 0xf1, 0xa, 0xf3, 0xff, 0xff, 0xff,
    0xff, 0xf4, 0xc, 0xf9, 0x1f, 0xa0, 0x0, 0x3,
    0xf7, 0x0, 0x0, 0x0, 0xaf, 0xff, 0x40, 0x0,
    0x3, 0xf7, 0x0, 0x0, 0x0, 0x6, 0xff, 0x50,
    0x0, 0x3, 0xf7, 0x0, 0x0, 0x0, 0xc, 0xfe,
    0xf6, 0x0, 0x3, 0xf7, 0x0, 0x0, 0x1, 0xbf,
    0x72, 0xec, 0x0, 0x3, 0xf7, 0x0, 0x0, 0x3e,
    0xf9, 0x0, 0x21, 0x7, 0x8b, 0xf6, 0x0, 0x0,
    0xb, 0x50, 0x0, 0x0, 0x8, 0xff, 0xb1, 0x0,
    0x0, 0x0, 0x0, 0x0, 0x0, 0x0, 0x0, 0x0,
    0x0, 0x0,

    /* U+5982 "如" */
    0x0, 0x0, 0x0, 0x0, 0x0, 0x0, 0x0, 0x0,
    0x0, 0x0, 0x6f, 0x30, 0x0, 0x0, 0x0, 0x0,
    0x0, 0x0, 0x9, 0xf1, 0x0, 0x1, 0x33, 0x33,
    0x33, 0x10, 0x0, 0xbe, 0x0, 0x0, 0x8f, 0xff,
    0xff, 0xf9, 0x17, 0x7e, 0xe7, 0x78, 0x48, 0xf6,
    0x55, 0x6f, 0x92, 0xff, 0xff, 0xff, 0xf9, 0x8f,
    0x10, 0x1, 0xf9, 0x0, 0x5f, 0x50, 0x2f, 0x88,
    0xf1, 0x0, 0x1f, 0x90, 0x8, 0xf0, 0x4, 0xf5,
    0x8f, 0x10, 0x1, 0xf9, 0x0, 0xcc, 0x0, 0x7f,
    0x28, 0xf1, 0x0, 0x1f, 0x90, 0x1f, 0x80, 0xb,
    0xf0, 0x8f, 0x10, 0x1, 0xf9, 0x4, 0xfd, 0x21,
    0xfa, 0x8, 0xf1, 0x0, 0x1f, 0x90, 0x6, 0xff,
    0xbf, 0x50, 0x8f, 0x10, 0x1, 0xf9, 0x0, 0x3,
    0xef, 0xe0, 0x8, 0xf1, 0x0, 0x1f, 0x90, 0x0,
    0xb, 0xff, 0x80, 0x8f, 0x10, 0x1, 0xf9, 0x0,
    0xa, 0xfa, 0xdf, 0x78, 0xff, 0xff, 0xff, 0x90,
    0x4d, 0xfa, 0x1, 0xb1, 0x8f, 0xa9, 0x9a, 0xf9,
    0xd, 0xf7, 0x0, 0x0, 0x8, 0xf1, 0x0, 0xb,
    0x60, 0x31, 0x0, 0x0, 0x0, 0x0, 0x0, 0x0,
    0x0,

    /* U+5B88 "守" */
    0x0, 0x0, 0x0, 0x0, 0x0, 0x0, 0x0, 0x0,
    0x0, 0x0, 0x0, 0x2f, 0x90, 0x0, 0x0, 0x0,
    0x0, 0x0, 0x0, 0xc, 0xf1, 0x0, 0x0, 0x0,
    0x8f, 0xff, 0xff, 0xff, 0xff, 0xff, 0xff, 0xf7,
    0x8f, 0xa9, 0x99, 0x99, 0x99, 0x99, 0x9b, 0xf7,
    0x8f, 0x20, 0x0, 0x0, 0x3, 0xd5, 0x4, 0xf7,
    0x5a, 0x10, 0x0, 0x0, 0x4, 0xf6, 0x3, 0xa4,
    0x0, 0x0, 0x0, 0x0, 0x5, 0xf7, 0x0, 0x0,
    0xef, 0xff, 0xff, 0xff, 0xff, 0xff, 0xff, 0xfe,
    0x89, 0x99, 0x99, 0x99, 0x9b, 0xfc, 0x99, 0x98,
    0x0, 0x28, 0x0, 0x0, 0x4, 0xf6, 0x0, 0x0,
    0x0, 0x6f, 0xb0, 0x0, 0x4, 0xf6, 0x0, 0x0,
    0x0, 0x7, 0xf9, 0x0, 0x4, 0xf6, 0x0, 0x0,
    0x0, 0x0, 0xbf, 0x20, 0x4, 0xf6, 0x0, 0x0,
    0x0, 0x0, 0x13, 0x0, 0x4, 0xf6, 0x0, 0x0,
    0x0, 0x0, 0x0, 0x5a, 0xac, 0xf5, 0x0, 0x0,
    0x0, 0x0, 0x0, 0x3f, 0xfe, 0xa0, 0x0, 0x0,
    0x0, 0x0, 0x0, 0x0, 0x0, 0x0, 0x0, 0x0,

    /* U+5B89 "安" */
    0x0, 0x0, 0x0, 0x0, 0x0, 0x0, 0x0, 0x0,
    0x0, 0x0, 0x0, 0x5e, 0x60, 0x0, 0x0, 0x0,
    0x0, 0x0, 0x0, 0x2f, 0xe1, 0x0, 0x0, 0x0,
    0x4f, 0xff, 0xff, 0xff, 0xff, 0xff, 0xff, 0xf7,
    0x4f, 0xb8, 0x88, 0x88, 0x88, 0x88, 0x8a, 0xf7,
    0x4f, 0x60, 0x0, 0x9a, 0x20, 0x0, 0x4, 0xf7,
    0x3b, 0x40, 0x2, 0xfd, 0x0, 0x0, 0x3, 0xb5,
    0x0, 0x0, 0x9, 0xf7, 0x0, 0x0, 0x0, 0x0,
    0xaf, 0xff, 0xff, 0xff, 0xff, 0xff, 0xff, 0xfe,
    0x68, 0x88, 0xff, 0x98, 0x88, 0xcf, 0xc8, 0x88,
    0x0, 0x6, 0xfb, 0x0, 0x0, 0xdf, 0x10, 0x0,
    0x0, 0x2f, 0xf8, 0x10, 0x7, 0xf9, 0x0, 0x0,
    0x0, 0x29, 0xef, 0xfa, 0x7f, 0xd0, 0x0, 0x0,
    0x0, 0x0, 0x5, 0xbf, 0xff, 0x91, 0x0, 0x0,
    0x0, 0x0, 0x17, 0xef, 0xce, 0xff, 0x92, 0x0,
    0x4, 0x7b, 0xff, 0xd4, 0x0, 0x7e, 0xff, 0x91,
    0x2f, 0xfe, 0xa5, 0x0, 0x0, 0x0, 0x7f, 0xf4,
    0x4, 0x30, 0x0, 0x0, 0x0, 0x0, 0x1, 0x30,

    /* U+5B8C "完" */
    0x0, 0x0, 0x0, 0x0, 0x0, 0x0, 0x0, 0x0,
    0x0, 0x0, 0x0, 0x0, 0x4, 0xf8, 0x0, 0x0,
    0x0, 0x0, 0x0, 0x0, 0x0, 0x1, 0xff, 0x10,
    0x0, 0x0, 0x0, 0x8, 0xff, 0xff, 0xff, 0xff,
    0xff, 0xff, 0xff, 0x70, 0x8, 0xfa, 0x88, 0x88,
    0x88, 0x88, 0x88, 0xaf, 0x70, 0x8, 0xf2, 0x0,
    0x0, 0x0, 0x0, 0x0, 0x3f, 0x70, 0x8, 0xf2,
    0xbf, 0xff, 0xff, 0xff, 0xfa, 0x3f, 0x70, 0x1,
    0x10, 0x78, 0x88, 0x88, 0x88, 0x86, 0x1, 0x0,
    0x0, 0x0, 0x0, 0x0, 0x0, 0x0, 0x0, 0x0,
    0x0, 0x8, 0x99, 0x99, 0x99, 0x99, 0x99, 0x99,
    0x99, 0x80, 0xe, 0xff, 0xff, 0xff, 0xff, 0xff,
    0xff, 0xff, 0xe0, 0x0, 0x0, 0x5, 0xf5, 0x0,
    0xbe, 0x0, 0x0, 0x0, 0x0, 0x0, 0x8, 0xf2,
    0x0, 0xbe, 0x0, 0x0, 0x0, 0x0, 0x0, 0xe,
    0xe0, 0x0, 0xbe, 0x0, 0x3, 0x60, 0x0, 0x1,
    0xaf, 0x70, 0x0, 0xbf, 0x0, 0x6, 0xf1, 0x4,
    0x8e, 0xf9, 0x0, 0x0, 0xbf, 0x98, 0x8d, 0xe0,
    0xc, 0xfc, 0x50, 0x0, 0x0, 0x4e, 0xff, 0xfe,
    0x60, 0x1, 0x10, 0x0, 0x0, 0x0, 0x0, 0x0,
    0x0, 0x0,

    /* U+5B9E "实" */
    0x0, 0x0, 0x0, 0x0, 0x0, 0x0, 0x0, 0x0,
    0x0, 0x0, 0x0, 0x1c, 0xb0, 0x0, 0x0, 0x0,
    0x0, 0x0, 0x0, 0xb, 0xf4, 0x0, 0x0, 0x0,
    0x4f, 0xff, 0xff, 0xff, 0xff, 0xff, 0xff, 0xf9,
    0x4f, 0xb8, 0x88, 0x88, 0x88, 0x88, 0x89, 0xf9,
    0x4f, 0x61, 0xd6, 0x0, 0xfc, 0x0, 0x2, 0xf9,
    0x3c, 0x43, 0xdf, 0x90, 0xfb, 0x0, 0x1, 0xc7,
    0x0, 0x0, 0xb, 0xa1, 0xfa, 0x0, 0x0, 0x0,
    0x1, 0xeb, 0x20, 0x2, 0xf9, 0x0, 0x0, 0x0,
    0x0, 0x5e, 0xf2, 0x5, 0xf6, 0x0, 0x0, 0x0,
    0x0, 0x1, 0x60, 0x8, 0xf3, 0x0, 0x0, 0x0,
    0x8f, 0xff, 0xff, 0xff, 0xff, 0xff, 0xff, 0xfe,
    0x37, 0x77, 0x77, 0xcf, 0xb7, 0x77, 0x77, 0x76,
    0x0, 0x0, 0x5, 0xfe, 0x1c, 0xb4, 0x0, 0x0,
    0x0, 0x2, 0xaf, 0xe3, 0x7, 0xdf, 0xe7, 0x0,
    0x17, 0xcf, 0xfb, 0x20, 0x0, 0x4, 0xcf, 0xe6,
    0xd, 0xe9, 0x30, 0x0, 0x0, 0x0, 0x4, 0xd5,
    0x1, 0x0, 0x0, 0x0, 0x0, 0x0, 0x0, 0x0,

    /* U+5BB6 "家" */
    0x0, 0x0, 0x0, 0x0, 0x10, 0x0, 0x0, 0x0,
    0x0, 0x0, 0x0, 0x4, 0xfa, 0x0, 0x0, 0x0,
    0x0, 0x48, 0x88, 0x88, 0x9f, 0xf9, 0x88, 0x88,
    0x85, 0x8, 0xff, 0xff, 0xff, 0xff, 0xff, 0xff,
    0xff, 0x90, 0x8f, 0x10, 0x0, 0x0, 0x0, 0x0,
    0x1, 0xf9, 0x8, 0xf2, 0x77, 0x77, 0x77, 0x77,
    0x77, 0x1f, 0x90, 0x24, 0x2f, 0xff, 0xff, 0xff,
    0xff, 0xf1, 0x42, 0x0, 0x0, 0x2, 0x9f, 0xe3,
    0x0, 0x3, 0x40, 0x0, 0x2, 0x7b, 0xfd, 0xbf,
    0x40, 0x5, 0xff, 0x20, 0x4, 0xff, 0xa4, 0x6,
    0xfe, 0x2a, 0xfc, 0x20, 0x0, 0x3, 0x0, 0x6d,
    0xe8, 0xff, 0xff, 0x10, 0x0, 0x1, 0x6b, 0xfe,
    0x70, 0x4f, 0xe4, 0xf8, 0x0, 0x0, 0x4f, 0xa5,
    0x2, 0xaf, 0xff, 0x8, 0xf3, 0x0, 0x0, 0x0,
    0x3a, 0xfd, 0x4a, 0xf0, 0xe, 0xe3, 0x0, 0x48,
    0xdf, 0xd6, 0x0, 0xdf, 0x0, 0x3f, 0xf8, 0x8,
    0xf9, 0x30, 0x78, 0xbf, 0x90, 0x0, 0x3c, 0xd1,
    0x0, 0x0, 0x9, 0xff, 0xa0, 0x0, 0x0, 0x1,
    0x0, 0x0, 0x0, 0x0, 0x0, 0x0, 0x0, 0x0,
    0x0,

    /* U+5C06 "将" */
    0x0, 0x0, 0x0, 0x0, 0x0, 0x0, 0x0, 0x0,
    0x0, 0x0, 0x0, 0xf9, 0x0, 0x0, 0x7f, 0x60,
    0x0, 0x0, 0x0, 0x0, 0xf9, 0x0, 0x8, 0xff,
    0xee, 0xee, 0x70, 0x9, 0x40, 0xf9, 0x5, 0xdf,
    0x87, 0x77, 0xdf, 0x40, 0xb, 0xf3, 0xf9, 0x6f,
    0xa7, 0x70, 0x7, 0xf9, 0x0, 0x0, 0xde, 0xf9,
    0x2, 0x7, 0xf9, 0xbf, 0xa0, 0x0, 0x0, 0x27,
    0xf9, 0x0, 0x3, 0xdf, 0xf7, 0x0, 0x0, 0x0,
    0x0, 0xf9, 0x28, 0xdf, 0xfb, 0x38, 0xd0, 0x0,
    0x0, 0x0, 0xf9, 0x2f, 0xd8, 0x30, 0x9, 0xf0,
    0x0, 0x0, 0x4, 0xf9, 0x59, 0x87, 0x77, 0x7c,
    0xf8, 0x70, 0x0, 0x7f, 0xf9, 0xaf, 0xff, 0xff,
    0xff, 0xff, 0xf1, 0xa, 0xfb, 0xf9, 0x2, 0x82,
    0x0, 0xa, 0xf1, 0x0, 0xd, 0x80, 0xf9, 0x2,
    0xed, 0x10, 0x9, 0xf0, 0x0, 0x1, 0x0, 0xf9,
    0x0, 0x4f, 0xa0, 0x9, 0xf0, 0x0, 0x0, 0x0,
    0xf9, 0x0, 0x8, 0x80, 0x9, 0xf0, 0x0, 0x0,
    0x0, 0xf9, 0x0, 0x0, 0x29, 0x8e, 0xf0, 0x0,
    0x0, 0x0, 0xf9, 0x0, 0x0, 0xe, 0xfe, 0x70,
    0x0,

    /* U+5C0F "小" */
    0x0, 0x0, 0x0, 0x0, 0xdf, 0x0, 0x0, 0x0,
    0x0, 0x0, 0x0, 0x0, 0x0, 0xdf, 0x0, 0x0,
    0x0, 0x0, 0x0, 0x0, 0x0, 0x0, 0xdf, 0x0,
    0x0, 0x0, 0x0, 0x0, 0x0, 0x0, 0x0, 0xdf,
    0x0, 0x0, 0x0, 0x0, 0x0, 0x9, 0xc2, 0x0,
    0xdf, 0x0, 0x4e, 0x60, 0x0, 0x0, 0xe, 0xf1,
    0x0, 0xdf, 0x0, 0x1f, 0xe0, 0x0, 0x0, 0x2f,
    0xb0, 0x0, 0xdf, 0x0, 0x9, 0xf7, 0x0, 0x0,
    0x7f, 0x70, 0x0, 0xdf, 0x0, 0x1, 0xfe, 0x0,
    0x0, 0xdf, 0x20, 0x0, 0xdf, 0x0, 0x0, 0x9f,
    0x60, 0x4, 0xfb, 0x0, 0x0, 0xdf, 0x0, 0x0,
    0x3f, 0xd0, 0xd, 0xf3, 0x0, 0x0, 0xdf, 0x0,
    0x0, 0xd, 0xf2, 0x1b, 0x90, 0x0, 0x0, 0xdf,
    0x0, 0x0, 0x8, 0xf5, 0x0, 0x0, 0x0, 0x0,
    0xdf, 0x0, 0x0, 0x2, 0x20, 0x0, 0x0, 0x0,
    0x0, 0xdf, 0x0, 0x0, 0x0, 0x0, 0x0, 0x0,
    0x1b, 0xbb, 0xfd, 0x0, 0x0, 0x0, 0x0, 0x0,
    0x0, 0xc, 0xff, 0xc4, 0x0, 0x0, 0x0, 0x0,
    0x0, 0x0, 0x0, 0x0, 0x0, 0x0, 0x0, 0x0,
    0x0,

    /* U+5C1A "尚" */
    0x14, 0x0, 0x0, 0xfb, 0x0, 0x1, 0x72, 0xaf,
    0x40, 0x0, 0xfb, 0x0, 0x9, 0xf5, 0x1e, 0xe0,
    0x0, 0xfb, 0x0, 0x3f, 0xb0, 0x5, 0xf8, 0x0,
    0xfb, 0x0, 0xde, 0x10, 0x0, 0x71, 0x0, 0xfb,
    0x0, 0x63, 0x0, 0xef, 0xff, 0xff, 0xff, 0xff,
    0xff, 0xfa, 0xee, 0x99, 0x99, 0x99, 0x99, 0x99,
    0xfb, 0xeb, 0x0, 0x0, 0x0, 0x0, 0x0, 0xeb,
    0xeb, 0x6, 0xff, 0xff, 0xff, 0x10, 0xeb, 0xeb,
    0x7, 0xf7, 0x77, 0xbf, 0x10, 0xeb, 0xeb, 0x7,
    0xf1, 0x0, 0x7f, 0x10, 0xeb, 0xeb, 0x7, 0xf1,
    0x0, 0x7f, 0x10, 0xeb, 0xeb, 0x7, 0xff, 0xff,
    0xff, 0x10, 0xeb, 0xeb, 0x7, 0xf6, 0x55, 0x55,
    0x0, 0xeb, 0xeb, 0x2, 0x60, 0x0, 0x5, 0x9a,
    0xfa, 0xeb, 0x0, 0x0, 0x0, 0x3, 0xfe, 0xc3,

    /* U+5C3D "尽" */
    0x0, 0xc, 0xff, 0xff, 0xff, 0xff, 0xff, 0xf9,
    0x0, 0x0, 0xc, 0xf9, 0x99, 0x99, 0x99, 0x99,
    0xf9, 0x0, 0x0, 0xc, 0xf0, 0x0, 0x0, 0x0,
    0x1, 0xf9, 0x0, 0x0, 0xc, 0xf8, 0x88, 0x88,
    0x88, 0x89, 0xf9, 0x0, 0x0, 0xd, 0xff, 0xff,
    0xff, 0xff, 0xff, 0xf9, 0x0, 0x0, 0xe, 0xc0,
    0x0, 0x0, 0x8, 0xf5, 0x0, 0x0, 0x0, 0x1f,
    0xa0, 0x0, 0x0, 0x2, 0xfd, 0x0, 0x0, 0x0,
    0x5f, 0x60, 0xbe, 0x94, 0x0, 0xaf, 0x60, 0x0,
    0x0, 0xbf, 0x20, 0x5a, 0xff, 0xe7, 0x1f, 0xe1,
    0x0, 0x4, 0xfb, 0x0, 0x0, 0x6, 0xd8, 0x6,
    0xfd, 0x10, 0x1e, 0xf3, 0x0, 0x0, 0x0, 0x0,
    0x0, 0x8f, 0xe3, 0xc, 0x80, 0x2b, 0x73, 0x0,
    0x0, 0x0, 0x6, 0xc0, 0x0, 0x0, 0x5d, 0xff,
    0xfb, 0x61, 0x0, 0x0, 0x0, 0x0, 0x0, 0x0,
    0x26, 0xbf, 0xff, 0xa3, 0x0, 0x0, 0x0, 0x0,
    0x0, 0x0, 0x0, 0x6c, 0xf3, 0x0, 0x0, 0x0,
    0x0, 0x0, 0x0, 0x0, 0x0, 0x10, 0x0, 0x0,

    /* U+5DF2 "已" */
    0x7f, 0xff, 0xff, 0xff, 0xff, 0xff, 0xfa, 0x0,
    0x49, 0x99, 0x99, 0x99, 0x99, 0x9a, 0xfa, 0x0,
    0x0, 0x0, 0x0, 0x0, 0x0, 0x1, 0xfa, 0x0,
    0x7, 0xb0, 0x0, 0x0, 0x0, 0x1, 0xfa, 0x0,
    0xa, 0xf1, 0x0, 0x0, 0x0, 0x1, 0xfa, 0x0,
    0xa, 0xf1, 0x0, 0x0, 0x0, 0x1, 0xfa, 0x0,
    0xa, 0xff, 0xff, 0xff, 0xff, 0xff, 0xfa, 0x0,
    0xa, 0xfa, 0x99, 0x99, 0x99, 0x9a, 0xfa, 0x0,
    0xa, 0xf1, 0x0, 0x0, 0x0, 0x0, 0x74, 0x0,
    0xa, 0xf1, 0x0, 0x0, 0x0, 0x0, 0x0, 0x0,
    0xa, 0xf1, 0x0, 0x0, 0x0, 0x0, 0x0, 0xb7,
    0xa, 0xf1, 0x0, 0x0, 0x0, 0x0, 0x0, 0xfc,
    0x9, 0xf2, 0x0, 0x0, 0x0, 0x0, 0x4, 0xf9,
    0x5, 0xfe, 0xba, 0xaa, 0xaa, 0xaa, 0xbf, 0xf3,
    0x0, 0x7d, 0xff, 0xff, 0xff, 0xff, 0xec, 0x50,

    /* U+5E2E "帮" */
    0x0, 0x0, 0x3f, 0x70, 0x0, 0x0, 0x0, 0x0,
    0x0, 0xcf, 0xff, 0xff, 0xff, 0x99, 0xff, 0xff,
    0xfa, 0x4, 0x55, 0x8f, 0xa5, 0x53, 0x9f, 0x66,
    0xce, 0x10, 0x25, 0x57, 0xfa, 0x55, 0x9, 0xf0,
    0x4f, 0x50, 0x6, 0xff, 0xff, 0xff, 0xf2, 0x9f,
    0x8, 0xf6, 0x0, 0x0, 0x4, 0xf7, 0x0, 0x9,
    0xf0, 0x6, 0xf5, 0x1d, 0xdd, 0xef, 0xed, 0xd9,
    0x9f, 0x0, 0xe, 0xb0, 0x77, 0x9f, 0xe8, 0x77,
    0x59, 0xf5, 0x8a, 0xfa, 0x0, 0x4d, 0xf4, 0x0,
    0x87, 0x9f, 0x4c, 0xc9, 0x10, 0x6f, 0xb2, 0x0,
    0xe, 0xc8, 0xd0, 0x0, 0x0, 0x0, 0x7f, 0xff,
    0xff, 0xff, 0xff, 0xff, 0xf9, 0x0, 0x5, 0xfb,
    0x88, 0x8f, 0xe8, 0x88, 0x9f, 0x90, 0x0, 0x5f,
    0x50, 0x0, 0xec, 0x0, 0x1, 0xf9, 0x0, 0x5,
    0xf5, 0x0, 0xe, 0xc0, 0x0, 0x1f, 0x90, 0x0,
    0x5f, 0x50, 0x0, 0xec, 0x9, 0xff, 0xf6, 0x0,
    0x2, 0x72, 0x0, 0xe, 0xc0, 0x27, 0x64, 0x0,

    /* U+5E38 "常" */
    0x0, 0x7a, 0x0, 0xd, 0xd0, 0x0, 0xa8, 0x0,
    0x0, 0x8f, 0x80, 0xd, 0xd0, 0x8, 0xf7, 0x0,
    0x37, 0x7f, 0xb7, 0x7e, 0xe7, 0x7c, 0xe7, 0x74,
    0x8f, 0xff, 0xff, 0xff, 0xff, 0xff, 0xff, 0xf9,
    0x8f, 0x10, 0x0, 0x0, 0x0, 0x0, 0x1, 0xf9,
    0x8f, 0x1a, 0xff, 0xff, 0xff, 0xff, 0xb1, 0xf9,
    0x48, 0xa, 0xf4, 0x44, 0x44, 0x4f, 0xb0, 0x85,
    0x0, 0xa, 0xf3, 0x33, 0x33, 0x3f, 0xb0, 0x0,
    0x0, 0xa, 0xff, 0xff, 0xff, 0xff, 0xb0, 0x0,
    0x0, 0x0, 0x0, 0xa, 0xf0, 0x0, 0x0, 0x0,
    0x3, 0x88, 0x88, 0x8d, 0xf9, 0x88, 0x88, 0x40,
    0x5, 0xff, 0xff, 0xff, 0xff, 0xff, 0xff, 0x80,
    0x5, 0xf5, 0x0, 0xa, 0xf0, 0x0, 0x3f, 0x80,
    0x5, 0xf5, 0x0, 0xa, 0xf0, 0x0, 0x4f, 0x80,
    0x5, 0xf5, 0x0, 0xa, 0xf0, 0x8f, 0xff, 0x60,
    0x2, 0x62, 0x0, 0xa, 0xf0, 0x28, 0x75, 0x0,

    /* U+5E73 "平" */
    0x1, 0xff, 0xff, 0xff, 0xff, 0xff, 0xff, 0xff,
    0x0, 0x0, 0xaa, 0xaa, 0xaa, 0xff, 0xaa, 0xaa,
    0xaa, 0x0, 0x0, 0x3, 0x60, 0x0, 0xed, 0x0,
    0x7, 0x50, 0x0, 0x0, 0xa, 0xf2, 0x0, 0xed,
    0x0, 0x2f, 0xc0, 0x0, 0x0, 0x2, 0xf9, 0x0,
    0xed, 0x0, 0x8f, 0x40, 0x0, 0x0, 0x0, 0xce,
    0x0, 0xed, 0x1, 0xfb, 0x0, 0x0, 0x0, 0x0,
    0x56, 0x0, 0xed, 0x1, 0x82, 0x0, 0x0, 0x9,
    0x99, 0x99, 0x99, 0xff, 0x99, 0x99, 0x99, 0x90,
    0xf, 0xff, 0xff, 0xff, 0xff, 0xff, 0xff, 0xff,
    0xf0, 0x1, 0x11, 0x11, 0x11, 0xed, 0x11, 0x11,
    0x11, 0x10, 0x0, 0x0, 0x0, 0x0, 0xed, 0x0,
    0x0, 0x0, 0x0, 0x0, 0x0, 0x0, 0x0, 0xed,
    0x0, 0x0, 0x0, 0x0, 0x0, 0x0, 0x0, 0x0,
    0xed, 0x0, 0x0, 0x0, 0x0, 0x0, 0x0, 0x0,
    0x0, 0xed, 0x0, 0x0, 0x0, 0x0, 0x0, 0x0,
    0x0, 0x0, 0xed, 0x0, 0x0, 0x0, 0x0,

    /* U+5E76 "并" */
    0x0, 0x0, 0x10, 0x0, 0x0, 0x1, 0x0, 0x0,
    0x0, 0x0, 0xce, 0x10, 0x0, 0x0, 0xef, 0x20,
    0x0, 0x0, 0x6, 0xf9, 0x0, 0x0, 0x5f, 0xb0,
    0x0, 0x0, 0x0, 0xd, 0xf1, 0x0, 0xc, 0xf2,
    0x0, 0x0, 0x38, 0x88, 0xcb, 0x88, 0x89, 0xfe,
    0x88, 0x84, 0x5, 0xff, 0xff, 0xff, 0xff, 0xff,
    0xff, 0xff, 0x70, 0x0, 0x0, 0xfc, 0x0, 0x0,
    0xbf, 0x10, 0x0, 0x0, 0x0, 0xf, 0xc0, 0x0,
    0xb, 0xf0, 0x0, 0x0, 0x0, 0x0, 0xfc, 0x0,
    0x0, 0xbf, 0x0, 0x0, 0x8, 0x88, 0x8f, 0xe8,
    0x88, 0x8d, 0xf8, 0x88, 0x80, 0xff, 0xff, 0xff,
    0xff, 0xff, 0xff, 0xff, 0xff, 0x0, 0x0, 0x4f,
    0x90, 0x0, 0xb, 0xf1, 0x0, 0x0, 0x0, 0x8,
    0xf5, 0x0, 0x0, 0xbf, 0x0, 0x0, 0x0, 0x2,
    0xfe, 0x0, 0x0, 0xb, 0xf0, 0x0, 0x0, 0x2,
    0xef, 0x60, 0x0, 0x0, 0xbf, 0x0, 0x0, 0x7,
    0xff, 0x80, 0x0, 0x0, 0xb, 0xf0, 0x0, 0x0,
    0x5e, 0x50, 0x0, 0x0, 0x0, 0xbf, 0x0, 0x0,
    0x0, 0x0, 0x0, 0x0, 0x0, 0x0, 0x0, 0x0,
    0x0,

    /* U+5EAD "庭" */
    0x0, 0x0, 0x0, 0x0, 0x1, 0x0, 0x0, 0x0,
    0x0, 0x0, 0x0, 0x0, 0x0, 0x2f, 0x80, 0x0,
    0x0, 0x0, 0x0, 0x77, 0x77, 0x77, 0x7e, 0xf8,
    0x77, 0x77, 0x70, 0x0, 0xff, 0xff, 0xff, 0xff,
    0xff, 0xff, 0xff, 0xf0, 0x0, 0xfa, 0x0, 0x0,
    0x0, 0x0, 0x0, 0x13, 0x0, 0x0, 0xfa, 0x9f,
    0xff, 0xa2, 0x68, 0xad, 0xff, 0x10, 0x0, 0xfa,
    0x36, 0x9f, 0x55, 0xed, 0xee, 0x40, 0x0, 0x0,
    0xfa, 0x0, 0xcb, 0x0, 0x0, 0xbd, 0x0, 0x0,
    0x0, 0xfa, 0x7, 0xf3, 0x0, 0x22, 0xcd, 0x22,
    0x10, 0x0, 0xf9, 0x5f, 0xff, 0xe2, 0xff, 0xff,
    0xff, 0x70, 0x0, 0xf8, 0x25, 0x4d, 0xb0, 0x44,
    0xce, 0x44, 0x20, 0x2, 0xf7, 0x59, 0x1f, 0x70,
    0x0, 0xbd, 0x0, 0x0, 0x4, 0xf6, 0x5f, 0x8f,
    0x23, 0x44, 0xce, 0x44, 0x40, 0x6, 0xf3, 0xe,
    0xfa, 0xc, 0xff, 0xff, 0xff, 0xe0, 0xa, 0xf0,
    0xa, 0xfb, 0x21, 0x11, 0x11, 0x11, 0x10, 0xf,
    0xb0, 0xaf, 0x9f, 0xfc, 0xa8, 0x77, 0x77, 0x72,
    0x1d, 0x55, 0xf5, 0x1, 0x7b, 0xde, 0xff, 0xff,
    0xf0, 0x0, 0x0, 0x10, 0x0, 0x0, 0x0, 0x0,
    0x0, 0x0,

    /* U+5EB7 "康" */
    0x0, 0x0, 0x0, 0x0, 0x0, 0x0, 0x0, 0x0,
    0x0, 0x0, 0x0, 0x0, 0x0, 0x5f, 0x70, 0x0,
    0x0, 0x0, 0x0, 0x78, 0x88, 0x88, 0x9f, 0xf8,
    0x88, 0x88, 0x80, 0x0, 0xdf, 0xff, 0xff, 0xff,
    0xff, 0xff, 0xff, 0xf0, 0x0, 0xdb, 0x0, 0x0,
    0xb, 0xf0, 0x0, 0x0, 0x0, 0x0, 0xdb, 0xe,
    0xee, 0xef, 0xfe, 0xee, 0xe8, 0x0, 0x0, 0xdb,
    0x1, 0x11, 0x1c, 0xf1, 0x12, 0xf8, 0x0, 0x0,
    0xdb, 0xce, 0xee, 0xef, 0xfe, 0xee, 0xff, 0xf3,
    0x0, 0xeb, 0x44, 0x44, 0x4c, 0xf4, 0x45, 0xfb,
    0x61, 0x0, 0xfb, 0x3, 0x33, 0x3c, 0xf3, 0x33,
    0xf8, 0x0, 0x0, 0xf9, 0x3f, 0xff, 0xff, 0xff,
    0xff, 0xf8, 0x0, 0x1, 0xf8, 0x3d, 0x50, 0xb,
    0xf4, 0x0, 0x9a, 0x0, 0x3, 0xf5, 0x7, 0xf9,
    0x1c, 0xff, 0x6d, 0xe6, 0x0, 0x7, 0xf2, 0x0,
    0x8d, 0xff, 0xf8, 0xfd, 0x10, 0x0, 0xc, 0xe2,
    0xaf, 0xf9, 0x2b, 0xf0, 0x5f, 0xe9, 0x40, 0x2f,
    0x81, 0xb6, 0x35, 0x6d, 0xf0, 0x1, 0x7d, 0xd0,
    0x1a, 0x20, 0x0, 0x3f, 0xfd, 0x70, 0x0, 0x0,
    0x0,

    /* U+5F00 "开" */
    0x6, 0xff, 0xff, 0xff, 0xff, 0xff, 0xff, 0xff,
    0x70, 0x3, 0x99, 0x9f, 0xf9, 0x99, 0x9c, 0xfa,
    0x99, 0x40, 0x0, 0x0, 0xd, 0xd0, 0x0, 0x8,
    0xf3, 0x0, 0x0, 0x0, 0x0, 0xd, 0xd0, 0x0,
    0x8, 0xf3, 0x0, 0x0, 0x0, 0x0, 0xd, 0xd0,
    0x0, 0x8, 0xf3, 0x0, 0x0, 0x0, 0x0, 0xd,
    0xd0, 0x0, 0x8, 0xf3, 0x0, 0x0, 0x9, 0x99,
    0x9f, 0xf9, 0x99, 0x9d, 0xfb, 0x99, 0x90, 0xf,
    0xff, 0xff, 0xff, 0xff, 0xff, 0xff, 0xff, 0xf0,
    0x0, 0x0, 0x1f, 0xa0, 0x0, 0x8, 0xf3, 0x0,
    0x0, 0x0, 0x0, 0x5f, 0x70, 0x0, 0x8, 0xf3,
    0x0, 0x0, 0x0, 0x0, 0xcf, 0x20, 0x0, 0x8,
    0xf3, 0x0, 0x0, 0x0, 0x5, 0xfb, 0x0, 0x0,
    0x8, 0xf3, 0x0, 0x0, 0x0, 0x4f, 0xf2, 0x0,
    0x0, 0x8, 0xf3, 0x0, 0x0, 0x8, 0xff, 0x50,
    0x0, 0x0, 0x8, 0xf3, 0x0, 0x0, 0x5, 0xd3,
    0x0, 0x0, 0x0, 0x8, 0xf3, 0x0, 0x0, 0x0,
    0x0, 0x0, 0x0, 0x0, 0x0, 0x0, 0x0, 0x0,

    /* U+5F02 "异" */
    0x0, 0x7f, 0xff, 0xff, 0xff, 0xff, 0xff, 0xe0,
    0x0, 0x0, 0x7f, 0x86, 0x66, 0x66, 0x66, 0x6d,
    0xe0, 0x0, 0x0, 0x7f, 0x42, 0x22, 0x22, 0x22,
    0x2c, 0xe0, 0x0, 0x0, 0x7f, 0xff, 0xff, 0xff,
    0xff, 0xff, 0xe0, 0x0, 0x0, 0x7f, 0x63, 0x33,
    0x33, 0x33, 0x33, 0x36, 0x20, 0x0, 0x6f, 0x50,
    0x0, 0x0, 0x0, 0x0, 0x3f, 0x90, 0x0, 0x2f,
    0xff, 0xff, 0xff, 0xff, 0xff, 0xff, 0x30, 0x0,
    0x1, 0x7c, 0x97, 0x77, 0x7a, 0xd8, 0x62, 0x0,
    0x0, 0x0, 0x5f, 0x40, 0x0, 0x7, 0xf2, 0x0,
    0x0, 0x0, 0x0, 0x6f, 0x50, 0x0, 0x8, 0xf3,
    0x0, 0x0, 0xf, 0xff, 0xff, 0xff, 0xff, 0xff,
    0xff, 0xff, 0xf1, 0x7, 0x77, 0xef, 0x77, 0x77,
    0x7b, 0xf9, 0x77, 0x70, 0x0, 0x7, 0xfa, 0x0,
    0x0, 0x7, 0xf2, 0x0, 0x0, 0x3, 0xbf, 0xc0,
    0x0, 0x0, 0x7, 0xf2, 0x0, 0x0, 0x8, 0xe7,
    0x0, 0x0, 0x0, 0x7, 0xf2, 0x0, 0x0, 0x0,
    0x0, 0x0, 0x0, 0x0, 0x0, 0x0, 0x0, 0x0,

    /* U+5F53 "当" */
    0x2, 0x0, 0x0, 0xee, 0x0, 0x0, 0x50, 0x9f,
    0x30, 0x0, 0xee, 0x0, 0x4, 0xfb, 0x2f, 0xd0,
    0x0, 0xee, 0x0, 0xb, 0xf3, 0x7, 0xf6, 0x0,
    0xee, 0x0, 0x4f, 0xa0, 0x1, 0xfa, 0x0, 0xee,
    0x0, 0xce, 0x10, 0x0, 0x20, 0x0, 0xee, 0x0,
    0x13, 0x0, 0x8f, 0xff, 0xff, 0xff, 0xff, 0xff,
    0xfa, 0x6b, 0xbb, 0xbb, 0xbb, 0xbb, 0xbb, 0xfb,
    0x0, 0x0, 0x0, 0x0, 0x0, 0x1, 0xfb, 0x0,
    0x0, 0x0, 0x0, 0x0, 0x1, 0xfb, 0xe, 0xff,
    0xff, 0xff, 0xff, 0xff, 0xfb, 0x8, 0x99, 0x99,
    0x99, 0x99, 0x9a, 0xfb, 0x0, 0x0, 0x0, 0x0,
    0x0, 0x1, 0xfb, 0x0, 0x0, 0x0, 0x0, 0x0,
    0x1, 0xfb, 0xef, 0xff, 0xff, 0xff, 0xff, 0xff,
    0xfb, 0x9a, 0xaa, 0xaa, 0xaa, 0xaa, 0xab, 0xfb,

    /* U+5F85 "待" */
    0x0, 0x0, 0x0, 0x0, 0x0, 0x0, 0x0, 0x0,
    0x0, 0x0, 0x1, 0xda, 0x0, 0x0, 0x2f, 0x70,
    0x0, 0x0, 0x0, 0xc, 0xf5, 0x0, 0x0, 0x2f,
    0x70, 0x0, 0x0, 0x1, 0xcf, 0x70, 0xe, 0xff,
    0xff, 0xff, 0xff, 0x70, 0xe, 0xf6, 0x0, 0x8,
    0x99, 0xaf, 0xc9, 0x99, 0x40, 0x7, 0x40, 0x9e,
    0x20, 0x0, 0x2f, 0x70, 0x0, 0x0, 0x0, 0x4,
    0xfa, 0x77, 0x77, 0x9f, 0xb7, 0x77, 0x72, 0x0,
    0x2e, 0xf1, 0xff, 0xff, 0xff, 0xff, 0xff, 0xf5,
    0x3, 0xef, 0xe0, 0x0, 0x0, 0x0, 0xb, 0xf0,
    0x0, 0x2f, 0xfe, 0xe0, 0x0, 0x0, 0x0, 0xb,
    0xf0, 0x0, 0xe, 0x6a, 0xe0, 0xcf, 0xff, 0xff,
    0xff, 0xff, 0xf3, 0x1, 0xa, 0xe0, 0x67, 0x87,
    0x77, 0x7d, 0xf7, 0x71, 0x0, 0xa, 0xe0, 0x4,
    0xf6, 0x0, 0xb, 0xf0, 0x0, 0x0, 0xa, 0xe0,
    0x0, 0xbf, 0x30, 0xb, 0xf0, 0x0, 0x0, 0xa,
    0xe0, 0x0, 0x1e, 0x90, 0xb, 0xf0, 0x0, 0x0,
    0xa, 0xe0, 0x0, 0x0, 0x29, 0x8e, 0xe0, 0x0,
    0x0, 0xa, 0xe0, 0x0, 0x0, 0xe, 0xfd, 0x60,
    0x0,

    /* U+5F88 "很" */
    0x0, 0x0, 0x85, 0x0, 0x0, 0x0, 0x0, 0x0,
    0x0, 0x0, 0x8, 0xf9, 0xb, 0xff, 0xff, 0xff,
    0xfa, 0x0, 0x0, 0x9f, 0xa0, 0xb, 0xf7, 0x77,
    0x77, 0xfa, 0x0, 0xd, 0xf9, 0x0, 0xb, 0xe0,
    0x0, 0x0, 0xea, 0x0, 0x8, 0x50, 0x8e, 0x2b,
    0xff, 0xff, 0xff, 0xfa, 0x0, 0x0, 0x5, 0xfa,
    0xb, 0xf4, 0x44, 0x44, 0xfa, 0x0, 0x0, 0x3f,
    0xf1, 0xb, 0xe0, 0x0, 0x0, 0xea, 0x0, 0x4,
    0xff, 0xe0, 0xb, 0xff, 0xff, 0xff, 0xfa, 0x0,
    0x2f, 0xfe, 0xe0, 0xb, 0xf7, 0xcf, 0x87, 0x75,
    0x0, 0xb, 0x3b, 0xe0, 0xb, 0xe0, 0x3f, 0x50,
    0x3e, 0x30, 0x0, 0xb, 0xe0, 0xb, 0xe0, 0xd,
    0xc7, 0xfc, 0x20, 0x0, 0xb, 0xe0, 0xb, 0xe0,
    0x5, 0xff, 0x70, 0x0, 0x0, 0xb, 0xe0, 0xb,
    0xe0, 0x0, 0xcf, 0x40, 0x0, 0x0, 0xb, 0xe0,
    0xc, 0xe4, 0x89, 0x2e, 0xf6, 0x0, 0x0, 0xb,
    0xe0, 0x3f, 0xff, 0xfa, 0x2, 0xdf, 0xd1, 0x0,
    0xb, 0xe0, 0x1d, 0x94, 0x0, 0x0, 0x8, 0x70,
    0x0, 0x0, 0x0, 0x0, 0x0, 0x0, 0x0, 0x0,
    0x0,

    /* U+5FC3 "心" */
    0x0, 0x0, 0x0, 0x17, 0x0, 0x0, 0x0, 0x0,
    0x0, 0x0, 0x0, 0x0, 0x9f, 0xc1, 0x0, 0x0,
    0x0, 0x0, 0x0, 0x0, 0x0, 0x7, 0xff, 0x40,
    0x0, 0x0, 0x0, 0x0, 0x0, 0x0, 0x0, 0x4e,
    0xf7, 0x0, 0x0, 0x0, 0x0, 0x0, 0x1, 0x20,
    0x2, 0xec, 0x0, 0x0, 0x0, 0x0, 0x0, 0xa,
    0xf1, 0x0, 0x20, 0x0, 0x30, 0x0, 0x0, 0xaa,
    0xa, 0xf1, 0x0, 0x0, 0x5, 0xf6, 0x0, 0x0,
    0xec, 0xa, 0xf1, 0x0, 0x0, 0x0, 0xfd, 0x0,
    0x0, 0xfa, 0xa, 0xf1, 0x0, 0x0, 0x0, 0x9f,
    0x30, 0x3, 0xf7, 0xa, 0xf1, 0x0, 0x0, 0x0,
    0x3f, 0x90, 0x7, 0xf4, 0xa, 0xf1, 0x0, 0x0,
    0x0, 0xe, 0xe0, 0xc, 0xf1, 0xa, 0xf1, 0x0,
    0x0, 0x7b, 0x9, 0xf2, 0xf, 0xd0, 0xa, 0xf1,
    0x0, 0x0, 0x8f, 0x5, 0x91, 0x2, 0x40, 0xa,
    0xf1, 0x0, 0x0, 0xbe, 0x0, 0x0, 0x0, 0x0,
    0x8, 0xfc, 0x98, 0x8a, 0xfa, 0x0, 0x0, 0x0,
    0x0, 0x1, 0xbf, 0xff, 0xff, 0xc2, 0x0, 0x0,

    /* U+5FEB "快" */
    0x0, 0xf, 0xa0, 0x0, 0x0, 0xbf, 0x0, 0x0,
    0x0, 0x0, 0xf, 0xa0, 0x0, 0x0, 0xbf, 0x0,
    0x0, 0x0, 0x0, 0xf, 0xa3, 0x7, 0x77, 0xdf,
    0x77, 0x77, 0x0, 0x8, 0x6f, 0xff, 0x1f, 0xff,
    0xff, 0xff, 0xfe, 0x0, 0xc, 0x8f, 0xae, 0x70,
    0x0, 0xbf, 0x0, 0xbe, 0x0, 0xe, 0x6f, 0xa9,
    0xd0, 0x0, 0xbf, 0x0, 0xbe, 0x0, 0x2f, 0x3f,
    0xa3, 0x40, 0x0, 0xbf, 0x0, 0xbe, 0x0, 0x6f,
    0xf, 0xa0, 0x0, 0x0, 0xce, 0x0, 0xbe, 0x0,
    0x4, 0xf, 0xa0, 0xff, 0xff, 0xff, 0xff, 0xff,
    0xf3, 0x0, 0xf, 0xa0, 0x88, 0x89, 0xff, 0xd8,
    0x88, 0x82, 0x0, 0xf, 0xa0, 0x0, 0x5, 0xff,
    0xf1, 0x0, 0x0, 0x0, 0xf, 0xa0, 0x0, 0xc,
    0xf3, 0xfa, 0x0, 0x0, 0x0, 0xf, 0xa0, 0x0,
    0x7f, 0x70, 0x8f, 0x60, 0x0, 0x0, 0xf, 0xa0,
    0x7, 0xfc, 0x0, 0xe, 0xf8, 0x0, 0x0, 0xf,
    0xa3, 0xcf, 0xc0, 0x0, 0x2, 0xef, 0xe3, 0x0,
    0xf, 0xa1, 0xd7, 0x0, 0x0, 0x0, 0x19, 0xb0,
    0x0, 0x0, 0x0, 0x0, 0x0, 0x0, 0x0, 0x0,
    0x0,

    /* U+6001 "态" */
    0x0, 0x0, 0x0, 0x0, 0xdd, 0x0, 0x0, 0x0,
    0x0, 0x0, 0x0, 0x0, 0x0, 0xfb, 0x0, 0x0,
    0x0, 0x0, 0x9, 0x99, 0x99, 0x9a, 0xfd, 0x99,
    0x99, 0x99, 0x90, 0xe, 0xff, 0xff, 0xff, 0xff,
    0xff, 0xff, 0xff, 0xf0, 0x0, 0x0, 0x0, 0xe,
    0xea, 0xf3, 0x0, 0x0, 0x0, 0x0, 0x0, 0x0,
    0x8f, 0x71, 0xfe, 0x10, 0x0, 0x0, 0x0, 0x0,
    0x7, 0xfc, 0x0, 0x5f, 0xd2, 0x0, 0x0, 0x0,
    0x2, 0xbf, 0xdb, 0xe5, 0x6, 0xff, 0x81, 0x0,
    0x7, 0xcf, 0xf8, 0x3, 0xdf, 0x90, 0x3d, 0xff,
    0xb1, 0xa, 0xe8, 0x20, 0x0, 0x6a, 0x70, 0x0,
    0x5c, 0x80, 0x0, 0x23, 0x16, 0x35, 0xfa, 0x0,
    0x3, 0x90, 0x0, 0x0, 0x9f, 0x2f, 0x80, 0x7f,
    0xa0, 0x3, 0xf8, 0x0, 0x0, 0xeb, 0x2f, 0x80,
    0x9, 0xe2, 0x33, 0xcf, 0x10, 0x5, 0xf6, 0x2f,
    0x80, 0x0, 0x10, 0x8f, 0x5f, 0x70, 0xd, 0xf0,
    0x1f, 0xd8, 0x77, 0x78, 0xec, 0xe, 0xd0, 0x3,
    0x60, 0x7, 0xef, 0xff, 0xff, 0xd4, 0x5, 0x30,

    /* U+6025 "急" */
    0x0, 0x0, 0x0, 0x30, 0x0, 0x0, 0x0, 0x0,
    0x0, 0x0, 0x0, 0x8, 0xf7, 0x0, 0x0, 0x0,
    0x0, 0x0, 0x0, 0x0, 0x4f, 0xff, 0xff, 0xff,
    0xa0, 0x0, 0x0, 0x0, 0x4, 0xfd, 0x66, 0x66,
    0xaf, 0x90, 0x0, 0x0, 0x0, 0x7f, 0xe2, 0x0,
    0x1, 0xee, 0x10, 0x0, 0x0, 0x8, 0xff, 0xff,
    0xff, 0xff, 0xff, 0xff, 0xf0, 0x0, 0x0, 0x74,
    0x66, 0x66, 0x66, 0x66, 0x6c, 0xf0, 0x0, 0x0,
    0x1, 0x55, 0x55, 0x55, 0x55, 0x5c, 0xf0, 0x0,
    0x0, 0x5, 0xff, 0xff, 0xff, 0xff, 0xff, 0xf0,
    0x0, 0x0, 0x0, 0x0, 0x0, 0x0, 0x0, 0xa,
    0xf0, 0x0, 0x0, 0xe, 0xff, 0xff, 0xff, 0xff,
    0xff, 0xf0, 0x0, 0x0, 0x6, 0x66, 0x66, 0xc8,
    0x66, 0x66, 0x60, 0x0, 0x0, 0x22, 0x7, 0x42,
    0xee, 0x20, 0x0, 0xa9, 0x0, 0x0, 0xbf, 0x2f,
    0x90, 0x2f, 0xd0, 0x10, 0xaf, 0x30, 0x3, 0xfa,
    0x1f, 0x90, 0x5, 0xb1, 0x8f, 0x2f, 0xc0, 0xc,
    0xf2, 0xf, 0xe8, 0x77, 0x78, 0xed, 0xa, 0xf2,
    0x2, 0x60, 0x7, 0xef, 0xff, 0xff, 0xe5, 0x2,
    0x30,

    /* U+606F "息" */
    0x0, 0x0, 0x0, 0x0, 0x10, 0x0, 0x0, 0x0,
    0x0, 0x0, 0x0, 0x0, 0x0, 0xfe, 0x0, 0x0,
    0x0, 0x0, 0x0, 0x3, 0x55, 0x58, 0xfb, 0x55,
    0x55, 0x30, 0x0, 0x0, 0x8, 0xff, 0xff, 0xff,
    0xff, 0xff, 0x90, 0x0, 0x0, 0x8, 0xf0, 0x0,
    0x0, 0x0, 0x1f, 0x90, 0x0, 0x0, 0x8, 0xff,
    0xff, 0xff, 0xff, 0xff, 0x90, 0x0, 0x0, 0x8,
    0xf4, 0x33, 0x33, 0x33, 0x4f, 0x90, 0x0, 0x0,
    0x8, 0xf6, 0x66, 0x66, 0x66, 0x7f, 0x90, 0x0,
    0x0, 0x8, 0xfd, 0xdd, 0xdd, 0xdd, 0xdf, 0x90,
    0x0, 0x0, 0x8, 0xf3, 0x22, 0x22, 0x22, 0x3f,
    0x90, 0x0, 0x0, 0x8, 0xff, 0xff, 0xff, 0xff,
    0xff, 0x90, 0x0, 0x0, 0x1, 0x22, 0x24, 0xe9,
    0x22, 0x22, 0x10, 0x0, 0x0, 0x88, 0x3c, 0x50,
    0xaf, 0x60, 0x2, 0xe8, 0x0, 0x1, 0xfa, 0x4f,
    0x60, 0xc, 0xe0, 0x32, 0xbf, 0x30, 0x8, 0xf4,
    0x4f, 0x60, 0x1, 0x10, 0xae, 0x2f, 0xb0, 0xe,
    0xc0, 0x3f, 0xc8, 0x88, 0x88, 0xfb, 0xb, 0xa0,
    0x1, 0x20, 0x9, 0xef, 0xff, 0xff, 0xd3, 0x0,
    0x0,

    /* U+60A8 "您" */
    0x0, 0x0, 0x0, 0x0, 0x0, 0x0, 0x0, 0x0,
    0x0, 0x0, 0x0, 0x7e, 0x20, 0xd9, 0x0, 0x0,
    0x0, 0x0, 0x0, 0x2, 0xfb, 0x5, 0xfc, 0x77,
    0x77, 0x77, 0x60, 0x0, 0xc, 0xf2, 0x1d, 0xff,
    0xff, 0xff, 0xff, 0xc0, 0x0, 0xbf, 0xe0, 0xcf,
    0x40, 0x8, 0x50, 0x4f, 0x40, 0xc, 0xff, 0xe1,
    0xc7, 0x0, 0xf, 0x90, 0x6a, 0x0, 0xc, 0x8b,
    0xe0, 0x0, 0xe9, 0xf, 0x95, 0xf3, 0x0, 0x0,
    0xa, 0xe0, 0x8, 0xf3, 0xf, 0x91, 0xed, 0x0,
    0x0, 0xa, 0xe0, 0x5f, 0xa0, 0xf, 0x90, 0x5f,
    0x70, 0x0, 0xa, 0xe0, 0x5c, 0x4, 0x5f, 0x90,
    0xb, 0x70, 0x0, 0xa, 0xe0, 0x0, 0x2b, 0xff,
    0x40, 0x0, 0x0, 0x0, 0x2, 0x30, 0x2, 0xfb,
    0x10, 0x0, 0x11, 0x0, 0x0, 0x7a, 0x4f, 0x70,
    0x6f, 0x80, 0x1, 0xf9, 0x0, 0x0, 0xed, 0x3f,
    0x70, 0xa, 0xf1, 0x23, 0xaf, 0x20, 0x5, 0xf7,
    0x3f, 0x70, 0x1, 0x10, 0x7f, 0x4f, 0xa0, 0xd,
    0xf1, 0x2f, 0xd8, 0x88, 0x88, 0xee, 0xc, 0xe0,
    0x2, 0x50, 0x8, 0xef, 0xff, 0xff, 0xe5, 0x2,
    0x0,

    /* U+611F "感" */
    0x0, 0x0, 0x0, 0x0, 0x0, 0x0, 0x0, 0x0,
    0x0, 0x0, 0x0, 0x0, 0x0, 0x0, 0x6f, 0x2c,
    0xa1, 0x0, 0x0, 0x35, 0x55, 0x55, 0x55, 0x9f,
    0x67, 0xfb, 0x50, 0x0, 0x9f, 0xff, 0xff, 0xff,
    0xff, 0xff, 0xff, 0xf2, 0x0, 0x9e, 0x0, 0x0,
    0x0, 0x3f, 0x50, 0x12, 0x0, 0x0, 0xae, 0x7f,
    0xff, 0xff, 0x3f, 0x70, 0x9f, 0x10, 0x0, 0xbc,
    0x12, 0x22, 0x22, 0xd, 0xb2, 0xfa, 0x0, 0x0,
    0xcb, 0x5f, 0xff, 0xfe, 0x9, 0xfb, 0xf2, 0x0,
    0x0, 0xe9, 0x5f, 0x43, 0x8e, 0x4, 0xff, 0x60,
    0x50, 0x2, 0xf6, 0x5f, 0x21, 0x7e, 0x7, 0xff,
    0x0, 0xf5, 0x9, 0xf1, 0x5f, 0xff, 0xff, 0xbf,
    0xcf, 0xc8, 0xf2, 0xc, 0x90, 0x0, 0x0, 0x21,
    0x78, 0x5, 0xef, 0xb0, 0x0, 0x20, 0x1a, 0x61,
    0xec, 0x10, 0x0, 0x65, 0x0, 0x0, 0xaf, 0x3f,
    0x80, 0x3f, 0xc0, 0x21, 0xde, 0x0, 0x2, 0xf9,
    0x2f, 0x80, 0x4, 0x80, 0x7f, 0x5f, 0x80, 0xb,
    0xf2, 0x1f, 0xc5, 0x55, 0x55, 0xdd, 0xc, 0xd0,
    0x2, 0x50, 0x9, 0xef, 0xff, 0xff, 0xd4, 0x1,
    0x0,

    /* U+6210 "成" */
    0x0, 0x0, 0x0, 0x0, 0x0, 0x0, 0x0, 0x0,
    0x0, 0x0, 0x0, 0x0, 0x0, 0xa, 0xf1, 0xab,
    0x20, 0x0, 0x0, 0x0, 0x0, 0x0, 0xa, 0xf1,
    0x6e, 0xf6, 0x0, 0x0, 0x0, 0x0, 0x0, 0xa,
    0xf2, 0x2, 0xca, 0x0, 0x0, 0xcf, 0xff, 0xff,
    0xff, 0xff, 0xff, 0xff, 0xf1, 0x0, 0xcf, 0x99,
    0x99, 0x9c, 0xfb, 0x99, 0x99, 0x90, 0x0, 0xcf,
    0x0, 0x0, 0x5, 0xf5, 0x0, 0x41, 0x0, 0x0,
    0xcf, 0x77, 0x77, 0x34, 0xf7, 0x1, 0xfd, 0x0,
    0x0, 0xcf, 0xff, 0xff, 0x72, 0xf9, 0x7, 0xf6,
    0x0, 0x0, 0xcf, 0x0, 0x3f, 0x70, 0xfc, 0xe,
    0xe0, 0x0, 0x0, 0xdd, 0x0, 0x2f, 0x60, 0xcf,
    0x9f, 0x70, 0x0, 0x0, 0xfc, 0x0, 0x3f, 0x50,
    0x8f, 0xfd, 0x0, 0x0, 0x0, 0xfa, 0x0, 0x5f,
    0x40, 0x4f, 0xf3, 0x2, 0x20, 0x3, 0xf8, 0x7a,
    0xdf, 0x21, 0xcf, 0xf1, 0x5, 0xf2, 0x8, 0xf4,
    0x6d, 0xd8, 0x3d, 0xfd, 0xfa, 0x8, 0xf0, 0x1f,
    0xe0, 0x0, 0x7, 0xff, 0x60, 0xdf, 0xdf, 0xc0,
    0x1c, 0x70, 0x0, 0x3, 0xc2, 0x0, 0x1a, 0xfd,
    0x30, 0x0, 0x0, 0x0, 0x0, 0x0, 0x0, 0x0,
    0x0, 0x0,

    /* U+6211 "我" */
    0x0, 0x0, 0x3, 0x7c, 0x80, 0xfb, 0x6, 0x20,
    0x0, 0x6, 0xad, 0xff, 0xfe, 0xa1, 0xfb, 0x1e,
    0xe3, 0x0, 0x9, 0xdb, 0xbf, 0x70, 0x0, 0xec,
    0x2, 0xee, 0x10, 0x0, 0x0, 0x4f, 0x50, 0x0,
    0xed, 0x0, 0x4f, 0x50, 0x0, 0x0, 0x4f, 0x50,
    0x0, 0xdd, 0x0, 0x1, 0x0, 0xe, 0xff, 0xff,
    0xff, 0xff, 0xff, 0xff, 0xff, 0xf0, 0x9, 0xaa,
    0xcf, 0xca, 0xaa, 0xdf, 0xaa, 0xaa, 0xa0, 0x0,
    0x0, 0x4f, 0x50, 0x0, 0x8f, 0x30, 0x56, 0x0,
    0x0, 0x0, 0x4f, 0x62, 0x53, 0x5f, 0x62, 0xfd,
    0x0, 0x1, 0x47, 0xbf, 0xff, 0xf6, 0x2f, 0x9d,
    0xf3, 0x0, 0x2f, 0xff, 0xff, 0xa5, 0x10, 0xe,
    0xff, 0x60, 0x0, 0x7, 0x52, 0x5f, 0x50, 0x0,
    0x1d, 0xf8, 0x0, 0x40, 0x0, 0x0, 0x4f, 0x50,
    0x4, 0xef, 0xf8, 0x1, 0xf4, 0x0, 0x0, 0x5f,
    0x52, 0xaf, 0xe4, 0xef, 0x24, 0xf3, 0x0, 0xaa,
    0xcf, 0x47, 0xf9, 0x0, 0x5f, 0xed, 0xf0, 0x0,
    0xcf, 0xea, 0x0, 0x20, 0x0, 0x6, 0xff, 0x60,
    0x0, 0x0, 0x0, 0x0, 0x0, 0x0, 0x0, 0x0,
    0x0,

    /* U+6216 "或" */
    0x0, 0x0, 0x0, 0x0, 0x0, 0x0, 0x0, 0x0,
    0x0, 0x0, 0x0, 0x0, 0x3, 0xf9, 0x2d, 0x81,
    0x0, 0x0, 0x0, 0x0, 0x0, 0x2f, 0x90, 0x6e,
    0xe2, 0x6, 0x88, 0x88, 0x88, 0x89, 0xfd, 0x88,
    0xae, 0x80, 0xbf, 0xff, 0xff, 0xff, 0xff, 0xff,
    0xff, 0xfe, 0x0, 0x11, 0x11, 0x11, 0x11, 0xfc,
    0x11, 0x11, 0x10, 0x3, 0x44, 0x44, 0x42, 0xd,
    0xe0, 0x4, 0x60, 0x0, 0xcf, 0xff, 0xff, 0x90,
    0xbf, 0x0, 0xdf, 0x0, 0xc, 0xc1, 0x12, 0xf9,
    0xa, 0xf1, 0x5f, 0x90, 0x0, 0xcb, 0x0, 0xf,
    0x90, 0x7f, 0x4c, 0xf2, 0x0, 0xc, 0xc3, 0x33,
    0xf9, 0x4, 0xfa, 0xfb, 0x0, 0x0, 0xcf, 0xff,
    0xff, 0x90, 0xf, 0xff, 0x10, 0x0, 0x2, 0x33,
    0x33, 0x34, 0x0, 0xdf, 0x70, 0x13, 0x0, 0x2,
    0x59, 0xcf, 0xf2, 0x9f, 0xf7, 0x3, 0xf3, 0x9f,
    0xff, 0xfd, 0xa8, 0xcf, 0xaf, 0xf1, 0x5f, 0x27,
    0xa7, 0x30, 0x5, 0xff, 0x70, 0x6f, 0xfe, 0xe0,
    0x0, 0x0, 0x0, 0x1c, 0x40, 0x0, 0x7e, 0xe5,
    0x0, 0x0, 0x0, 0x0, 0x0, 0x0, 0x0, 0x0,
    0x0,

    /* U+6240 "所" */
    0x0, 0x0, 0x0, 0x26, 0x40, 0x0, 0x0, 0x49,
    0x30, 0x0, 0x69, 0xbe, 0xff, 0xe1, 0x69, 0xcf,
    0xff, 0xa0, 0x0, 0xff, 0xca, 0x73, 0x0, 0xff,
    0xc9, 0x61, 0x0, 0x0, 0xf9, 0x0, 0x0, 0x0,
    0xf9, 0x0, 0x0, 0x0, 0x0, 0xfd, 0x88, 0x88,
    0x40, 0xf9, 0x0, 0x0, 0x0, 0x0, 0xff, 0xff,
    0xff, 0x80, 0xf9, 0x0, 0x0, 0x0, 0x0, 0xf9,
    0x0, 0x1f, 0x80, 0xff, 0xff, 0xff, 0xf3, 0x0,
    0xf9, 0x0, 0x1f, 0x80, 0xfd, 0x89, 0xfc, 0x82,
    0x1, 0xfd, 0x88, 0x9f, 0x81, 0xf8, 0x1, 0xf8,
    0x0, 0x1, 0xff, 0xff, 0xff, 0x82, 0xf8, 0x1,
    0xf8, 0x0, 0x2, 0xf7, 0x0, 0x0, 0x4, 0xf5,
    0x1, 0xf8, 0x0, 0x3, 0xf5, 0x0, 0x0, 0x8,
    0xf3, 0x1, 0xf8, 0x0, 0x6, 0xf4, 0x0, 0x0,
    0xd, 0xe0, 0x1, 0xf8, 0x0, 0xa, 0xf1, 0x0,
    0x0, 0x5f, 0x80, 0x1, 0xf8, 0x0, 0x1f, 0xb0,
    0x0, 0x2, 0xfe, 0x10, 0x1, 0xf8, 0x0, 0xa,
    0x50, 0x0, 0x1, 0xc5, 0x0, 0x1, 0xf8, 0x0,
    0x0, 0x0, 0x0, 0x0, 0x0, 0x0, 0x0, 0x0,
    0x0,

    /* U+6253 "打" */
    0x0, 0x8, 0xf2, 0x0, 0x0, 0x0, 0x0, 0x0,
    0x0, 0x0, 0x8, 0xf2, 0x4, 0x99, 0x99, 0x99,
    0x99, 0x91, 0x0, 0x8, 0xf2, 0x6, 0xff, 0xff,
    0xff, 0xff, 0xf2, 0x9, 0x9d, 0xfa, 0x94, 0x0,
    0x0, 0xbf, 0x10, 0x0, 0x1f, 0xff, 0xff, 0xf6,
    0x0, 0x0, 0xbf, 0x10, 0x0, 0x0, 0x8, 0xf2,
    0x0, 0x0, 0x0, 0xbf, 0x10, 0x0, 0x0, 0x8,
    0xf2, 0x0, 0x0, 0x0, 0xbf, 0x10, 0x0, 0x0,
    0x8, 0xf4, 0x64, 0x0, 0x0, 0xbf, 0x10, 0x0,
    0x1, 0x5c, 0xff, 0xf8, 0x0, 0x0, 0xbf, 0x10,
    0x0, 0x1f, 0xff, 0xf8, 0x30, 0x0, 0x0, 0xbf,
    0x10, 0x0, 0x8, 0x59, 0xf2, 0x0, 0x0, 0x0,
    0xbf, 0x10, 0x0, 0x0, 0x8, 0xf2, 0x0, 0x0,
    0x0, 0xbf, 0x10, 0x0, 0x0, 0x8, 0xf2, 0x0,
    0x0, 0x0, 0xbf, 0x10, 0x0, 0x0, 0x8, 0xf2,
    0x0, 0x0, 0x0, 0xbf, 0x10, 0x0, 0x5, 0x8d,
    0xf1, 0x0, 0xa, 0xbb, 0xff, 0x0, 0x0, 0x5,
    0xfe, 0x90, 0x0, 0x9, 0xff, 0xe6, 0x0, 0x0,
    0x0, 0x0, 0x0, 0x0, 0x0, 0x10, 0x0, 0x0,
    0x0,

    /* U+62A4 "护" */
    0x0, 0xb, 0xe0, 0x0, 0x0, 0x2b, 0x60, 0x0,
    0x0, 0x0, 0xbe, 0x0, 0x0, 0x0, 0xcf, 0x20,
    0x0, 0x0, 0xb, 0xe0, 0x0, 0x0, 0x3, 0xe5,
    0x0, 0x0, 0x99, 0xef, 0x98, 0xf, 0xff, 0xff,
    0xff, 0xf9, 0xf, 0xff, 0xff, 0xd0, 0xfc, 0x77,
    0x77, 0x7f, 0x90, 0x0, 0xbe, 0x0, 0xf, 0x90,
    0x0, 0x0, 0xf9, 0x0, 0xb, 0xe0, 0x0, 0xf9,
    0x0, 0x0, 0xf, 0x90, 0x0, 0xbf, 0x25, 0x1f,
    0xd8, 0x88, 0x88, 0xf9, 0x1, 0x5d, 0xff, 0xe1,
    0xff, 0xff, 0xff, 0xff, 0x93, 0xff, 0xff, 0x72,
    0x2f, 0x80, 0x0, 0x1, 0xf9, 0xa, 0x6c, 0xe0,
    0x4, 0xf6, 0x0, 0x0, 0x2, 0x10, 0x0, 0xbe,
    0x0, 0x7f, 0x30, 0x0, 0x0, 0x0, 0x0, 0xb,
    0xe0, 0xd, 0xf0, 0x0, 0x0, 0x0, 0x0, 0x0,
    0xbe, 0x4, 0xfa, 0x0, 0x0, 0x0, 0x0, 0x5,
    0x9e, 0xe0, 0xef, 0x30, 0x0, 0x0, 0x0, 0x0,
    0x5f, 0xe6, 0x8, 0x80, 0x0, 0x0, 0x0, 0x0,
    0x0, 0x0, 0x0, 0x0, 0x0, 0x0, 0x0, 0x0,
    0x0,

    /* U+62A5 "报" */
    0x0, 0xa, 0xf0, 0x0, 0x0, 0x0, 0x0, 0x0,
    0x0, 0x0, 0xa, 0xf0, 0x6, 0xff, 0xff, 0xff,
    0xff, 0x40, 0x0, 0xa, 0xf0, 0x6, 0xfa, 0x88,
    0x88, 0xcf, 0x30, 0x9, 0x9d, 0xf9, 0x86, 0xf3,
    0x0, 0x0, 0x9f, 0x10, 0x1f, 0xff, 0xff, 0xe6,
    0xf3, 0xa, 0x99, 0xfe, 0x0, 0x0, 0xb, 0xf0,
    0x6, 0xf3, 0x8, 0xab, 0x93, 0x0, 0x0, 0xa,
    0xf0, 0x6, 0xf9, 0x77, 0x77, 0x77, 0x30, 0x0,
    0xa, 0xf3, 0x66, 0xff, 0xff, 0xff, 0xff, 0x90,
    0x3, 0x6d, 0xff, 0xf6, 0xf7, 0xf7, 0x0, 0x6f,
    0x40, 0x3f, 0xff, 0xf7, 0x26, 0xf3, 0xbe, 0x0,
    0xbf, 0x0, 0x8, 0x4b, 0xf0, 0x6, 0xf3, 0x4f,
    0x83, 0xf8, 0x0, 0x0, 0xa, 0xf0, 0x6, 0xf3,
    0xa, 0xfe, 0xe0, 0x0, 0x0, 0xa, 0xf0, 0x6,
    0xf3, 0x1, 0xff, 0x80, 0x0, 0x0, 0xa, 0xf0,
    0x6, 0xf3, 0x2d, 0xff, 0xf7, 0x0, 0x9, 0x8e,
    0xf0, 0x6, 0xf9, 0xff, 0x61, 0xcf, 0xd1, 0xd,
    0xfe, 0x70, 0x6, 0xf7, 0xd3, 0x0, 0x7, 0x90,
    0x0, 0x0, 0x0, 0x0, 0x0, 0x0, 0x0, 0x0,
    0x0,

    /* U+6301 "持" */
    0x0, 0xf, 0x80, 0x0, 0x0, 0x1f, 0x70, 0x0,
    0x0, 0x0, 0xf, 0x80, 0x0, 0x0, 0x1f, 0x70,
    0x0, 0x0, 0x0, 0xf, 0x80, 0xc, 0xff, 0xff,
    0xff, 0xff, 0x30, 0x1a, 0xaf, 0xda, 0x27, 0x99,
    0x9f, 0xc9, 0x99, 0x20, 0x2e, 0xef, 0xfe, 0x30,
    0x0, 0x1f, 0x70, 0x0, 0x0, 0x0, 0xf, 0x80,
    0x37, 0x77, 0x8f, 0xb7, 0x77, 0x70, 0x0, 0xf,
    0x80, 0x8f, 0xff, 0xff, 0xff, 0xff, 0xf0, 0x0,
    0xf, 0x82, 0x10, 0x0, 0x0, 0xc, 0xd0, 0x0,
    0x0, 0x4f, 0xff, 0x40, 0x0, 0x0, 0xc, 0xd0,
    0x0, 0x4f, 0xff, 0xd7, 0x6f, 0xff, 0xff, 0xff,
    0xff, 0xe0, 0x2b, 0x6f, 0x80, 0x27, 0x88, 0x77,
    0x7e, 0xe7, 0x70, 0x0, 0xf, 0x80, 0x1, 0xe9,
    0x0, 0xc, 0xd0, 0x0, 0x0, 0xf, 0x80, 0x0,
    0x7f, 0x50, 0xc, 0xd0, 0x0, 0x0, 0xf, 0x80,
    0x0, 0xd, 0xb0, 0xc, 0xd0, 0x0, 0x7, 0x9f,
    0x70, 0x0, 0x1, 0x18, 0x8e, 0xc0, 0x0, 0x9,
    0xfc, 0x20, 0x0, 0x0, 0xe, 0xfe, 0x60, 0x0,
    0x0, 0x0, 0x0, 0x0, 0x0, 0x0, 0x0, 0x0,
    0x0,

    /* U+6309 "按" */
    0x0, 0x0, 0x0, 0x0, 0x0, 0x0, 0x0, 0x0,
    0x0, 0x0, 0xc, 0xc0, 0x0, 0x0, 0x3f, 0x80,
    0x0, 0x0, 0x0, 0xc, 0xc0, 0x0, 0x0, 0xf,
    0xd0, 0x0, 0x0, 0x0, 0xc, 0xc0, 0xd, 0xdd,
    0xdf, 0xfe, 0xdd, 0xd1, 0x9, 0x9e, 0xe9, 0x5f,
    0xd8, 0x88, 0x88, 0x8c, 0xf1, 0x1f, 0xff, 0xff,
    0x9f, 0x90, 0x8a, 0x0, 0x8, 0xf1, 0x0, 0xc,
    0xc0, 0xb, 0x70, 0xed, 0x0, 0x5, 0xa0, 0x0,
    0xc, 0xc0, 0x0, 0x4, 0xf9, 0x0, 0x0, 0x0,
    0x0, 0xc, 0xc0, 0x8f, 0xff, 0xff, 0xff, 0xff,
    0xf5, 0x0, 0xc, 0xd7, 0xb7, 0x8f, 0xd7, 0x7a,
    0xfb, 0x72, 0x16, 0xaf, 0xff, 0xa0, 0x9f, 0x40,
    0x8, 0xf3, 0x0, 0x2f, 0xdf, 0xd0, 0x2, 0xfe,
    0x0, 0xe, 0xe0, 0x0, 0x2, 0xc, 0xc0, 0x2,
    0xaf, 0xe7, 0x9f, 0x60, 0x0, 0x0, 0xc, 0xc0,
    0x0, 0x2, 0xaf, 0xfe, 0x0, 0x0, 0x0, 0xc,
    0xc0, 0x0, 0x4, 0xcf, 0xdf, 0xe5, 0x0, 0x6,
    0x8f, 0xc0, 0x2a, 0xef, 0xe5, 0x4, 0xef, 0xb1,
    0x8, 0xfd, 0x50, 0xd, 0xa5, 0x0, 0x0, 0xa,
    0x90, 0x0, 0x0, 0x0, 0x0, 0x0, 0x0, 0x0,
    0x0, 0x0,

    /* U+636E "据" */
    0x0, 0xf, 0x80, 0x0, 0x0, 0x0, 0x0, 0x0,
    0x0, 0x0, 0xf, 0x80, 0xd, 0xff, 0xff, 0xff,
    0xff, 0xa0, 0x0, 0xf, 0x80, 0xd, 0xd7, 0x77,
    0x77, 0x7f, 0xa0, 0x7, 0x7f, 0xc7, 0x3d, 0xc0,
    0x0, 0x0, 0xe, 0xa0, 0x1e, 0xef, 0xfe, 0x7d,
    0xff, 0xff, 0xff, 0xff, 0xa0, 0x0, 0xf, 0x80,
    0xd, 0xe7, 0x78, 0xfb, 0x77, 0x50, 0x0, 0xf,
    0x80, 0xd, 0xc0, 0x1, 0xf7, 0x0, 0x0, 0x0,
    0xf, 0x80, 0xe, 0xd7, 0x78, 0xfb, 0x77, 0x71,
    0x0, 0x1f, 0xef, 0x5e, 0xfe, 0xef, 0xff, 0xee,
    0xe2, 0x2d, 0xff, 0xe8, 0x2f, 0x90, 0x1, 0xf7,
    0x0, 0x0, 0xa, 0x6f, 0x80, 0x1f, 0x74, 0x45,
    0xfa, 0x44, 0x30, 0x0, 0xf, 0x80, 0x4f, 0x6f,
    0xff, 0xff, 0xff, 0xb0, 0x0, 0xf, 0x80, 0x8f,
    0x4f, 0x51, 0x11, 0x1c, 0xb0, 0x0, 0xf, 0x80,
    0xdc, 0x2f, 0x40, 0x0, 0xc, 0xb0, 0x7, 0x9f,
    0x85, 0xf6, 0x2f, 0x96, 0x66, 0x6d, 0xb0, 0x9,
    0xfc, 0x28, 0xd0, 0x2f, 0xff, 0xff, 0xff, 0xb0,
    0x0, 0x0, 0x0, 0x0, 0x2, 0x0, 0x0, 0x1,
    0x10,

    /* U+63A5 "接" */
    0x0, 0x3f, 0x40, 0x0, 0x0, 0x7c, 0x0, 0x0,
    0x0, 0x0, 0x3f, 0x40, 0x4, 0x44, 0x8f, 0x94,
    0x44, 0x30, 0x0, 0x3f, 0x40, 0x1f, 0xff, 0xff,
    0xff, 0xff, 0xa0, 0x19, 0xaf, 0xb9, 0x1, 0x7a,
    0x11, 0x18, 0xa1, 0x0, 0x3f, 0xff, 0xfe, 0x0,
    0x5f, 0x40, 0x1f, 0xa0, 0x0, 0x0, 0x3f, 0x40,
    0x23, 0x3d, 0x73, 0x9f, 0x43, 0x30, 0x0, 0x3f,
    0x40, 0xaf, 0xff, 0xff, 0xff, 0xff, 0xf1, 0x0,
    0x3f, 0x52, 0x23, 0x33, 0xd9, 0x33, 0x33, 0x30,
    0x1, 0x7f, 0xfe, 0x0, 0x5, 0xf5, 0x0, 0x0,
    0x0, 0x4f, 0xff, 0xc6, 0xef, 0xff, 0xff, 0xff,
    0xff, 0xf4, 0x19, 0x7f, 0x40, 0x66, 0xcf, 0x76,
    0x6c, 0xf7, 0x61, 0x0, 0x3f, 0x40, 0x3, 0xfa,
    0x0, 0x1f, 0xc0, 0x0, 0x0, 0x3f, 0x40, 0x6,
    0xdf, 0xe8, 0xcf, 0x30, 0x0, 0x0, 0x3f, 0x40,
    0x0, 0x4, 0xdf, 0xfe, 0x50, 0x0, 0x8, 0xbf,
    0x40, 0x7a, 0xcf, 0xf9, 0x5c, 0xfe, 0x50, 0xa,
    0xeb, 0x0, 0xcd, 0x96, 0x10, 0x0, 0x5d, 0x40,
    0x0, 0x0, 0x0, 0x0, 0x0, 0x0, 0x0, 0x0,
    0x0,

    /* U+63D0 "提" */
    0x0, 0xf, 0x80, 0x0, 0x0, 0x0, 0x0, 0x0,
    0x0, 0x0, 0xf, 0x80, 0x7, 0xff, 0xff, 0xff,
    0xff, 0x10, 0x0, 0xf, 0x80, 0x7, 0xf6, 0x55,
    0x55, 0xbf, 0x10, 0x9, 0x9f, 0xd9, 0x47, 0xff,
    0xff, 0xff, 0xff, 0x10, 0x1d, 0xdf, 0xed, 0x67,
    0xf1, 0x0, 0x0, 0x8f, 0x10, 0x0, 0xf, 0x80,
    0x7, 0xff, 0xff, 0xff, 0xff, 0x10, 0x0, 0xf,
    0x80, 0x2, 0x44, 0x44, 0x44, 0x44, 0x0, 0x0,
    0xf, 0x81, 0x36, 0x66, 0x66, 0x66, 0x66, 0x60,
    0x0, 0x3f, 0xff, 0xaf, 0xff, 0xff, 0xff, 0xff,
    0xf0, 0x2f, 0xff, 0xd7, 0x11, 0x41, 0xf, 0x90,
    0x0, 0x0, 0xa, 0x6f, 0x80, 0x6, 0xf3, 0xf,
    0xa3, 0x33, 0x0, 0x0, 0xf, 0x80, 0xa, 0xf1,
    0xf, 0xff, 0xff, 0x10, 0x0, 0xf, 0x80, 0xe,
    0xf8, 0xf, 0xa1, 0x11, 0x0, 0x0, 0xf, 0x80,
    0x6f, 0x9f, 0x6f, 0x90, 0x0, 0x0, 0x6, 0x9f,
    0x83, 0xec, 0x8, 0xff, 0xd9, 0x88, 0x83, 0x9,
    0xfc, 0x25, 0xe2, 0x0, 0x39, 0xde, 0xee, 0xe2,
    0x0, 0x0, 0x0, 0x0, 0x0, 0x0, 0x0, 0x0,
    0x0,

    /* U+64A4 "撤" */
    0x0, 0x0, 0x0, 0x0, 0x0, 0x0, 0x0, 0x0,
    0x0, 0x0, 0x5f, 0x0, 0x4, 0xe1, 0x0, 0x1f,
    0x50, 0x0, 0x0, 0x5f, 0x1, 0x45, 0xf8, 0x43,
    0x4f, 0x20, 0x0, 0x0, 0x5f, 0x5, 0xff, 0xff,
    0xfe, 0x6f, 0x10, 0x0, 0x9, 0xbf, 0x95, 0xe,
    0x83, 0x30, 0x9f, 0xff, 0xf4, 0x1f, 0xff, 0xf8,
    0x7e, 0x9, 0xc0, 0xdb, 0x5e, 0xb1, 0x0, 0x5f,
    0x3, 0xff, 0xff, 0xf5, 0xf8, 0xf, 0x60, 0x0,
    0x5f, 0x0, 0x85, 0x31, 0x6b, 0xfb, 0x1f, 0x40,
    0x0, 0x5f, 0x11, 0xef, 0xff, 0xfb, 0xde, 0x3f,
    0x20, 0x0, 0x8f, 0xfa, 0xea, 0x48, 0xf2, 0x3f,
    0x7f, 0x0, 0x3f, 0xff, 0xe6, 0xe8, 0x27, 0xf0,
    0xe, 0xdb, 0x0, 0x1d, 0xcf, 0x10, 0xef, 0xff,
    0xf0, 0xb, 0xf6, 0x0, 0x0, 0x5f, 0x0, 0xe7,
    0x6, 0xf0, 0x8, 0xf2, 0x0, 0x0, 0x5f, 0x0,
    0xef, 0xff, 0xf0, 0xd, 0xf6, 0x0, 0x0, 0x5f,
    0x0, 0xe8, 0x17, 0xf0, 0x9f, 0xce, 0x10, 0x5,
    0xaf, 0x0, 0xe7, 0x4a, 0xf9, 0xf8, 0xd, 0xd1,
    0x9, 0xfa, 0x0, 0xe7, 0x6e, 0x89, 0x90, 0x2,
    0xa0, 0x0, 0x0, 0x0, 0x0, 0x0, 0x0, 0x0,
    0x0, 0x0,

    /* U+6536 "收" */
    0x0, 0x0, 0x0, 0x0, 0x1, 0x20, 0x0, 0x0,
    0x0, 0x0, 0x0, 0xf9, 0x0, 0xaf, 0x20, 0x0,
    0x0, 0x2, 0x10, 0xf, 0x90, 0xe, 0xf0, 0x0,
    0x0, 0x1, 0xf8, 0x0, 0xf9, 0x1, 0xfb, 0x0,
    0x0, 0x0, 0x1f, 0x80, 0xf, 0x90, 0x5f, 0xda,
    0xaa, 0xaa, 0x41, 0xf8, 0x0, 0xf9, 0xa, 0xff,
    0xff, 0xff, 0xf5, 0x1f, 0x80, 0xf, 0x92, 0xff,
    0x0, 0x9, 0xf0, 0x1, 0xf8, 0x0, 0xf9, 0xaf,
    0xf5, 0x0, 0xdc, 0x0, 0x1f, 0x80, 0xf, 0xcf,
    0xcd, 0xa0, 0x1f, 0x80, 0x1, 0xf8, 0x0, 0xf9,
    0x82, 0x6f, 0x17, 0xf4, 0x0, 0x1f, 0x80, 0x1f,
    0x90, 0x0, 0xe9, 0xdd, 0x0, 0x2, 0xfc, 0xbf,
    0xf9, 0x0, 0x7, 0xff, 0x50, 0x0, 0x8f, 0xfe,
    0x9f, 0x90, 0x0, 0x2f, 0xf0, 0x0, 0x4, 0xb4,
    0x0, 0xf9, 0x0, 0x1d, 0xff, 0xb0, 0x0, 0x0,
    0x0, 0xf, 0x90, 0x3d, 0xf5, 0x8f, 0xb1, 0x0,
    0x0, 0x0, 0xf9, 0x9f, 0xf5, 0x0, 0x8f, 0xf3,
    0x0, 0x0, 0xf, 0x96, 0xb2, 0x0, 0x0, 0x4a,
    0x0, 0x0, 0x0, 0x0, 0x0, 0x0, 0x0, 0x0,
    0x0,

    /* U+6570 "数" */
    0x1, 0x60, 0x7f, 0x4, 0x60, 0xc, 0x70, 0x0,
    0x0, 0x2, 0xf5, 0x7f, 0xd, 0xc0, 0x2f, 0x70,
    0x0, 0x0, 0x0, 0xb9, 0x7f, 0x4e, 0x20, 0x5f,
    0x40, 0x0, 0x0, 0xb, 0xcb, 0xdf, 0xbc, 0xb6,
    0x8f, 0xa9, 0x99, 0x90, 0x9, 0x9b, 0xff, 0xe9,
    0x95, 0xcf, 0xff, 0xff, 0xf0, 0x0, 0x1d, 0xff,
    0xec, 0x22, 0xff, 0x0, 0xcc, 0x0, 0x6, 0xed,
    0x9f, 0x2c, 0xc8, 0xff, 0x40, 0xf8, 0x0, 0x1e,
    0xa1, 0x6d, 0x0, 0x3f, 0xbf, 0x82, 0xf5, 0x0,
    0x1, 0x2, 0xd4, 0x0, 0x2c, 0x2a, 0xd7, 0xf1,
    0x0, 0xa, 0xff, 0xff, 0xff, 0xc0, 0x5, 0xfe,
    0xb0, 0x0, 0x4, 0x8f, 0xa6, 0x7f, 0x80, 0x0,
    0xff, 0x50, 0x0, 0x0, 0xbf, 0x20, 0xaf, 0x10,
    0x0, 0xdf, 0x20, 0x0, 0x0, 0x8e, 0xfb, 0xf6,
    0x0, 0x9, 0xff, 0xc0, 0x0, 0x0, 0x2, 0xef,
    0xf7, 0x0, 0x8f, 0x96, 0xfa, 0x0, 0x4, 0x9f,
    0xe6, 0x9d, 0x3c, 0xfa, 0x0, 0xaf, 0xc1, 0xe,
    0xe8, 0x10, 0x0, 0x9f, 0x70, 0x0, 0x8, 0xd1,
    0x1, 0x0, 0x0, 0x0, 0x12, 0x0, 0x0, 0x0,
    0x0,

    /* U+6574 "整" */
    0x0, 0x0, 0x8f, 0x0, 0x0, 0xc, 0x80, 0x0,
    0x0, 0xe, 0xff, 0xff, 0xff, 0xf3, 0x4f, 0x81,
    0x11, 0x10, 0x3, 0x44, 0xaf, 0x44, 0x40, 0xbf,
    0xff, 0xff, 0xf0, 0x6, 0xff, 0xff, 0xff, 0xd8,
    0xfe, 0x32, 0xec, 0x20, 0x6, 0xe0, 0x8f, 0x8,
    0xee, 0xcf, 0x86, 0xf5, 0x0, 0x6, 0xff, 0xff,
    0xff, 0xd2, 0x6, 0xfe, 0xc0, 0x0, 0x0, 0x19,
    0xff, 0xd8, 0x10, 0x2, 0xff, 0x70, 0x0, 0x2,
    0xbf, 0xbf, 0x5e, 0x91, 0x7f, 0xec, 0xfa, 0x30,
    0xe, 0xd3, 0x8f, 0x1, 0x2c, 0xfa, 0x10, 0x7f,
    0xe1, 0x2, 0x66, 0x89, 0x66, 0x68, 0x86, 0x66,
    0x67, 0x30, 0x0, 0xef, 0xff, 0xff, 0xff, 0xff,
    0xff, 0xff, 0x0, 0x0, 0x1, 0x31, 0x0, 0xdc,
    0x0, 0x0, 0x0, 0x0, 0x0, 0x4, 0xf4, 0x0,
    0xdf, 0xff, 0xff, 0xa0, 0x0, 0x0, 0x4, 0xf4,
    0x0, 0xdd, 0x55, 0x55, 0x30, 0x0, 0x6, 0x69,
    0xf9, 0x66, 0xee, 0x66, 0x66, 0x66, 0x60, 0x1f,
    0xff, 0xff, 0xff, 0xff, 0xff, 0xff, 0xff, 0xf1,

    /* U+65B0 "新" */
    0x0, 0x0, 0x0, 0x0, 0x0, 0x0, 0x0, 0x0,
    0x0, 0x0, 0x0, 0xea, 0x0, 0x0, 0x0, 0x2,
    0x7a, 0x10, 0x3, 0x44, 0xbf, 0x54, 0x40, 0x7b,
    0xef, 0xfc, 0x50, 0xc, 0xff, 0xff, 0xff, 0xf2,
    0xfd, 0x85, 0x10, 0x0, 0x1, 0x8b, 0x11, 0x8c,
    0x30, 0xf9, 0x0, 0x0, 0x0, 0x0, 0x7f, 0x0,
    0xcd, 0x0, 0xf9, 0x0, 0x0, 0x0, 0x2, 0x5e,
    0x53, 0xf9, 0x21, 0xf9, 0x0, 0x0, 0x0, 0x1f,
    0xff, 0xff, 0xff, 0xf6, 0xff, 0xff, 0xff, 0xf3,
    0x3, 0x33, 0xaf, 0x33, 0x31, 0xfc, 0x78, 0xfc,
    0x71, 0x3, 0x33, 0xaf, 0x33, 0x31, 0xf8, 0x1,
    0xf8, 0x0, 0xf, 0xff, 0xff, 0xff, 0xf4, 0xf7,
    0x1, 0xf8, 0x0, 0x3, 0x43, 0xaf, 0x35, 0x33,
    0xf5, 0x1, 0xf8, 0x0, 0x0, 0xe8, 0x8f, 0x4f,
    0x24, 0xf4, 0x1, 0xf8, 0x0, 0x6, 0xf2, 0x8f,
    0xc, 0xb7, 0xf2, 0x1, 0xf8, 0x0, 0xe, 0x80,
    0x8f, 0x4, 0xbc, 0xd0, 0x1, 0xf8, 0x0, 0x2,
    0x6, 0xbf, 0x0, 0x3f, 0x80, 0x1, 0xf8, 0x0,
    0x0, 0xc, 0xf9, 0x0, 0x2b, 0x0, 0x1, 0xf8,
    0x0, 0x0, 0x0, 0x0, 0x0, 0x0, 0x0, 0x0,
    0x0, 0x0,

    /* U+65E0 "无" */
    0x0, 0xef, 0xff, 0xff, 0xff, 0xff, 0xff, 0xff,
    0x10, 0x0, 0x9a, 0xaa, 0xab, 0xfd, 0xaa, 0xaa,
    0xaa, 0x0, 0x0, 0x0, 0x0, 0x3, 0xf7, 0x0,
    0x0, 0x0, 0x0, 0x0, 0x0, 0x0, 0x4, 0xf6,
    0x0, 0x0, 0x0, 0x0, 0x0, 0x0, 0x0, 0x6,
    0xf5, 0x0, 0x0, 0x0, 0x0, 0xa, 0xaa, 0xaa,
    0xad, 0xfc, 0xaa, 0xaa, 0xaa, 0xa1, 0xf, 0xff,
    0xff, 0xff, 0xff, 0xff, 0xff, 0xff, 0xf1, 0x0,
    0x0, 0x0, 0xe, 0xcd, 0xe0, 0x0, 0x0, 0x0,
    0x0, 0x0, 0x0, 0x4f, 0x7d, 0xe0, 0x0, 0x0,
    0x0, 0x0, 0x0, 0x0, 0xcf, 0x2d, 0xe0, 0x0,
    0x0, 0x0, 0x0, 0x0, 0x6, 0xf9, 0xd, 0xe0,
    0x0, 0x1, 0x0, 0x0, 0x0, 0x5f, 0xe1, 0xd,
    0xe0, 0x0, 0x6, 0xf2, 0x0, 0x7, 0xfe, 0x30,
    0xd, 0xe0, 0x0, 0x8, 0xf1, 0x5, 0xdf, 0xe3,
    0x0, 0xc, 0xfb, 0x99, 0xaf, 0xe0, 0xd, 0xf8,
    0x0, 0x0, 0x4, 0xdf, 0xff, 0xfe, 0x40, 0x2,
    0x10, 0x0, 0x0, 0x0, 0x0, 0x0, 0x0, 0x0,

    /* U+65F6 "时" */
    0x0, 0x0, 0x0, 0x0, 0x0, 0x0, 0x9f, 0x10,
    0x5, 0xaa, 0xaa, 0xa0, 0x0, 0x0, 0x9, 0xf1,
    0x0, 0x8f, 0xdd, 0xef, 0x10, 0x0, 0x0, 0x9f,
    0x10, 0x8, 0xf0, 0x7, 0xf3, 0xaa, 0xaa, 0xad,
    0xfa, 0xa0, 0x8f, 0x0, 0x7f, 0x4f, 0xff, 0xff,
    0xff, 0xff, 0x18, 0xf0, 0x7, 0xf1, 0x0, 0x0,
    0xa, 0xf1, 0x0, 0x8f, 0x88, 0xcf, 0x11, 0x60,
    0x0, 0x9f, 0x10, 0x8, 0xff, 0xff, 0xf1, 0x7f,
    0x60, 0x9, 0xf1, 0x0, 0x8f, 0x0, 0x7f, 0x10,
    0xcf, 0x20, 0x9f, 0x10, 0x8, 0xf0, 0x7, 0xf1,
    0x2, 0xfc, 0x9, 0xf1, 0x0, 0x8f, 0x0, 0x7f,
    0x10, 0x9, 0xd2, 0x9f, 0x10, 0x8, 0xf7, 0x7b,
    0xf1, 0x0, 0x0, 0x9, 0xf1, 0x0, 0x8f, 0xff,
    0xff, 0x10, 0x0, 0x0, 0x9f, 0x10, 0x8, 0xf0,
    0x0, 0x0, 0x0, 0x0, 0xa, 0xf1, 0x0, 0x48,
    0x0, 0x0, 0x0, 0xa, 0xaa, 0xef, 0x0, 0x0,
    0x0, 0x0, 0x0, 0x0, 0xbf, 0xfc, 0x60, 0x0,
    0x0, 0x0, 0x0, 0x0, 0x0, 0x0, 0x0, 0x0,
    0x0,

    /* U+663E "显" */
    0x0, 0xc, 0xff, 0xff, 0xff, 0xff, 0xff, 0xf2,
    0x0, 0x0, 0xc, 0xe4, 0x44, 0x44, 0x44, 0x4b,
    0xf2, 0x0, 0x0, 0xc, 0xe4, 0x44, 0x44, 0x44,
    0x4b, 0xf2, 0x0, 0x0, 0xc, 0xff, 0xff, 0xff,
    0xff, 0xff, 0xf2, 0x0, 0x0, 0xc, 0xd0, 0x0,
    0x0, 0x0, 0x8, 0xf2, 0x0, 0x0, 0xc, 0xe5,
    0x55, 0x55, 0x55, 0x5b, 0xf2, 0x0, 0x0, 0xb,
    0xff, 0xff, 0xff, 0xff, 0xff, 0xf2, 0x0, 0x0,
    0x0, 0x0, 0x68, 0x0, 0x68, 0x0, 0x0, 0x0,
    0x0, 0x5c, 0x0, 0xae, 0x0, 0xae, 0x0, 0x9b,
    0x0, 0x0, 0x2f, 0x70, 0xae, 0x0, 0xae, 0x3,
    0xf9, 0x0, 0x0, 0x9, 0xf1, 0xae, 0x0, 0xae,
    0xd, 0xd0, 0x0, 0x0, 0x2, 0xe4, 0xae, 0x0,
    0xae, 0x3e, 0x30, 0x0, 0x0, 0x0, 0x0, 0xae,
    0x0, 0xae, 0x0, 0x0, 0x0, 0x1f, 0xff, 0xff,
    0xff, 0xff, 0xff, 0xff, 0xff, 0xf6, 0x9, 0x99,
    0x99, 0x99, 0x99, 0x99, 0x99, 0x99, 0x94,

    /* U+6682 "暂" */
    0x0, 0x0, 0x0, 0x0, 0x0, 0x0, 0x0, 0x0,
    0x0, 0x3, 0xf8, 0x0, 0x0, 0x1, 0x36, 0x9c,
    0x20, 0xff, 0xff, 0xff, 0xff, 0x5d, 0xff, 0xfd,
    0x93, 0x4, 0x9f, 0x75, 0x54, 0x41, 0xda, 0x10,
    0x0, 0x0, 0x2f, 0x90, 0xdb, 0x0, 0xd, 0xa1,
    0x11, 0x11, 0xb, 0xff, 0xff, 0xff, 0xf6, 0xef,
    0xff, 0xff, 0xf1, 0x36, 0x55, 0xec, 0x55, 0x2f,
    0x92, 0x8f, 0x42, 0x1, 0x24, 0x5e, 0xe9, 0xb5,
    0xf4, 0x6, 0xf1, 0x0, 0xef, 0xff, 0xfe, 0x98,
    0xaf, 0x10, 0x6f, 0x10, 0x3, 0x20, 0xd, 0xb0,
    0xd, 0x80, 0x6, 0xf1, 0x0, 0x0, 0x45, 0x98,
    0x55, 0x66, 0x55, 0x79, 0x0, 0x0, 0xd, 0xff,
    0xff, 0xff, 0xff, 0xff, 0xf0, 0x0, 0x0, 0xdb,
    0x0, 0x0, 0x0, 0x0, 0xbf, 0x0, 0x0, 0xd,
    0xff, 0xff, 0xff, 0xff, 0xff, 0xf0, 0x0, 0x0,
    0xdc, 0x33, 0x33, 0x33, 0x33, 0xcf, 0x0, 0x0,
    0xd, 0xc5, 0x55, 0x55, 0x55, 0x5c, 0xf0, 0x0,
    0x0, 0xdf, 0xff, 0xff, 0xff, 0xff, 0xfe, 0x0,
    0x0,

    /* U+66F4 "更" */
    0xa, 0xff, 0xff, 0xff, 0xff, 0xff, 0xff, 0xff,
    0xe0, 0x5, 0x88, 0x88, 0x88, 0xcf, 0x98, 0x88,
    0x88, 0x70, 0x0, 0x6, 0x66, 0x66, 0xcf, 0x76,
    0x66, 0x64, 0x0, 0x0, 0x1f, 0xff, 0xff, 0xff,
    0xff, 0xff, 0xfc, 0x0, 0x0, 0x1f, 0x80, 0x0,
    0x9f, 0x10, 0x0, 0xdc, 0x0, 0x0, 0x1f, 0xa5,
    0x55, 0xbf, 0x65, 0x55, 0xec, 0x0, 0x0, 0x1f,
    0xff, 0xff, 0xff, 0xff, 0xff, 0xfc, 0x0, 0x0,
    0x1f, 0x80, 0x0, 0x9f, 0x10, 0x0, 0xdc, 0x0,
    0x0, 0x1f, 0xb7, 0x77, 0xcf, 0x87, 0x77, 0xec,
    0x0, 0x0, 0x1e, 0xee, 0xee, 0xff, 0xee, 0xee,
    0xeb, 0x0, 0x0, 0x4, 0xe7, 0x2, 0xfa, 0x0,
    0x0, 0x0, 0x0, 0x0, 0x0, 0x9f, 0x9d, 0xf2,
    0x0, 0x0, 0x0, 0x0, 0x0, 0x0, 0x2d, 0xff,
    0xc4, 0x10, 0x0, 0x0, 0x0, 0x5, 0x9d, 0xff,
    0xa9, 0xef, 0xfe, 0xcb, 0xa9, 0x93, 0x7, 0xfc,
    0x82, 0x0, 0x4, 0x7a, 0xce, 0xff, 0xf1, 0x0,
    0x10, 0x0, 0x0, 0x0, 0x0, 0x0, 0x0, 0x0,

    /* U+6709 "有" */
    0x0, 0x0, 0x0, 0x1, 0x0, 0x0, 0x0, 0x0,
    0x0, 0x0, 0x0, 0x5, 0xf6, 0x0, 0x0, 0x0,
    0x0, 0x0, 0x0, 0x0, 0xaf, 0x20, 0x0, 0x0,
    0x0, 0x0, 0xcf, 0xff, 0xff, 0xff, 0xff, 0xff,
    0xff, 0xfe, 0x7, 0x99, 0x9e, 0xfb, 0x99, 0x99,
    0x99, 0x99, 0x90, 0x0, 0x2, 0xfd, 0x0, 0x0,
    0x0, 0x0, 0x0, 0x0, 0x0, 0xbf, 0xb7, 0x77,
    0x77, 0x77, 0x60, 0x0, 0x0, 0x6f, 0xff, 0xff,
    0xff, 0xff, 0xfd, 0x0, 0x0, 0x5f, 0xff, 0x20,
    0x0, 0x0, 0xc, 0xd0, 0x0, 0x5f, 0xfb, 0xf8,
    0x77, 0x77, 0x77, 0xed, 0x0, 0x1f, 0xe3, 0x7f,
    0xff, 0xff, 0xff, 0xff, 0xd0, 0x0, 0x42, 0x7,
    0xf2, 0x0, 0x0, 0x0, 0xcd, 0x0, 0x0, 0x0,
    0x7f, 0x86, 0x66, 0x66, 0x6e, 0xd0, 0x0, 0x0,
    0x7, 0xff, 0xff, 0xff, 0xff, 0xfd, 0x0, 0x0,
    0x0, 0x7f, 0x20, 0x0, 0x0, 0xc, 0xd0, 0x0,
    0x0, 0x7, 0xf2, 0x0, 0x5, 0x99, 0xfc, 0x0,
    0x0, 0x0, 0x7f, 0x20, 0x0, 0x4f, 0xfd, 0x40,
    0x0,

    /* U+670D "服" */
    0x0, 0xff, 0xff, 0xf7, 0x7f, 0xff, 0xff, 0xff,
    0x80, 0x0, 0xfc, 0x89, 0xf7, 0x7f, 0xa9, 0x99,
    0xaf, 0x80, 0x0, 0xf7, 0x1, 0xf7, 0x7f, 0x10,
    0x0, 0x1f, 0x80, 0x0, 0xfc, 0x88, 0xf7, 0x7f,
    0x10, 0x8c, 0xdf, 0x60, 0x0, 0xff, 0xff, 0xf7,
    0x7f, 0x10, 0x38, 0x75, 0x0, 0x0, 0xf8, 0x1,
    0xf7, 0x7f, 0x76, 0x66, 0x66, 0x50, 0x0, 0xf7,
    0x1, 0xf7, 0x7f, 0xff, 0xff, 0xff, 0xd0, 0x1,
    0xf7, 0x1, 0xf7, 0x7f, 0xaf, 0x54, 0x4e, 0x90,
    0x2, 0xff, 0xff, 0xf7, 0x7f, 0x2f, 0x60, 0x5f,
    0x40, 0x3, 0xfb, 0x89, 0xf7, 0x7f, 0x1a, 0xe0,
    0xce, 0x0, 0x4, 0xf3, 0x1, 0xf7, 0x7f, 0x11,
    0xfc, 0xf6, 0x0, 0x7, 0xf1, 0x1, 0xf7, 0x7f,
    0x10, 0x7f, 0xe0, 0x0, 0xa, 0xe0, 0x1, 0xf7,
    0x7f, 0x12, 0xef, 0xf8, 0x0, 0x1f, 0x90, 0x9a,
    0xf6, 0x7f, 0x9f, 0xc2, 0x7f, 0xd3, 0x1b, 0x30,
    0xdf, 0xc1, 0x7f, 0x59, 0x0, 0x4, 0xc1, 0x0,
    0x0, 0x0, 0x0, 0x0, 0x0, 0x0, 0x0, 0x0,

    /* U+672A "未" */
    0x0, 0x0, 0x0, 0x0, 0xed, 0x0, 0x0, 0x0,
    0x0, 0x0, 0x0, 0x0, 0x0, 0xed, 0x0, 0x0,
    0x0, 0x0, 0x0, 0x0, 0x0, 0x0, 0xed, 0x0,
    0x0, 0x0, 0x0, 0x0, 0x8f, 0xff, 0xff, 0xff,
    0xff, 0xff, 0xfa, 0x0, 0x0, 0x59, 0x99, 0x99,
    0xff, 0x99, 0x99, 0x96, 0x0, 0x0, 0x0, 0x0,
    0x0, 0xed, 0x0, 0x0, 0x0, 0x0, 0x0, 0x0,
    0x0, 0x0, 0xed, 0x0, 0x0, 0x0, 0x0, 0xd,
    0xff, 0xff, 0xff, 0xff, 0xff, 0xff, 0xff, 0xe0,
    0x9, 0xbb, 0xbb, 0xbf, 0xff, 0xfb, 0xbb, 0xbb,
    0xa0, 0x0, 0x0, 0x0, 0x7f, 0xff, 0xf6, 0x0,
    0x0, 0x0, 0x0, 0x0, 0x7, 0xfa, 0xed, 0xaf,
    0x60, 0x0, 0x0, 0x0, 0x0, 0x9f, 0xa0, 0xed,
    0xa, 0xf8, 0x0, 0x0, 0x0, 0x3d, 0xfa, 0x0,
    0xed, 0x0, 0xaf, 0xc2, 0x0, 0x1a, 0xff, 0x70,
    0x0, 0xed, 0x0, 0x8, 0xff, 0xa1, 0xb, 0xc3,
    0x0, 0x0, 0xed, 0x0, 0x0, 0x3c, 0xb0, 0x0,
    0x0, 0x0, 0x0, 0xed, 0x0, 0x0, 0x0, 0x0,

    /* U+672C "本" */
    0x0, 0x0, 0x0, 0x0, 0xde, 0x0, 0x0, 0x0,
    0x0, 0x0, 0x0, 0x0, 0x0, 0xde, 0x0, 0x0,
    0x0, 0x0, 0x0, 0x0, 0x0, 0x0, 0xde, 0x0,
    0x0, 0x0, 0x0, 0x7, 0xaa, 0xaa, 0xaa, 0xff,
    0xaa, 0xaa, 0xaa, 0x90, 0xb, 0xff, 0xff, 0xff,
    0xff, 0xff, 0xff, 0xff, 0xe0, 0x0, 0x0, 0x1,
    0xeb, 0xdf, 0xaf, 0x20, 0x0, 0x0, 0x0, 0x0,
    0x7, 0xf4, 0xde, 0x2f, 0x80, 0x0, 0x0, 0x0,
    0x0, 0x1e, 0xc0, 0xde, 0xb, 0xf2, 0x0, 0x0,
    0x0, 0x0, 0xbf, 0x40, 0xde, 0x3, 0xfc, 0x0,
    0x0, 0x0, 0x7, 0xf9, 0x0, 0xde, 0x0, 0x8f,
    0xa0, 0x0, 0x0, 0x5f, 0xd0, 0x0, 0xde, 0x0,
    0xc, 0xf9, 0x0, 0x7, 0xfe, 0xaa, 0xaa, 0xff,
    0xaa, 0xab, 0xef, 0xb1, 0x1d, 0xe2, 0xcf, 0xff,
    0xff, 0xff, 0xfe, 0x1d, 0xd1, 0x1, 0x10, 0x0,
    0x0, 0xdf, 0x0, 0x0, 0x0, 0x10, 0x0, 0x0,
    0x0, 0x0, 0xde, 0x0, 0x0, 0x0, 0x0, 0x0,
    0x0, 0x0, 0x0, 0xde, 0x0, 0x0, 0x0, 0x0,

    /* U+6761 "条" */
    0x0, 0x0, 0x0, 0x0, 0x0, 0x0, 0x0, 0x0,
    0x0, 0x0, 0x0, 0x0, 0x8f, 0x60, 0x0, 0x0,
    0x0, 0x0, 0x0, 0x0, 0x5, 0xff, 0x87, 0x77,
    0x76, 0x0, 0x0, 0x0, 0x0, 0x6f, 0xfe, 0xee,
    0xef, 0xff, 0x30, 0x0, 0x0, 0x1a, 0xff, 0xf4,
    0x0, 0xa, 0xf6, 0x0, 0x0, 0x2, 0xff, 0x71,
    0xaf, 0x94, 0xdf, 0x60, 0x0, 0x0, 0x0, 0x42,
    0x0, 0xb, 0xff, 0xf6, 0x0, 0x0, 0x0, 0x0,
    0x2, 0x5a, 0xff, 0xda, 0xff, 0xe9, 0x52, 0x0,
    0xc, 0xff, 0xff, 0xb4, 0x35, 0x16, 0xdf, 0xff,
    0xf4, 0x8, 0xc9, 0x51, 0x0, 0xaf, 0x0, 0x1,
    0x58, 0x90, 0x0, 0x3, 0x33, 0x33, 0xbf, 0x43,
    0x33, 0x32, 0x0, 0x0, 0x1f, 0xff, 0xff, 0xff,
    0xff, 0xff, 0xf9, 0x0, 0x0, 0x2, 0x37, 0x32,
    0xbf, 0x32, 0x53, 0x21, 0x0, 0x0, 0x0, 0x9f,
    0x60, 0xaf, 0x3, 0xfb, 0x0, 0x0, 0x0, 0x2c,
    0xf7, 0x0, 0xaf, 0x0, 0x5f, 0xd1, 0x0, 0x0,
    0xde, 0x40, 0x37, 0xdf, 0x0, 0x4, 0xfc, 0x0,
    0x0, 0x11, 0x0, 0x3f, 0xe9, 0x0, 0x0, 0x31,
    0x0,

    /* U+6765 "来" */
    0x0, 0x0, 0x0, 0x0, 0xed, 0x0, 0x0, 0x0,
    0x0, 0x0, 0x0, 0x0, 0x0, 0xee, 0x0, 0x0,
    0x0, 0x0, 0x1, 0xff, 0xff, 0xff, 0xff, 0xff,
    0xff, 0xff, 0x30, 0x0, 0x88, 0x98, 0x88, 0xff,
    0x88, 0x8a, 0x98, 0x20, 0x0, 0x7, 0xf2, 0x0,
    0xed, 0x0, 0xe, 0xd0, 0x0, 0x0, 0x2, 0xfa,
    0x0, 0xed, 0x0, 0x5f, 0x80, 0x0, 0x0, 0x0,
    0xbf, 0x10, 0xed, 0x0, 0xde, 0x10, 0x0, 0x0,
    0x0, 0x6a, 0x20, 0xee, 0x2, 0xb6, 0x0, 0x0,
    0xe, 0xff, 0xff, 0xff, 0xff, 0xff, 0xff, 0xff,
    0xf0, 0x8, 0x88, 0x88, 0xaf, 0xff, 0xfa, 0x88,
    0x88, 0x80, 0x0, 0x0, 0x1, 0xce, 0xff, 0xec,
    0x10, 0x0, 0x0, 0x0, 0x0, 0x2d, 0xe2, 0xed,
    0x2e, 0xd2, 0x0, 0x0, 0x0, 0x6, 0xfe, 0x20,
    0xed, 0x2, 0xef, 0x60, 0x0, 0x5, 0xcf, 0xc1,
    0x0, 0xed, 0x0, 0x1c, 0xfc, 0x40, 0x1e, 0xe7,
    0x0, 0x0, 0xed, 0x0, 0x0, 0x7f, 0xe1, 0x1,
    0x10, 0x0, 0x0, 0xed, 0x0, 0x0, 0x1, 0x20,

    /* U+67E5 "查" */
    0x0, 0x0, 0x0, 0x0, 0xec, 0x0, 0x0, 0x0,
    0x0, 0x0, 0x0, 0x0, 0x0, 0xec, 0x0, 0x0,
    0x0, 0x0, 0xe, 0xff, 0xff, 0xff, 0xff, 0xff,
    0xff, 0xff, 0xe0, 0x7, 0x77, 0x78, 0xef, 0xff,
    0xfe, 0x87, 0x77, 0x70, 0x0, 0x0, 0xb, 0xf7,
    0xec, 0x9f, 0xa0, 0x0, 0x0, 0x0, 0x2, 0xdf,
    0x80, 0xec, 0x9, 0xfd, 0x30, 0x0, 0x2, 0xaf,
    0xf6, 0x0, 0xec, 0x0, 0x6f, 0xfb, 0x40, 0x1f,
    0xfc, 0x63, 0x33, 0x55, 0x33, 0x35, 0xbf, 0xe1,
    0x5, 0x41, 0xff, 0xee, 0xee, 0xee, 0xff, 0x3,
    0x30, 0x0, 0x1, 0xf9, 0x11, 0x11, 0x11, 0xbf,
    0x0, 0x0, 0x0, 0x1, 0xff, 0xff, 0xff, 0xff,
    0xff, 0x0, 0x0, 0x0, 0x1, 0xf9, 0x0, 0x0,
    0x0, 0xbf, 0x0, 0x0, 0x0, 0x1, 0xff, 0xff,
    0xff, 0xff, 0xff, 0x0, 0x0, 0x0, 0x0, 0x33,
    0x33, 0x33, 0x33, 0x33, 0x0, 0x0, 0x5, 0x88,
    0x88, 0x88, 0x88, 0x88, 0x88, 0x88, 0x60, 0xa,
    0xff, 0xff, 0xff, 0xff, 0xff, 0xff, 0xff, 0xb0,

    /* U+6807 "标" */
    0x0, 0x9, 0xf1, 0x0, 0x0, 0x0, 0x0, 0x0,
    0x0, 0x0, 0x9, 0xf1, 0x0, 0xaf, 0xff, 0xff,
    0xff, 0x10, 0x0, 0x9, 0xf1, 0x0, 0x69, 0x99,
    0x99, 0x99, 0x10, 0x18, 0x8c, 0xf8, 0x82, 0x0,
    0x0, 0x0, 0x0, 0x0, 0x2f, 0xff, 0xff, 0xf4,
    0x0, 0x0, 0x0, 0x0, 0x0, 0x1, 0x3f, 0xf4,
    0x15, 0x99, 0x99, 0x99, 0x99, 0x90, 0x0, 0x6f,
    0xfd, 0x7, 0xff, 0xff, 0xff, 0xff, 0xf1, 0x0,
    0xcf, 0xfe, 0xb0, 0x0, 0xc, 0xe0, 0x0, 0x0,
    0x2, 0xfd, 0xf4, 0xf4, 0x11, 0xc, 0xe0, 0x11,
    0x0, 0xb, 0xd9, 0xf1, 0x50, 0xbe, 0xc, 0xe0,
    0xf9, 0x0, 0x5f, 0x69, 0xf1, 0x0, 0xf9, 0xc,
    0xe0, 0x9f, 0x10, 0x3c, 0x9, 0xf1, 0x6, 0xf3,
    0xc, 0xe0, 0x3f, 0x60, 0x1, 0x9, 0xf1, 0x1e,
    0xc0, 0xc, 0xe0, 0xe, 0xb0, 0x0, 0x9, 0xf1,
    0x6f, 0x30, 0xc, 0xe0, 0x9, 0xf1, 0x0, 0x9,
    0xf1, 0x3, 0x9, 0xbf, 0xd0, 0x2, 0x20, 0x0,
    0x9, 0xf1, 0x0, 0xa, 0xfd, 0x50, 0x0, 0x0,
    0x0, 0x0, 0x0, 0x0, 0x0, 0x0, 0x0, 0x0,
    0x0,

    /* U+68C0 "检" */
    0x0, 0x0, 0x0, 0x0, 0x0, 0x0, 0x0, 0x0,
    0x0, 0x0, 0xe, 0x90, 0x0, 0x0, 0x6f, 0x30,
    0x0, 0x0, 0x0, 0xe, 0x90, 0x0, 0x1, 0xef,
    0x80, 0x0, 0x0, 0x0, 0xe, 0x90, 0x0, 0xc,
    0xfa, 0xf8, 0x0, 0x0, 0x1a, 0xaf, 0xda, 0x20,
    0xaf, 0x40, 0x9f, 0x80, 0x0, 0x1e, 0xef, 0xfe,
    0x4b, 0xf7, 0x0, 0x9, 0xfc, 0x20, 0x0, 0x3f,
    0xa2, 0xdf, 0xd7, 0x77, 0x77, 0xcf, 0xf1, 0x0,
    0x8f, 0xf6, 0xe6, 0x9f, 0xff, 0xff, 0x65, 0xa0,
    0x0, 0xcf, 0xfd, 0x10, 0x0, 0x0, 0x0, 0x0,
    0x0, 0x2, 0xff, 0xaf, 0x55, 0x30, 0x5b, 0x0,
    0x5b, 0x10, 0x9, 0xce, 0x95, 0xb, 0xb0, 0x4f,
    0x10, 0xbc, 0x0, 0x2f, 0x6e, 0x90, 0x6, 0xf0,
    0x1f, 0x41, 0xf6, 0x0, 0x2e, 0xe, 0x90, 0x2,
    0xf4, 0xf, 0x78, 0xe0, 0x0, 0x2, 0xe, 0x90,
    0x0, 0xc4, 0x4, 0x2e, 0x60, 0x0, 0x0, 0xe,
    0x90, 0x0, 0x0, 0x0, 0x7e, 0x0, 0x0, 0x0,
    0xe, 0x90, 0xef, 0xff, 0xff, 0xff, 0xff, 0xa0,
    0x0, 0xe, 0x90, 0x78, 0x88, 0x88, 0x88, 0x88,
    0x50,

    /* U+6B21 "次" */
    0x0, 0x0, 0x0, 0x1, 0xe9, 0x0, 0x0, 0x0,
    0x0, 0x3, 0x70, 0x0, 0x5, 0xf8, 0x0, 0x0,
    0x0, 0x0, 0xb, 0xfd, 0x30, 0xa, 0xf5, 0x0,
    0x0, 0x1, 0x0, 0x0, 0x6f, 0xf4, 0xe, 0xff,
    0xff, 0xff, 0xff, 0x80, 0x0, 0x3, 0xb0, 0x4f,
    0xd9, 0x99, 0x99, 0xbf, 0x80, 0x0, 0x0, 0x0,
    0xbf, 0x30, 0x99, 0x0, 0x8f, 0x30, 0x0, 0x0,
    0x5, 0xfc, 0x0, 0xed, 0x0, 0xed, 0x0, 0x0,
    0x0, 0x9, 0xf3, 0x0, 0xfd, 0x4, 0xf6, 0x0,
    0x0, 0x0, 0x80, 0x20, 0x1, 0xff, 0x10, 0x50,
    0x0, 0x0, 0x7, 0xf8, 0x0, 0x6, 0xff, 0x60,
    0x0, 0x0, 0x0, 0x1f, 0xe1, 0x0, 0xb, 0xff,
    0xc0, 0x0, 0x0, 0x0, 0xbf, 0x60, 0x0, 0x3f,
    0xe7, 0xf5, 0x0, 0x0, 0x6, 0xfc, 0x0, 0x1,
    0xdf, 0x60, 0xee, 0x10, 0x0, 0x1f, 0xf2, 0x0,
    0x1c, 0xfa, 0x0, 0x5f, 0xd1, 0x0, 0x3, 0x60,
    0x5, 0xef, 0xb0, 0x0, 0x8, 0xff, 0x80, 0x0,
    0x0, 0x4f, 0xf8, 0x0, 0x0, 0x0, 0x6f, 0xd0,
    0x0, 0x0, 0x6, 0x20, 0x0, 0x0, 0x0, 0x1,
    0x20,

    /* U+6B63 "正" */
    0x6, 0xff, 0xff, 0xff, 0xff, 0xff, 0xff, 0xff,
    0x70, 0x4, 0xaa, 0xaa, 0xaa, 0xcf, 0xca, 0xaa,
    0xaa, 0x50, 0x0, 0x0, 0x0, 0x0, 0x6f, 0x50,
    0x0, 0x0, 0x0, 0x0, 0x0, 0x0, 0x0, 0x6f,
    0x50, 0x0, 0x0, 0x0, 0x0, 0x1, 0x20, 0x0,
    0x6f, 0x50, 0x0, 0x0, 0x0, 0x0, 0xb, 0xf0,
    0x0, 0x6f, 0x50, 0x0, 0x0, 0x0, 0x0, 0xb,
    0xf0, 0x0, 0x6f, 0xca, 0xaa, 0xa7, 0x0, 0x0,
    0xb, 0xf0, 0x0, 0x6f, 0xff, 0xff, 0xfb, 0x0,
    0x0, 0xb, 0xf0, 0x0, 0x6f, 0x50, 0x0, 0x0,
    0x0, 0x0, 0xb, 0xf0, 0x0, 0x6f, 0x50, 0x0,
    0x0, 0x0, 0x0, 0xb, 0xf0, 0x0, 0x6f, 0x50,
    0x0, 0x0, 0x0, 0x0, 0xb, 0xf0, 0x0, 0x6f,
    0x50, 0x0, 0x0, 0x0, 0x0, 0xb, 0xf0, 0x0,
    0x6f, 0x50, 0x0, 0x0, 0x0, 0xf, 0xff, 0xff,
    0xff, 0xff, 0xff, 0xff, 0xff, 0xf0, 0xa, 0xaa,
    0xaa, 0xaa, 0xaa, 0xaa, 0xaa, 0xaa, 0xa0,

    /* U+6C34 "水" */
    0x0, 0x0, 0x0, 0x0, 0xde, 0x0, 0x0, 0x0,
    0x0, 0x0, 0x0, 0x0, 0x0, 0xde, 0x0, 0x0,
    0x0, 0x0, 0x0, 0x0, 0x0, 0x0, 0xde, 0x0,
    0x0, 0x0, 0x0, 0x0, 0x0, 0x0, 0x0, 0xde,
    0x0, 0x0, 0xa3, 0x0, 0x7, 0xaa, 0xaa, 0x92,
    0xdf, 0x10, 0x9, 0xfb, 0x0, 0xb, 0xff, 0xff,
    0xf3, 0xdf, 0x90, 0x8f, 0xb0, 0x0, 0x0, 0x0,
    0xd, 0xe0, 0xdf, 0xf8, 0xfb, 0x0, 0x0, 0x0,
    0x0, 0x2f, 0xa0, 0xdf, 0xff, 0x90, 0x0, 0x0,
    0x0, 0x0, 0x8f, 0x40, 0xde, 0x7f, 0x60, 0x0,
    0x0, 0x0, 0x1, 0xfd, 0x0, 0xde, 0xd, 0xf4,
    0x0, 0x0, 0x0, 0xb, 0xf5, 0x0, 0xde, 0x2,
    0xff, 0x30, 0x0, 0x0, 0x8f, 0xa0, 0x0, 0xde,
    0x0, 0x4f, 0xf6, 0x0, 0x9, 0xfd, 0x10, 0x0,
    0xde, 0x0, 0x3, 0xff, 0xc2, 0x1c, 0xd1, 0x0,
    0x0, 0xde, 0x0, 0x0, 0x2b, 0xd0, 0x0, 0x0,
    0x4, 0xdd, 0xfd, 0x0, 0x0, 0x0, 0x0, 0x0,
    0x0, 0x0, 0xff, 0xc4, 0x0, 0x0, 0x0, 0x0,

    /* U+6C42 "求" */
    0x0, 0x0, 0x0, 0x0, 0xdd, 0x2, 0xc4, 0x0,
    0x0, 0x0, 0x0, 0x0, 0x0, 0xdd, 0x3, 0xdf,
    0xb1, 0x0, 0x0, 0x0, 0x0, 0x0, 0xde, 0x0,
    0x8, 0xf4, 0x0, 0xb, 0xff, 0xff, 0xff, 0xff,
    0xff, 0xff, 0xff, 0xe0, 0x6, 0x88, 0x88, 0x88,
    0xef, 0x98, 0x88, 0x88, 0x80, 0x0, 0x15, 0x0,
    0x0, 0xdf, 0x40, 0x0, 0x75, 0x0, 0x0, 0x9f,
    0x80, 0x0, 0xdf, 0xc0, 0x5, 0xfd, 0x10, 0x0,
    0xa, 0xf7, 0x0, 0xdf, 0xf5, 0x5f, 0xd1, 0x0,
    0x0, 0x0, 0xcf, 0x10, 0xde, 0xde, 0xfc, 0x10,
    0x0, 0x0, 0x0, 0x11, 0x2a, 0xfd, 0x3f, 0xe0,
    0x0, 0x0, 0x0, 0x0, 0x19, 0xfe, 0xfd, 0x8,
    0xfa, 0x0, 0x0, 0x0, 0x18, 0xff, 0x91, 0xdd,
    0x0, 0xbf, 0xb1, 0x0, 0x8, 0xff, 0xc3, 0x0,
    0xdd, 0x0, 0xa, 0xff, 0x70, 0xa, 0xd5, 0x0,
    0x0, 0xdd, 0x0, 0x0, 0x7f, 0xe2, 0x0, 0x0,
    0x9, 0xbb, 0xfc, 0x0, 0x0, 0x1, 0x20, 0x0,
    0x0, 0x8, 0xff, 0xc4, 0x0, 0x0, 0x0, 0x0,
    0x0, 0x0, 0x0, 0x0, 0x0, 0x0, 0x0, 0x0,
    0x0,

    /* U+6CA1 "没" */
    0x0, 0x20, 0x0, 0x0, 0x0, 0x0, 0x0, 0x0,
    0x0, 0x3, 0xfd, 0x40, 0x0, 0xff, 0xff, 0xff,
    0x10, 0x0, 0x0, 0x5e, 0xf7, 0x0, 0xfc, 0x88,
    0xcf, 0x10, 0x0, 0x0, 0x0, 0x81, 0x2, 0xf8,
    0x0, 0x8f, 0x10, 0x0, 0x0, 0x0, 0x0, 0x8,
    0xf4, 0x0, 0x8f, 0x10, 0x0, 0xb, 0x71, 0x0,
    0x7f, 0xc0, 0x0, 0x6f, 0xfe, 0xe0, 0x19, 0xff,
    0x65, 0xfa, 0x10, 0x0, 0x5, 0x77, 0x70, 0x0,
    0x2a, 0x40, 0x88, 0x88, 0x88, 0x88, 0x83, 0x0,
    0x0, 0x0, 0x0, 0xcf, 0xff, 0xff, 0xff, 0xf8,
    0x0, 0x0, 0x0, 0x80, 0x1d, 0xd1, 0x0, 0x1c,
    0xf1, 0x0, 0x0, 0x4, 0xf7, 0x6, 0xf7, 0x0,
    0x6f, 0x80, 0x0, 0x0, 0xc, 0xf1, 0x0, 0xaf,
    0x76, 0xfc, 0x0, 0x0, 0x0, 0x5f, 0x80, 0x0,
    0xb, 0xff, 0xd0, 0x0, 0x0, 0x0, 0xee, 0x10,
    0x0, 0x7e, 0xff, 0xe7, 0x10, 0x0, 0x8, 0xf6,
    0x7, 0xbf, 0xfd, 0x55, 0xdf, 0xfc, 0x80, 0x2,
    0xa0, 0xa, 0xfa, 0x50, 0x0, 0x5, 0xbf, 0x90,
    0x0, 0x0, 0x0, 0x0, 0x0, 0x0, 0x0, 0x0,
    0x0,

    /* U+6D4B "测" */
    0x0, 0x0, 0x0, 0x0, 0x0, 0x0, 0x0, 0x0,
    0x0, 0x1d, 0x70, 0x0, 0x0, 0x0, 0x0, 0x0,
    0x6e, 0x2, 0xdf, 0xc7, 0xff, 0xff, 0xfe, 0xb,
    0x26, 0xe0, 0x0, 0x9d, 0x6f, 0x33, 0x38, 0xe0,
    0xf4, 0x6e, 0x0, 0x0, 0x15, 0xe0, 0xa2, 0x6e,
    0xf, 0x46, 0xe0, 0x0, 0x0, 0x5e, 0xf, 0x36,
    0xe0, 0xf4, 0x6e, 0xc, 0xb2, 0x5, 0xe0, 0xf3,
    0x6e, 0xf, 0x46, 0xe0, 0x7f, 0xf5, 0x5e, 0xf,
    0x36, 0xe0, 0xf4, 0x6e, 0x0, 0x29, 0x5, 0xe0,
    0xf3, 0x6e, 0xf, 0x46, 0xe0, 0x0, 0x0, 0x5e,
    0xf, 0x36, 0xe0, 0xf4, 0x6e, 0x0, 0x3, 0x5,
    0xe0, 0xf3, 0x6e, 0xf, 0x46, 0xe0, 0x0, 0xe9,
    0x5e, 0x1f, 0x26, 0xe0, 0xf4, 0x6e, 0x0, 0x5f,
    0x55, 0xe3, 0xf1, 0x6e, 0xf, 0x46, 0xe0, 0xc,
    0xf0, 0x0, 0x8c, 0x30, 0x0, 0x10, 0x6e, 0x3,
    0xf9, 0x0, 0x3f, 0x5c, 0xc0, 0x0, 0x6, 0xe0,
    0xaf, 0x20, 0x7f, 0xa0, 0x1d, 0xa0, 0x55, 0xbe,
    0x4, 0x90, 0xc, 0x60, 0x0, 0x2b, 0xa, 0xfe,
    0x60, 0x0, 0x0, 0x0, 0x0, 0x0, 0x0, 0x0,
    0x0,

    /* U+6D88 "消" */
    0x0, 0x85, 0x0, 0x4, 0x0, 0x1f, 0x90, 0x4,
    0x30, 0x1, 0xdf, 0xb1, 0x5f, 0x60, 0x1f, 0x90,
    0xd, 0xf1, 0x0, 0x8, 0xf7, 0xc, 0xf1, 0x1f,
    0x90, 0x5f, 0x80, 0x0, 0x0, 0x30, 0x4, 0xf6,
    0x1f, 0x90, 0xed, 0x0, 0x0, 0x0, 0x0, 0x0,
    0x50, 0x1f, 0xa0, 0x13, 0x0, 0xc, 0xc3, 0x0,
    0x1f, 0xff, 0xff, 0xff, 0xff, 0x80, 0x6, 0xef,
    0x80, 0x1f, 0xc8, 0x88, 0x88, 0x8f, 0x80, 0x0,
    0x1a, 0x60, 0x1f, 0x80, 0x0, 0x0, 0x1f, 0x80,
    0x0, 0x0, 0x0, 0x1f, 0xff, 0xff, 0xff, 0xff,
    0x80, 0x0, 0x0, 0x60, 0x1f, 0xc7, 0x77, 0x77,
    0x8f, 0x80, 0x0, 0x3, 0xf7, 0x1f, 0x80, 0x0,
    0x0, 0x1f, 0x80, 0x0, 0xc, 0xf1, 0x1f, 0xfe,
    0xee, 0xee, 0xff, 0x80, 0x0, 0x4f, 0x80, 0x1f,
    0xc7, 0x77, 0x77, 0x8f, 0x80, 0x0, 0xde, 0x10,
    0x1f, 0x80, 0x0, 0x0, 0x1f, 0x80, 0x7, 0xf7,
    0x0, 0x1f, 0x80, 0x0, 0x69, 0xbf, 0x70, 0x0,
    0x90, 0x0, 0x1f, 0x80, 0x0, 0x5e, 0xda, 0x10,

    /* U+6F0F "漏" */
    0x0, 0x40, 0x0, 0x0, 0x0, 0x0, 0x0, 0x0,
    0x0, 0x5, 0xfd, 0x43, 0xff, 0xff, 0xff, 0xff,
    0xff, 0x80, 0x0, 0x5e, 0xe4, 0xf8, 0x55, 0x55,
    0x55, 0x6f, 0x80, 0x0, 0x0, 0x23, 0xf9, 0x66,
    0x66, 0x66, 0x7f, 0x80, 0x0, 0x0, 0x3, 0xff,
    0xee, 0xee, 0xee, 0xee, 0x70, 0xa, 0x80, 0x3,
    0xf6, 0x22, 0x22, 0x22, 0x22, 0x20, 0x9, 0xfe,
    0x53, 0xff, 0xff, 0xff, 0xff, 0xff, 0xf0, 0x0,
    0x3d, 0x34, 0xf6, 0x22, 0x2e, 0x82, 0x22, 0x20,
    0x0, 0x0, 0x5, 0xf7, 0x66, 0x6f, 0xa6, 0x66,
    0x50, 0x0, 0x1, 0x6, 0xfc, 0xfd, 0xdf, 0xed,
    0xdf, 0xd0, 0x0, 0x1f, 0x58, 0xec, 0xa6, 0xe,
    0x87, 0x19, 0xd0, 0x0, 0x7f, 0x4c, 0xcc, 0xa9,
    0xbe, 0x78, 0xd9, 0xd0, 0x0, 0xee, 0xf, 0x9c,
    0x94, 0xe, 0x86, 0x9, 0xd0, 0x6, 0xf7, 0x6f,
    0x4c, 0xbd, 0x9e, 0x9b, 0xb9, 0xd0, 0xe, 0xf1,
    0xdd, 0xc, 0x90, 0x2e, 0x70, 0x3a, 0xd0, 0x4,
    0x60, 0x76, 0xc, 0x90, 0xd, 0x61, 0xff, 0x80,
    0x0, 0x0, 0x0, 0x0, 0x0, 0x0, 0x0, 0x0,
    0x0,

    /* U+70DF "烟" */
    0x0, 0x7, 0xf1, 0x0, 0x0, 0x0, 0x0, 0x0,
    0x0, 0x0, 0x7f, 0x10, 0x8f, 0xff, 0xff, 0xff,
    0xfe, 0x0, 0x7, 0xf1, 0x8, 0xf8, 0x89, 0xb8,
    0x8d, 0xe0, 0x34, 0x7f, 0x1c, 0xdf, 0x0, 0x6e,
    0x0, 0xae, 0x8, 0xb7, 0xf4, 0xfc, 0xf0, 0x6,
    0xe0, 0xa, 0xe0, 0xaa, 0x7f, 0x9d, 0x8f, 0x46,
    0xaf, 0x66, 0xae, 0xc, 0x77, 0xfc, 0x68, 0xf9,
    0xff, 0xff, 0xea, 0xe1, 0xf4, 0x8f, 0x0, 0x8f,
    0x0, 0x9d, 0x0, 0xae, 0x3, 0x9, 0xf0, 0x8,
    0xf0, 0xd, 0xf3, 0xa, 0xe0, 0x0, 0xbe, 0x0,
    0x8f, 0x1, 0xfe, 0xc0, 0xae, 0x0, 0xd, 0xf7,
    0x8, 0xf0, 0x9f, 0x2f, 0x5a, 0xe0, 0x1, 0xff,
    0xf3, 0x8f, 0x3f, 0x80, 0x8d, 0xae, 0x0, 0x7f,
    0x4e, 0xd9, 0xfc, 0xc0, 0x1, 0xec, 0xe0, 0xd,
    0xd0, 0x5f, 0xcf, 0x33, 0x11, 0x12, 0xae, 0x9,
    0xf4, 0x0, 0x48, 0xff, 0xff, 0xff, 0xff, 0xe0,
    0xa7, 0x0, 0x0, 0x8f, 0x66, 0x66, 0x66, 0xbc,
    0x0, 0x0, 0x0, 0x0, 0x0, 0x0, 0x0, 0x0,
    0x0,

    /* U+7167 "照" */
    0x7, 0xff, 0xff, 0xe6, 0xff, 0xff, 0xff, 0xff,
    0x80, 0x7, 0xf9, 0x8d, 0xe3, 0x77, 0xef, 0x77,
    0x8f, 0x70, 0x7, 0xf1, 0x9, 0xe0, 0x2, 0xfa,
    0x0, 0x3f, 0x50, 0x7, 0xf1, 0x9, 0xe0, 0x3d,
    0xf2, 0x34, 0xaf, 0x30, 0x7, 0xfd, 0xdf, 0xea,
    0xfd, 0x30, 0x7f, 0xe8, 0x0, 0x7, 0xf9, 0x8d,
    0xe2, 0xa6, 0x66, 0x66, 0x66, 0x0, 0x7, 0xf1,
    0x9, 0xe0, 0xef, 0xff, 0xff, 0xff, 0x0, 0x7,
    0xf1, 0x9, 0xe0, 0xea, 0x0, 0x0, 0x9f, 0x0,
    0x7, 0xf9, 0x9d, 0xe0, 0xea, 0x0, 0x0, 0x9f,
    0x0, 0x7, 0xfd, 0xcc, 0xb0, 0xef, 0xff, 0xff,
    0xff, 0x0, 0x7, 0xf1, 0x0, 0x0, 0x56, 0x66,
    0x66, 0x66, 0x0, 0x1, 0x55, 0x0, 0x0, 0x0,
    0x10, 0x1, 0x60, 0x0, 0x0, 0x9f, 0x40, 0xf8,
    0x2, 0xf7, 0x5, 0xf9, 0x0, 0x2, 0xfc, 0x0,
    0xea, 0x0, 0xdd, 0x0, 0xbf, 0x30, 0xc, 0xf3,
    0x0, 0xdc, 0x0, 0x9f, 0x20, 0x3f, 0xb0, 0x19,
    0x80, 0x0, 0x87, 0x0, 0x48, 0x10, 0x8, 0x60,

    /* U+72B6 "状" */
    0x0, 0x0, 0x1, 0x0, 0x0, 0x0, 0x0, 0x0,
    0x0, 0x0, 0x0, 0xaf, 0x0, 0x0, 0x8f, 0x11,
    0x40, 0x0, 0x0, 0x0, 0xaf, 0x0, 0x0, 0x8f,
    0x17, 0xf4, 0x0, 0x6, 0x50, 0xaf, 0x0, 0x0,
    0x8f, 0x10, 0xce, 0x10, 0xc, 0xf2, 0xaf, 0x0,
    0x0, 0x8f, 0x10, 0x3f, 0x50, 0x2, 0xfb, 0xbf,
    0x0, 0x0, 0x9f, 0x10, 0x1, 0x0, 0x0, 0x8e,
    0xdf, 0x7f, 0xff, 0xff, 0xff, 0xff, 0xf0, 0x0,
    0x1, 0xaf, 0x5a, 0xaa, 0xef, 0xca, 0xaa, 0xa0,
    0x0, 0x0, 0xaf, 0x0, 0x0, 0xdf, 0x90, 0x0,
    0x0, 0x0, 0x4, 0xff, 0x0, 0x0, 0xff, 0xe0,
    0x0, 0x0, 0x0, 0x6f, 0xff, 0x0, 0x4, 0xfd,
    0xf3, 0x0, 0x0, 0x9, 0xfb, 0xbf, 0x0, 0xa,
    0xf3, 0xeb, 0x0, 0x0, 0x2f, 0x90, 0xaf, 0x0,
    0x3f, 0xc0, 0x8f, 0x40, 0x0, 0x2, 0x0, 0xaf,
    0x0, 0xcf, 0x30, 0xe, 0xe1, 0x0, 0x0, 0x0,
    0xaf, 0x9, 0xf9, 0x0, 0x4, 0xfd, 0x20, 0x0,
    0x0, 0xaf, 0x9f, 0xc0, 0x0, 0x0, 0x7f, 0xf3,
    0x0, 0x0, 0xaf, 0x7b, 0x0, 0x0, 0x0, 0x6,
    0xa0, 0x0, 0x0, 0x0, 0x0, 0x0, 0x0, 0x0,
    0x0, 0x0,

    /* U+73B0 "现" */
    0xf, 0xff, 0xff, 0xf4, 0xff, 0xff, 0xff, 0xff,
    0x0, 0x8, 0x8d, 0xf8, 0x84, 0xfa, 0x77, 0x77,
    0xcf, 0x0, 0x0, 0xb, 0xe0, 0x3, 0xf5, 0x7,
    0x40, 0x9f, 0x0, 0x0, 0xb, 0xe0, 0x3, 0xf5,
    0xf, 0x90, 0x9f, 0x0, 0x0, 0xb, 0xe0, 0x3,
    0xf5, 0xf, 0x90, 0x9f, 0x0, 0xb, 0xff, 0xff,
    0xa3, 0xf5, 0xf, 0x90, 0x9f, 0x0, 0x7, 0x9e,
    0xf9, 0x63, 0xf5, 0xf, 0x80, 0x9f, 0x0, 0x0,
    0xb, 0xe0, 0x3, 0xf5, 0x1f, 0x70, 0x9f, 0x0,
    0x0, 0xb, 0xe0, 0x3, 0xf5, 0x4f, 0x40, 0x9f,
    0x0, 0x0, 0xb, 0xe0, 0x1, 0x62, 0x9f, 0xf5,
    0x46, 0x0, 0x0, 0xb, 0xe2, 0x71, 0x1, 0xef,
    0xf5, 0x0, 0x0, 0x2, 0x6d, 0xff, 0xf3, 0x9,
    0xf8, 0xf5, 0x2, 0xc1, 0x2f, 0xfe, 0xa5, 0x10,
    0x8f, 0x93, 0xf5, 0x3, 0xf1, 0x6, 0x20, 0x0,
    0x1a, 0xfb, 0x3, 0xf9, 0x49, 0xf0, 0x0, 0x0,
    0x0, 0xbf, 0x80, 0x0, 0xcf, 0xff, 0x70, 0x0,
    0x0, 0x0, 0x12, 0x0, 0x0, 0x0, 0x0, 0x0,

    /* U+7406 "理" */
    0x1f, 0xff, 0xff, 0xa8, 0xff, 0xff, 0xff, 0xff,
    0xa0, 0x8, 0x8f, 0xd8, 0x58, 0xf7, 0x6b, 0xf6,
    0x6f, 0xa0, 0x0, 0xf, 0xa0, 0x8, 0xf0, 0x7,
    0xe0, 0xf, 0xa0, 0x0, 0xf, 0xa0, 0x8, 0xff,
    0xff, 0xff, 0xff, 0xa0, 0x0, 0xf, 0xa0, 0x8,
    0xf6, 0x6b, 0xf6, 0x6f, 0xa0, 0xb, 0xcf, 0xec,
    0x48, 0xf0, 0x7, 0xe0, 0xf, 0xa0, 0xc, 0xdf,
    0xfd, 0x48, 0xf7, 0x7b, 0xf7, 0x7f, 0xa0, 0x0,
    0xf, 0xa0, 0x8, 0xff, 0xff, 0xff, 0xff, 0x90,
    0x0, 0xf, 0xa0, 0x0, 0x0, 0xa, 0xf0, 0x0,
    0x0, 0x0, 0xf, 0xa0, 0x5, 0x77, 0x7d, 0xf8,
    0x77, 0x60, 0x0, 0xf, 0xc9, 0x8b, 0xff, 0xff,
    0xff, 0xff, 0xd0, 0x5, 0xaf, 0xff, 0xa0, 0x0,
    0xa, 0xf1, 0x0, 0x0, 0x2f, 0xfe, 0x82, 0x0,
    0x0, 0xa, 0xf0, 0x0, 0x0, 0x9, 0x40, 0x0,
    0x99, 0x99, 0x9d, 0xf9, 0x99, 0x94, 0x0, 0x0,
    0x0, 0xff, 0xff, 0xff, 0xff, 0xff, 0xf6,

    /* U+7528 "用" */
    0x0, 0xf, 0xff, 0xff, 0xff, 0xff, 0xff, 0xff,
    0x10, 0x0, 0xfd, 0xaa, 0xad, 0xfa, 0xaa, 0xad,
    0xf1, 0x0, 0xf, 0x90, 0x0, 0x9f, 0x10, 0x0,
    0x9f, 0x10, 0x0, 0xf9, 0x0, 0x9, 0xf1, 0x0,
    0x9, 0xf1, 0x0, 0xf, 0xd9, 0x99, 0xdf, 0xa9,
    0x99, 0xdf, 0x10, 0x0, 0xff, 0xff, 0xff, 0xff,
    0xff, 0xff, 0xf1, 0x0, 0xf, 0x90, 0x0, 0x9f,
    0x10, 0x0, 0x9f, 0x10, 0x1, 0xf9, 0x0, 0x9,
    0xf1, 0x0, 0x9, 0xf1, 0x0, 0x2f, 0xc8, 0x88,
    0xdf, 0x98, 0x88, 0xdf, 0x10, 0x4, 0xff, 0xff,
    0xff, 0xff, 0xff, 0xff, 0xf1, 0x0, 0x6f, 0x40,
    0x0, 0x9f, 0x10, 0x0, 0x9f, 0x10, 0xb, 0xf0,
    0x0, 0x9, 0xf1, 0x0, 0x9, 0xf1, 0x1, 0xfb,
    0x0, 0x0, 0x9f, 0x10, 0x0, 0x9f, 0x10, 0xbf,
    0x40, 0x0, 0x9, 0xf1, 0x47, 0x7d, 0xf0, 0xb,
    0xa0, 0x0, 0x0, 0x9f, 0x15, 0xff, 0xf8, 0x0,
    0x0, 0x0, 0x0, 0x0, 0x0, 0x1, 0x10, 0x0,

    /* U+7559 "留" */
    0x0, 0x0, 0x5b, 0x90, 0x0, 0x0, 0x0, 0x0,
    0x7, 0xcf, 0xfe, 0x81, 0xff, 0xff, 0xff, 0xf6,
    0xe, 0xd6, 0x20, 0x0, 0x78, 0xfa, 0x79, 0xf5,
    0xe, 0xb0, 0x3a, 0x10, 0x4, 0xf3, 0x4, 0xf4,
    0xe, 0xb0, 0x2f, 0x90, 0x8, 0xf0, 0x5, 0xf3,
    0xf, 0xb3, 0x7e, 0xf2, 0x1e, 0xa0, 0x7, 0xf2,
    0x5f, 0xff, 0xfc, 0xfa, 0xde, 0x25, 0x6d, 0xf0,
    0x3e, 0x94, 0x0, 0x5d, 0xe3, 0xa, 0xfe, 0x70,
    0x0, 0x22, 0x22, 0x25, 0x32, 0x22, 0x22, 0x0,
    0x0, 0xff, 0xff, 0xff, 0xff, 0xff, 0xff, 0x10,
    0x0, 0xfc, 0x22, 0x2b, 0xe2, 0x22, 0xbf, 0x10,
    0x0, 0xfc, 0x44, 0x4c, 0xf4, 0x44, 0xcf, 0x10,
    0x0, 0xff, 0xff, 0xff, 0xff, 0xff, 0xff, 0x10,
    0x0, 0xfb, 0x0, 0xa, 0xe0, 0x0, 0xaf, 0x10,
    0x0, 0xfd, 0x66, 0x6c, 0xf6, 0x66, 0xdf, 0x10,
    0x0, 0xff, 0xff, 0xff, 0xff, 0xff, 0xee, 0x10,

    /* U+767B "登" */
    0x0, 0x0, 0x0, 0x0, 0x4, 0x50, 0x3, 0x0,
    0x0, 0x1, 0xff, 0xff, 0xff, 0x79, 0xf1, 0x5f,
    0x90, 0x0, 0x0, 0x65, 0x55, 0xdf, 0x21, 0xfd,
    0xf7, 0x5, 0x10, 0x0, 0xdb, 0x26, 0xf8, 0x0,
    0x5f, 0xa0, 0x8f, 0x80, 0x0, 0x2c, 0xff, 0xd3,
    0x33, 0x3b, 0xfe, 0xe4, 0x0, 0x0, 0x8, 0xfc,
    0xff, 0xff, 0xff, 0xcf, 0xc2, 0x0, 0x2, 0xbf,
    0xb0, 0x33, 0x33, 0x33, 0x8, 0xff, 0x70, 0x2f,
    0xf9, 0x66, 0x66, 0x66, 0x66, 0x66, 0x6e, 0xf4,
    0x6, 0x23, 0xff, 0xff, 0xff, 0xff, 0xff, 0x21,
    0x40, 0x0, 0x3, 0xf7, 0x0, 0x0, 0x0, 0x9f,
    0x20, 0x0, 0x0, 0x3, 0xf9, 0x33, 0x33, 0x33,
    0xbf, 0x20, 0x0, 0x0, 0x3, 0xff, 0xff, 0xff,
    0xff, 0xff, 0x20, 0x0, 0x0, 0x0, 0x19, 0xb2,
    0x11, 0x1a, 0xb2, 0x0, 0x0, 0x0, 0x0, 0x9,
    0xf4, 0x0, 0x1f, 0xa0, 0x0, 0x0, 0x5, 0x66,
    0x69, 0xf9, 0x66, 0xbf, 0x96, 0x66, 0x60, 0xc,
    0xff, 0xff, 0xff, 0xff, 0xff, 0xff, 0xff, 0xe0,

    /* U+7684 "的" */
    0x0, 0x0, 0x0, 0x0, 0x0, 0x0, 0x0, 0x0,
    0x0, 0xf, 0xc0, 0x0, 0x9, 0xe1, 0x0, 0x0,
    0x0, 0x2f, 0x80, 0x0, 0xe, 0xd0, 0x0, 0x0,
    0x13, 0x7f, 0x63, 0x30, 0x3f, 0xb4, 0x44, 0x43,
    0x7f, 0xff, 0xff, 0xf0, 0x8f, 0xff, 0xff, 0xfb,
    0x7f, 0x43, 0x3a, 0xf1, 0xfc, 0x33, 0x33, 0xea,
    0x7f, 0x10, 0x9, 0xf9, 0xf4, 0x0, 0x0, 0xea,
    0x7f, 0x10, 0x9, 0xfa, 0xb0, 0x0, 0x0, 0xe9,
    0x7f, 0x65, 0x5b, 0xf0, 0x1d, 0x90, 0x0, 0xf9,
    0x7f, 0xff, 0xff, 0xf0, 0x8, 0xf5, 0x0, 0xf8,
    0x7f, 0x21, 0x19, 0xf0, 0x0, 0xde, 0x11, 0xf7,
    0x7f, 0x10, 0x9, 0xf0, 0x0, 0x3f, 0x92, 0xf6,
    0x7f, 0x10, 0x9, 0xf0, 0x0, 0x6, 0x13, 0xf5,
    0x7f, 0x10, 0x9, 0xf0, 0x0, 0x0, 0x5, 0xf4,
    0x7f, 0xff, 0xff, 0xf0, 0x0, 0x0, 0x8, 0xf1,
    0x7f, 0x88, 0x88, 0x70, 0x1, 0x65, 0x6e, 0xd0,
    0x7f, 0x10, 0x0, 0x0, 0x0, 0xff, 0xff, 0x50,
    0x0, 0x0, 0x0, 0x0, 0x0, 0x23, 0x31, 0x0,

    /* U+76D1 "监" */
    0x0, 0x0, 0x5, 0xf4, 0x0, 0x4c, 0x40, 0x0,
    0x0, 0x0, 0xdc, 0x5, 0xf4, 0x0, 0x9f, 0x30,
    0x0, 0x0, 0x0, 0xdc, 0x5, 0xf4, 0x0, 0xef,
    0x98, 0x88, 0x80, 0x0, 0xdc, 0x5, 0xf4, 0x3,
    0xff, 0xff, 0xff, 0xe0, 0x0, 0xdc, 0x5, 0xf4,
    0xb, 0xf1, 0x0, 0x0, 0x0, 0x0, 0xdc, 0x5,
    0xf4, 0x4f, 0x93, 0xd5, 0x0, 0x0, 0x0, 0xdc,
    0x5, 0xf6, 0xee, 0x10, 0xaf, 0x70, 0x0, 0x0,
    0xdc, 0x5, 0xf5, 0x76, 0x0, 0x8, 0xf7, 0x0,
    0x0, 0x55, 0x3, 0x82, 0x0, 0x0, 0x0, 0x76,
    0x0, 0x0, 0x17, 0x77, 0x77, 0x77, 0x77, 0x77,
    0x72, 0x0, 0x0, 0x2f, 0xff, 0xff, 0xff, 0xff,
    0xff, 0xf5, 0x0, 0x0, 0x2f, 0x60, 0x8f, 0x0,
    0xe9, 0x4, 0xf5, 0x0, 0x0, 0x2f, 0x60, 0x8f,
    0x0, 0xe9, 0x4, 0xf5, 0x0, 0x0, 0x2f, 0x60,
    0x8f, 0x0, 0xe9, 0x4, 0xf5, 0x0, 0x8, 0x9f,
    0xb8, 0xcf, 0x88, 0xfc, 0x8a, 0xfa, 0x81, 0x1f,
    0xff, 0xff, 0xff, 0xff, 0xff, 0xff, 0xff, 0xf2,

    /* U+770B "看" */
    0x0, 0x0, 0x0, 0x0, 0x11, 0x34, 0x68, 0x90,
    0x0, 0xa, 0xef, 0xff, 0xff, 0xff, 0xff, 0xdb,
    0x40, 0x0, 0x36, 0x55, 0x5f, 0xd3, 0x10, 0x0,
    0x0, 0x0, 0xa, 0xff, 0xff, 0xff, 0xff, 0xff,
    0xff, 0xd0, 0x0, 0x35, 0x55, 0xdf, 0x65, 0x55,
    0x55, 0x54, 0x0, 0x55, 0x55, 0x6f, 0xe5, 0x55,
    0x55, 0x55, 0x55, 0xe, 0xff, 0xff, 0xff, 0xff,
    0xff, 0xff, 0xff, 0xd0, 0x0, 0x5, 0xfc, 0x33,
    0x33, 0x33, 0x33, 0x0, 0x0, 0x3, 0xff, 0xff,
    0xff, 0xff, 0xff, 0xf1, 0x0, 0x3, 0xef, 0xf5,
    0x11, 0x11, 0x11, 0x9f, 0x10, 0x8, 0xfd, 0x9f,
    0xff, 0xff, 0xff, 0xff, 0xf1, 0x2, 0xea, 0x5,
    0xf5, 0x11, 0x11, 0x11, 0x9f, 0x10, 0x2, 0x0,
    0x5f, 0xff, 0xff, 0xff, 0xff, 0xf1, 0x0, 0x0,
    0x5, 0xf5, 0x22, 0x22, 0x22, 0x9f, 0x10, 0x0,
    0x0, 0x5f, 0x85, 0x55, 0x55, 0x5b, 0xf1, 0x0,
    0x0, 0x5, 0xff, 0xff, 0xff, 0xff, 0xff, 0x10,

    /* U+771F "真" */
    0x0, 0x0, 0x0, 0x3, 0x30, 0x0, 0x0, 0x0,
    0x0, 0x0, 0x0, 0x0, 0xbf, 0x0, 0x0, 0x0,
    0x0, 0x6e, 0xee, 0xee, 0xef, 0xfe, 0xee, 0xee,
    0xe7, 0x3, 0x77, 0x77, 0x77, 0xfc, 0x77, 0x77,
    0x77, 0x30, 0x0, 0x12, 0x22, 0x4f, 0x92, 0x22,
    0x21, 0x0, 0x0, 0x6, 0xff, 0xff, 0xff, 0xff,
    0xff, 0x70, 0x0, 0x0, 0x6f, 0x31, 0x11, 0x11,
    0x13, 0xf7, 0x0, 0x0, 0x6, 0xff, 0xff, 0xff,
    0xff, 0xff, 0x70, 0x0, 0x0, 0x6f, 0x31, 0x11,
    0x11, 0x14, 0xf7, 0x0, 0x0, 0x6, 0xfe, 0xee,
    0xee, 0xee, 0xef, 0x70, 0x0, 0x0, 0x6f, 0x53,
    0x33, 0x33, 0x35, 0xf7, 0x0, 0x0, 0x6, 0xfd,
    0xcc, 0xcc, 0xcc, 0xdf, 0x70, 0x0, 0x45, 0x9f,
    0x65, 0x55, 0x55, 0x57, 0xfa, 0x54, 0xe, 0xff,
    0xff, 0xff, 0xff, 0xff, 0xff, 0xff, 0xe0, 0x0,
    0x1, 0x79, 0x10, 0x1, 0xb9, 0x31, 0x0, 0x0,
    0x38, 0xef, 0xb2, 0x0, 0x2a, 0xff, 0xd6, 0x0,
    0x9f, 0xfa, 0x30, 0x0, 0x0, 0x0, 0x6d, 0xfa,
    0x0, 0x40, 0x0, 0x0, 0x0, 0x0, 0x0, 0x3,
    0x0,

    /* U+77E5 "知" */
    0x0, 0x6c, 0x20, 0x0, 0x0, 0x0, 0x0, 0x0,
    0x0, 0xb, 0xf0, 0x0, 0x0, 0x16, 0x66, 0x66,
    0x63, 0x0, 0xff, 0x99, 0x99, 0x73, 0xff, 0xff,
    0xff, 0x80, 0x5f, 0xff, 0xff, 0xfb, 0x3f, 0x92,
    0x24, 0xf8, 0xd, 0xe0, 0xaf, 0x0, 0x3, 0xf7,
    0x0, 0x1f, 0x83, 0xf6, 0xa, 0xf0, 0x0, 0x3f,
    0x70, 0x1, 0xf8, 0x2, 0x0, 0xaf, 0x0, 0x3,
    0xf7, 0x0, 0x1f, 0x82, 0xff, 0xff, 0xff, 0xff,
    0x7f, 0x70, 0x1, 0xf8, 0x19, 0x99, 0xef, 0x99,
    0x95, 0xf7, 0x0, 0x1f, 0x80, 0x0, 0xe, 0xd0,
    0x0, 0x3f, 0x70, 0x1, 0xf8, 0x0, 0x2, 0xff,
    0x90, 0x3, 0xf7, 0x0, 0x1f, 0x80, 0x0, 0x8f,
    0xbf, 0x80, 0x3f, 0x70, 0x1, 0xf8, 0x0, 0x1e,
    0xc0, 0xaf, 0x63, 0xf7, 0x0, 0x2f, 0x80, 0xb,
    0xf5, 0x0, 0xdf, 0x4f, 0xff, 0xff, 0xf8, 0xa,
    0xfb, 0x0, 0x3, 0x63, 0xfc, 0x88, 0x9f, 0x81,
    0xdc, 0x0, 0x0, 0x0, 0x3e, 0x60, 0x1, 0xb6,
    0x1, 0x0, 0x0, 0x0, 0x0, 0x0, 0x0, 0x0,
    0x0,

    /* U+786E "确" */
    0x0, 0x0, 0x0, 0x0, 0x7, 0xb0, 0x0, 0x0,
    0x0, 0xff, 0xff, 0xff, 0x10, 0xee, 0x66, 0x64,
    0x0, 0x7, 0x8f, 0xc8, 0x80, 0x7f, 0xff, 0xff,
    0xf1, 0x0, 0x3, 0xf5, 0x0, 0x3f, 0xa0, 0x6,
    0xf5, 0x0, 0x0, 0x7f, 0x10, 0x2e, 0xf8, 0x77,
    0xfe, 0x77, 0x50, 0xb, 0xd0, 0x9, 0xff, 0xff,
    0xff, 0xff, 0xfa, 0x1, 0xfd, 0xaa, 0x74, 0xf7,
    0x8, 0xe0, 0xe, 0xa0, 0x7f, 0xed, 0xf9, 0xf,
    0xa5, 0xbf, 0x55, 0xfa, 0x1f, 0xf8, 0xc, 0x90,
    0xff, 0xff, 0xff, 0xff, 0xa1, 0xff, 0x80, 0xc9,
    0x1f, 0x70, 0x8e, 0x0, 0xea, 0x4, 0xd8, 0xc,
    0x92, 0xf9, 0x4a, 0xf4, 0x4f, 0xa0, 0xd, 0x80,
    0xc9, 0x4f, 0xff, 0xff, 0xff, 0xfa, 0x0, 0xda,
    0x4d, 0x96, 0xf3, 0x29, 0xe2, 0x2e, 0xa0, 0xd,
    0xff, 0xf9, 0xbd, 0x0, 0x8e, 0x0, 0xea, 0x0,
    0xda, 0x33, 0x5f, 0x70, 0x8, 0xe4, 0x7f, 0xa0,
    0x8, 0x50, 0x9, 0xc0, 0x0, 0x6b, 0x6f, 0xd4,
    0x0, 0x0, 0x0, 0x0, 0x0, 0x0, 0x0, 0x0,
    0x0,

    /* U+793A "示" */
    0x0, 0x4f, 0xff, 0xff, 0xff, 0xff, 0xff, 0xf4,
    0x0, 0x2, 0xbb, 0xbb, 0xbb, 0xbb, 0xbb, 0xbb,
    0x30, 0x0, 0x0, 0x0, 0x0, 0x0, 0x0, 0x0,
    0x0, 0x0, 0x0, 0x0, 0x0, 0x0, 0x0, 0x0,
    0x0, 0x0, 0x8, 0x99, 0x99, 0x99, 0x99, 0x99,
    0x99, 0x99, 0x80, 0xdf, 0xff, 0xff, 0xff, 0xff,
    0xff, 0xff, 0xfe, 0x0, 0x0, 0x0, 0x0, 0xdf,
    0x0, 0x0, 0x0, 0x0, 0x0, 0x5, 0x10, 0xd,
    0xf0, 0x0, 0x50, 0x0, 0x0, 0x7, 0xf7, 0x0,
    0xdf, 0x0, 0x8f, 0x70, 0x0, 0x1, 0xfe, 0x0,
    0xd, 0xf0, 0x0, 0xef, 0x20, 0x0, 0xaf, 0x60,
    0x0, 0xdf, 0x0, 0x4, 0xfc, 0x0, 0x8f, 0xb0,
    0x0, 0xd, 0xf0, 0x0, 0xb, 0xf5, 0x1e, 0xd1,
    0x0, 0x0, 0xdf, 0x0, 0x0, 0x3f, 0xa0, 0x1,
    0x0, 0x9b, 0xbf, 0xe0, 0x0, 0x0, 0x30, 0x0,
    0x0, 0x8, 0xff, 0xd5, 0x0, 0x0, 0x0, 0x0,
    0x0, 0x0, 0x0, 0x0, 0x0, 0x0, 0x0, 0x0,

    /* U+79BB "离" */
    0x0, 0x0, 0x0, 0x0, 0x0, 0x0, 0x0, 0x0,
    0x0, 0x0, 0x0, 0x2f, 0x70, 0x0, 0x0, 0x0,
    0x57, 0x77, 0x77, 0x7f, 0xe7, 0x77, 0x77, 0x77,
    0xbf, 0xff, 0xff, 0xff, 0xff, 0xff, 0xff, 0xfe,
    0x0, 0x98, 0xb, 0x71, 0x7, 0xc1, 0x6a, 0x10,
    0x0, 0xdb, 0x2, 0x9f, 0xec, 0x10, 0x9f, 0x10,
    0x0, 0xdb, 0x17, 0xdc, 0x9f, 0xa2, 0x9f, 0x10,
    0x0, 0xdb, 0x3b, 0x40, 0x1, 0x93, 0x9f, 0x10,
    0x0, 0xdf, 0xff, 0xff, 0xff, 0xff, 0xff, 0x10,
    0x0, 0x45, 0x55, 0x5f, 0xf5, 0x55, 0x55, 0x0,
    0x6, 0x66, 0x66, 0x9f, 0xc6, 0x66, 0x66, 0x61,
    0xf, 0xff, 0xff, 0xff, 0xff, 0xff, 0xff, 0xf3,
    0xf, 0x90, 0xa, 0xf3, 0x6, 0xc0, 0x6, 0xf3,
    0xf, 0x90, 0x8f, 0x95, 0x69, 0xfa, 0x6, 0xf3,
    0xf, 0x90, 0xdf, 0xfd, 0xba, 0x8f, 0x36, 0xf3,
    0xf, 0x90, 0x21, 0x0, 0x0, 0x6, 0x4a, 0xf3,
    0xf, 0x90, 0x0, 0x0, 0x0, 0xc, 0xfe, 0xa0,

    /* U+79D2 "秒" */
    0x0, 0x0, 0x15, 0xa1, 0x0, 0x9, 0xf0, 0x0,
    0x0, 0x6, 0xad, 0xff, 0xe6, 0x0, 0x9, 0xf0,
    0x0, 0x0, 0x9, 0xcb, 0xf7, 0x0, 0x0, 0x9,
    0xf0, 0x1, 0x0, 0x0, 0x3, 0xf6, 0x0, 0x3e,
    0x49, 0xf0, 0xdc, 0x0, 0x0, 0x4, 0xf6, 0x0,
    0x6f, 0x29, 0xf0, 0x7f, 0x30, 0x1f, 0xff, 0xff,
    0xfc, 0x9f, 0x9, 0xf0, 0x1f, 0xa0, 0x8, 0x8c,
    0xfb, 0x86, 0xdc, 0x9, 0xf0, 0xb, 0xf0, 0x0,
    0xd, 0xfe, 0x12, 0xf7, 0x9, 0xf0, 0x6, 0xd2,
    0x0, 0x5f, 0xff, 0xc2, 0xb2, 0x9, 0xf0, 0x2,
    0x0, 0x0, 0xcd, 0xf8, 0xf7, 0x0, 0x9, 0xf0,
    0x6f, 0x60, 0x6, 0xf5, 0xf6, 0x72, 0x0, 0x9,
    0xf0, 0xed, 0x0, 0x1f, 0x93, 0xf6, 0x0, 0x0,
    0x0, 0x1c, 0xf5, 0x0, 0xc, 0x13, 0xf6, 0x0,
    0x0, 0x2, 0xcf, 0x60, 0x0, 0x0, 0x3, 0xf6,
    0x0, 0x2, 0xaf, 0xf5, 0x0, 0x0, 0x0, 0x3,
    0xf6, 0x1a, 0xef, 0xf9, 0x10, 0x0, 0x0, 0x0,
    0x3, 0xf6, 0xb, 0xa5, 0x10, 0x0, 0x0, 0x0,

    /* U+7A97 "窗" */
    0x0, 0x0, 0x0, 0x4d, 0x60, 0x0, 0x0, 0x0,
    0x46, 0x66, 0x66, 0x8f, 0xe6, 0x66, 0x66, 0x62,
    0x9f, 0xed, 0xdd, 0xdd, 0xdd, 0xdd, 0xde, 0xf6,
    0x9f, 0x0, 0x3b, 0x40, 0x6, 0xb4, 0x5, 0xf6,
    0x58, 0x4a, 0xfc, 0x20, 0x3, 0xaf, 0xd8, 0x72,
    0x4e, 0xfd, 0x50, 0xbd, 0x10, 0x2, 0xaf, 0xd3,
    0x9, 0x84, 0x47, 0xfa, 0x44, 0x44, 0x47, 0x90,
    0x1, 0xff, 0xff, 0xff, 0xff, 0xff, 0xff, 0x10,
    0x1, 0xf8, 0x3, 0xb1, 0x0, 0x0, 0xaf, 0x10,
    0x1, 0xf8, 0x1c, 0xff, 0xff, 0xf3, 0xaf, 0x10,
    0x1, 0xf8, 0xcc, 0x61, 0x1b, 0xd0, 0xaf, 0x10,
    0x1, 0xf8, 0x23, 0xce, 0xce, 0x20, 0xaf, 0x10,
    0x1, 0xf8, 0x0, 0x6e, 0xff, 0x60, 0xaf, 0x10,
    0x1, 0xf8, 0x9f, 0xe6, 0x5, 0xe5, 0xaf, 0x10,
    0x1, 0xfa, 0x88, 0x44, 0x44, 0x54, 0xcf, 0x10,
    0x1, 0xff, 0xff, 0xff, 0xff, 0xff, 0xee, 0x10,

    /* U+7ACB "立" */
    0x0, 0x0, 0x0, 0x0, 0x0, 0x0, 0x0, 0x0,
    0x0, 0x0, 0x0, 0x0, 0x4, 0xf7, 0x0, 0x0,
    0x0, 0x0, 0x0, 0x0, 0x0, 0x0, 0xfc, 0x0,
    0x0, 0x0, 0x0, 0x0, 0x0, 0x0, 0x0, 0xcd,
    0x0, 0x0, 0x0, 0x0, 0x2, 0xbb, 0xbb, 0xbb,
    0xdc, 0xbb, 0xbb, 0xbb, 0x30, 0x3, 0xff, 0xff,
    0xff, 0xff, 0xff, 0xff, 0xff, 0x40, 0x0, 0x0,
    0x2, 0x0, 0x0, 0x0, 0x20, 0x0, 0x0, 0x0,
    0x0, 0xcf, 0x0, 0x0, 0x0, 0xfe, 0x0, 0x0,
    0x0, 0x0, 0x8f, 0x40, 0x0, 0x4, 0xfa, 0x0,
    0x0, 0x0, 0x0, 0x4f, 0x80, 0x0, 0x8, 0xf5,
    0x0, 0x0, 0x0, 0x0, 0xf, 0xd0, 0x0, 0xc,
    0xf1, 0x0, 0x0, 0x0, 0x0, 0xc, 0xf0, 0x0,
    0x1f, 0xc0, 0x0, 0x0, 0x0, 0x0, 0x9, 0xf4,
    0x0, 0x6f, 0x60, 0x0, 0x0, 0x0, 0x0, 0x6,
    0xf7, 0x0, 0xbf, 0x10, 0x0, 0x0, 0x0, 0x0,
    0x1, 0x30, 0x1, 0xfb, 0x0, 0x0, 0x0, 0xf,
    0xff, 0xff, 0xff, 0xff, 0xff, 0xff, 0xff, 0xf0,
    0xb, 0xbb, 0xbb, 0xbb, 0xbb, 0xbb, 0xbb, 0xbb,
    0xb0,

    /* U+7B49 "等" */
    0x0, 0xc, 0x90, 0x0, 0x0, 0xba, 0x0, 0x0,
    0x0, 0x0, 0x7f, 0xc7, 0x77, 0x64, 0xfd, 0x77,
    0x77, 0x70, 0x3, 0xff, 0xff, 0xee, 0xcd, 0xff,
    0xff, 0xee, 0xe0, 0x2e, 0xf3, 0x9f, 0x10, 0xcf,
    0x40, 0xce, 0x10, 0x0, 0x7, 0x40, 0x16, 0x10,
    0xdd, 0x0, 0x27, 0x10, 0x0, 0x0, 0x4f, 0xff,
    0xff, 0xff, 0xff, 0xff, 0xf7, 0x0, 0x0, 0x26,
    0x66, 0x66, 0xee, 0x66, 0x66, 0x63, 0x0, 0x1,
    0x11, 0x11, 0x11, 0xed, 0x11, 0x11, 0x11, 0x10,
    0x1f, 0xff, 0xff, 0xff, 0xff, 0xff, 0xff, 0xff,
    0xf2, 0x4, 0x44, 0x44, 0x44, 0x44, 0x48, 0xf9,
    0x44, 0x40, 0x2, 0x55, 0x55, 0x55, 0x55, 0x58,
    0xfa, 0x55, 0x30, 0x7, 0xff, 0xff, 0xff, 0xff,
    0xff, 0xff, 0xff, 0xa0, 0x0, 0x11, 0xae, 0x51,
    0x11, 0x15, 0xf7, 0x11, 0x10, 0x0, 0x0, 0x2c,
    0xf7, 0x0, 0x4, 0xf6, 0x0, 0x0, 0x0, 0x0,
    0x0, 0xca, 0x8, 0x8b, 0xf6, 0x0, 0x0, 0x0,
    0x0, 0x0, 0x0, 0xb, 0xfe, 0xb1, 0x0, 0x0,

    /* U+7CFB "系" */
    0x0, 0x0, 0x0, 0x0, 0x0, 0x0, 0x0, 0x0,
    0x0, 0x0, 0x1, 0x24, 0x68, 0xac, 0xfc, 0x0,
    0xc, 0xef, 0xff, 0xff, 0xff, 0xec, 0x96, 0x10,
    0x8, 0x98, 0x7b, 0xfc, 0x30, 0x0, 0x0, 0x0,
    0x0, 0x0, 0x5f, 0xa0, 0x0, 0x5d, 0x30, 0x0,
    0x0, 0x9, 0xf7, 0x0, 0x19, 0xfc, 0x20, 0x0,
    0x0, 0xef, 0xfe, 0xef, 0xff, 0x70, 0x0, 0x0,
    0x0, 0x99, 0x88, 0xef, 0xb2, 0x7, 0x40, 0x0,
    0x0, 0x1, 0x8f, 0xc4, 0x0, 0x9, 0xf5, 0x0,
    0x3, 0x9f, 0xfd, 0x9a, 0xbc, 0xde, 0xff, 0x40,
    0xd, 0xff, 0xfe, 0xde, 0xf9, 0x86, 0x5c, 0xe2,
    0x3, 0x32, 0x10, 0xb, 0xf0, 0x2, 0x1, 0xb2,
    0x0, 0xc, 0xf3, 0xb, 0xf0, 0x5f, 0xb0, 0x0,
    0x1, 0xcf, 0x70, 0xb, 0xf0, 0x8, 0xfd, 0x20,
    0x4e, 0xf8, 0x0, 0xb, 0xf0, 0x0, 0x5f, 0xe3,
    0x5e, 0x50, 0x39, 0x9f, 0xe0, 0x0, 0x4, 0xe5,
    0x0, 0x0, 0xf, 0xfd, 0x60, 0x0, 0x0, 0x0,

    /* U+7D27 "紧" */
    0x0, 0x0, 0xf7, 0x0, 0x0, 0x0, 0x0, 0x0,
    0xf, 0x70, 0xf7, 0x3f, 0xff, 0xff, 0xff, 0xc0,
    0xf, 0x70, 0xf7, 0x17, 0xfc, 0x77, 0xaf, 0x40,
    0xf, 0x70, 0xf7, 0x0, 0x6f, 0x54, 0xfa, 0x0,
    0xf, 0x70, 0xf7, 0x0, 0xb, 0xff, 0xb0, 0x0,
    0xf, 0x70, 0xf7, 0x27, 0xcf, 0xff, 0xfa, 0x61,
    0x5, 0x20, 0xcd, 0xef, 0xb5, 0x2, 0xaf, 0xf8,
    0x0, 0x1, 0xcf, 0xa2, 0x6, 0xa0, 0x0, 0x30,
    0x0, 0x7e, 0xfb, 0x66, 0xbf, 0xe2, 0x0, 0x0,
    0x0, 0xaf, 0xff, 0xff, 0xd5, 0x7, 0x60, 0x0,
    0x0, 0x16, 0xbf, 0xc5, 0x12, 0x3a, 0xfb, 0x10,
    0xc, 0xff, 0xff, 0xff, 0xff, 0xff, 0xff, 0xd1,
    0x8, 0x99, 0xa6, 0x5b, 0xf3, 0x12, 0x2, 0xb2,
    0x0, 0x5e, 0xf4, 0x9, 0xf1, 0x4f, 0xb4, 0x0,
    0x6d, 0xfc, 0x26, 0x6d, 0xf0, 0x2, 0xbf, 0xb2,
    0x2b, 0x40, 0xa, 0xfe, 0x90, 0x0, 0x5, 0xa1,

    /* U+7EBF "线" */
    0x0, 0x0, 0xb4, 0x0, 0x0, 0x9f, 0x17, 0x30,
    0x0, 0x0, 0x6, 0xf7, 0x0, 0x0, 0x9f, 0x2a,
    0xf9, 0x0, 0x0, 0xd, 0xe0, 0x0, 0x0, 0x8f,
    0x10, 0x55, 0x0, 0x0, 0x5f, 0x60, 0x20, 0x2,
    0xaf, 0xab, 0xdf, 0x50, 0x0, 0xdb, 0x7, 0xf4,
    0xff, 0xff, 0xeb, 0x97, 0x20, 0xb, 0xf8, 0x7f,
    0xb0, 0x75, 0x8f, 0x40, 0x0, 0x0, 0xe, 0xff,
    0xff, 0x10, 0x0, 0x4f, 0x74, 0x7a, 0x90, 0x2,
    0x17, 0xf5, 0x2, 0x69, 0xcf, 0xff, 0xfd, 0x90,
    0x0, 0x4f, 0x80, 0x7, 0xfe, 0xbf, 0xc2, 0x3,
    0x20, 0x4, 0xff, 0xbd, 0xf1, 0x10, 0xc, 0xd0,
    0x2e, 0xc0, 0xd, 0xff, 0xb8, 0x50, 0x0, 0x8,
    0xf3, 0xee, 0x10, 0x3, 0x20, 0x0, 0x10, 0x0,
    0x5, 0xff, 0xe2, 0x0, 0x0, 0x3, 0x7c, 0xf2,
    0x0, 0x2a, 0xfe, 0x10, 0x30, 0x9, 0xef, 0xfb,
    0x60, 0x3a, 0xff, 0xdf, 0x40, 0xf3, 0xb, 0xa5,
    0x10, 0xc, 0xff, 0xa1, 0x1f, 0xfc, 0xf1, 0x0,
    0x0, 0x0, 0x4, 0x71, 0x0, 0x3, 0xdf, 0x80,

    /* U+7ECF "经" */
    0x0, 0x0, 0xc5, 0x0, 0x0, 0x0, 0x0, 0x0,
    0x0, 0x0, 0x6, 0xf7, 0x2, 0xff, 0xff, 0xff,
    0xfe, 0x20, 0x0, 0xd, 0xe0, 0x1, 0x88, 0x88,
    0x8b, 0xfc, 0x0, 0x0, 0x5f, 0x60, 0x10, 0x0,
    0x0, 0x2e, 0xf3, 0x0, 0x0, 0xdc, 0x3, 0xf5,
    0x0, 0x4, 0xef, 0x40, 0x0, 0xa, 0xf7, 0x6d,
    0xf2, 0x1, 0x9f, 0xfd, 0x50, 0x0, 0xf, 0xff,
    0xff, 0x62, 0x8f, 0xfa, 0x6d, 0xfd, 0x50, 0x5,
    0x36, 0xfa, 0x1f, 0xfc, 0x40, 0x0, 0x5d, 0xf5,
    0x0, 0x2f, 0xc0, 0x4, 0x30, 0x0, 0x0, 0x0,
    0x50, 0x2, 0xef, 0xab, 0xe1, 0xff, 0xff, 0xff,
    0xff, 0x90, 0xe, 0xff, 0xfc, 0x90, 0x77, 0x7c,
    0xf8, 0x77, 0x40, 0x7, 0x62, 0x0, 0x0, 0x0,
    0x9, 0xf1, 0x0, 0x0, 0x0, 0x0, 0x4, 0x70,
    0x0, 0x9, 0xf1, 0x0, 0x0, 0x5, 0x8c, 0xff,
    0xf1, 0x0, 0x9, 0xf1, 0x0, 0x0, 0xe, 0xfd,
    0x95, 0x18, 0x88, 0x8d, 0xf9, 0x88, 0x84, 0x4,
    0x20, 0x0, 0x1f, 0xff, 0xff, 0xff, 0xff, 0xf7,

    /* U+7ED9 "给" */
    0x0, 0x0, 0x10, 0x0, 0x0, 0x2, 0x0, 0x0,
    0x0, 0x0, 0x6, 0xf4, 0x0, 0x0, 0x1f, 0xc0,
    0x0, 0x0, 0x0, 0xc, 0xf1, 0x0, 0x0, 0x7f,
    0xf2, 0x0, 0x0, 0x0, 0x3f, 0x90, 0x0, 0x1,
    0xfd, 0xec, 0x0, 0x0, 0x0, 0xbf, 0x14, 0x30,
    0xb, 0xf3, 0x3f, 0x90, 0x0, 0x4, 0xf6, 0xd,
    0xe0, 0x9f, 0x70, 0x7, 0xf9, 0x0, 0x2e, 0xf9,
    0xbf, 0x7a, 0xff, 0x77, 0x77, 0xff, 0xc1, 0x1f,
    0xfe, 0xfc, 0x4f, 0xbf, 0xff, 0xff, 0xda, 0xd0,
    0x2, 0xc, 0xf2, 0x3, 0x0, 0x0, 0x0, 0x0,
    0x10, 0x0, 0x7f, 0x60, 0x0, 0x0, 0x0, 0x0,
    0x0, 0x0, 0x5, 0xfe, 0x8b, 0xc0, 0xff, 0xff,
    0xff, 0xfa, 0x0, 0x1f, 0xff, 0xeb, 0x70, 0xfd,
    0x77, 0x78, 0xfa, 0x0, 0x8, 0x62, 0x0, 0x0,
    0xfa, 0x0, 0x1, 0xfa, 0x0, 0x0, 0x0, 0x2,
    0x50, 0xfa, 0x0, 0x1, 0xfa, 0x0, 0x4, 0x7b,
    0xef, 0xf0, 0xfa, 0x0, 0x1, 0xfa, 0x0, 0x1f,
    0xfe, 0xa6, 0x20, 0xff, 0xff, 0xff, 0xfa, 0x0,
    0x6, 0x20, 0x0, 0x0, 0xfd, 0x88, 0x89, 0xf9,
    0x0,

    /* U+7EDC "络" */
    0x0, 0x0, 0x0, 0x0, 0x0, 0x30, 0x0, 0x0,
    0x0, 0x0, 0x1, 0xe6, 0x0, 0x2, 0xf8, 0x0,
    0x0, 0x0, 0x0, 0x8, 0xf5, 0x0, 0xb, 0xf9,
    0x77, 0x77, 0x10, 0x0, 0xe, 0xd0, 0x0, 0x4f,
    0xff, 0xff, 0xff, 0x60, 0x0, 0x7f, 0x51, 0x12,
    0xff, 0x70, 0x1, 0xdd, 0x0, 0x1, 0xfa, 0x9,
    0xee, 0xfc, 0xf2, 0xa, 0xf4, 0x0, 0xc, 0xf8,
    0x8f, 0xb9, 0x50, 0xde, 0xaf, 0x60, 0x0, 0xf,
    0xff, 0xfe, 0x10, 0x0, 0x5f, 0xfb, 0x0, 0x0,
    0x4, 0x28, 0xf4, 0x0, 0x3a, 0xfe, 0xcf, 0xd5,
    0x0, 0x0, 0x4f, 0x90, 0x2d, 0xff, 0x91, 0x5,
    0xef, 0xf3, 0x3, 0xff, 0xbe, 0xda, 0xc7, 0x55,
    0x55, 0x6b, 0xb0, 0xf, 0xff, 0xd9, 0x40, 0x9f,
    0xff, 0xff, 0xff, 0x10, 0x7, 0x51, 0x0, 0x0,
    0x9e, 0x11, 0x11, 0x9f, 0x10, 0x0, 0x0, 0x27,
    0xb0, 0x9e, 0x0, 0x0, 0x8f, 0x10, 0x4, 0x8d,
    0xff, 0xc1, 0x9e, 0x11, 0x11, 0x9f, 0x10, 0xf,
    0xfd, 0x72, 0x0, 0x9f, 0xff, 0xff, 0xff, 0x10,
    0x5, 0x20, 0x0, 0x0, 0x9f, 0x55, 0x55, 0xaf,
    0x10,

    /* U+7EDF "统" */
    0x0, 0x0, 0x0, 0x0, 0x0, 0x0, 0x0, 0x0,
    0x0, 0x0, 0x4, 0xe5, 0x0, 0x0, 0x3e, 0x60,
    0x0, 0x0, 0x0, 0xb, 0xf4, 0x0, 0x0, 0xe,
    0xd0, 0x0, 0x0, 0x0, 0x2f, 0xc0, 0x6, 0x88,
    0x8d, 0xd9, 0x88, 0x80, 0x0, 0xaf, 0x32, 0xb,
    0xff, 0xff, 0xff, 0xff, 0xf0, 0x3, 0xf9, 0xc,
    0xd0, 0x2, 0xfd, 0x0, 0x40, 0x0, 0x2e, 0xf7,
    0x9f, 0x70, 0x1d, 0xf2, 0x8, 0xf3, 0x0, 0x2f,
    0xff, 0xfb, 0x1, 0xbf, 0x62, 0x45, 0xfe, 0x10,
    0x4, 0x2b, 0xe1, 0xf, 0xff, 0xff, 0xff, 0xef,
    0x90, 0x0, 0x7f, 0x50, 0x18, 0x8c, 0x83, 0x56,
    0x9, 0xb0, 0x6, 0xff, 0xcf, 0xb0, 0xf, 0x90,
    0x9f, 0x0, 0x0, 0x1f, 0xff, 0xc8, 0x40, 0x1f,
    0x80, 0x9f, 0x0, 0x0, 0x7, 0x40, 0x0, 0x0,
    0x4f, 0x60, 0x9f, 0x0, 0x0, 0x0, 0x0, 0x5a,
    0xb0, 0x9f, 0x20, 0x9f, 0x2, 0xa1, 0x7, 0xbf,
    0xfe, 0x83, 0xfd, 0x0, 0x9f, 0x3, 0xf2, 0xf,
    0xf9, 0x40, 0x7f, 0xf2, 0x0, 0x8f, 0x79, 0xf0,
    0x4, 0x0, 0x0, 0xcd, 0x40, 0x0, 0x3e, 0xff,
    0x90, 0x0, 0x0, 0x0, 0x10, 0x0, 0x0, 0x0,
    0x0, 0x0,

    /* U+7EE7 "继" */
    0x0, 0x0, 0x0, 0x0, 0x0, 0x0, 0x0, 0x0,
    0x0, 0x0, 0x6, 0xb1, 0x0, 0x0, 0x0, 0x7e,
    0x0, 0x0, 0x0, 0xc, 0xf2, 0x9, 0xe1, 0x40,
    0x7e, 0x3, 0x30, 0x0, 0x2f, 0xa0, 0x9, 0xe2,
    0xf1, 0x7e, 0xb, 0xa0, 0x0, 0x9f, 0x20, 0x9,
    0xe0, 0xc7, 0x7e, 0x1f, 0x20, 0x2, 0xf9, 0x9,
    0xb9, 0xe0, 0x78, 0x7e, 0x59, 0x0, 0xc, 0xf2,
    0x4f, 0x89, 0xe4, 0x77, 0xbf, 0x77, 0x71, 0x2f,
    0xff, 0xfd, 0x9, 0xe9, 0xff, 0xff, 0xff, 0xf2,
    0x5, 0x3a, 0xf3, 0x9, 0xe0, 0x3, 0xff, 0x80,
    0x0, 0x0, 0x4f, 0x60, 0x9, 0xe0, 0xc, 0xff,
    0xe6, 0x0, 0x2, 0xed, 0x7a, 0x89, 0xe0, 0x7f,
    0x8e, 0x5f, 0x30, 0x1f, 0xff, 0xfc, 0x69, 0xe4,
    0xf7, 0x7e, 0xa, 0xe0, 0x8, 0x62, 0x0, 0x9,
    0xe5, 0xb0, 0x7e, 0x1, 0x50, 0x0, 0x0, 0x14,
    0x59, 0xe0, 0x0, 0x7e, 0x0, 0x0, 0x6, 0xad,
    0xff, 0xc9, 0xe0, 0x0, 0x37, 0x0, 0x0, 0xf,
    0xea, 0x62, 0x9, 0xff, 0xff, 0xff, 0xff, 0xf5,
    0x2, 0x0, 0x0, 0x4, 0x77, 0x77, 0x77, 0x77,
    0x72,

    /* U+7EED "续" */
    0x0, 0x2, 0xc3, 0x0, 0x0, 0xe, 0xb0, 0x0,
    0x0, 0x0, 0x8, 0xf2, 0x0, 0x66, 0x6f, 0xd6,
    0x66, 0x0, 0x0, 0xe, 0xa0, 0x0, 0xff, 0xff,
    0xff, 0xff, 0x0, 0x0, 0x6f, 0x22, 0x0, 0x0,
    0xe, 0xb0, 0x0, 0x0, 0x0, 0xd7, 0xd, 0xaa,
    0xff, 0xff, 0xff, 0xff, 0xc0, 0x8, 0xf7, 0xaf,
    0x35, 0x77, 0x77, 0x77, 0x7f, 0x90, 0x1f, 0xff,
    0xfa, 0x0, 0x18, 0x3, 0x80, 0x2f, 0x50, 0x7,
    0x6a, 0xf1, 0x0, 0x2c, 0xd9, 0xf1, 0x6f, 0x0,
    0x0, 0x2f, 0x60, 0x7, 0xc2, 0x78, 0xf1, 0x1,
    0x0, 0x0, 0xde, 0x9d, 0x70, 0xaf, 0x19, 0xf0,
    0x0, 0x0, 0xc, 0xff, 0xe9, 0x37, 0x8b, 0x7d,
    0xf7, 0x77, 0x60, 0xa, 0x73, 0x0, 0x1f, 0xff,
    0xff, 0xff, 0xff, 0xd0, 0x0, 0x0, 0x5a, 0x70,
    0x0, 0x8f, 0x45, 0x0, 0x0, 0x4, 0x9e, 0xfc,
    0x40, 0x6, 0xfa, 0x4f, 0xb1, 0x0, 0xf, 0xf9,
    0x30, 0x1, 0xaf, 0xc0, 0x3, 0xee, 0x30, 0x4,
    0x0, 0x0, 0x2f, 0xf9, 0x0, 0x0, 0x1d, 0xe1,
    0x0, 0x0, 0x0, 0x6, 0x20, 0x0, 0x0, 0x1,
    0x50,

    /* U+7F51 "网" */
    0x9f, 0xff, 0xff, 0xff, 0xff, 0xff, 0xff, 0xf1,
    0x9f, 0xa9, 0x99, 0x99, 0x99, 0x99, 0x9d, 0xf1,
    0x9f, 0x10, 0x1, 0x51, 0x0, 0x14, 0x9, 0xf1,
    0x9f, 0x11, 0x5, 0xf2, 0x0, 0x6f, 0x9, 0xf1,
    0x9f, 0x7e, 0x18, 0xe6, 0xd1, 0x9d, 0x9, 0xf1,
    0x9f, 0x2e, 0xcc, 0xb1, 0xec, 0xd9, 0x9, 0xf1,
    0x9f, 0x13, 0xff, 0x70, 0x3f, 0xf6, 0x9, 0xf1,
    0x9f, 0x10, 0x7f, 0x70, 0x8, 0xf6, 0x9, 0xf1,
    0x9f, 0x10, 0xbf, 0xf2, 0xc, 0xfe, 0x9, 0xf1,
    0x9f, 0x13, 0xf7, 0xeb, 0x4f, 0x8f, 0x89, 0xf1,
    0x9f, 0x1c, 0xe0, 0x44, 0xdd, 0x9, 0xb9, 0xf1,
    0x9f, 0xaf, 0x50, 0xa, 0xf4, 0x1, 0x9, 0xf1,
    0x9f, 0x68, 0x0, 0x9, 0x70, 0x0, 0x9, 0xf1,
    0x9f, 0x10, 0x0, 0x0, 0x0, 0x6a, 0xae, 0xf0,
    0x9f, 0x10, 0x0, 0x0, 0x0, 0x4f, 0xfd, 0x60,

    /* U+7F6E "置" */
    0xe, 0xff, 0xff, 0xff, 0xff, 0xff, 0xff, 0xf0,
    0xe, 0xb2, 0x2d, 0xc2, 0x2c, 0xd2, 0x2a, 0xf0,
    0xe, 0xff, 0xff, 0xff, 0xff, 0xff, 0xff, 0xf0,
    0x3, 0x33, 0x33, 0x3f, 0xb3, 0x33, 0x33, 0x30,
    0xae, 0xee, 0xee, 0xff, 0xfe, 0xee, 0xee, 0xe7,
    0x23, 0x33, 0x33, 0x8f, 0x63, 0x33, 0x33, 0x32,
    0x0, 0x9e, 0xee, 0xff, 0xee, 0xee, 0xe9, 0x0,
    0x0, 0xae, 0x22, 0x22, 0x22, 0x22, 0xfa, 0x0,
    0x0, 0xaf, 0xee, 0xee, 0xee, 0xee, 0xfa, 0x0,
    0x0, 0xae, 0x11, 0x11, 0x11, 0x11, 0xfa, 0x0,
    0x0, 0xaf, 0xee, 0xee, 0xee, 0xee, 0xfa, 0x0,
    0x0, 0xae, 0x0, 0x0, 0x0, 0x0, 0xfa, 0x0,
    0x0, 0xaf, 0xee, 0xee, 0xee, 0xef, 0xfa, 0x0,
    0x33, 0xbe, 0x33, 0x33, 0x33, 0x33, 0xfb, 0x33,
    0xef, 0xff, 0xff, 0xff, 0xff, 0xff, 0xff, 0xff,

    /* U+8054 "联" */
    0x0, 0x0, 0x0, 0x0, 0x2, 0x10, 0x0, 0x42,
    0x0, 0x1f, 0xff, 0xff, 0xfb, 0x1f, 0xc0, 0x1,
    0xfc, 0x0, 0x9, 0xfa, 0x7b, 0xf5, 0x5, 0xf7,
    0x8, 0xf3, 0x0, 0x2, 0xf4, 0x6, 0xf0, 0x22,
    0xc7, 0x4f, 0xa2, 0x10, 0x2, 0xf9, 0x6a, 0xf0,
    0xbf, 0xff, 0xff, 0xff, 0x90, 0x2, 0xff, 0xff,
    0xf0, 0x34, 0x4b, 0xf5, 0x44, 0x20, 0x2, 0xf4,
    0x6, 0xf0, 0x0, 0x9, 0xf0, 0x0, 0x0, 0x2,
    0xf4, 0x6, 0xf0, 0x0, 0xa, 0xf0, 0x0, 0x0,
    0x2, 0xff, 0xff, 0xf2, 0xff, 0xff, 0xff, 0xff,
    0xf3, 0x2, 0xf9, 0x6a, 0xf1, 0x88, 0x8e, 0xf9,
    0x88, 0x81, 0x2, 0xf4, 0x6, 0xf0, 0x0, 0xf,
    0xf5, 0x0, 0x0, 0x2, 0xf6, 0x5a, 0xfc, 0x50,
    0x6f, 0xfd, 0x0, 0x0, 0x2e, 0xff, 0xff, 0xfa,
    0x31, 0xee, 0x4f, 0x80, 0x0, 0x9, 0x74, 0x16,
    0xf0, 0x1c, 0xf4, 0x8, 0xf8, 0x0, 0x0, 0x0,
    0x6, 0xf4, 0xef, 0x70, 0x0, 0xaf, 0xd2, 0x0,
    0x0, 0x6, 0xf6, 0xe5, 0x0, 0x0, 0x5, 0xa0,
    0x0, 0x0, 0x0, 0x0, 0x0, 0x0, 0x0, 0x0,
    0x0,

    /* U+81EA "自" */
    0x0, 0x0, 0x0, 0x0, 0x0, 0x0, 0x0, 0x0,
    0x0, 0x0, 0xfd, 0x0, 0x0, 0x0, 0x0, 0x0,
    0x4, 0xfa, 0x0, 0x0, 0x0, 0xa, 0xaa, 0xac,
    0xfc, 0xaa, 0xaa, 0xa7, 0x1f, 0xff, 0xff, 0xff,
    0xff, 0xff, 0xfa, 0x1f, 0x90, 0x0, 0x0, 0x0,
    0x1, 0xfa, 0x1f, 0x90, 0x0, 0x0, 0x0, 0x1,
    0xfa, 0x1f, 0xff, 0xff, 0xff, 0xff, 0xff, 0xfa,
    0x1f, 0xd9, 0x99, 0x99, 0x99, 0x9a, 0xfa, 0x1f,
    0x90, 0x0, 0x0, 0x0, 0x1, 0xfa, 0x1f, 0x90,
    0x0, 0x0, 0x0, 0x1, 0xfa, 0x1f, 0xff, 0xff,
    0xff, 0xff, 0xff, 0xfa, 0x1f, 0xd9, 0x99, 0x99,
    0x99, 0x9a, 0xfa, 0x1f, 0x90, 0x0, 0x0, 0x0,
    0x1, 0xfa, 0x1f, 0x90, 0x0, 0x0, 0x0, 0x1,
    0xfa, 0x1f, 0xff, 0xff, 0xff, 0xff, 0xff, 0xfa,
    0x1f, 0xc7, 0x77, 0x77, 0x77, 0x78, 0xea,

    /* U+8702 "蜂" */
    0x0, 0x0, 0x0, 0x0, 0x0, 0x10, 0x0, 0x0,
    0x0, 0x0, 0xe, 0x70, 0x0, 0x0, 0xeb, 0x0,
    0x0, 0x0, 0x0, 0xe, 0x70, 0x0, 0x9, 0xfd,
    0xbb, 0xb5, 0x0, 0x0, 0xe, 0x70, 0x0, 0x6f,
    0xd8, 0x8c, 0xf4, 0x0, 0xe, 0xff, 0xff, 0xf8,
    0xfe, 0xf4, 0x3f, 0xa0, 0x0, 0xe, 0x9e, 0x99,
    0xf8, 0x90, 0xbf, 0xec, 0x0, 0x0, 0xe, 0x4d,
    0x43, 0xf0, 0x2, 0xaf, 0xfc, 0x40, 0x0, 0xe,
    0x4d, 0x43, 0xf6, 0xbf, 0xf8, 0x8e, 0xfe, 0xa1,
    0xe, 0x4d, 0x43, 0xff, 0xfb, 0x2b, 0xc1, 0xaf,
    0xd0, 0xe, 0x7e, 0x87, 0xf5, 0x75, 0x5d, 0xe5,
    0x56, 0x30, 0xe, 0xff, 0xff, 0xf0, 0xcd, 0xdf,
    0xfd, 0xdd, 0x0, 0x6, 0x3f, 0x71, 0x20, 0x24,
    0x4d, 0xd4, 0x43, 0x0, 0x0, 0xe, 0x78, 0xc0,
    0x8f, 0xff, 0xff, 0xfa, 0x0, 0x0, 0xe, 0x74,
    0xf1, 0x0, 0xc, 0xd0, 0x0, 0x0, 0x15, 0x7f,
    0xff, 0xfc, 0xff, 0xff, 0xff, 0xff, 0xd0, 0x5f,
    0xec, 0x96, 0xe9, 0x33, 0x3c, 0xd3, 0x33, 0x20,
    0x1, 0x0, 0x0, 0x20, 0x0, 0xb, 0xc0, 0x0,
    0x0,

    /* U+884C "行" */
    0x0, 0x0, 0x0, 0x0, 0x0, 0x0, 0x0, 0x0,
    0x0, 0x0, 0x0, 0xbb, 0x10, 0x0, 0x0, 0x0,
    0x0, 0x0, 0x0, 0x9, 0xf7, 0x2, 0xff, 0xff,
    0xff, 0xff, 0x90, 0x0, 0xaf, 0x90, 0x1, 0x99,
    0x99, 0x99, 0x99, 0x50, 0x1d, 0xf9, 0x0, 0x0,
    0x0, 0x0, 0x0, 0x0, 0x0, 0xd, 0x60, 0x2f,
    0x90, 0x0, 0x0, 0x0, 0x0, 0x0, 0x0, 0x0,
    0xdf, 0x30, 0x0, 0x0, 0x0, 0x0, 0x0, 0x0,
    0xa, 0xf8, 0xe, 0xff, 0xff, 0xff, 0xff, 0xf1,
    0x0, 0xaf, 0xf1, 0x8, 0x88, 0x88, 0xaf, 0xc8,
    0x80, 0x1c, 0xff, 0xf1, 0x0, 0x0, 0x0, 0x3f,
    0x70, 0x0, 0x3f, 0xaa, 0xf1, 0x0, 0x0, 0x0,
    0x3f, 0x70, 0x0, 0x2, 0x9, 0xf1, 0x0, 0x0,
    0x0, 0x3f, 0x70, 0x0, 0x0, 0x9, 0xf1, 0x0,
    0x0, 0x0, 0x3f, 0x70, 0x0, 0x0, 0x9, 0xf1,
    0x0, 0x0, 0x0, 0x3f, 0x70, 0x0, 0x0, 0x9,
    0xf1, 0x0, 0x0, 0x0, 0x3f, 0x70, 0x0, 0x0,
    0x9, 0xf1, 0x0, 0x3, 0xbb, 0xdf, 0x60, 0x0,
    0x0, 0x9, 0xf1, 0x0, 0x0, 0xde, 0xd9, 0x10,
    0x0,

    /* U+8981 "要" */
    0xb, 0xff, 0xff, 0xff, 0xff, 0xff, 0xff, 0xff,
    0xa0, 0x5, 0x77, 0x77, 0xfc, 0x77, 0xed, 0x77,
    0x77, 0x40, 0x0, 0x56, 0x66, 0xfc, 0x66, 0xed,
    0x66, 0x66, 0x0, 0x0, 0xdf, 0xee, 0xff, 0xee,
    0xff, 0xee, 0xff, 0x0, 0x0, 0xda, 0x0, 0xf9,
    0x0, 0xdb, 0x0, 0xaf, 0x0, 0x0, 0xdb, 0x22,
    0xfb, 0x22, 0xdc, 0x22, 0xbf, 0x0, 0x0, 0xdf,
    0xff, 0xff, 0xff, 0xff, 0xff, 0xff, 0x0, 0x0,
    0x22, 0x22, 0x8f, 0x72, 0x22, 0x22, 0x22, 0x0,
    0x7, 0x77, 0x77, 0xef, 0x87, 0x77, 0x77, 0x77,
    0x70, 0xf, 0xff, 0xff, 0xff, 0xff, 0xff, 0xff,
    0xff, 0xf0, 0x0, 0x0, 0x6f, 0x90, 0x0, 0xa,
    0xf4, 0x0, 0x0, 0x0, 0x3, 0xff, 0xa6, 0x30,
    0x9f, 0x90, 0x0, 0x0, 0x0, 0x1, 0x69, 0xdf,
    0xff, 0xfe, 0x30, 0x0, 0x0, 0x0, 0x23, 0x58,
    0xcf, 0xfc, 0xdf, 0xfe, 0x94, 0x0, 0x9, 0xff,
    0xfe, 0xb7, 0x30, 0x2, 0x6c, 0xfe, 0x30, 0x1,
    0x53, 0x10, 0x0, 0x0, 0x0, 0x0, 0x22, 0x0,

    /* U+8A00 "言" */
    0x0, 0x0, 0x0, 0x0, 0x0, 0x0, 0x0, 0x0,
    0x0, 0x0, 0x0, 0x6, 0xf6, 0x0, 0x0, 0x0,
    0x0, 0x0, 0x0, 0x0, 0xe, 0xf2, 0x0, 0x0,
    0x0, 0x7, 0x77, 0x77, 0x77, 0xbf, 0xb7, 0x77,
    0x77, 0x70, 0xff, 0xff, 0xff, 0xff, 0xff, 0xff,
    0xff, 0xff, 0x0, 0x0, 0x0, 0x0, 0x0, 0x0,
    0x0, 0x0, 0x0, 0x0, 0x6f, 0xff, 0xff, 0xff,
    0xff, 0xf8, 0x0, 0x0, 0x2, 0x66, 0x66, 0x66,
    0x66, 0x66, 0x30, 0x0, 0x0, 0x1, 0x11, 0x11,
    0x11, 0x11, 0x10, 0x0, 0x0, 0x7, 0xff, 0xff,
    0xff, 0xff, 0xff, 0x80, 0x0, 0x0, 0x14, 0x44,
    0x44, 0x44, 0x44, 0x42, 0x0, 0x0, 0x2, 0x44,
    0x44, 0x44, 0x44, 0x44, 0x30, 0x0, 0x0, 0xaf,
    0xff, 0xff, 0xff, 0xff, 0xfb, 0x0, 0x0, 0xa,
    0xf2, 0x22, 0x22, 0x22, 0x2f, 0xb0, 0x0, 0x0,
    0xaf, 0x0, 0x0, 0x0, 0x0, 0xfb, 0x0, 0x0,
    0xa, 0xfe, 0xee, 0xee, 0xee, 0xef, 0xb0, 0x0,
    0x0, 0xaf, 0x77, 0x77, 0x77, 0x77, 0xeb, 0x0,
    0x0,

    /* U+8B66 "警" */
    0x0, 0x0, 0x0, 0x0, 0x0, 0x0, 0x0, 0x0,
    0x0, 0x0, 0xf, 0x60, 0xd9, 0x0, 0xe, 0x60,
    0x0, 0x0, 0x8, 0x8f, 0xb8, 0xed, 0x84, 0x7f,
    0xed, 0xdd, 0xd0, 0x0, 0x7f, 0x97, 0xba, 0x53,
    0xff, 0x55, 0xec, 0x40, 0x4, 0xf9, 0x88, 0x8d,
    0xde, 0xcf, 0x95, 0xf4, 0x0, 0x2f, 0xfd, 0xdd,
    0x3b, 0xa4, 0x5, 0xfe, 0xa0, 0x0, 0x3, 0xe6,
    0x1e, 0x4e, 0x80, 0x3a, 0xff, 0xd6, 0x10, 0x0,
    0xdc, 0xbb, 0xdf, 0x56, 0xfc, 0x42, 0xaf, 0xe1,
    0x0, 0x10, 0x0, 0x53, 0xea, 0x30, 0x0, 0x2,
    0x40, 0xa, 0xee, 0xee, 0xee, 0xff, 0xee, 0xee,
    0xee, 0xa0, 0x3, 0x44, 0x44, 0x44, 0x44, 0x44,
    0x44, 0x44, 0x30, 0x0, 0x8, 0xee, 0xee, 0xee,
    0xee, 0xee, 0xa0, 0x0, 0x0, 0x4, 0x77, 0x77,
    0x77, 0x77, 0x77, 0x50, 0x0, 0x0, 0x3, 0x55,
    0x55, 0x55, 0x55, 0x55, 0x40, 0x0, 0x0, 0xb,
    0xfe, 0xee, 0xee, 0xee, 0xef, 0xe0, 0x0, 0x0,
    0xb, 0xd0, 0x0, 0x0, 0x0, 0xb, 0xe0, 0x0,
    0x0, 0xb, 0xfe, 0xee, 0xee, 0xee, 0xef, 0xe0,
    0x0,

    /* U+8BA4 "认" */
    0x0, 0x72, 0x0, 0x0, 0x0, 0xcd, 0x0, 0x0,
    0x0, 0x2e, 0xe3, 0x0, 0x0, 0xd, 0xd0, 0x0,
    0x0, 0x0, 0x2e, 0xf3, 0x0, 0x0, 0xdd, 0x0,
    0x0, 0x0, 0x0, 0x2b, 0x0, 0x0, 0xd, 0xc0,
    0x0, 0x0, 0x0, 0x0, 0x0, 0x0, 0x0, 0xec,
    0x0, 0x0, 0x8, 0x88, 0x84, 0x0, 0x0, 0xf,
    0xc0, 0x0, 0x0, 0xff, 0xff, 0x80, 0x0, 0x1,
    0xfe, 0x0, 0x0, 0x0, 0x1, 0xf8, 0x0, 0x0,
    0x3f, 0xf1, 0x0, 0x0, 0x0, 0x1f, 0x80, 0x0,
    0x5, 0xff, 0x60, 0x0, 0x0, 0x1, 0xf8, 0x0,
    0x0, 0x9f, 0xfa, 0x0, 0x0, 0x0, 0x1f, 0x80,
    0x0, 0xd, 0xd9, 0xf1, 0x0, 0x0, 0x1, 0xf8,
    0x26, 0x4, 0xf8, 0x3f, 0x90, 0x0, 0x0, 0x1f,
    0xcf, 0xd0, 0xcf, 0x20, 0xcf, 0x10, 0x0, 0x4,
    0xff, 0xb1, 0x7f, 0x90, 0x3, 0xfc, 0x0, 0x0,
    0xdf, 0x70, 0x7f, 0xd0, 0x0, 0x8, 0xfb, 0x10,
    0x7, 0x30, 0xd, 0xd2, 0x0, 0x0, 0x9, 0xf4,
    0x0, 0x0, 0x0, 0x11, 0x0, 0x0, 0x0, 0x2,
    0x0,

    /* U+8BB0 "记" */
    0x0, 0x46, 0x0, 0x0, 0x0, 0x0, 0x0, 0x0,
    0x0, 0x0, 0xbf, 0x80, 0xa, 0xff, 0xff, 0xff,
    0xfe, 0x0, 0x0, 0xb, 0xf8, 0x7, 0xaa, 0xaa,
    0xaa, 0xef, 0x0, 0x0, 0x0, 0xc8, 0x0, 0x0,
    0x0, 0x0, 0xbf, 0x0, 0x0, 0x0, 0x0, 0x0,
    0x0, 0x0, 0x0, 0xbf, 0x0, 0x28, 0x88, 0x80,
    0x0, 0x0, 0x0, 0x0, 0xbf, 0x0, 0x4f, 0xff,
    0xf1, 0x0, 0x0, 0x0, 0x0, 0xbf, 0x0, 0x1,
    0x1a, 0xf1, 0x1, 0xff, 0xff, 0xff, 0xff, 0x0,
    0x0, 0x9, 0xf1, 0x1, 0xfd, 0x88, 0x88, 0xef,
    0x0, 0x0, 0x9, 0xf1, 0x1, 0xf9, 0x0, 0x0,
    0x35, 0x0, 0x0, 0x9, 0xf1, 0x1, 0xf9, 0x0,
    0x0, 0x0, 0x0, 0x0, 0x9, 0xf1, 0x21, 0xf9,
    0x0, 0x0, 0x3, 0x10, 0x0, 0x9, 0xf9, 0xf2,
    0xf9, 0x0, 0x0, 0x8, 0xf0, 0x0, 0xb, 0xff,
    0x91, 0xfa, 0x0, 0x0, 0xb, 0xf0, 0x0, 0x3f,
    0xe4, 0x0, 0xff, 0xa9, 0x99, 0xaf, 0xb0, 0x0,
    0xb, 0x10, 0x0, 0x6e, 0xff, 0xff, 0xfc, 0x20,

    /* U+8BBE "设" */
    0x0, 0x1, 0x0, 0x0, 0x0, 0x0, 0x0, 0x0,
    0x0, 0x0, 0xae, 0x30, 0x0, 0x7f, 0xff, 0xff,
    0x80, 0x0, 0x0, 0x2e, 0xf3, 0x0, 0x7f, 0x98,
    0x8f, 0x80, 0x0, 0x0, 0x1, 0xd8, 0x0, 0x9f,
    0x0, 0xf, 0x80, 0x0, 0x0, 0x0, 0x10, 0x1,
    0xec, 0x0, 0xf, 0x90, 0x0, 0x27, 0x77, 0x50,
    0x3c, 0xf4, 0x0, 0xe, 0xea, 0xa0, 0x3e, 0xef,
    0xa0, 0xae, 0x40, 0x0, 0x3, 0x88, 0x70, 0x0,
    0xe, 0xa0, 0x28, 0x88, 0x88, 0x88, 0x86, 0x0,
    0x0, 0xe, 0xa0, 0x3f, 0xff, 0xff, 0xff, 0xfd,
    0x0, 0x0, 0xe, 0xa0, 0x6, 0xf4, 0x0, 0x5,
    0xf6, 0x0, 0x0, 0xe, 0xa0, 0x0, 0xdd, 0x0,
    0xd, 0xe0, 0x0, 0x0, 0xe, 0xa2, 0x70, 0x4f,
    0xb1, 0xcf, 0x30, 0x0, 0x0, 0xe, 0xdf, 0xd0,
    0x6, 0xff, 0xf5, 0x0, 0x0, 0x0, 0x2f, 0xfc,
    0x10, 0x19, 0xff, 0xf9, 0x10, 0x0, 0x0, 0xaf,
    0x90, 0x7b, 0xff, 0xa4, 0xcf, 0xfb, 0x60, 0x0,
    0x37, 0x0, 0xce, 0x92, 0x0, 0x4, 0xaf, 0xb0,
    0x0, 0x0, 0x0, 0x10, 0x0, 0x0, 0x0, 0x0,
    0x10,

    /* U+8BD5 "试" */
    0x3, 0x80, 0x0, 0x0, 0x0, 0x2f, 0x89, 0x50,
    0x0, 0x8f, 0xa0, 0x0, 0x0, 0x2, 0xf8, 0x8f,
    0x20, 0x0, 0x8f, 0x90, 0x0, 0x0, 0x1f, 0x80,
    0xd9, 0x0, 0x0, 0x93, 0x78, 0x88, 0x89, 0xfc,
    0x8a, 0x80, 0x0, 0x0, 0xd, 0xff, 0xff, 0xff,
    0xff, 0xff, 0x19, 0x99, 0x80, 0x0, 0x0, 0x1,
    0xfa, 0x0, 0x0, 0xff, 0xfe, 0x0, 0x0, 0x0,
    0xf, 0xb0, 0x0, 0x0, 0xa, 0xe0, 0x28, 0x88,
    0x84, 0xdc, 0x0, 0x0, 0x0, 0xae, 0x4, 0xff,
    0xff, 0x7c, 0xe0, 0x0, 0x0, 0xa, 0xe0, 0x0,
    0x9e, 0x0, 0xbf, 0x0, 0x0, 0x0, 0xae, 0x0,
    0x9, 0xe0, 0x9, 0xf2, 0x0, 0x0, 0xa, 0xe0,
    0x10, 0x9e, 0x0, 0x6f, 0x50, 0x40, 0x0, 0xaf,
    0xad, 0x9, 0xf9, 0xd3, 0xf8, 0x2f, 0x20, 0xe,
    0xfe, 0xbd, 0xff, 0xe9, 0xe, 0xe8, 0xf0, 0x5,
    0xfb, 0x14, 0xc7, 0x20, 0x0, 0x8f, 0xfb, 0x0,
    0x6, 0x0, 0x0, 0x0, 0x0, 0x0, 0xbe, 0x30,
    0x0, 0x0, 0x0, 0x0, 0x0, 0x0, 0x0, 0x0,
    0x0,

    /* U+8BF7 "请" */
    0x0, 0x44, 0x0, 0x0, 0x0, 0x4f, 0x60, 0x0,
    0x0, 0x0, 0xbf, 0x60, 0x3c, 0xcc, 0xdf, 0xec,
    0xcc, 0x60, 0x0, 0xa, 0xf6, 0x15, 0x55, 0x8f,
    0x95, 0x55, 0x30, 0x0, 0x0, 0x91, 0xa, 0xcc,
    0xdf, 0xec, 0xcc, 0x0, 0x0, 0x0, 0x0, 0x4,
    0x55, 0x8f, 0x95, 0x55, 0x0, 0x1b, 0xbb, 0xa0,
    0x78, 0x88, 0xaf, 0xb8, 0x88, 0x80, 0x2f, 0xff,
    0xe0, 0xac, 0xcc, 0xcc, 0xcc, 0xcc, 0xc1, 0x0,
    0xa, 0xe0, 0x2, 0x33, 0x33, 0x33, 0x32, 0x0,
    0x0, 0xa, 0xe0, 0x9, 0xff, 0xff, 0xff, 0xfb,
    0x0, 0x0, 0xa, 0xe0, 0x9, 0xf0, 0x0, 0x0,
    0xdb, 0x0, 0x0, 0xa, 0xe0, 0x9, 0xff, 0xff,
    0xff, 0xfb, 0x0, 0x0, 0xa, 0xe0, 0x29, 0xf2,
    0x22, 0x22, 0xdb, 0x0, 0x0, 0xa, 0xe9, 0xb9,
    0xf3, 0x33, 0x33, 0xeb, 0x0, 0x0, 0xd, 0xff,
    0x79, 0xff, 0xff, 0xff, 0xfb, 0x0, 0x0, 0x5f,
    0xc2, 0x9, 0xf0, 0x0, 0x77, 0xeb, 0x0, 0x0,
    0x7, 0x0, 0x9, 0xf0, 0x0, 0xbf, 0xd4, 0x0,

    /* U+8C03 "调" */
    0x0, 0x20, 0x0, 0x0, 0x0, 0x0, 0x0, 0x0,
    0x0, 0x1e, 0xc1, 0x3, 0xff, 0xff, 0xff, 0xff,
    0xf8, 0x0, 0x4e, 0xe2, 0x3f, 0x97, 0x8d, 0x87,
    0x7f, 0x80, 0x0, 0x3d, 0x23, 0xf3, 0x2, 0xf4,
    0x0, 0xf8, 0x0, 0x0, 0x0, 0x3f, 0x3d, 0xff,
    0xff, 0xf, 0x82, 0x88, 0x86, 0x3, 0xf3, 0x24,
    0xf5, 0x20, 0xf8, 0x3f, 0xff, 0xa0, 0x3f, 0x44,
    0x5f, 0x74, 0x2f, 0x80, 0x0, 0xea, 0x3, 0xf6,
    0xff, 0xff, 0xf7, 0xf8, 0x0, 0xe, 0xa0, 0x4f,
    0x20, 0x0, 0x0, 0xf, 0x80, 0x0, 0xea, 0x4,
    0xf1, 0xef, 0xff, 0xe0, 0xf8, 0x0, 0xe, 0xa0,
    0x6f, 0xe, 0x84, 0x8e, 0xf, 0x80, 0x0, 0xea,
    0x49, 0xe0, 0xe5, 0x5, 0xe0, 0xf8, 0x0, 0xf,
    0xef, 0xfb, 0xe, 0xfe, 0xfe, 0xf, 0x80, 0x3,
    0xff, 0xbf, 0x70, 0xe8, 0x44, 0x40, 0xf8, 0x0,
    0xbf, 0x5a, 0xf1, 0x1, 0x0, 0x17, 0x8f, 0x70,
    0x2, 0x30, 0x78, 0x0, 0x0, 0x0, 0xdf, 0xc2,
    0x0, 0x0, 0x0, 0x0, 0x0, 0x0, 0x0, 0x0,
    0x0,

    /* U+8D25 "败" */
    0x0, 0x0, 0x0, 0x0, 0x0, 0x9, 0x30, 0x0,
    0x0, 0x6, 0xff, 0xff, 0xff, 0x20, 0x4f, 0x50,
    0x0, 0x0, 0x6, 0xf8, 0x88, 0x9f, 0x20, 0x8f,
    0x10, 0x0, 0x0, 0x6, 0xf0, 0x95, 0x3f, 0x20,
    0xdf, 0xff, 0xff, 0xf0, 0x6, 0xf0, 0xe8, 0x3f,
    0x22, 0xfa, 0x88, 0xde, 0x80, 0x6, 0xf0, 0xe8,
    0x3f, 0x2a, 0xf0, 0x0, 0xbb, 0x0, 0x6, 0xf0,
    0xe8, 0x3f, 0x6f, 0xf0, 0x0, 0xe9, 0x0, 0x6,
    0xf0, 0xe8, 0x3f, 0xaf, 0xf4, 0x1, 0xf6, 0x0,
    0x6, 0xf0, 0xe8, 0x3f, 0x35, 0xda, 0x4, 0xf2,
    0x0, 0x6, 0xf0, 0xf7, 0x3f, 0x20, 0x7f, 0x1a,
    0xd0, 0x0, 0x6, 0xf1, 0xf5, 0x3f, 0x20, 0x1f,
    0x9f, 0x70, 0x0, 0x5, 0xd4, 0xf2, 0x2c, 0x20,
    0x8, 0xff, 0x10, 0x0, 0x0, 0xa, 0xe3, 0x60,
    0x0, 0x2, 0xfe, 0x0, 0x0, 0x0, 0x2f, 0x76,
    0xf4, 0x0, 0x1d, 0xff, 0xc0, 0x0, 0x2, 0xde,
    0x0, 0xbe, 0x12, 0xcf, 0x35, 0xfc, 0x30, 0x1e,
    0xe2, 0x0, 0x2e, 0x6f, 0xe4, 0x0, 0x5f, 0xf1,
    0x5, 0x20, 0x0, 0x0, 0x5, 0x10, 0x0, 0x2,
    0x50,

    /* U+8D76 "赶" */
    0x0, 0x0, 0xcc, 0x0, 0x0, 0x0, 0x0, 0x0,
    0x0, 0x1, 0x11, 0xcc, 0x11, 0x16, 0xff, 0xff,
    0xff, 0xa0, 0x9, 0xff, 0xff, 0xff, 0xa3, 0x88,
    0xdf, 0x88, 0x50, 0x3, 0x55, 0xdd, 0x55, 0x30,
    0x0, 0xaf, 0x0, 0x0, 0x0, 0x0, 0xcc, 0x0,
    0x0, 0x0, 0xaf, 0x0, 0x0, 0xb, 0xbb, 0xee,
    0xbb, 0xb0, 0x0, 0xaf, 0x0, 0x0, 0xc, 0xcc,
    0xef, 0xcc, 0xcd, 0xff, 0xff, 0xff, 0xf1, 0x0,
    0x0, 0x7f, 0x0, 0x7, 0x99, 0xdf, 0x99, 0x90,
    0x5, 0xf3, 0x7f, 0x0, 0x0, 0x0, 0xaf, 0x0,
    0x0, 0x6, 0xf2, 0x7f, 0xff, 0xc0, 0x0, 0xaf,
    0x0, 0x0, 0x7, 0xf2, 0x7f, 0x87, 0x60, 0x0,
    0xaf, 0x0, 0x0, 0x8, 0xf8, 0x7f, 0x0, 0x0,
    0x0, 0xaf, 0x0, 0x0, 0x9, 0xff, 0xaf, 0x0,
    0x0, 0x0, 0xaf, 0x0, 0x0, 0xc, 0xde, 0xff,
    0x0, 0x0, 0x0, 0x8c, 0x0, 0x0, 0xf, 0x92,
    0xef, 0xeb, 0xaa, 0x99, 0x99, 0x99, 0xa3, 0x5f,
    0x40, 0x6, 0xad, 0xef, 0xff, 0xff, 0xff, 0xf0,
    0x6, 0x0, 0x0, 0x0, 0x0, 0x0, 0x0, 0x0,
    0x0,

    /* U+8DCC "跌" */
    0x0, 0x0, 0x0, 0x0, 0x0, 0x8, 0xf1, 0x0,
    0x0, 0x7, 0xff, 0xff, 0xf0, 0x5e, 0x38, 0xf1,
    0x0, 0x0, 0x7, 0xf6, 0x6b, 0xf0, 0x8f, 0x18,
    0xf1, 0x0, 0x0, 0x7, 0xf0, 0x7, 0xf0, 0xbf,
    0xbe, 0xfc, 0xbb, 0x70, 0x7, 0xf2, 0x29, 0xf1,
    0xfc, 0x9d, 0xfa, 0x99, 0x60, 0x7, 0xff, 0xff,
    0xf8, 0xf3, 0x8, 0xf1, 0x0, 0x0, 0x1, 0x45,
    0xf8, 0x44, 0xb0, 0x8, 0xf1, 0x0, 0x0, 0x1,
    0x21, 0xf5, 0x1, 0x33, 0x3a, 0xf3, 0x33, 0x30,
    0x7, 0xd1, 0xfa, 0x79, 0xff, 0xff, 0xff, 0xff,
    0xf0, 0x7, 0xd1, 0xff, 0xf4, 0x66, 0x6f, 0xf9,
    0x66, 0x60, 0x7, 0xd1, 0xf5, 0x0, 0x0, 0x2f,
    0xfb, 0x0, 0x0, 0x7, 0xd1, 0xf5, 0x0, 0x0,
    0x9f, 0xcf, 0x30, 0x0, 0x7, 0xd1, 0xf8, 0x81,
    0x2, 0xfc, 0x1f, 0xa0, 0x0, 0x9, 0xfb, 0xff,
    0xf3, 0x1e, 0xf2, 0x8, 0xf7, 0x0, 0x3f, 0xfd,
    0x94, 0x5, 0xef, 0x50, 0x0, 0xdf, 0x91, 0x7,
    0x20, 0x0, 0x1e, 0xe4, 0x0, 0x0, 0x1c, 0xe1,
    0x0, 0x0, 0x0, 0x2, 0x10, 0x0, 0x0, 0x0,
    0x10,

    /* U+8F83 "较" */
    0x0, 0x0, 0x0, 0x0, 0x0, 0x0, 0x0, 0x0,
    0x0, 0x0, 0xa, 0xd0, 0x0, 0x0, 0xb, 0xc0,
    0x0, 0x0, 0x0, 0xd, 0xc0, 0x0, 0x0, 0x7,
    0xf5, 0x0, 0x0, 0x2f, 0xff, 0xff, 0xf3, 0x99,
    0x99, 0xfa, 0x99, 0x80, 0x18, 0xbf, 0xa8, 0x82,
    0xff, 0xff, 0xff, 0xff, 0xe0, 0x0, 0x9e, 0x68,
    0x0, 0x1, 0xd5, 0x1, 0xb2, 0x0, 0x0, 0xd9,
    0x9e, 0x0, 0x9, 0xf1, 0x0, 0xdc, 0x0, 0x3,
    0xf3, 0x9e, 0x0, 0x4f, 0x70, 0x0, 0x4f, 0x70,
    0xc, 0xf9, 0xdf, 0x84, 0xee, 0x40, 0x1, 0x4b,
    0xf1, 0xc, 0xff, 0xff, 0xf4, 0xaa, 0xf4, 0x7,
    0xf5, 0xa1, 0x0, 0x0, 0x9e, 0x0, 0x0, 0xdc,
    0xe, 0xd0, 0x0, 0x0, 0x0, 0x9e, 0x1, 0x0,
    0x5f, 0xaf, 0x60, 0x0, 0x16, 0x8a, 0xef, 0xf9,
    0x0, 0xd, 0xfc, 0x0, 0x0, 0x1f, 0xfd, 0xef,
    0x62, 0x0, 0x1d, 0xfd, 0x10, 0x0, 0x2, 0x0,
    0x9e, 0x0, 0x3, 0xef, 0x8f, 0xe3, 0x0, 0x0,
    0x0, 0x9e, 0x1, 0x9f, 0xe3, 0x4, 0xff, 0xb1,
    0x0, 0x0, 0x9e, 0x2, 0xe8, 0x10, 0x0, 0x19,
    0x90, 0x0, 0x0, 0x0, 0x0, 0x0, 0x0, 0x0,
    0x0, 0x0,

    /* U+8FD0 "运" */
    0x0, 0x0, 0x0, 0x0, 0x0, 0x0, 0x0, 0x0,
    0x0, 0x7, 0xe5, 0x0, 0x1f, 0xff, 0xff, 0xff,
    0xfe, 0x0, 0x2, 0xdf, 0x90, 0x18, 0x88, 0x88,
    0x88, 0x88, 0x0, 0x0, 0xa, 0xe2, 0x0, 0x0,
    0x0, 0x0, 0x0, 0x0, 0x0, 0x0, 0x10, 0x0,
    0x0, 0x0, 0x0, 0x0, 0x0, 0x0, 0x0, 0x5,
    0xff, 0xff, 0xff, 0xff, 0xff, 0xf2, 0x4f, 0xff,
    0xa2, 0x77, 0x8f, 0xf8, 0x77, 0x77, 0x71, 0x29,
    0x9f, 0xb0, 0x0, 0x5f, 0x90, 0x4b, 0x0, 0x0,
    0x0, 0xe, 0xb0, 0x0, 0xdf, 0x20, 0x4f, 0x80,
    0x0, 0x0, 0xe, 0xb0, 0x5, 0xf8, 0x0, 0xb,
    0xf2, 0x0, 0x0, 0xe, 0xb0, 0x1e, 0xe3, 0x45,
    0x6a, 0xfb, 0x0, 0x0, 0xe, 0xb0, 0x9f, 0xff,
    0xff, 0xff, 0xff, 0x40, 0x0, 0xe, 0xb0, 0x3a,
    0x86, 0x43, 0x10, 0x1f, 0x80, 0x1, 0xaf, 0xfa,
    0x30, 0x0, 0x0, 0x0, 0x1, 0x0, 0x2e, 0xf9,
    0x7e, 0xfe, 0xba, 0x99, 0x9a, 0xab, 0xb3, 0xc,
    0x70, 0x1, 0x6b, 0xef, 0xff, 0xff, 0xff, 0xe0,
    0x1, 0x0, 0x0, 0x0, 0x0, 0x0, 0x0, 0x0,
    0x0,

    /* U+8FD9 "这" */
    0x0, 0x0, 0x0, 0x0, 0x0, 0x20, 0x0, 0x0,
    0x0, 0x0, 0x30, 0x0, 0x0, 0x8, 0xf4, 0x0,
    0x0, 0x0, 0xb, 0xf5, 0x0, 0x0, 0x2, 0xfc,
    0x0, 0x0, 0x0, 0x1, 0xdf, 0x45, 0x88, 0x88,
    0xef, 0x88, 0x88, 0x70, 0x0, 0x2f, 0x8b, 0xff,
    0xff, 0xff, 0xff, 0xff, 0xe0, 0x0, 0x1, 0x0,
    0x11, 0x0, 0x0, 0x4f, 0x80, 0x0, 0x0, 0x0,
    0x0, 0xbc, 0x20, 0x0, 0xaf, 0x10, 0x0, 0x7,
    0x77, 0x50, 0x5e, 0xf6, 0x2, 0xfb, 0x0, 0x0,
    0x1f, 0xff, 0xa0, 0x1, 0xcf, 0xac, 0xf2, 0x0,
    0x0, 0x0, 0xe, 0xa0, 0x0, 0x8, 0xff, 0x90,
    0x0, 0x0, 0x0, 0xe, 0xa0, 0x0, 0x9, 0xff,
    0xf6, 0x0, 0x0, 0x0, 0xe, 0xa0, 0x3, 0xdf,
    0xa2, 0xdf, 0x90, 0x0, 0x0, 0xe, 0xa4, 0xcf,
    0xf7, 0x0, 0x1b, 0xfb, 0x0, 0x0, 0xe, 0xb4,
    0xf9, 0x20, 0x0, 0x0, 0xab, 0x0, 0x2, 0xcf,
    0xfa, 0x40, 0x0, 0x0, 0x0, 0x0, 0x0, 0x2e,
    0xf7, 0x7f, 0xfe, 0xba, 0x99, 0xaa, 0xbd, 0xf1,
    0xc, 0x70, 0x1, 0x7c, 0xff, 0xff, 0xff, 0xff,
    0xc0, 0x1, 0x0, 0x0, 0x0, 0x0, 0x11, 0x10,
    0x0, 0x0,

    /* U+8FDE "连" */
    0x0, 0x0, 0x0, 0x0, 0x0, 0x0, 0x0, 0x0,
    0x0, 0x1, 0xb3, 0x0, 0x0, 0xe, 0xb0, 0x0,
    0x0, 0x0, 0x1, 0xee, 0x10, 0x44, 0x6f, 0xc4,
    0x44, 0x44, 0x20, 0x0, 0x3f, 0xc1, 0xff, 0xff,
    0xff, 0xff, 0xff, 0xa0, 0x0, 0x8, 0xc1, 0x23,
    0xfc, 0x22, 0x22, 0x22, 0x10, 0x0, 0x0, 0x0,
    0x7, 0xf4, 0xe, 0xd0, 0x0, 0x0, 0x1, 0x11,
    0x10, 0x1f, 0xc0, 0xe, 0xd0, 0x0, 0x0, 0x2f,
    0xff, 0xa0, 0x9f, 0xff, 0xff, 0xff, 0xff, 0x10,
    0x16, 0x6f, 0xa0, 0x4a, 0x88, 0x8f, 0xe8, 0x88,
    0x0, 0x0, 0xe, 0xa0, 0x0, 0x0, 0xe, 0xd0,
    0x0, 0x0, 0x0, 0xe, 0xa1, 0x66, 0x66, 0x6f,
    0xe6, 0x66, 0x50, 0x0, 0xe, 0xa3, 0xff, 0xff,
    0xff, 0xff, 0xff, 0xe0, 0x0, 0xe, 0xa0, 0x22,
    0x22, 0x2e, 0xd2, 0x22, 0x20, 0x0, 0xf, 0xa0,
    0x0, 0x0, 0xe, 0xd0, 0x0, 0x0, 0x4, 0xef,
    0xf9, 0x30, 0x0, 0xe, 0xd0, 0x0, 0x0, 0x3f,
    0xf5, 0x7f, 0xfe, 0xba, 0x9b, 0xca, 0xbb, 0xc5,
    0xd, 0x50, 0x1, 0x7c, 0xff, 0xff, 0xff, 0xff,
    0xe2, 0x1, 0x0, 0x0, 0x0, 0x0, 0x0, 0x0,
    0x0, 0x0,

    /* U+9001 "送" */
    0x0, 0x0, 0x0, 0x0, 0x0, 0x0, 0x0, 0x0,
    0x0, 0x3, 0xc3, 0x0, 0x5, 0xf2, 0x0, 0x5,
    0xf6, 0x0, 0x1, 0xee, 0x10, 0x1, 0xfc, 0x0,
    0xd, 0xe1, 0x0, 0x0, 0x3f, 0xc0, 0x0, 0x8d,
    0x10, 0x5f, 0x50, 0x0, 0x0, 0x8, 0xb1, 0x9f,
    0xff, 0xff, 0xff, 0xff, 0x50, 0x0, 0x0, 0x0,
    0x58, 0x88, 0xdf, 0x98, 0x88, 0x30, 0x2, 0x22,
    0x10, 0x0, 0x0, 0xaf, 0x10, 0x0, 0x0, 0x1f,
    0xff, 0xa0, 0x0, 0x0, 0xaf, 0x10, 0x0, 0x0,
    0x6, 0x6f, 0xa3, 0xff, 0xff, 0xff, 0xff, 0xff,
    0xf0, 0x0, 0xe, 0xa1, 0x77, 0x77, 0xff, 0xa7,
    0x77, 0x70, 0x0, 0xe, 0xa0, 0x0, 0x4, 0xff,
    0xf4, 0x0, 0x0, 0x0, 0xe, 0xa0, 0x0, 0x1e,
    0xf3, 0xdf, 0x50, 0x0, 0x0, 0xe, 0xa0, 0x4,
    0xef, 0x50, 0x1d, 0xf5, 0x0, 0x0, 0xf, 0xa0,
    0xbf, 0xe4, 0x0, 0x1, 0xdf, 0x20, 0x4, 0xef,
    0xf8, 0x89, 0x10, 0x0, 0x0, 0x15, 0x0, 0x5f,
    0xe4, 0x9f, 0xfd, 0xaa, 0x99, 0x9a, 0xab, 0xc4,
    0x1e, 0x30, 0x2, 0x7c, 0xff, 0xff, 0xff, 0xfe,
    0xd1, 0x1, 0x0, 0x0, 0x0, 0x0, 0x0, 0x0,
    0x0, 0x0,

    /* U+901A "通" */
    0x0, 0x0, 0x0, 0x0, 0x0, 0x0, 0x0, 0x0,
    0x0, 0x3, 0xb2, 0x0, 0x6f, 0xff, 0xff, 0xff,
    0xff, 0x30, 0x4, 0xee, 0x30, 0x24, 0x59, 0x54,
    0x5d, 0xf8, 0x0, 0x0, 0x2e, 0xf3, 0x0, 0x7e,
    0xfb, 0xed, 0x30, 0x0, 0x0, 0x1, 0x80, 0x37,
    0x77, 0xbf, 0xfd, 0x77, 0x40, 0x0, 0x0, 0x0,
    0x7f, 0xaa, 0xaf, 0xca, 0xaf, 0x90, 0x7, 0x77,
    0x60, 0x7f, 0x42, 0x4f, 0x82, 0x2f, 0x90, 0x1f,
    0xff, 0xe0, 0x7f, 0xff, 0xff, 0xff, 0xff, 0x90,
    0x1, 0x1b, 0xe0, 0x7f, 0x10, 0x1f, 0x70, 0xf,
    0x90, 0x0, 0xa, 0xe0, 0x7f, 0x54, 0x5f, 0x94,
    0x4f, 0x90, 0x0, 0xa, 0xe0, 0x7f, 0xff, 0xff,
    0xff, 0xff, 0x90, 0x0, 0xa, 0xe0, 0x7f, 0x10,
    0x1f, 0x60, 0xf, 0x90, 0x0, 0xb, 0xf0, 0x7f,
    0x10, 0x1f, 0x69, 0xef, 0x70, 0x0, 0xbf, 0xfc,
    0x55, 0x0, 0x4, 0x23, 0x64, 0x0, 0xb, 0xf5,
    0x3c, 0xfc, 0x76, 0x55, 0x66, 0x79, 0xa4, 0xc,
    0x70, 0x0, 0x5b, 0xef, 0xff, 0xff, 0xff, 0xe2,
    0x1, 0x0, 0x0, 0x0, 0x0, 0x11, 0x10, 0x0,
    0x0,

    /* U+914D "配" */
    0xf, 0xff, 0xff, 0xff, 0xf3, 0xff, 0xff, 0xff,
    0xb0, 0x7, 0x7c, 0xdb, 0xd7, 0x72, 0x99, 0x99,
    0x9f, 0xb0, 0x1, 0x29, 0xb8, 0xb2, 0x10, 0x0,
    0x0, 0xe, 0xb0, 0x9, 0xff, 0xff, 0xff, 0xa0,
    0x0, 0x0, 0xe, 0xb0, 0x9, 0xc7, 0xbb, 0x7c,
    0xa0, 0x0, 0x0, 0xe, 0xb0, 0x9, 0xa4, 0x99,
    0x4a, 0xa1, 0x99, 0x99, 0x9f, 0xb0, 0x9, 0xa5,
    0x79, 0x4a, 0xa1, 0xff, 0xff, 0xff, 0xb0, 0x9,
    0xaa, 0x58, 0x6b, 0xa1, 0xf8, 0x0, 0xe, 0xb0,
    0x9, 0xcd, 0x3, 0xbe, 0xa1, 0xf8, 0x0, 0x4,
    0x30, 0x9, 0xa0, 0x0, 0xa, 0xa1, 0xf8, 0x0,
    0x0, 0x0, 0x9, 0xff, 0xff, 0xff, 0xa1, 0xf8,
    0x0, 0x0, 0x0, 0x9, 0xc3, 0x33, 0x3c, 0xa1,
    0xf8, 0x0, 0x3, 0xf3, 0x9, 0xb2, 0x22, 0x2b,
    0xa1, 0xf8, 0x0, 0x4, 0xf3, 0x9, 0xff, 0xff,
    0xff, 0xa0, 0xfd, 0x76, 0x7c, 0xf1, 0x9, 0xb2,
    0x22, 0x2b, 0xa0, 0x9f, 0xff, 0xff, 0x80, 0x0,
    0x0, 0x0, 0x0, 0x0, 0x0, 0x11, 0x10, 0x0,

    /* U+91CC "里" */
    0x3, 0xff, 0xff, 0xff, 0xff, 0xff, 0xff, 0x70,
    0x0, 0x3f, 0xb7, 0x77, 0xdf, 0x77, 0x79, 0xf7,
    0x0, 0x3, 0xf7, 0x0, 0xb, 0xe0, 0x0, 0x3f,
    0x70, 0x0, 0x3f, 0xff, 0xff, 0xff, 0xff, 0xff,
    0xf7, 0x0, 0x3, 0xfa, 0x55, 0x5c, 0xe5, 0x55,
    0x7f, 0x70, 0x0, 0x3f, 0x70, 0x0, 0xbe, 0x0,
    0x3, 0xf7, 0x0, 0x3, 0xfc, 0x88, 0x8d, 0xf8,
    0x88, 0xaf, 0x70, 0x0, 0x3f, 0xff, 0xff, 0xff,
    0xff, 0xff, 0xf7, 0x0, 0x0, 0x0, 0x0, 0xc,
    0xf0, 0x0, 0x0, 0x0, 0x0, 0x67, 0x77, 0x77,
    0xef, 0x77, 0x77, 0x77, 0x0, 0xc, 0xff, 0xff,
    0xff, 0xff, 0xff, 0xff, 0xf1, 0x0, 0x0, 0x0,
    0x0, 0xdf, 0x0, 0x0, 0x0, 0x0, 0x0, 0x0,
    0x0, 0xc, 0xf0, 0x0, 0x0, 0x0, 0x9, 0x99,
    0x99, 0x99, 0xef, 0x99, 0x99, 0x99, 0x90, 0xef,
    0xff, 0xff, 0xff, 0xff, 0xff, 0xff, 0xff, 0x0,

    /* U+91CD "重" */
    0x0, 0x0, 0x0, 0x0, 0x12, 0x35, 0x79, 0x70,
    0x0, 0x0, 0x6d, 0xee, 0xff, 0xff, 0xff, 0xfd,
    0xb0, 0x0, 0x0, 0x28, 0x76, 0x65, 0xfc, 0x20,
    0x0, 0x0, 0x0, 0xb, 0xcc, 0xcc, 0xcc, 0xff,
    0xcc, 0xcc, 0xcc, 0xb0, 0x4, 0x55, 0x55, 0x55,
    0xfd, 0x55, 0x55, 0x55, 0x40, 0x0, 0x1e, 0xee,
    0xee, 0xff, 0xee, 0xee, 0xe3, 0x0, 0x0, 0x1f,
    0xa3, 0x33, 0xfc, 0x33, 0x39, 0xf3, 0x0, 0x0,
    0x1f, 0x93, 0x33, 0xfc, 0x33, 0x39, 0xf3, 0x0,
    0x0, 0x1f, 0xed, 0xdd, 0xff, 0xdd, 0xde, 0xf3,
    0x0, 0x0, 0x1f, 0x93, 0x33, 0xfc, 0x33, 0x39,
    0xf3, 0x0, 0x0, 0x1f, 0xff, 0xff, 0xff, 0xff,
    0xff, 0xf3, 0x0, 0x0, 0x0, 0x0, 0x0, 0xec,
    0x0, 0x0, 0x0, 0x0, 0x0, 0xaf, 0xff, 0xff,
    0xff, 0xff, 0xff, 0xfe, 0x0, 0x0, 0x23, 0x33,
    0x33, 0xfc, 0x33, 0x33, 0x33, 0x0, 0x6, 0x66,
    0x66, 0x66, 0xfd, 0x66, 0x66, 0x66, 0x60, 0xf,
    0xff, 0xff, 0xff, 0xff, 0xff, 0xff, 0xff, 0xf0,

    /* U+91CF "量" */
    0x0, 0xc, 0xfe, 0xee, 0xee, 0xee, 0xef, 0xc0,
    0x0, 0x0, 0xc, 0xfd, 0xdd, 0xdd, 0xdd, 0xdf,
    0xc0, 0x0, 0x0, 0xc, 0xd1, 0x11, 0x11, 0x11,
    0x1f, 0xc0, 0x0, 0x0, 0xb, 0xff, 0xff, 0xff,
    0xff, 0xff, 0xb0, 0x0, 0x4, 0x44, 0x44, 0x44,
    0x44, 0x44, 0x44, 0x44, 0x40, 0xe, 0xee, 0xee,
    0xee, 0xee, 0xee, 0xee, 0xee, 0xe0, 0x0, 0x7,
    0x77, 0x77, 0x77, 0x77, 0x77, 0x71, 0x0, 0x0,
    0x1f, 0xa5, 0x55, 0xed, 0x55, 0x59, 0xf3, 0x0,
    0x0, 0x1f, 0xfe, 0xee, 0xff, 0xee, 0xef, 0xf3,
    0x0, 0x0, 0x1f, 0x81, 0x11, 0xdc, 0x11, 0x17,
    0xf3, 0x0, 0x0, 0x1f, 0xff, 0xff, 0xff, 0xff,
    0xff, 0xf3, 0x0, 0x0, 0x12, 0x22, 0x22, 0xdd,
    0x22, 0x22, 0x21, 0x0, 0x0, 0x8f, 0xff, 0xff,
    0xff, 0xff, 0xff, 0xf9, 0x0, 0x4, 0x44, 0x44,
    0x44, 0xdd, 0x44, 0x44, 0x44, 0x40, 0x1f, 0xff,
    0xff, 0xff, 0xff, 0xff, 0xff, 0xff, 0xf2,

    /* U+94AE "钮" */
    0x0, 0x5a, 0x10, 0x0, 0x0, 0x0, 0x0, 0x0,
    0x0, 0x0, 0xce, 0x0, 0x2, 0xff, 0xff, 0xff,
    0xff, 0x80, 0x3, 0xff, 0xff, 0xf6, 0x77, 0xaf,
    0xa7, 0x8f, 0x70, 0xd, 0xf8, 0x88, 0x82, 0x0,
    0x5f, 0x40, 0x3f, 0x60, 0x5f, 0x60, 0x0, 0x0,
    0x0, 0x7f, 0x20, 0x4f, 0x50, 0xb, 0xff, 0xff,
    0xd0, 0x0, 0x9f, 0x0, 0x5f, 0x40, 0x0, 0x8c,
    0xf8, 0x70, 0x11, 0xbf, 0x11, 0x7f, 0x30, 0x0,
    0x8, 0xf0, 0x0, 0xff, 0xff, 0xff, 0xff, 0x20,
    0x4, 0x4b, 0xf4, 0x41, 0x77, 0xfd, 0x77, 0xcf,
    0x0, 0x1f, 0xff, 0xff, 0xf5, 0x0, 0xf9, 0x0,
    0xaf, 0x0, 0x2, 0x2a, 0xf2, 0x21, 0x2, 0xf7,
    0x0, 0xce, 0x0, 0x0, 0x8, 0xf0, 0x0, 0x4,
    0xf5, 0x0, 0xdc, 0x0, 0x0, 0x8, 0xf0, 0x70,
    0x7, 0xf3, 0x0, 0xfa, 0x0, 0x0, 0x9, 0xfd,
    0xf3, 0x9, 0xf0, 0x1, 0xf9, 0x0, 0x0, 0xe,
    0xfd, 0x8a, 0xae, 0xfa, 0xab, 0xfd, 0xa3, 0x0,
    0x5f, 0x80, 0x7f, 0xff, 0xff, 0xff, 0xff, 0xf5,
    0x0, 0x2, 0x0, 0x0, 0x0, 0x0, 0x0, 0x0,
    0x0,

    /* U+9500 "销" */
    0x0, 0x2d, 0x30, 0x0, 0x21, 0x7, 0xf1, 0x4,
    0x30, 0x0, 0x9f, 0x20, 0x1, 0xf9, 0x7, 0xf1,
    0xe, 0xc0, 0x2, 0xff, 0xff, 0xf4, 0x8f, 0x27,
    0xf1, 0x6f, 0x40, 0x1d, 0xe8, 0x88, 0x82, 0x1f,
    0x87, 0xf1, 0xdb, 0x0, 0x3f, 0x50, 0x0, 0x0,
    0x4, 0x7, 0xf1, 0x22, 0x0, 0x6, 0xff, 0xff,
    0xf0, 0xff, 0xff, 0xff, 0xff, 0x80, 0x0, 0x8c,
    0xf9, 0x80, 0xfc, 0x88, 0x88, 0x8f, 0x80, 0x0,
    0x8, 0xf0, 0x0, 0xf7, 0x0, 0x0, 0xf, 0x80,
    0x5, 0x6b, 0xf6, 0x62, 0xff, 0xff, 0xff, 0xff,
    0x80, 0xe, 0xff, 0xff, 0xf6, 0xfb, 0x77, 0x77,
    0x7f, 0x80, 0x0, 0x8, 0xf0, 0x0, 0xf7, 0x0,
    0x0, 0xf, 0x80, 0x0, 0x8, 0xf0, 0x0, 0xff,
    0xee, 0xee, 0xef, 0x80, 0x0, 0x8, 0xf1, 0x70,
    0xfb, 0x77, 0x77, 0x7f, 0x80, 0x0, 0xa, 0xff,
    0xf2, 0xf7, 0x0, 0x0, 0xf, 0x80, 0x0, 0x3f,
    0xf9, 0x10, 0xf7, 0x0, 0x2a, 0xaf, 0x70, 0x0,
    0x9, 0x20, 0x0, 0xf7, 0x0, 0xd, 0xda, 0x10,

    /* U+95E8 "门" */
    0x1, 0x81, 0x0, 0x0, 0x0, 0x0, 0x0, 0x0,
    0x2, 0xed, 0x13, 0xff, 0xff, 0xff, 0xff, 0xfa,
    0x0, 0x2e, 0xd3, 0x99, 0x99, 0x99, 0x99, 0xfa,
    0x1c, 0x73, 0x60, 0x0, 0x0, 0x0, 0x0, 0xfa,
    0x1f, 0x80, 0x0, 0x0, 0x0, 0x0, 0x0, 0xfa,
    0x1f, 0x80, 0x0, 0x0, 0x0, 0x0, 0x0, 0xfa,
    0x1f, 0x80, 0x0, 0x0, 0x0, 0x0, 0x0, 0xfa,
    0x1f, 0x80, 0x0, 0x0, 0x0, 0x0, 0x0, 0xfa,
    0x1f, 0x80, 0x0, 0x0, 0x0, 0x0, 0x0, 0xfa,
    0x1f, 0x80, 0x0, 0x0, 0x0, 0x0, 0x0, 0xfa,
    0x1f, 0x80, 0x0, 0x0, 0x0, 0x0, 0x0, 0xfa,
    0x1f, 0x80, 0x0, 0x0, 0x0, 0x0, 0x0, 0xfa,
    0x1f, 0x80, 0x0, 0x0, 0x0, 0x0, 0x0, 0xfa,
    0x1f, 0x80, 0x0, 0x0, 0x0, 0x0, 0x0, 0xfa,
    0x1f, 0x80, 0x0, 0x0, 0x0, 0x29, 0x89, 0xf9,
    0x1f, 0x80, 0x0, 0x0, 0x0, 0xe, 0xfe, 0xb2,
    0x0, 0x0, 0x0, 0x0, 0x0, 0x0, 0x0, 0x0,

    /* U+9669 "险" */
    0x0, 0x0, 0x0, 0x0, 0x0, 0x97, 0x0, 0x0,
    0x7, 0xff, 0xff, 0x80, 0x0, 0x5f, 0xe1, 0x0,
    0x0, 0x7f, 0x79, 0xf7, 0x0, 0x3f, 0xdf, 0xd1,
    0x0, 0x7, 0xf0, 0x7f, 0x10, 0x2e, 0xd1, 0x4f,
    0xd2, 0x0, 0x7f, 0xc, 0xa0, 0x3e, 0xe2, 0x0,
    0x4f, 0xf6, 0x7, 0xf2, 0xf4, 0x8f, 0xfa, 0x77,
    0x77, 0x9d, 0xf8, 0x7f, 0x2f, 0x77, 0xc5, 0xff,
    0xff, 0xfe, 0xa, 0x37, 0xf0, 0x7f, 0x10, 0x0,
    0x0, 0x0, 0x0, 0x0, 0x7f, 0x1, 0xf6, 0x16,
    0x10, 0xa7, 0x0, 0xb7, 0x7, 0xf0, 0xf, 0x81,
    0xf5, 0xa, 0xb0, 0x2f, 0x50, 0x7f, 0x25, 0xf7,
    0xc, 0xb0, 0x7e, 0x9, 0xe0, 0x7, 0xf8, 0xfe,
    0x20, 0x8e, 0x5, 0xf2, 0xe7, 0x0, 0x7f, 0x13,
    0x0, 0x4, 0xb0, 0x14, 0x7e, 0x0, 0x7, 0xf0,
    0x0, 0x0, 0x0, 0x0, 0xe, 0x70, 0x0, 0x7f,
    0x0, 0x4, 0xff, 0xff, 0xff, 0xff, 0xff, 0x47,
    0xf0, 0x0, 0x28, 0x88, 0x88, 0x88, 0x88, 0x82,

    /* U+96FE "雾" */
    0x0, 0x9f, 0xff, 0xff, 0xff, 0xff, 0xff, 0xfb,
    0x0, 0x3, 0x66, 0x66, 0x66, 0xdf, 0x66, 0x66,
    0x66, 0x30, 0x9, 0xf8, 0x88, 0x88, 0xdf, 0x77,
    0x77, 0x7f, 0x90, 0x9, 0xe4, 0xdd, 0xd5, 0xbe,
    0x4d, 0xdd, 0x5e, 0x90, 0x6, 0x93, 0xaa, 0xa4,
    0xbe, 0x39, 0x99, 0x39, 0x60, 0x0, 0x3, 0x88,
    0x83, 0xbe, 0x3a, 0xaa, 0x40, 0x0, 0x0, 0x0,
    0x4c, 0xde, 0xff, 0xee, 0xee, 0xe2, 0x0, 0x2,
    0x9e, 0xfe, 0x73, 0x22, 0x36, 0xdf, 0x50, 0x0,
    0x0, 0x84, 0x6, 0xee, 0xa9, 0xef, 0x91, 0x0,
    0x0, 0x6, 0x8a, 0xbd, 0xff, 0xcc, 0xef, 0xff,
    0xfe, 0xd2, 0xc, 0xca, 0x86, 0x30, 0x43, 0x1,
    0x34, 0x56, 0x50, 0x0, 0x24, 0x44, 0x46, 0xfa,
    0x44, 0x44, 0x40, 0x0, 0x0, 0x7e, 0xee, 0xff,
    0xfe, 0xee, 0xef, 0xe0, 0x0, 0x0, 0x13, 0x48,
    0xdd, 0x30, 0x23, 0x4d, 0xb0, 0x0, 0x0, 0xcf,
    0xd9, 0x50, 0x0, 0x5f, 0xfd, 0x30, 0x0, 0x0,
    0x0, 0x0, 0x0, 0x0, 0x0, 0x0, 0x0, 0x0,

    /* U+9700 "需" */
    0x8, 0xff, 0xff, 0xff, 0xff, 0xff, 0xff, 0x90,
    0x15, 0x88, 0x88, 0x8e, 0xe8, 0x88, 0x88, 0x62,
    0x9f, 0xff, 0xff, 0xff, 0xff, 0xff, 0xff, 0xfb,
    0x9e, 0x1, 0x11, 0xc, 0xc0, 0x11, 0x10, 0xcb,
    0x9e, 0x5f, 0xff, 0x6c, 0xc5, 0xff, 0xf6, 0xcb,
    0x23, 0x23, 0x33, 0x1c, 0xc1, 0x33, 0x33, 0x33,
    0x0, 0x9d, 0xdd, 0x5c, 0xc5, 0xdd, 0xdb, 0x0,
    0x45, 0x55, 0x55, 0x5b, 0xb5, 0x55, 0x55, 0x55,
    0xbf, 0xff, 0xff, 0xff, 0xff, 0xff, 0xff, 0xfe,
    0x0, 0x0, 0x0, 0x2f, 0x90, 0x0, 0x0, 0x0,
    0x6, 0xff, 0xff, 0xff, 0xff, 0xff, 0xff, 0xe0,
    0x6, 0xf6, 0x4a, 0xf4, 0x4b, 0xe4, 0x4c, 0xe0,
    0x6, 0xf3, 0x8, 0xf0, 0x9, 0xe0, 0xa, 0xe0,
    0x6, 0xf3, 0x8, 0xf0, 0x9, 0xe1, 0x5c, 0xe0,
    0x6, 0xf3, 0x7, 0xe0, 0x8, 0xc1, 0xff, 0x90,
    0x0, 0x0, 0x0, 0x0, 0x0, 0x0, 0x0, 0x0,

    /* U+97F3 "音" */
    0x0, 0x0, 0x0, 0x1, 0x10, 0x0, 0x0, 0x0,
    0x0, 0x0, 0x0, 0x2f, 0xb0, 0x0, 0x0, 0x0,
    0x8, 0x88, 0x88, 0x8e, 0xf9, 0x88, 0x88, 0x81,
    0xe, 0xff, 0xff, 0xff, 0xff, 0xff, 0xff, 0xf1,
    0x0, 0x6, 0xe4, 0x0, 0x0, 0x3f, 0x90, 0x0,
    0x0, 0x2, 0xfb, 0x0, 0x0, 0x9f, 0x40, 0x0,
    0x66, 0x66, 0xef, 0x66, 0x66, 0xff, 0x66, 0x66,
    0xff, 0xff, 0xff, 0xff, 0xff, 0xff, 0xff, 0xff,
    0x11, 0x11, 0x11, 0x11, 0x11, 0x11, 0x11, 0x11,
    0x0, 0x46, 0x66, 0x66, 0x66, 0x66, 0x65, 0x0,
    0x0, 0x9f, 0xff, 0xff, 0xff, 0xff, 0xfc, 0x0,
    0x0, 0x9f, 0x0, 0x0, 0x0, 0x0, 0xfc, 0x0,
    0x0, 0x9f, 0x65, 0x55, 0x55, 0x55, 0xfc, 0x0,
    0x0, 0x9f, 0xff, 0xff, 0xff, 0xff, 0xfc, 0x0,
    0x0, 0x9f, 0x0, 0x0, 0x0, 0x0, 0xfc, 0x0,
    0x0, 0x9f, 0x77, 0x77, 0x77, 0x77, 0xfc, 0x0,
    0x0, 0x9f, 0xff, 0xff, 0xff, 0xff, 0xfc, 0x0,

    /* U+9875 "页" */
    0x7f, 0xff, 0xff, 0xff, 0xff, 0xff, 0xff, 0xfe,
    0x48, 0x88, 0x88, 0x9f, 0xd8, 0x88, 0x88, 0x88,
    0x0, 0x0, 0x0, 0x6f, 0x50, 0x0, 0x0, 0x0,
    0x0, 0x89, 0x99, 0xdf, 0x99, 0x99, 0x99, 0x30,
    0x0, 0xdf, 0xff, 0xff, 0xff, 0xff, 0xff, 0x50,
    0x0, 0xdd, 0x0, 0x1, 0x10, 0x0, 0x6f, 0x50,
    0x0, 0xdd, 0x0, 0xa, 0xf0, 0x0, 0x6f, 0x50,
    0x0, 0xdd, 0x0, 0xa, 0xf0, 0x0, 0x6f, 0x50,
    0x0, 0xdd, 0x0, 0xa, 0xf0, 0x0, 0x6f, 0x50,
    0x0, 0xdd, 0x0, 0xc, 0xf0, 0x0, 0x6f, 0x50,
    0x0, 0xdd, 0x0, 0xe, 0xd0, 0x0, 0x6f, 0x50,
    0x0, 0x99, 0x0, 0x9f, 0x78, 0x92, 0x4a, 0x30,
    0x0, 0x0, 0x2b, 0xfc, 0x8, 0xff, 0xb3, 0x0,
    0x2, 0x6c, 0xff, 0x80, 0x0, 0x18, 0xff, 0xa1,
    0xaf, 0xfe, 0x82, 0x0, 0x0, 0x0, 0x19, 0xfb,
    0x16, 0x20, 0x0, 0x0, 0x0, 0x0, 0x0, 0x41,

    /* U+98CE "风" */
    0x0, 0xf, 0xff, 0xff, 0xff, 0xff, 0xff, 0xf3,
    0x0, 0x0, 0xf, 0xe9, 0x99, 0x99, 0x99, 0x9c,
    0xf3, 0x0, 0x0, 0xf, 0xb0, 0x0, 0x0, 0x2,
    0x7, 0xf3, 0x0, 0x0, 0xf, 0xb1, 0x70, 0x0,
    0x6f, 0x37, 0xf2, 0x0, 0x0, 0xf, 0xb5, 0xf9,
    0x0, 0xdc, 0x7, 0xf2, 0x0, 0x0, 0xf, 0xb0,
    0x8f, 0x74, 0xf5, 0x6, 0xf3, 0x0, 0x0, 0xf,
    0xa0, 0xb, 0xfe, 0xe0, 0x6, 0xf3, 0x0, 0x0,
    0x1f, 0xa0, 0x0, 0xdf, 0x70, 0x6, 0xf3, 0x0,
    0x0, 0x3f, 0x80, 0x2, 0xff, 0xd0, 0x5, 0xf3,
    0x0, 0x0, 0x5f, 0x60, 0xd, 0xf9, 0xf9, 0x4,
    0xf4, 0x0, 0x0, 0x8f, 0x30, 0xbf, 0x60, 0xbf,
    0x53, 0xf5, 0x0, 0x0, 0xde, 0x1c, 0xf9, 0x0,
    0x1f, 0xe2, 0xf7, 0x47, 0x3, 0xfa, 0x1c, 0x80,
    0x0, 0x6, 0x70, 0xeb, 0x6c, 0xc, 0xf3, 0x0,
    0x0, 0x0, 0x0, 0x0, 0x9f, 0xe9, 0x8, 0xb0,
    0x0, 0x0, 0x0, 0x0, 0x0, 0x1c, 0xe3, 0x0,
    0x0, 0x0, 0x0, 0x0, 0x0, 0x0, 0x0, 0x0,

    /* U+9996 "首" */
    0x0, 0x0, 0x0, 0x0, 0x0, 0x0, 0x0, 0x0,
    0x0, 0x0, 0x9e, 0x20, 0x0, 0x0, 0xec, 0x0,
    0x0, 0x0, 0x4, 0xfc, 0x0, 0x0, 0x9f, 0x60,
    0x0, 0x9, 0x99, 0x9e, 0xe9, 0x99, 0x9f, 0xf9,
    0x99, 0x90, 0xff, 0xff, 0xff, 0xff, 0xff, 0xff,
    0xff, 0xff, 0x0, 0x0, 0x0, 0x1, 0xfd, 0x0,
    0x0, 0x0, 0x0, 0x0, 0x77, 0x77, 0xaf, 0xc7,
    0x77, 0x77, 0x0, 0x0, 0xf, 0xff, 0xff, 0xff,
    0xff, 0xff, 0xf0, 0x0, 0x0, 0xf9, 0x0, 0x0,
    0x0, 0x0, 0xaf, 0x0, 0x0, 0xf, 0xff, 0xff,
    0xff, 0xff, 0xff, 0xf0, 0x0, 0x0, 0xfb, 0x55,
    0x55, 0x55, 0x55, 0xcf, 0x0, 0x0, 0xf, 0x90,
    0x0, 0x0, 0x0, 0xa, 0xf0, 0x0, 0x0, 0xff,
    0xff, 0xff, 0xff, 0xff, 0xff, 0x0, 0x0, 0xf,
    0xb5, 0x55, 0x55, 0x55, 0x5c, 0xf0, 0x0, 0x0,
    0xf9, 0x0, 0x0, 0x0, 0x0, 0xaf, 0x0, 0x0,
    0xf, 0xff, 0xff, 0xff, 0xff, 0xff, 0xf0, 0x0,
    0x0, 0xfc, 0x77, 0x77, 0x77, 0x77, 0xdf, 0x0,
    0x0,

    /* U+9A6C "马" */
    0x0, 0x0, 0x0, 0x0, 0x0, 0x0, 0x0, 0x0,
    0x9, 0xff, 0xff, 0xff, 0xff, 0xff, 0xf2, 0x0,
    0x5, 0x99, 0x99, 0x99, 0x99, 0x9d, 0xf0, 0x0,
    0x0, 0x3, 0x10, 0x0, 0x0, 0xb, 0xf0, 0x0,
    0x0, 0xf, 0x90, 0x0, 0x0, 0xc, 0xd0, 0x0,
    0x0, 0x2f, 0x80, 0x0, 0x0, 0xe, 0xc0, 0x0,
    0x0, 0x3f, 0x60, 0x0, 0x0, 0xf, 0xa0, 0x0,
    0x0, 0x5f, 0x50, 0x0, 0x0, 0x2f, 0x80, 0x0,
    0x0, 0x7f, 0xff, 0xff, 0xff, 0xff, 0xff, 0xf8,
    0x0, 0x48, 0x88, 0x88, 0x88, 0x88, 0x8a, 0xf6,
    0x0, 0x0, 0x0, 0x0, 0x0, 0x0, 0x5, 0xf5,
    0x9a, 0xaa, 0xaa, 0xaa, 0xaa, 0xa8, 0x7, 0xf3,
    0xef, 0xff, 0xff, 0xff, 0xff, 0xfb, 0xa, 0xf0,
    0x0, 0x0, 0x0, 0x0, 0x0, 0x0, 0xf, 0xd0,
    0x0, 0x0, 0x0, 0x0, 0x7, 0x88, 0xcf, 0x80,
    0x0, 0x0, 0x0, 0x0, 0x8, 0xff, 0xfa, 0x0,
    0x0, 0x0, 0x0, 0x0, 0x0, 0x0, 0x0, 0x0,

    /* U+9E23 "鸣" */
    0x0, 0x0, 0x0, 0x0, 0x0, 0x10, 0x0, 0x0,
    0x0, 0x0, 0x0, 0x0, 0x2, 0xfa, 0x0, 0x0,
    0x58, 0x88, 0x83, 0x37, 0x7b, 0xf9, 0x77, 0x50,
    0x9f, 0xff, 0xf6, 0x7f, 0xed, 0xdd, 0xdf, 0xb0,
    0x9e, 0x1, 0xf6, 0x7f, 0x13, 0x10, 0xd, 0xa0,
    0x9e, 0x1, 0xf6, 0x7f, 0x1c, 0xd2, 0xe, 0x90,
    0x9e, 0x1, 0xf6, 0x7f, 0x10, 0xcb, 0xf, 0x80,
    0x9e, 0x1, 0xf6, 0x7f, 0x10, 0x16, 0x8f, 0x50,
    0x9e, 0x1, 0xf6, 0x7f, 0x10, 0xd, 0xea, 0x0,
    0x9e, 0x1, 0xf6, 0x7f, 0x42, 0x22, 0x22, 0x22,
    0x9e, 0x1, 0xf6, 0x7f, 0xff, 0xff, 0xff, 0xfc,
    0x9f, 0x9a, 0xf6, 0x1, 0x11, 0x11, 0x11, 0xdb,
    0x9f, 0xff, 0xf6, 0x55, 0x55, 0x55, 0x52, 0xeb,
    0x9e, 0x0, 0x0, 0xff, 0xff, 0xff, 0xf6, 0xf9,
    0x57, 0x0, 0x0, 0x11, 0x11, 0x11, 0x11, 0xf8,
    0x0, 0x0, 0x0, 0x0, 0x0, 0x4, 0x48, 0xf5,
    0x0, 0x0, 0x0, 0x0, 0x0, 0x8, 0xff, 0xb0,
    0x0, 0x0, 0x0, 0x0, 0x0, 0x0, 0x0, 0x0,

    /* U+FF0C "，" */
    0x0, 0x0, 0x0, 0x6f, 0xd0, 0xb, 0xff, 0x40,
    0x2a, 0xf5, 0x0, 0x5f, 0x20, 0x6e, 0xa0, 0x3f,
    0x90, 0x0, 0x10, 0x0,

    /* U+FF1A "：" */
    0x5, 0xb5, 0x0, 0xef, 0xe0, 0x9, 0xf9, 0x0,
    0x1, 0x0, 0x0, 0x0, 0x0, 0x0, 0x0, 0x0,
    0x0, 0x0, 0x0, 0x0, 0x0, 0x0, 0x0, 0x6c,
    0x60, 0xe, 0xfe, 0x0, 0x8f, 0x80, 0x0, 0x0,
    0x0
};


/*---------------------
 *  GLYPH DESCRIPTION
 *--------------------*/

static const lv_font_fmt_txt_glyph_dsc_t glyph_dsc[] = {
    {.bitmap_index = 0, .adv_w = 0, .box_w = 0, .box_h = 0, .ofs_x = 0, .ofs_y = 0} /* id = 0 reserved */,
    {.bitmap_index = 0, .adv_w = 65, .box_w = 0, .box_h = 0, .ofs_x = 0, .ofs_y = 0},
    {.bitmap_index = 0, .adv_w = 99, .box_w = 4, .box_h = 13, .ofs_x = 1, .ofs_y = 0},
    {.bitmap_index = 26, .adv_w = 149, .box_w = 7, .box_h = 6, .ofs_x = 1, .ofs_y = 8},
    {.bitmap_index = 47, .adv_w = 164, .box_w = 10, .box_h = 13, .ofs_x = 0, .ofs_y = 0},
    {.bitmap_index = 112, .adv_w = 164, .box_w = 10, .box_h = 17, .ofs_x = 0, .ofs_y = -2},
    {.bitmap_index = 197, .adv_w = 270, .box_w = 17, .box_h = 13, .ofs_x = 0, .ofs_y = 0},
    {.bitmap_index = 308, .adv_w = 203, .box_w = 13, .box_h = 13, .ofs_x = 0, .ofs_y = 0},
    {.bitmap_index = 393, .adv_w = 86, .box_w = 3, .box_h = 6, .ofs_x = 1, .ofs_y = 8},
    {.bitmap_index = 402, .adv_w = 102, .box_w = 5, .box_h = 19, .ofs_x = 1, .ofs_y = -4},
    {.bitmap_index = 450, .adv_w = 102, .box_w = 5, .box_h = 19, .ofs_x = 0, .ofs_y = -4},
    {.bitmap_index = 498, .adv_w = 139, .box_w = 7, .box_h = 7, .ofs_x = 1, .ofs_y = 7},
    {.bitmap_index = 523, .adv_w = 164, .box_w = 10, .box_h = 10, .ofs_x = 0, .ofs_y = 2},
    {.bitmap_index = 573, .adv_w = 86, .box_w = 5, .box_h = 7, .ofs_x = 0, .ofs_y = -4},
    {.bitmap_index = 591, .adv_w = 103, .box_w = 6, .box_h = 2, .ofs_x = 0, .ofs_y = 4},
    {.bitmap_index = 597, .adv_w = 86, .box_w = 4, .box_h = 3, .ofs_x = 1, .ofs_y = 0},
    {.bitmap_index = 603, .adv_w = 112, .box_w = 7, .box_h = 18, .ofs_x = 0, .ofs_y = -4},
    {.bitmap_index = 666, .adv_w = 164, .box_w = 10, .box_h = 13, .ofs_x = 0, .ofs_y = 0},
    {.bitmap_index = 731, .adv_w = 164, .box_w = 9, .box_h = 13, .ofs_x = 1, .ofs_y = 0},
    {.bitmap_index = 790, .adv_w = 164, .box_w = 10, .box_h = 13, .ofs_x = 0, .ofs_y = 0},
    {.bitmap_index = 855, .adv_w = 164, .box_w = 10, .box_h = 13, .ofs_x = 0, .ofs_y = 0},
    {.bitmap_index = 920, .adv_w = 164, .box_w = 10, .box_h = 13, .ofs_x = 0, .ofs_y = 0},
    {.bitmap_index = 985, .adv_w = 164, .box_w = 10, .box_h = 13, .ofs_x = 0, .ofs_y = 0},
    {.bitmap_index = 1050, .adv_w = 164, .box_w = 10, .box_h = 13, .ofs_x = 0, .ofs_y = 0},
    {.bitmap_index = 1115, .adv_w = 164, .box_w = 10, .box_h = 13, .ofs_x = 0, .ofs_y = 0},
    {.bitmap_index = 1180, .adv_w = 164, .box_w = 10, .box_h = 13, .ofs_x = 0, .ofs_y = 0},
    {.bitmap_index = 1245, .adv_w = 164, .box_w = 10, .box_h = 13, .ofs_x = 0, .ofs_y = 0},
    {.bitmap_index = 1310, .adv_w = 86, .box_w = 4, .box_h = 10, .ofs_x = 1, .ofs_y = 0},
    {.bitmap_index = 1330, .adv_w = 86, .box_w = 5, .box_h = 14, .ofs_x = 0, .ofs_y = -4},
    {.bitmap_index = 1365, .adv_w = 164, .box_w = 10, .box_h = 9, .ofs_x = 0, .ofs_y = 2},
    {.bitmap_index = 1410, .adv_w = 164, .box_w = 10, .box_h = 7, .ofs_x = 0, .ofs_y = 3},
    {.bitmap_index = 1445, .adv_w = 164, .box_w = 10, .box_h = 9, .ofs_x = 0, .ofs_y = 2},
    {.bitmap_index = 1490, .adv_w = 141, .box_w = 8, .box_h = 13, .ofs_x = 0, .ofs_y = 0},
    {.bitmap_index = 1542, .adv_w = 280, .box_w = 16, .box_h = 17, .ofs_x = 1, .ofs_y = -4},
    {.bitmap_index = 1678, .adv_w = 179, .box_w = 12, .box_h = 13, .ofs_x = 0, .ofs_y = 0},
    {.bitmap_index = 1756, .adv_w = 192, .box_w = 11, .box_h = 13, .ofs_x = 1, .ofs_y = 0},
    {.bitmap_index = 1828, .adv_w = 186, .box_w = 11, .box_h = 13, .ofs_x = 1, .ofs_y = 0},
    {.bitmap_index = 1900, .adv_w = 201, .box_w = 11, .box_h = 13, .ofs_x = 1, .ofs_y = 0},
    {.bitmap_index = 1972, .adv_w = 173, .box_w = 9, .box_h = 13, .ofs_x = 1, .ofs_y = 0},
    {.bitmap_index = 2031, .adv_w = 163, .box_w = 9, .box_h = 13, .ofs_x = 1, .ofs_y = 0},
    {.bitmap_index = 2090, .adv_w = 202, .box_w = 11, .box_h = 13, .ofs_x = 1, .ofs_y = 0},
    {.bitmap_index = 2162, .adv_w = 213, .box_w = 11, .box_h = 13, .ofs_x = 1, .ofs_y = 0},
    {.bitmap_index = 2234, .adv_w = 89, .box_w = 3, .box_h = 13, .ofs_x = 1, .ofs_y = 0},
    {.bitmap_index = 2254, .adv_w = 158, .box_w = 9, .box_h = 13, .ofs_x = 0, .ofs_y = 0},
    {.bitmap_index = 2313, .adv_w = 191, .box_w = 11, .box_h = 13, .ofs_x = 1, .ofs_y = 0},
    {.bitmap_index = 2385, .adv_w = 161, .box_w = 9, .box_h = 13, .ofs_x = 1, .ofs_y = 0},
    {.bitmap_index = 2444, .adv_w = 239, .box_w = 13, .box_h = 13, .ofs_x = 1, .ofs_y = 0},
    {.bitmap_index = 2529, .adv_w = 211, .box_w = 11, .box_h = 13, .ofs_x = 1, .ofs_y = 0},
    {.bitmap_index = 2601, .adv_w = 217, .box_w = 12, .box_h = 13, .ofs_x = 1, .ofs_y = 0},
    {.bitmap_index = 2679, .adv_w = 186, .box_w = 10, .box_h = 13, .ofs_x = 1, .ofs_y = 0},
    {.bitmap_index = 2744, .adv_w = 217, .box_w = 12, .box_h = 17, .ofs_x = 1, .ofs_y = -4},
    {.bitmap_index = 2846, .adv_w = 189, .box_w = 11, .box_h = 13, .ofs_x = 1, .ofs_y = 0},
    {.bitmap_index = 2918, .adv_w = 175, .box_w = 11, .box_h = 13, .ofs_x = 0, .ofs_y = 0},
    {.bitmap_index = 2990, .adv_w = 176, .box_w = 11, .box_h = 13, .ofs_x = 0, .ofs_y = 0},
    {.bitmap_index = 3062, .adv_w = 211, .box_w = 11, .box_h = 13, .ofs_x = 1, .ofs_y = 0},
    {.bitmap_index = 3134, .adv_w = 171, .box_w = 12, .box_h = 13, .ofs_x = -1, .ofs_y = 0},
    {.bitmap_index = 3212, .adv_w = 257, .box_w = 16, .box_h = 13, .ofs_x = 0, .ofs_y = 0},
    {.bitmap_index = 3316, .adv_w = 172, .box_w = 11, .box_h = 13, .ofs_x = 0, .ofs_y = 0},
    {.bitmap_index = 3388, .adv_w = 159, .box_w = 12, .box_h = 13, .ofs_x = -1, .ofs_y = 0},
    {.bitmap_index = 3466, .adv_w = 175, .box_w = 11, .box_h = 13, .ofs_x = 0, .ofs_y = 0},
    {.bitmap_index = 3538, .adv_w = 102, .box_w = 5, .box_h = 18, .ofs_x = 1, .ofs_y = -4},
    {.bitmap_index = 3583, .adv_w = 112, .box_w = 7, .box_h = 18, .ofs_x = 0, .ofs_y = -4},
    {.bitmap_index = 3646, .adv_w = 102, .box_w = 5, .box_h = 18, .ofs_x = 0, .ofs_y = -4},
    {.bitmap_index = 3691, .adv_w = 164, .box_w = 9, .box_h = 8, .ofs_x = 1, .ofs_y = 6},
    {.bitmap_index = 3727, .adv_w = 162, .box_w = 10, .box_h = 3, .ofs_x = 0, .ofs_y = -3},
    {.bitmap_index = 3742, .adv_w = 177, .box_w = 5, .box_h = 5, .ofs_x = 2, .ofs_y = 11},
    {.bitmap_index = 3755, .adv_w = 166, .box_w = 9, .box_h = 10, .ofs_x = 0, .ofs_y = 0},
    {.bitmap_index = 3800, .adv_w = 181, .box_w = 10, .box_h = 14, .ofs_x = 1, .ofs_y = 0},
    {.bitmap_index = 3870, .adv_w = 149, .box_w = 9, .box_h = 10, .ofs_x = 0, .ofs_y = 0},
    {.bitmap_index = 3915, .adv_w = 181, .box_w = 10, .box_h = 14, .ofs_x = 0, .ofs_y = 0},
    {.bitmap_index = 3985, .adv_w = 163, .box_w = 10, .box_h = 10, .ofs_x = 0, .ofs_y = 0},
    {.bitmap_index = 4035, .adv_w = 99, .box_w = 7, .box_h = 14, .ofs_x = 0, .ofs_y = 0},
    {.bitmap_index = 4084, .adv_w = 166, .box_w = 11, .box_h = 14, .ofs_x = 0, .ofs_y = -4},
    {.bitmap_index = 4161, .adv_w = 179, .box_w = 9, .box_h = 14, .ofs_x = 1, .ofs_y = 0},
    {.bitmap_index = 4224, .adv_w = 83, .box_w = 3, .box_h = 14, .ofs_x = 1, .ofs_y = 0},
    {.bitmap_index = 4245, .adv_w = 83, .box_w = 5, .box_h = 18, .ofs_x = -1, .ofs_y = -4},
    {.bitmap_index = 4290, .adv_w = 166, .box_w = 10, .box_h = 14, .ofs_x = 1, .ofs_y = 0},
    {.bitmap_index = 4360, .adv_w = 86, .box_w = 4, .box_h = 14, .ofs_x = 1, .ofs_y = 0},
    {.bitmap_index = 4388, .adv_w = 271, .box_w = 15, .box_h = 10, .ofs_x = 1, .ofs_y = 0},
    {.bitmap_index = 4463, .adv_w = 180, .box_w = 9, .box_h = 10, .ofs_x = 1, .ofs_y = 0},
    {.bitmap_index = 4508, .adv_w = 177, .box_w = 11, .box_h = 10, .ofs_x = 0, .ofs_y = 0},
    {.bitmap_index = 4563, .adv_w = 181, .box_w = 10, .box_h = 14, .ofs_x = 1, .ofs_y = -4},
    {.bitmap_index = 4633, .adv_w = 181, .box_w = 10, .box_h = 14, .ofs_x = 0, .ofs_y = -4},
    {.bitmap_index = 4703, .adv_w = 118, .box_w = 7, .box_h = 10, .ofs_x = 1, .ofs_y = 0},
    {.bitmap_index = 4738, .adv_w = 138, .box_w = 9, .box_h = 10, .ofs_x = 0, .ofs_y = 0},
    {.bitmap_index = 4783, .adv_w = 114, .box_w = 7, .box_h = 13, .ofs_x = 0, .ofs_y = 0},
    {.bitmap_index = 4829, .adv_w = 179, .box_w = 9, .box_h = 10, .ofs_x = 1, .ofs_y = 0},
    {.bitmap_index = 4874, .adv_w = 157, .box_w = 10, .box_h = 10, .ofs_x = 0, .ofs_y = 0},
    {.bitmap_index = 4924, .adv_w = 238, .box_w = 15, .box_h = 10, .ofs_x = 0, .ofs_y = 0},
    {.bitmap_index = 4999, .adv_w = 151, .box_w = 10, .box_h = 10, .ofs_x = 0, .ofs_y = 0},
    {.bitmap_index = 5049, .adv_w = 157, .box_w = 10, .box_h = 14, .ofs_x = 0, .ofs_y = -4},
    {.bitmap_index = 5119, .adv_w = 141, .box_w = 9, .box_h = 10, .ofs_x = 0, .ofs_y = 0},
    {.bitmap_index = 5164, .adv_w = 102, .box_w = 6, .box_h = 18, .ofs_x = 0, .ofs_y = -4},
    {.bitmap_index = 5218, .adv_w = 81, .box_w = 3, .box_h = 20, .ofs_x = 1, .ofs_y = -5},
    {.bitmap_index = 5248, .adv_w = 102, .box_w = 6, .box_h = 18, .ofs_x = 0, .ofs_y = -4},
    {.bitmap_index = 5302, .adv_w = 164, .box_w = 10, .box_h = 4, .ofs_x = 0, .ofs_y = 4},
    {.bitmap_index = 5322, .adv_w = 288, .box_w = 6, .box_h = 5, .ofs_x = 6, .ofs_y = 5},
    {.bitmap_index = 5337, .adv_w = 288, .box_w = 16, .box_h = 3, .ofs_x = 1, .ofs_y = 5},
    {.bitmap_index = 5361, .adv_w = 288, .box_w = 18, .box_h = 16, .ofs_x = 0, .ofs_y = -1},
    {.bitmap_index = 5505, .adv_w = 288, .box_w = 18, .box_h = 15, .ofs_x = 0, .ofs_y = -1},
    {.bitmap_index = 5640, .adv_w = 288, .box_w = 16, .box_h = 16, .ofs_x = 1, .ofs_y = -1},
    {.bitmap_index = 5768, .adv_w = 288, .box_w = 16, .box_h = 18, .ofs_x = 1, .ofs_y = -2},
    {.bitmap_index = 5912, .adv_w = 288, .box_w = 18, .box_h = 17, .ofs_x = 0, .ofs_y = -2},
    {.bitmap_index = 6065, .adv_w = 288, .box_w = 18, .box_h = 18, .ofs_x = 0, .ofs_y = -2},
    {.bitmap_index = 6227, .adv_w = 288, .box_w = 17, .box_h = 18, .ofs_x = 0, .ofs_y = -2},
    {.bitmap_index = 6380, .adv_w = 288, .box_w = 17, .box_h = 17, .ofs_x = 1, .ofs_y = -2},
    {.bitmap_index = 6525, .adv_w = 288, .box_w = 18, .box_h = 18, .ofs_x = 0, .ofs_y = -2},
    {.bitmap_index = 6687, .adv_w = 288, .box_w = 18, .box_h = 18, .ofs_x = 0, .ofs_y = -2},
    {.bitmap_index = 6849, .adv_w = 288, .box_w = 18, .box_h = 17, .ofs_x = 0, .ofs_y = -2},
    {.bitmap_index = 7002, .adv_w = 288, .box_w = 18, .box_h = 17, .ofs_x = 0, .ofs_y = -1},
    {.bitmap_index = 7155, .adv_w = 288, .box_w = 17, .box_h = 17, .ofs_x = 0, .ofs_y = -2},
    {.bitmap_index = 7300, .adv_w = 288, .box_w = 18, .box_h = 18, .ofs_x = 0, .ofs_y = -2},
    {.bitmap_index = 7462, .adv_w = 288, .box_w = 18, .box_h = 17, .ofs_x = 0, .ofs_y = -2},
    {.bitmap_index = 7615, .adv_w = 288, .box_w = 18, .box_h = 17, .ofs_x = 0, .ofs_y = -2},
    {.bitmap_index = 7768, .adv_w = 288, .box_w = 18, .box_h = 17, .ofs_x = 0, .ofs_y = -1},
    {.bitmap_index = 7921, .adv_w = 288, .box_w = 18, .box_h = 15, .ofs_x = 0, .ofs_y = -1},
    {.bitmap_index = 8056, .adv_w = 288, .box_w = 18, .box_h = 17, .ofs_x = 0, .ofs_y = -1},
    {.bitmap_index = 8209, .adv_w = 288, .box_w = 16, .box_h = 17, .ofs_x = 1, .ofs_y = -2},
    {.bitmap_index = 8345, .adv_w = 288, .box_w = 17, .box_h = 17, .ofs_x = 0, .ofs_y = -2},
    {.bitmap_index = 8490, .adv_w = 288, .box_w = 18, .box_h = 18, .ofs_x = 0, .ofs_y = -2},
    {.bitmap_index = 8652, .adv_w = 288, .box_w = 18, .box_h = 18, .ofs_x = 0, .ofs_y = -2},
    {.bitmap_index = 8814, .adv_w = 288, .box_w = 16, .box_h = 17, .ofs_x = 1, .ofs_y = -2},
    {.bitmap_index = 8950, .adv_w = 288, .box_w = 17, .box_h = 17, .ofs_x = 0, .ofs_y = -2},
    {.bitmap_index = 9095, .adv_w = 288, .box_w = 18, .box_h = 18, .ofs_x = 0, .ofs_y = -2},
    {.bitmap_index = 9257, .adv_w = 288, .box_w = 16, .box_h = 15, .ofs_x = 1, .ofs_y = -1},
    {.bitmap_index = 9377, .adv_w = 288, .box_w = 18, .box_h = 16, .ofs_x = 0, .ofs_y = -2},
    {.bitmap_index = 9521, .adv_w = 288, .box_w = 18, .box_h = 18, .ofs_x = 0, .ofs_y = -2},
    {.bitmap_index = 9683, .adv_w = 288, .box_w = 17, .box_h = 15, .ofs_x = 1, .ofs_y = -1},
    {.bitmap_index = 9811, .adv_w = 288, .box_w = 18, .box_h = 17, .ofs_x = 0, .ofs_y = -2},
    {.bitmap_index = 9964, .adv_w = 288, .box_w = 16, .box_h = 18, .ofs_x = 1, .ofs_y = -2},
    {.bitmap_index = 10108, .adv_w = 288, .box_w = 17, .box_h = 18, .ofs_x = 0, .ofs_y = -2},
    {.bitmap_index = 10261, .adv_w = 288, .box_w = 16, .box_h = 16, .ofs_x = 1, .ofs_y = -1},
    {.bitmap_index = 10389, .adv_w = 288, .box_w = 16, .box_h = 18, .ofs_x = 1, .ofs_y = -2},
    {.bitmap_index = 10533, .adv_w = 288, .box_w = 18, .box_h = 15, .ofs_x = 0, .ofs_y = -1},
    {.bitmap_index = 10668, .adv_w = 288, .box_w = 16, .box_h = 15, .ofs_x = 1, .ofs_y = -1},
    {.bitmap_index = 10788, .adv_w = 288, .box_w = 17, .box_h = 17, .ofs_x = 0, .ofs_y = -1},
    {.bitmap_index = 10933, .adv_w = 288, .box_w = 18, .box_h = 17, .ofs_x = 0, .ofs_y = -1},
    {.bitmap_index = 11086, .adv_w = 288, .box_w = 17, .box_h = 17, .ofs_x = 0, .ofs_y = -2},
    {.bitmap_index = 11231, .adv_w = 288, .box_w = 18, .box_h = 17, .ofs_x = 0, .ofs_y = -2},
    {.bitmap_index = 11384, .adv_w = 288, .box_w = 18, .box_h = 17, .ofs_x = 0, .ofs_y = -1},
    {.bitmap_index = 11537, .adv_w = 288, .box_w = 18, .box_h = 18, .ofs_x = 0, .ofs_y = -2},
    {.bitmap_index = 11699, .adv_w = 288, .box_w = 18, .box_h = 16, .ofs_x = 0, .ofs_y = -2},
    {.bitmap_index = 11843, .adv_w = 288, .box_w = 18, .box_h = 17, .ofs_x = 0, .ofs_y = -2},
    {.bitmap_index = 11996, .adv_w = 288, .box_w = 18, .box_h = 18, .ofs_x = 0, .ofs_y = -2},
    {.bitmap_index = 12158, .adv_w = 288, .box_w = 17, .box_h = 18, .ofs_x = 0, .ofs_y = -2},
    {.bitmap_index = 12311, .adv_w = 288, .box_w = 16, .box_h = 18, .ofs_x = 1, .ofs_y = -2},
    {.bitmap_index = 12455, .adv_w = 288, .box_w = 16, .box_h = 18, .ofs_x = 1, .ofs_y = -2},
    {.bitmap_index = 12599, .adv_w = 288, .box_w = 18, .box_h = 18, .ofs_x = 0, .ofs_y = -2},
    {.bitmap_index = 12761, .adv_w = 288, .box_w = 16, .box_h = 18, .ofs_x = 1, .ofs_y = -2},
    {.bitmap_index = 12905, .adv_w = 288, .box_w = 17, .box_h = 18, .ofs_x = 1, .ofs_y = -2},
    {.bitmap_index = 13058, .adv_w = 288, .box_w = 18, .box_h = 17, .ofs_x = 0, .ofs_y = -1},
    {.bitmap_index = 13211, .adv_w = 288, .box_w = 18, .box_h = 17, .ofs_x = 0, .ofs_y = -2},
    {.bitmap_index = 13364, .adv_w = 288, .box_w = 14, .box_h = 16, .ofs_x = 2, .ofs_y = -1},
    {.bitmap_index = 13476, .adv_w = 288, .box_w = 18, .box_h = 16, .ofs_x = 0, .ofs_y = -2},
    {.bitmap_index = 13620, .adv_w = 288, .box_w = 16, .box_h = 15, .ofs_x = 1, .ofs_y = -1},
    {.bitmap_index = 13740, .adv_w = 288, .box_w = 17, .box_h = 16, .ofs_x = 0, .ofs_y = -1},
    {.bitmap_index = 13876, .adv_w = 288, .box_w = 16, .box_h = 16, .ofs_x = 1, .ofs_y = -1},
    {.bitmap_index = 14004, .adv_w = 288, .box_w = 18, .box_h = 15, .ofs_x = 0, .ofs_y = -1},
    {.bitmap_index = 14139, .adv_w = 288, .box_w = 17, .box_h = 18, .ofs_x = 1, .ofs_y = -2},
    {.bitmap_index = 14292, .adv_w = 288, .box_w = 18, .box_h = 18, .ofs_x = 0, .ofs_y = -2},
    {.bitmap_index = 14454, .adv_w = 288, .box_w = 18, .box_h = 17, .ofs_x = 0, .ofs_y = -1},
    {.bitmap_index = 14607, .adv_w = 288, .box_w = 18, .box_h = 16, .ofs_x = 0, .ofs_y = -2},
    {.bitmap_index = 14751, .adv_w = 288, .box_w = 18, .box_h = 16, .ofs_x = 0, .ofs_y = -2},
    {.bitmap_index = 14895, .adv_w = 288, .box_w = 14, .box_h = 16, .ofs_x = 2, .ofs_y = -1},
    {.bitmap_index = 15007, .adv_w = 288, .box_w = 18, .box_h = 17, .ofs_x = 0, .ofs_y = -1},
    {.bitmap_index = 15160, .adv_w = 288, .box_w = 18, .box_h = 17, .ofs_x = 0, .ofs_y = -2},
    {.bitmap_index = 15313, .adv_w = 288, .box_w = 18, .box_h = 16, .ofs_x = 0, .ofs_y = -1},
    {.bitmap_index = 15457, .adv_w = 288, .box_w = 18, .box_h = 17, .ofs_x = 0, .ofs_y = -2},
    {.bitmap_index = 15610, .adv_w = 288, .box_w = 18, .box_h = 16, .ofs_x = 0, .ofs_y = -1},
    {.bitmap_index = 15754, .adv_w = 288, .box_w = 18, .box_h = 17, .ofs_x = 0, .ofs_y = -1},
    {.bitmap_index = 15907, .adv_w = 288, .box_w = 18, .box_h = 17, .ofs_x = 0, .ofs_y = -1},
    {.bitmap_index = 16060, .adv_w = 288, .box_w = 18, .box_h = 17, .ofs_x = 0, .ofs_y = -1},
    {.bitmap_index = 16213, .adv_w = 288, .box_w = 18, .box_h = 17, .ofs_x = 0, .ofs_y = -1},
    {.bitmap_index = 16366, .adv_w = 288, .box_w = 18, .box_h = 18, .ofs_x = 0, .ofs_y = -2},
    {.bitmap_index = 16528, .adv_w = 288, .box_w = 18, .box_h = 17, .ofs_x = 0, .ofs_y = -2},
    {.bitmap_index = 16681, .adv_w = 288, .box_w = 17, .box_h = 18, .ofs_x = 1, .ofs_y = -2},
    {.bitmap_index = 16834, .adv_w = 288, .box_w = 18, .box_h = 17, .ofs_x = 0, .ofs_y = -2},
    {.bitmap_index = 16987, .adv_w = 288, .box_w = 18, .box_h = 17, .ofs_x = 0, .ofs_y = -2},
    {.bitmap_index = 17140, .adv_w = 288, .box_w = 17, .box_h = 17, .ofs_x = 0, .ofs_y = -2},
    {.bitmap_index = 17285, .adv_w = 288, .box_w = 18, .box_h = 17, .ofs_x = 0, .ofs_y = -2},
    {.bitmap_index = 17438, .adv_w = 288, .box_w = 18, .box_h = 17, .ofs_x = 0, .ofs_y = -2},
    {.bitmap_index = 17591, .adv_w = 288, .box_w = 18, .box_h = 18, .ofs_x = 0, .ofs_y = -2},
    {.bitmap_index = 17753, .adv_w = 288, .box_w = 18, .box_h = 17, .ofs_x = 0, .ofs_y = -2},
    {.bitmap_index = 17906, .adv_w = 288, .box_w = 18, .box_h = 17, .ofs_x = 0, .ofs_y = -2},
    {.bitmap_index = 18059, .adv_w = 288, .box_w = 18, .box_h = 17, .ofs_x = 0, .ofs_y = -2},
    {.bitmap_index = 18212, .adv_w = 288, .box_w = 18, .box_h = 18, .ofs_x = 0, .ofs_y = -2},
    {.bitmap_index = 18374, .adv_w = 288, .box_w = 17, .box_h = 18, .ofs_x = 1, .ofs_y = -2},
    {.bitmap_index = 18527, .adv_w = 288, .box_w = 18, .box_h = 17, .ofs_x = 0, .ofs_y = -2},
    {.bitmap_index = 18680, .adv_w = 288, .box_w = 18, .box_h = 16, .ofs_x = 0, .ofs_y = -1},
    {.bitmap_index = 18824, .adv_w = 288, .box_w = 18, .box_h = 18, .ofs_x = 0, .ofs_y = -2},
    {.bitmap_index = 18986, .adv_w = 288, .box_w = 18, .box_h = 16, .ofs_x = 0, .ofs_y = -2},
    {.bitmap_index = 19130, .adv_w = 288, .box_w = 17, .box_h = 17, .ofs_x = 1, .ofs_y = -2},
    {.bitmap_index = 19275, .adv_w = 288, .box_w = 18, .box_h = 15, .ofs_x = 0, .ofs_y = -1},
    {.bitmap_index = 19410, .adv_w = 288, .box_w = 17, .box_h = 17, .ofs_x = 1, .ofs_y = -1},
    {.bitmap_index = 19555, .adv_w = 288, .box_w = 18, .box_h = 16, .ofs_x = 0, .ofs_y = -2},
    {.bitmap_index = 19699, .adv_w = 288, .box_w = 17, .box_h = 17, .ofs_x = 0, .ofs_y = -1},
    {.bitmap_index = 19844, .adv_w = 288, .box_w = 18, .box_h = 16, .ofs_x = 0, .ofs_y = -2},
    {.bitmap_index = 19988, .adv_w = 288, .box_w = 18, .box_h = 16, .ofs_x = 0, .ofs_y = -1},
    {.bitmap_index = 20132, .adv_w = 288, .box_w = 18, .box_h = 16, .ofs_x = 0, .ofs_y = -1},
    {.bitmap_index = 20276, .adv_w = 288, .box_w = 18, .box_h = 17, .ofs_x = 0, .ofs_y = -1},
    {.bitmap_index = 20429, .adv_w = 288, .box_w = 18, .box_h = 16, .ofs_x = 0, .ofs_y = -1},
    {.bitmap_index = 20573, .adv_w = 288, .box_w = 18, .box_h = 16, .ofs_x = 0, .ofs_y = -1},
    {.bitmap_index = 20717, .adv_w = 288, .box_w = 18, .box_h = 17, .ofs_x = 0, .ofs_y = -2},
    {.bitmap_index = 20870, .adv_w = 288, .box_w = 18, .box_h = 17, .ofs_x = 0, .ofs_y = -1},
    {.bitmap_index = 21023, .adv_w = 288, .box_w = 18, .box_h = 17, .ofs_x = 0, .ofs_y = -2},
    {.bitmap_index = 21176, .adv_w = 288, .box_w = 18, .box_h = 15, .ofs_x = 0, .ofs_y = -1},
    {.bitmap_index = 21311, .adv_w = 288, .box_w = 18, .box_h = 16, .ofs_x = 0, .ofs_y = -1},
    {.bitmap_index = 21455, .adv_w = 288, .box_w = 18, .box_h = 17, .ofs_x = 0, .ofs_y = -2},
    {.bitmap_index = 21608, .adv_w = 288, .box_w = 18, .box_h = 17, .ofs_x = 0, .ofs_y = -2},
    {.bitmap_index = 21761, .adv_w = 288, .box_w = 17, .box_h = 18, .ofs_x = 0, .ofs_y = -2},
    {.bitmap_index = 21914, .adv_w = 288, .box_w = 18, .box_h = 16, .ofs_x = 0, .ofs_y = -1},
    {.bitmap_index = 22058, .adv_w = 288, .box_w = 18, .box_h = 17, .ofs_x = 0, .ofs_y = -2},
    {.bitmap_index = 22211, .adv_w = 288, .box_w = 17, .box_h = 17, .ofs_x = 0, .ofs_y = -2},
    {.bitmap_index = 22356, .adv_w = 288, .box_w = 18, .box_h = 16, .ofs_x = 0, .ofs_y = -2},
    {.bitmap_index = 22500, .adv_w = 288, .box_w = 18, .box_h = 18, .ofs_x = 0, .ofs_y = -2},
    {.bitmap_index = 22662, .adv_w = 288, .box_w = 18, .box_h = 16, .ofs_x = 0, .ofs_y = -2},
    {.bitmap_index = 22806, .adv_w = 288, .box_w = 18, .box_h = 15, .ofs_x = 0, .ofs_y = -1},
    {.bitmap_index = 22941, .adv_w = 288, .box_w = 17, .box_h = 16, .ofs_x = 0, .ofs_y = -2},
    {.bitmap_index = 23077, .adv_w = 288, .box_w = 16, .box_h = 16, .ofs_x = 1, .ofs_y = -1},
    {.bitmap_index = 23205, .adv_w = 288, .box_w = 18, .box_h = 16, .ofs_x = 0, .ofs_y = -1},
    {.bitmap_index = 23349, .adv_w = 288, .box_w = 16, .box_h = 18, .ofs_x = 1, .ofs_y = -2},
    {.bitmap_index = 23493, .adv_w = 288, .box_w = 18, .box_h = 16, .ofs_x = 0, .ofs_y = -1},
    {.bitmap_index = 23637, .adv_w = 288, .box_w = 17, .box_h = 16, .ofs_x = 0, .ofs_y = -1},
    {.bitmap_index = 23773, .adv_w = 288, .box_w = 17, .box_h = 18, .ofs_x = 1, .ofs_y = -2},
    {.bitmap_index = 23926, .adv_w = 288, .box_w = 17, .box_h = 17, .ofs_x = 0, .ofs_y = -2},
    {.bitmap_index = 24071, .adv_w = 288, .box_w = 17, .box_h = 17, .ofs_x = 0, .ofs_y = -2},
    {.bitmap_index = 24216, .adv_w = 288, .box_w = 17, .box_h = 16, .ofs_x = 0, .ofs_y = -2},
    {.bitmap_index = 24352, .adv_w = 288, .box_w = 16, .box_h = 17, .ofs_x = 1, .ofs_y = -1},
    {.bitmap_index = 24488, .adv_w = 288, .box_w = 18, .box_h = 16, .ofs_x = 0, .ofs_y = -1},
    {.bitmap_index = 24632, .adv_w = 288, .box_w = 16, .box_h = 16, .ofs_x = 1, .ofs_y = -1},
    {.bitmap_index = 24760, .adv_w = 288, .box_w = 18, .box_h = 17, .ofs_x = 0, .ofs_y = -1},
    {.bitmap_index = 24913, .adv_w = 288, .box_w = 18, .box_h = 16, .ofs_x = 0, .ofs_y = -1},
    {.bitmap_index = 25057, .adv_w = 288, .box_w = 16, .box_h = 17, .ofs_x = 1, .ofs_y = -1},
    {.bitmap_index = 25193, .adv_w = 288, .box_w = 16, .box_h = 16, .ofs_x = 1, .ofs_y = -1},
    {.bitmap_index = 25321, .adv_w = 288, .box_w = 18, .box_h = 16, .ofs_x = 0, .ofs_y = -1},
    {.bitmap_index = 25465, .adv_w = 288, .box_w = 18, .box_h = 16, .ofs_x = 0, .ofs_y = -1},
    {.bitmap_index = 25609, .adv_w = 288, .box_w = 18, .box_h = 17, .ofs_x = 0, .ofs_y = -1},
    {.bitmap_index = 25762, .adv_w = 288, .box_w = 18, .box_h = 17, .ofs_x = 0, .ofs_y = -1},
    {.bitmap_index = 25915, .adv_w = 288, .box_w = 18, .box_h = 18, .ofs_x = 0, .ofs_y = -2},
    {.bitmap_index = 26077, .adv_w = 288, .box_w = 18, .box_h = 17, .ofs_x = 0, .ofs_y = -1},
    {.bitmap_index = 26230, .adv_w = 288, .box_w = 18, .box_h = 17, .ofs_x = 0, .ofs_y = -2},
    {.bitmap_index = 26383, .adv_w = 288, .box_w = 16, .box_h = 15, .ofs_x = 1, .ofs_y = -1},
    {.bitmap_index = 26503, .adv_w = 288, .box_w = 16, .box_h = 15, .ofs_x = 1, .ofs_y = -1},
    {.bitmap_index = 26623, .adv_w = 288, .box_w = 18, .box_h = 17, .ofs_x = 0, .ofs_y = -2},
    {.bitmap_index = 26776, .adv_w = 288, .box_w = 14, .box_h = 17, .ofs_x = 2, .ofs_y = -1},
    {.bitmap_index = 26895, .adv_w = 288, .box_w = 18, .box_h = 17, .ofs_x = 0, .ofs_y = -1},
    {.bitmap_index = 27048, .adv_w = 288, .box_w = 18, .box_h = 17, .ofs_x = 0, .ofs_y = -1},
    {.bitmap_index = 27201, .adv_w = 288, .box_w = 18, .box_h = 16, .ofs_x = 0, .ofs_y = -2},
    {.bitmap_index = 27345, .adv_w = 288, .box_w = 17, .box_h = 17, .ofs_x = 1, .ofs_y = -1},
    {.bitmap_index = 27490, .adv_w = 288, .box_w = 18, .box_h = 17, .ofs_x = 0, .ofs_y = -1},
    {.bitmap_index = 27643, .adv_w = 288, .box_w = 17, .box_h = 17, .ofs_x = 1, .ofs_y = -2},
    {.bitmap_index = 27788, .adv_w = 288, .box_w = 18, .box_h = 16, .ofs_x = 0, .ofs_y = -1},
    {.bitmap_index = 27932, .adv_w = 288, .box_w = 18, .box_h = 17, .ofs_x = 0, .ofs_y = -2},
    {.bitmap_index = 28085, .adv_w = 288, .box_w = 17, .box_h = 17, .ofs_x = 1, .ofs_y = -2},
    {.bitmap_index = 28230, .adv_w = 288, .box_w = 18, .box_h = 16, .ofs_x = 0, .ofs_y = -1},
    {.bitmap_index = 28374, .adv_w = 288, .box_w = 17, .box_h = 17, .ofs_x = 0, .ofs_y = -2},
    {.bitmap_index = 28519, .adv_w = 288, .box_w = 18, .box_h = 17, .ofs_x = 0, .ofs_y = -2},
    {.bitmap_index = 28672, .adv_w = 288, .box_w = 18, .box_h = 17, .ofs_x = 0, .ofs_y = -2},
    {.bitmap_index = 28825, .adv_w = 288, .box_w = 18, .box_h = 17, .ofs_x = 0, .ofs_y = -2},
    {.bitmap_index = 28978, .adv_w = 288, .box_w = 18, .box_h = 18, .ofs_x = 0, .ofs_y = -2},
    {.bitmap_index = 29140, .adv_w = 288, .box_w = 18, .box_h = 17, .ofs_x = 0, .ofs_y = -2},
    {.bitmap_index = 29293, .adv_w = 288, .box_w = 18, .box_h = 18, .ofs_x = 0, .ofs_y = -2},
    {.bitmap_index = 29455, .adv_w = 288, .box_w = 18, .box_h = 18, .ofs_x = 0, .ofs_y = -2},
    {.bitmap_index = 29617, .adv_w = 288, .box_w = 18, .box_h = 18, .ofs_x = 0, .ofs_y = -2},
    {.bitmap_index = 29779, .adv_w = 288, .box_w = 18, .box_h = 17, .ofs_x = 0, .ofs_y = -2},
    {.bitmap_index = 29932, .adv_w = 288, .box_w = 18, .box_h = 16, .ofs_x = 0, .ofs_y = -2},
    {.bitmap_index = 30076, .adv_w = 288, .box_w = 17, .box_h = 15, .ofs_x = 1, .ofs_y = -1},
    {.bitmap_index = 30204, .adv_w = 288, .box_w = 18, .box_h = 16, .ofs_x = 0, .ofs_y = -1},
    {.bitmap_index = 30348, .adv_w = 288, .box_w = 18, .box_h = 15, .ofs_x = 0, .ofs_y = -1},
    {.bitmap_index = 30483, .adv_w = 288, .box_w = 18, .box_h = 17, .ofs_x = 0, .ofs_y = -2},
    {.bitmap_index = 30636, .adv_w = 288, .box_w = 18, .box_h = 16, .ofs_x = 0, .ofs_y = -1},
    {.bitmap_index = 30780, .adv_w = 288, .box_w = 16, .box_h = 17, .ofs_x = 1, .ofs_y = -2},
    {.bitmap_index = 30916, .adv_w = 288, .box_w = 17, .box_h = 16, .ofs_x = 1, .ofs_y = -1},
    {.bitmap_index = 31052, .adv_w = 288, .box_w = 18, .box_h = 16, .ofs_x = 0, .ofs_y = -2},
    {.bitmap_index = 31196, .adv_w = 288, .box_w = 16, .box_h = 16, .ofs_x = 1, .ofs_y = -2},
    {.bitmap_index = 31324, .adv_w = 288, .box_w = 16, .box_h = 17, .ofs_x = 1, .ofs_y = -1},
    {.bitmap_index = 31460, .adv_w = 288, .box_w = 16, .box_h = 16, .ofs_x = 1, .ofs_y = -2},
    {.bitmap_index = 31588, .adv_w = 288, .box_w = 18, .box_h = 16, .ofs_x = 0, .ofs_y = -2},
    {.bitmap_index = 31732, .adv_w = 288, .box_w = 17, .box_h = 17, .ofs_x = 1, .ofs_y = -1},
    {.bitmap_index = 31877, .adv_w = 288, .box_w = 16, .box_h = 17, .ofs_x = 1, .ofs_y = -2},
    {.bitmap_index = 32013, .adv_w = 288, .box_w = 16, .box_h = 18, .ofs_x = 1, .ofs_y = -2},
    {.bitmap_index = 32157, .adv_w = 288, .box_w = 5, .box_h = 8, .ofs_x = 2, .ofs_y = -3},
    {.bitmap_index = 32177, .adv_w = 288, .box_w = 5, .box_h = 13, .ofs_x = 2, .ofs_y = -1}
};

/*---------------------
 *  CHARACTER MAPPING
 *--------------------*/

static const uint16_t unicode_list_1[] = {
    0x0, 0x1f6f, 0x4d53, 0x4d56, 0x4d76, 0x4df7, 0x4e03, 0x4e13,
    0x4e16, 0x4e2e, 0x4e5a, 0x4e63, 0x4e69, 0x4e98, 0x4f5b, 0x4fae,
    0x5091, 0x50ae, 0x50b1, 0x50d6, 0x510f, 0x5163, 0x5179, 0x5196,
    0x51ea, 0x51f1, 0x51f2, 0x52ba, 0x52bc, 0x5313, 0x531a, 0x5338,
    0x5357, 0x5375, 0x5378, 0x5393, 0x5416, 0x55b1, 0x5627, 0x5671,
    0x5679, 0x5839, 0x584d, 0x5850, 0x5856, 0x5872, 0x587a, 0x58c6,
    0x58cb, 0x5ad1, 0x5ad2, 0x5ad5, 0x5ae7, 0x5aff, 0x5b4f, 0x5b58,
    0x5b63, 0x5b86, 0x5d3b, 0x5d77, 0x5d81, 0x5dbc, 0x5dbf, 0x5df6,
    0x5e00, 0x5e49, 0x5e4b, 0x5e9c, 0x5ece, 0x5ed1, 0x5f0c, 0x5f34,
    0x5f4a, 0x5f6e, 0x5fb8, 0x5ff1, 0x6068, 0x6159, 0x615a, 0x615f,
    0x6189, 0x619c, 0x61ed, 0x61ee, 0x624a, 0x6252, 0x62b7, 0x62ee,
    0x6319, 0x63ed, 0x647f, 0x64b9, 0x64bd, 0x64f9, 0x6529, 0x653f,
    0x6587, 0x65cb, 0x663d, 0x6652, 0x6656, 0x6673, 0x6675, 0x66aa,
    0x66ae, 0x672e, 0x6750, 0x6809, 0x6a6a, 0x6aac, 0x6b7d, 0x6b8b,
    0x6bea, 0x6c94, 0x6cd1, 0x6e58, 0x7028, 0x70b0, 0x71ff, 0x72f9,
    0x734f, 0x7471, 0x74a2, 0x75c4, 0x75cd, 0x761a, 0x7654, 0x7668,
    0x772e, 0x77b7, 0x7883, 0x7904, 0x791b, 0x79e0, 0x7a14, 0x7a92,
    0x7c44, 0x7c70, 0x7e08, 0x7e18, 0x7e22, 0x7e25, 0x7e28, 0x7e30,
    0x7e36, 0x7e9a, 0x7eb7, 0x7f9d, 0x8133, 0x864b, 0x8795, 0x88ca,
    0x8949, 0x8aaf, 0x8aed, 0x8af9, 0x8b07, 0x8b1e, 0x8b40, 0x8b4c,
    0x8c6e, 0x8cbf, 0x8d15, 0x8ecc, 0x8f19, 0x8f22, 0x8f27, 0x8f4a,
    0x8f63, 0x9096, 0x9115, 0x9116, 0x9118, 0x93f7, 0x9449, 0x9531,
    0x95b2, 0x9647, 0x9649, 0x973c, 0x97be, 0x9817, 0x98df, 0x99b5,
    0x9d6c, 0xfe55, 0xfe63
};

/*Collect the unicode lists and glyph_id offsets*/
static const lv_font_fmt_txt_cmap_t cmaps[] =
{
    {
        .range_start = 32, .range_length = 95, .glyph_id_start = 1,
        .unicode_list = NULL, .glyph_id_ofs_list = NULL, .list_length = 0, .type = LV_FONT_FMT_TXT_CMAP_FORMAT0_TINY
    },
    {
        .range_start = 183, .range_length = 65124, .glyph_id_start = 96,
        .unicode_list = unicode_list_1, .glyph_id_ofs_list = NULL, .list_length = 187, .type = LV_FONT_FMT_TXT_CMAP_SPARSE_TINY
    }
};

/*-----------------
 *    KERNING
 *----------------*/


/*Map glyph_ids to kern left classes*/
static const uint8_t kern_left_class_mapping[] =
{
    0, 0, 0, 1, 0, 0, 0, 0,
    1, 2, 0, 0, 0, 3, 4, 3,
    5, 0, 0, 0, 0, 0, 0, 0,
    0, 0, 0, 6, 6, 0, 0, 0,
    0, 0, 7, 8, 9, 10, 11, 12,
    13, 0, 0, 14, 15, 16, 0, 0,
    10, 17, 10, 18, 19, 20, 21, 22,
    23, 24, 25, 26, 2, 27, 0, 0,
    0, 0, 28, 29, 30, 0, 31, 32,
    33, 34, 0, 0, 35, 36, 34, 34,
    29, 29, 37, 38, 39, 40, 37, 41,
    42, 43, 44, 45, 2, 0, 0, 0,
    0, 0, 0, 0, 0, 0, 0, 0,
    0, 0, 0, 0, 0, 0, 0, 0,
    0, 0, 0, 0, 0, 0, 0, 0,
    0, 0, 0, 0, 0, 0, 0, 0,
    0, 0, 0, 0, 0, 0, 0, 0,
    0, 0, 0, 0, 0, 0, 0, 0,
    0, 0, 0, 0, 0, 0, 0, 0,
    0, 0, 0, 0, 0, 0, 0, 0,
    0, 0, 0, 0, 0, 0, 0, 0,
    0, 0, 0, 0, 0, 0, 0, 0,
    0, 0, 0, 0, 0, 0, 0, 0,
    0, 0, 0, 0, 0, 0, 0, 0,
    0, 0, 0, 0, 0, 0, 0, 0,
    0, 0, 0, 0, 0, 0, 0, 0,
    0, 0, 0, 0, 0, 0, 0, 0,
    0, 0, 0, 0, 0, 0, 0, 0,
    0, 0, 0, 0, 0, 0, 0, 0,
    0, 0, 0, 0, 0, 0, 0, 0,
    0, 0, 0, 0, 0, 0, 0, 0,
    0, 0, 0, 0, 0, 0, 0, 0,
    0, 0, 0, 0, 0, 0, 0, 0,
    0, 0, 0, 0, 0, 0, 0, 0,
    0, 0, 0, 0, 0, 0, 0, 0,
    0, 0, 0
};

/*Map glyph_ids to kern right classes*/
static const uint8_t kern_right_class_mapping[] =
{
    0, 0, 1, 2, 0, 0, 0, 0,
    2, 0, 3, 4, 0, 5, 6, 7,
    8, 0, 0, 0, 0, 0, 0, 0,
    0, 0, 0, 9, 10, 0, 0, 0,
    11, 0, 12, 0, 13, 0, 0, 0,
    13, 0, 0, 14, 0, 0, 0, 0,
    13, 0, 13, 0, 15, 16, 17, 18,
    19, 20, 21, 22, 0, 23, 3, 0,
    0, 0, 24, 0, 25, 25, 25, 26,
    27, 0, 28, 29, 0, 0, 30, 30,
    25, 30, 25, 30, 31, 32, 33, 34,
    35, 36, 37, 38, 0, 0, 3, 0,
    0, 0, 0, 0, 0, 0, 0, 0,
    0, 0, 0, 0, 0, 0, 0, 0,
    0, 0, 0, 0, 0, 0, 0, 0,
    0, 0, 0, 0, 0, 0, 0, 0,
    0, 0, 0, 0, 0, 0, 0, 0,
    0, 0, 0, 0, 0, 0, 0, 0,
    0, 0, 0, 0, 0, 0, 0, 0,
    0, 0, 0, 0, 0, 0, 0, 0,
    0, 0, 0, 0, 0, 0, 0, 0,
    0, 0, 0, 0, 0, 0, 0, 0,
    0, 0, 0, 0, 0, 0, 0, 0,
    0, 0, 0, 0, 0, 0, 0, 0,
    0, 0, 0, 0, 0, 0, 0, 0,
    0, 0, 0, 0, 0, 0, 0, 0,
    0, 0, 0, 0, 0, 0, 0, 0,
    0, 0, 0, 0, 0, 0, 0, 0,
    0, 0, 0, 0, 0, 0, 0, 0,
    0, 0, 0, 0, 0, 0, 0, 0,
    0, 0, 0, 0, 0, 0, 0, 0,
    0, 0, 0, 0, 0, 0, 0, 0,
    0, 0, 0, 0, 0, 0, 0, 0,
    0, 0, 0, 0, 0, 0, 0, 0,
    0, 0, 0, 0, 0, 0, 0, 0,
    0, 0, 0
};

/*Kern values between classes*/
static const int8_t kern_class_values[] =
{
    0, 0, 0, 0, -39, 0, -39, 0,
    0, 0, 0, -20, 0, -33, -3, 0,
    0, 0, 0, -3, 0, 0, 0, 0,
    -8, 0, 0, 0, 0, 0, -6, 0,
    0, 0, 0, 0, 0, 0, 0, 0,
    0, 0, 0, 0, 0, 0, 0, 0,
    0, 0, 0, -6, 0, 0, 0, 0,
    0, 0, 0, 0, 0, 0, 0, 0,
    0, 0, 26, 0, 0, 0, 0, 0,
    0, 0, 0, 0, 0, -34, 0, -48,
    0, 0, 0, 0, 0, 0, 0, 0,
    0, 0, 0, -32, -7, -22, -11, 0,
    -32, 0, 0, 0, -4, 0, 0, 0,
    10, 0, 0, -17, 0, -14, -8, 0,
    -6, 0, 0, 0, 0, 0, 0, 0,
    0, 0, 0, 0, 0, 0, 0, -6,
    -7, -16, 0, -6, -3, -10, -22, -6,
    0, 0, 0, 0, 0, 0, 0, 0,
    0, -8, 0, -3, 0, -5, 0, 0,
    0, 0, 0, 0, 0, 0, 0, 0,
    0, 0, 0, -13, -3, -26, 0, 0,
    0, 0, 0, 0, 0, 0, 0, -8,
    -9, 0, -3, 6, 6, 0, 0, 1,
    -6, 0, 0, 0, 0, 0, 0, 0,
    0, -14, 0, 0, 0, 0, 0, 0,
    0, 0, 0, 0, 0, 0, 0, 0,
    0, 0, -10, 0, 0, 0, 0, 0,
    0, 0, 1, 0, 0, 0, 0, 0,
    0, 0, 0, 0, 0, -20, 0, -29,
    0, 0, 0, 0, 0, 0, -10, -2,
    -3, 0, 0, -20, -5, -5, 0, 0,
    -5, -2, -13, 7, 0, -3, 0, 0,
    0, 0, 7, -5, -2, -3, -2, -2,
    -3, 0, 0, 0, 0, -10, 0, 0,
    0, 0, 0, 0, 0, 0, 0, -5,
    -5, -8, 0, -3, -2, -2, -5, -2,
    0, 0, 0, 0, 0, 0, 0, 0,
    0, -3, 0, -5, -3, -3, -5, 0,
    0, 0, 0, 0, 0, -10, 0, 0,
    0, 0, 0, 0, -10, -3, -8, -5,
    -5, -2, -2, -2, -3, -3, 0, 0,
    0, 0, -6, 0, 0, 0, 0, -10,
    -3, -5, -3, 0, -5, 0, 0, 0,
    0, -10, 0, 0, 0, -5, 0, 0,
    0, -3, 0, -14, 0, -8, 0, -3,
    -2, -7, -6, -6, 0, 0, 0, 0,
    0, 0, 0, 0, 0, 0, 0, 0,
    0, -5, 0, -3, 0, 0, 0, 0,
    0, 0, 0, 0, 0, 0, 0, 0,
    0, 0, 0, 0, 0, 0, 0, 0,
    0, 0, 0, 0, -3, 0, 0, 0,
    0, 0, 0, -8, 0, -3, 0, -11,
    -3, 0, 0, 0, 0, 0, -25, 0,
    -25, -20, 0, 0, 0, -12, -3, -44,
    -7, 0, 0, 0, 0, -8, -1, -10,
    0, -11, -5, 0, -8, 0, 0, -6,
    -7, -3, -5, -8, -6, -10, -6, -12,
    0, 0, 0, -8, 0, 0, 0, 0,
    0, 0, 0, -2, 0, 0, 0, -6,
    0, -5, -2, 0, 0, 0, 0, 0,
    0, 0, 0, 0, 0, 0, 0, 0,
    0, 0, 0, 0, 0, 0, 0, 0,
    0, 0, -8, 0, -8, 0, 0, 0,
    0, 0, 0, -13, 0, 0, 0, 0,
    0, 0, 0, 0, 0, 0, 0, 0,
    0, 0, 0, 0, 0, 0, 0, 0,
    0, 0, 0, 0, 0, -8, 0, -13,
    0, -12, 0, 0, 0, 0, -3, -3,
    -7, 0, -4, -7, -5, -5, -3, 0,
    -6, 0, 0, 0, -3, 0, 0, 0,
    -3, 0, 0, -13, -4, -8, -6, -6,
    -8, -5, 0, -34, 0, -51, 0, -16,
    0, 0, 0, 0, -12, 0, -10, 0,
    -8, -39, -10, -25, -18, 0, -26, 0,
    -26, 0, -4, -5, -2, 0, 0, 0,
    0, -7, -3, -13, -11, 0, -13, 0,
    0, 0, 0, 0, -38, -10, -38, -22,
    0, 0, 0, -16, 0, -47, -3, -7,
    0, 0, 0, -8, -3, -22, 0, -13,
    -7, 0, -8, 0, 0, 0, -3, 0,
    0, 0, 0, -5, 0, -6, 0, 0,
    0, -3, 0, -10, 0, 0, 0, 0,
    0, -2, 0, -5, -4, -5, 0, 0,
    2, -2, -2, -3, 0, -2, -3, 0,
    -2, 0, 0, 0, 0, 0, 0, 0,
    0, -3, 0, -3, 0, 0, 0, -5,
    0, 5, 0, 0, 0, 0, 0, 0,
    0, -5, -5, -6, 0, 0, 0, 0,
    -5, 0, 0, 0, 0, 0, 0, 0,
    0, 0, 0, -8, 0, 0, 0, 0,
    0, -1, 0, 0, 0, 0, -35, -23,
    -35, -27, -6, -6, 0, -13, -8, -41,
    -11, 0, 0, 0, 0, -6, -5, -16,
    0, -23, -22, -5, -23, 0, 0, -15,
    -19, -5, -15, -10, -10, -11, -10, -23,
    0, 0, 0, 0, -6, 0, -6, -9,
    0, 0, 0, -5, 0, -16, -3, 0,
    0, -2, 0, -3, -5, 0, 0, -2,
    0, 0, -3, 0, 0, 0, -2, 0,
    0, 0, 0, -3, 0, 0, 0, 0,
    0, 0, -22, -6, -22, -13, 0, 0,
    0, -5, -3, -23, -3, 0, -3, 3,
    0, 0, 0, -6, 0, -8, -5, 0,
    -7, 0, 0, -6, -5, 0, -10, -3,
    -3, -5, -3, -8, 0, 0, 0, 0,
    -11, -3, -11, -7, 0, 0, 0, 0,
    -2, -19, -2, 0, 0, 0, 0, 0,
    0, -2, 0, -5, 0, 0, -3, 0,
    0, 0, 0, 0, 0, 0, 0, 0,
    0, -3, 0, -3, 0, -3, 0, -10,
    0, 0, 0, 0, 0, 0, -7, -2,
    -5, -6, -3, 0, 0, 0, 0, 0,
    0, -3, -3, -6, 0, 0, 0, 0,
    0, -6, -3, -6, -5, -3, -6, -5,
    0, 0, 0, 0, -31, -22, -31, -20,
    -9, -9, -3, -5, -5, -32, -5, -5,
    -3, 0, 0, 0, 0, -8, 0, -23,
    -15, 0, -19, 0, 0, -13, -15, -12,
    -11, -5, -8, -11, -5, -16, 0, 0,
    0, 0, 0, -10, 0, 0, 0, 0,
    0, -2, -6, -10, -10, 0, -3, -2,
    -2, 0, -5, -5, 0, -5, -6, -6,
    -4, 0, 0, 0, 0, -5, -7, -5,
    -5, -8, -5, 0, 0, 0, 0, 0,
    0, 0, 0, 0, 0, 0, 0, 0,
    0, 0, 0, -26, -8, -16, -8, 0,
    -23, 0, 0, 0, 0, 0, 10, 0,
    23, 0, 0, 0, 0, -6, -3, 0,
    3, 0, 0, 0, 0, -16, 0, 0,
    0, 0, 0, 0, -6, 0, 0, 0,
    0, -8, 0, -6, -2, 0, -8, 0,
    0, 0, 0, 0, 0, 0, 0, 0,
    0, -5, 0, 0, 0, 0, 0, 0,
    0, -8, 0, -6, -3, 2, -3, 0,
    0, 0, -6, 0, 0, 0, 0, -19,
    0, -6, 0, -2, -16, 0, -10, -4,
    0, -1, 0, 0, 0, 0, -1, -7,
    0, -2, -2, -7, -2, -3, 0, 0,
    0, 0, 0, -8, 0, 0, 0, 0,
    0, 0, 0, 0, 0, -6, 0, -5,
    0, 0, -8, 0, 0, -3, -7, 0,
    -3, 0, 0, 0, 0, -3, 0, 2,
    2, 1, 2, 0, 0, 0, 0, -10,
    0, 3, 0, 0, 0, 0, -3, 0,
    0, -6, -6, -8, 0, -6, -3, 0,
    -10, 0, -8, -4, 0, -1, -3, 0,
    0, 0, 0, -3, 0, 0, 0, -3,
    0, 0, 3, 13, 15, 0, -18, -5,
    -18, -3, 0, 0, 8, 0, 0, 0,
    0, 15, 0, 21, 15, 10, 18, 0,
    17, -6, -3, 0, -4, 0, -3, 0,
    -2, 0, 0, 3, 0, -2, 0, -5,
    0, 0, 3, -10, 0, 0, 0, 14,
    0, 0, -13, 0, 0, 0, 0, -10,
    0, 0, 0, 0, -5, 0, 0, -5,
    -5, 0, 0, 0, 13, 0, 0, 0,
    0, -2, -2, 0, 4, -5, 0, 0,
    0, -10, 0, 0, 0, 0, 0, 0,
    -3, 0, 0, 0, 0, -8, 0, -3,
    0, 0, -6, 0, 0, 0, 0, 0,
    0, 0, 0, 0, 0, 0, 0, 0,
    0, 0, 0, 0, 0, 0, 0, -7,
    3, -18, 3, 0, 3, 3, -6, 0,
    0, 0, 0, -13, 0, 0, 0, 0,
    -4, 0, 0, -3, -7, 0, -3, 0,
    -3, 0, 0, -8, -5, 0, 0, -3,
    0, -3, 0, 0, 0, 0, 0, 0,
    0, 0, 0, 0, 0, 0, 0, 0,
    0, 0, 0, 0, 0, 0, 0, 0,
    0, 0, 0, 0, 0, 0, 3, 0,
    0, 0, 0, 0, 0, 0, 0, 0,
    0, 0, 0, -7, 0, 0, 0, 0,
    0, 0, 0, 0, 0, 0, 0, -6,
    0, -5, 0, 0, -10, 0, 0, 0,
    0, 0, 0, 0, 0, 0, 0, 0,
    0, 0, 0, 0, 0, 0, 0, 0,
    0, 0, -22, -8, -22, -10, 6, 6,
    0, -5, 0, -20, 0, 0, 0, 0,
    0, 0, 0, -3, 3, -8, -3, 0,
    -3, 0, 0, 0, -2, 0, 0, 6,
    5, 0, 6, -2, 0, 0, 0, -14,
    0, 3, 0, 0, 0, 0, -5, 0,
    0, 0, 0, -8, 0, -3, 0, 0,
    -6, 0, 0, 0, 0, 0, 0, 0,
    0, 0, 0, -6, 0, 0, 0, 0,
    0, 0, 0, 0, 0, 0, 0, -10,
    0, 2, 3, 3, -10, 0, 0, 0,
    0, -5, 0, 0, 0, 0, -2, 0,
    0, -7, -5, 0, -3, 0, 0, 0,
    -3, -6, 0, 0, 0, -5, 0, 0,
    0, 0, 0, -4, -14, -3, -14, -6,
    0, 0, 0, -4, 0, -13, 0, -6,
    0, -3, 0, 0, -5, -3, 0, -6,
    -2, 0, 0, 0, -3, 0, 0, 0,
    0, 0, 0, 0, 0, -8, 0, 0,
    0, -4, -18, 0, -18, -2, 0, 0,
    0, -2, 0, -10, 0, -8, 0, -3,
    0, -5, -8, 0, 0, -3, -2, 0,
    0, 0, -3, 0, 0, 0, 0, 0,
    0, 0, 0, -7, -5, 0, 0, -7,
    3, -5, -3, 0, 0, 3, 0, 0,
    -3, 0, -2, -10, 0, -5, 0, -3,
    -11, 0, 0, -3, -7, 0, 0, 0,
    0, 0, 0, -8, 0, 0, 0, 0,
    -2, 0, 0, 0, 0, 0, -14, 0,
    -14, -3, 0, 0, 0, 0, 0, -13,
    0, -6, 0, -2, 0, -2, -3, 0,
    0, -6, -2, 0, 0, 0, -3, 0,
    0, 0, 0, 0, 0, -5, 0, -8,
    0, 0, 0, 0, 0, -6, 0, 0,
    0, 0, 0, 0, 0, 0, 0, -8,
    0, 0, 0, 0, -8, 0, 0, -7,
    -3, 0, -2, 0, 0, 0, 0, 0,
    -3, -2, 0, 0, -2, 0
};


/*Collect the kern class' data in one place*/
static const lv_font_fmt_txt_kern_classes_t kern_classes =
{
    .class_pair_values   = kern_class_values,
    .left_class_mapping  = kern_left_class_mapping,
    .right_class_mapping = kern_right_class_mapping,
    .left_class_cnt      = 45,
    .right_class_cnt     = 38,
};

/*--------------------
 *  ALL CUSTOM DATA
 *--------------------*/

#if LVGL_VERSION_MAJOR == 8
/*Store all the custom data of the font*/
static  lv_font_fmt_txt_glyph_cache_t cache;
#endif

#if LVGL_VERSION_MAJOR >= 8
static const lv_font_fmt_txt_dsc_t font_dsc = {
#else
static lv_font_fmt_txt_dsc_t font_dsc = {
#endif
    .glyph_bitmap = glyph_bitmap,
    .glyph_dsc = glyph_dsc,
    .cmaps = cmaps,
    .kern_dsc = &kern_classes,
    .kern_scale = 16,
    .cmap_num = 2,
    .bpp = 4,
    .kern_classes = 1,
    .bitmap_format = 0,
#if LVGL_VERSION_MAJOR == 8
    .cache = &cache
#endif
};



/*-----------------
 *  PUBLIC FONT
 *----------------*/

/*Initialize a public general font descriptor*/
#if LVGL_VERSION_MAJOR >= 8
const lv_font_t lv_font_velacare_cn_18 = {
#else
lv_font_t lv_font_velacare_cn_18 = {
#endif
    .get_glyph_dsc = lv_font_get_glyph_dsc_fmt_txt,    /*Function pointer to get glyph's data*/
    .get_glyph_bitmap = lv_font_get_bitmap_fmt_txt,    /*Function pointer to get glyph's bitmap*/
    .line_height = 21,          /*The maximum line height required by the font*/
    .base_line = 5,             /*Baseline measured from the bottom of the line*/
#if !(LVGL_VERSION_MAJOR == 6 && LVGL_VERSION_MINOR == 0)
    .subpx = LV_FONT_SUBPX_NONE,
#endif
#if LV_VERSION_CHECK(7, 4, 0) || LVGL_VERSION_MAJOR >= 8
    .underline_position = -2,
    .underline_thickness = 1,
#endif
    .dsc = &font_dsc,          /*The custom font data. Will be accessed by `get_glyph_bitmap/dsc` */
#if LV_VERSION_CHECK(8, 2, 0) || LVGL_VERSION_MAJOR >= 9
    .fallback = NULL,
#endif
    .user_data = NULL,
};



#endif /*#if LV_FONT_VELACARE_CN_18*/

