/*******************************************************************************
 * Size: 16 px
 * Bpp: 4
 * Opts: --font C:\Users\林明强\Desktop\小米\MiSans-Normal.ttf --size 16 --bpp 4 --range 0x20-0x7e,0xb0,0x2103,0x2192,0x3001-0x3002,0x4e00,0x4e09-0x4e0b,0x4e0d-0x4e0e,0x4e14,0x4e22,0x4e24,0x4e2a,0x4e2d,0x4e3a-0x4e3b,0x4e45,0x4e48,0x4e86,0x4e8b-0x4e8c,0x4e8e,0x4e91,0x4e94,0x4e9b,0x4ea4,0x4eba,0x4ec5,0x4eca,0x4ecd,0x4ed3,0x4ee5,0x4ef6-0x4ef7,0x4f11,0x4f20,0x4f4d-0x4f4e,0x4f53,0x4f5c,0x4f60,0x4f7f,0x4f9b,0x4f9d,0x4fbf,0x4fdd,0x4fe1,0x500d,0x503c,0x505c,0x50a8,0x5148-0x5149,0x514d,0x5165,0x5168,0x516d,0x5173,0x5177,0x5185,0x518d,0x5199,0x51b5,0x51fa,0x51fd,0x5206,0x5217,0x5219,0x521b,0x521d,0x5224,0x522b,0x5230,0x5236,0x524d,0x529e-0x52a0,0x52a8-0x52a9,0x5316,0x533a,0x5347-0x5348,0x5355,0x5373,0x539f,0x53ca,0x53d1,0x53d6,0x53d8,0x53e0,0x53e3,0x53ef,0x53f3,0x53f7,0x5408,0x540c-0x540e,0x5426,0x542f,0x544a,0x5458,0x5468,0x548c,0x54cd,0x54ea,0x559d,0x5668,0x56db,0x56de,0x56e0,0x56fa,0x5728,0x5730,0x573a,0x5747,0x574f,0x5883,0x589e,0x58f0,0x5904,0x5907,0x590d,0x591a,0x5927,0x5929,0x5931,0x5934,0x59cb,0x5b50,0x5b57-0x5b58,0x5b88-0x5b89,0x5b8c,0x5b9a,0x5b9c,0x5b9e,0x5ba4,0x5bb6,0x5bb9,0x5bbf,0x5bdf,0x5bf9,0x5c0f,0x5c31,0x5c3d,0x5c45,0x5c5e,0x5de5-0x5de6,0x5df2,0x5e38,0x5e76,0x5e8f,0x5e93-0x5e94,0x5ea6,0x5efa,0x5f00,0x5f02-0x5f03,0x5f0f,0x5f39,0x5f53,0x5f55,0x5f71,0x5f85,0x5fae,0x5fc3,0x5fc5,0x5feb,0x6001,0x600e,0x6025,0x6062,0x606f,0x60c5,0x610f,0x611f,0x6210-0x6211,0x6216,0x6237,0x624b,0x6267,0x62a4,0x62df,0x6301,0x6309,0x635f,0x636e,0x63a5,0x63a7-0x63a8,0x63d0,0x6444,0x652f,0x653e,0x6551,0x6570,0x6587,0x65ad,0x65b0,0x65b9,0x65e0,0x65e5,0x65e7,0x65f6,0x660e,0x662f,0x663e,0x6682,0x66ff-0x6700,0x6709,0x670d,0x672a,0x672c,0x673a,0x6761,0x6765,0x6790,0x679c,0x67e5,0x6807,0x6837-0x6839,0x6869,0x68c0,0x6a21,0x6a59,0x6b21,0x6b63,0x6b65,0x6bcf,0x6bd4,0x6c0f,0x6c14,0x6c34,0x6c42,0x6ce8,0x6d3b,0x6d4b,0x6d6e,0x6dfb,0x6e05,0x6e29,0x6e7f,0x6e90,0x6ee1,0x6f14,0x7070,0x70b9,0x70df,0x7167,0x71c3,0x7279,0x72b6,0x72ec,0x73af-0x73b0,0x7406,0x751f,0x7528,0x7531,0x7535,0x7559,0x767e,0x7684,0x76d8,0x76ee,0x770b,0x771f,0x77e5,0x786e,0x793a,0x79bb,0x79cd,0x79d2,0x7a0b,0x7a0d,0x7a7a,0x7a97,0x7acb,0x7aef,0x7b49,0x7b80,0x7b97,0x7c7b,0x7cfb,0x7d27,0x7ea2,0x7ea7,0x7ebf,0x7ed3,0x7ed9,0x7edf,0x7eea,0x7eff,0x7f06,0x7f51,0x7f6e,0x8001,0x8054,0x80fd,0x810f,0x81ea,0x81f4,0x8272,0x82e5,0x836f,0x843d,0x8702,0x884c,0x8868,0x88ab,0x88c5,0x8981,0x89c2,0x89c4,0x89c6,0x89e3,0x89e6,0x8b66,0x8ba4,0x8bae,0x8bb0,0x8bbe,0x8bc1,0x8bd5,0x8be2,0x8be5,0x8bf4,0x8bf7,0x8bfb,0x8c03,0x8d25,0x8d56,0x8d85,0x8f6e,0x8f7b,0x8f7d,0x8f93,0x8fbe,0x8fc7,0x8fd0,0x8fd4,0x8fdb,0x8fde,0x8ffd,0x9000-0x9002,0x9009,0x901a,0x907f,0x914d,0x9192,0x91c7,0x91ca,0x91cc,0x91cf,0x9488,0x949f,0x94a9,0x94ae,0x957f,0x95e8,0x95ed-0x95ee,0x95f4,0x9600,0x9608,0x961f,0x964d,0x9650,0x9664,0x9669,0x96c6,0x96fe,0x9700,0x9759,0x975e,0x9762,0x9875,0x9879,0x9884,0x98ce,0x996e,0x9996,0x9a71,0x9a8c,0x9ad8,0x9e23,0x9ec4,0x9ed8,0xff01,0xff08-0xff09,0xff0c,0xff1a-0xff1b,0xff1f --format lvgl -o C:\Users\林明强\Desktop\小米\velacare_cn_16.c
 ******************************************************************************/

#ifdef LV_LVGL_H_INCLUDE_SIMPLE
#include "lvgl.h"
#else
#include "lvgl/lvgl.h"
#endif

#ifndef VELACARE_CN_16
#define VELACARE_CN_16 1
#endif

#if VELACARE_CN_16

/*-----------------
 *    BITMAPS
 *----------------*/

/*Store the image of the glyphs*/
static LV_ATTRIBUTE_LARGE_CONST const uint8_t glyph_bitmap[] = {
    /* U+0020 " " */

    /* U+0021 "!" */
    0x9c, 0x0, 0xc2, 0xe0, 0x10, 0xf8, 0x4, 0x44,
    0x58, 0x0, 0x34, 0x62, 0x80,

    /* U+0022 "\"" */
    0x3, 0x2, 0x12, 0xc2, 0xf6, 0x30, 0x31, 0x18,
    0x5, 0xcc, 0x4, 0x0, 0x20,

    /* U+0023 "#" */
    0x0, 0xda, 0x80, 0xf, 0x10, 0xe, 0x25, 0x3,
    0x11, 0x0, 0x62, 0x1, 0x5, 0x50, 0x7, 0x39,
    0x80, 0x38, 0x80, 0x2d, 0xfa, 0x3f, 0xf3, 0xb7,
    0xa0, 0x67, 0x1c, 0xf7, 0x3, 0x39, 0x0, 0x44,
    0x68, 0x26, 0x6, 0x20, 0x11, 0x1, 0x3, 0xa0,
    0x4, 0xbf, 0xa1, 0xfe, 0xa4, 0xfc, 0x5, 0xd5,
    0x6d, 0xd1, 0x4e, 0xe8, 0x0, 0x43, 0x84, 0x52,
    0x10, 0x80, 0x4a, 0xe0, 0x40, 0x40, 0x18, 0x44,
    0x40, 0xe6, 0x1, 0x80,

    /* U+0024 "$" */
    0x0, 0xda, 0xa0, 0x1c, 0x2c, 0x7e, 0x60, 0x11,
    0xfc, 0xa, 0x64, 0x80, 0x35, 0xf8, 0xae, 0xcc,
    0x86, 0x30, 0x1, 0x27, 0x20, 0x81, 0x0, 0x61,
    0x2, 0x4d, 0x53, 0x0, 0xeb, 0x6a, 0x19, 0x50,
    0xd, 0x1e, 0x21, 0x58, 0x1, 0xc7, 0x3a, 0x4e,
    0x1, 0xe2, 0x4d, 0x29, 0x0, 0xe7, 0x23, 0x7c,
    0x53, 0xcb, 0x29, 0x1f, 0x5b, 0x16, 0x1d, 0x10,
    0x19, 0xe2, 0xaa, 0x10, 0x7, 0x5b, 0x80, 0x40,

    /* U+0025 "%" */
    0x7, 0xee, 0x40, 0x6, 0x3f, 0x30, 0x49, 0xdc,
    0x56, 0x0, 0xb9, 0xcc, 0x3a, 0x4c, 0xa3, 0x40,
    0x10, 0x10, 0x1, 0x8, 0x7, 0x1b, 0xf0, 0x5,
    0xf6, 0x21, 0xd8, 0x1e, 0xe6, 0x1, 0x2a, 0xbb,
    0xc5, 0xdc, 0x30, 0x1, 0xd1, 0xfe, 0xa2, 0x89,
    0x0, 0xff, 0x73, 0x23, 0x6e, 0x9c, 0x3, 0x9c,
    0xa5, 0x22, 0x7a, 0x98, 0x2, 0x28, 0xa0, 0xd9,
    0x43, 0x8d, 0x0, 0xb9, 0x90, 0xc, 0x2, 0x17,
    0x0, 0x31, 0x40, 0x3, 0xe8, 0x86, 0x2c, 0xa,
    0x68, 0x40, 0xb, 0x59, 0xc8, 0xe0,

    /* U+0026 "&" */
    0x0, 0x9b, 0x7f, 0x8, 0x3, 0x92, 0x6f, 0x1f,
    0x0, 0x3b, 0x95, 0x8e, 0x84, 0xc0, 0x30, 0x98,
    0x6, 0x10, 0xd, 0xae, 0x22, 0xd4, 0x20, 0xc,
    0xc5, 0x9c, 0xf6, 0x1, 0xd0, 0x64, 0x96, 0x1,
    0xd2, 0xd9, 0x84, 0x70, 0x6, 0x98, 0xb6, 0x99,
    0xaa, 0x15, 0x44, 0x64, 0x6, 0x0, 0x58, 0xab,
    0x80, 0x20, 0x40, 0x9, 0xc4, 0x4a, 0x2, 0xb4,
    0xa4, 0xba, 0x66, 0xe0, 0x5, 0x35, 0xec, 0x56,
    0xe8, 0xa4,

    /* U+0027 "'" */
    0x3, 0x2, 0xc2, 0x30, 0x31, 0x1, 0x0, 0x80,

    /* U+0028 "(" */
    0x2, 0xf1, 0xb, 0x61, 0x7, 0xd0, 0x30, 0x40,
    0x45, 0x0, 0x69, 0x80, 0x7, 0xc0, 0xe, 0x20,
    0x7, 0x10, 0x0, 0xf8, 0x3, 0x4c, 0x0, 0x8a,
    0x0, 0x30, 0x40, 0x3, 0xf0, 0x2, 0xd4, 0x40,

    /* U+0029 ")" */
    0x4e, 0x0, 0x21, 0x30, 0x2, 0xe8, 0x0, 0xa6,
    0x20, 0x42, 0xa0, 0x5, 0x30, 0x1, 0x78, 0x4,
    0x20, 0x10, 0x80, 0xb, 0xc0, 0xa, 0x60, 0x22,
    0x50, 0x63, 0x10, 0xba, 0x4, 0x26, 0x0,

    /* U+002A "*" */
    0x0, 0x70, 0x2, 0x68, 0x2a, 0x64, 0x22, 0x69,
    0x90, 0x89, 0x66, 0x54, 0x13, 0x20,

    /* U+002B "+" */
    0x0, 0x94, 0xc0, 0x3d, 0x2a, 0x1, 0xff, 0xc7,
    0xcf, 0xf1, 0xcf, 0xf9, 0xf7, 0x62, 0x7d, 0xd3,
    0x9, 0x10, 0x78, 0x88, 0x20, 0x1f, 0x80,

    /* U+002C "," */
    0x68, 0xc6, 0xa5, 0x8d, 0x96,

    /* U+002D "-" */
    0x5f, 0xfd, 0x2b, 0xbb, 0xa0,

    /* U+002E "." */
    0x86, 0x5d,

    /* U+002F "/" */
    0x0, 0xd8, 0xe0, 0x10, 0x9a, 0x0, 0x48, 0x26,
    0x1, 0x7b, 0x80, 0x64, 0xc0, 0x8, 0xc5, 0x40,
    0x2b, 0x40, 0xc, 0x98, 0x1, 0x9, 0xa8, 0x4,
    0xe4, 0x40, 0xb, 0x10, 0x3, 0x2e, 0x80, 0x46,
    0x8, 0x1, 0x0,

    /* U+0030 "0" */
    0x0, 0xd, 0x7f, 0xa8, 0x40, 0x36, 0xb5, 0xd9,
    0xb4, 0x2, 0x53, 0xd4, 0x46, 0x9a, 0x80, 0x3d,
    0x44, 0x0, 0x2d, 0xc0, 0x4, 0xc0, 0xd, 0xea,
    0x0, 0x12, 0x0, 0xc4, 0x20, 0x1f, 0x9c, 0x3,
    0xf9, 0xc0, 0x22, 0x20, 0x6, 0x21, 0x0, 0x3e,
    0x0, 0x6f, 0x50, 0x7, 0xa8, 0x80, 0x5, 0xb8,
    0x0, 0xa7, 0x88, 0x8d, 0x35, 0x0, 0xb5, 0xee,
    0xcd, 0xa0, 0x0,

    /* U+0031 "1" */
    0x0, 0x3f, 0xb1, 0x6c, 0x80, 0x5, 0x78, 0x80,
    0xe0, 0x3, 0xff, 0xc8,

    /* U+0032 "2" */
    0x0, 0x3e, 0xfe, 0xb0, 0x5, 0x32, 0xbc, 0xa9,
    0x50, 0x16, 0xd6, 0x37, 0x69, 0x1, 0xf3, 0x0,
    0xbc, 0x40, 0x3e, 0xf6, 0x0, 0xf1, 0x37, 0x0,
    0x7b, 0x91, 0x40, 0x3a, 0xa, 0x80, 0x39, 0x5e,
    0x84, 0x3, 0x1d, 0x4a, 0x0, 0x61, 0xd7, 0x60,
    0xe, 0xd3, 0xb3, 0x3c, 0x6, 0x62, 0xcc, 0xe2,

    /* U+0033 "3" */
    0xd, 0xff, 0xee, 0x0, 0x7e, 0xed, 0x60, 0xc0,
    0x2, 0x2d, 0x2b, 0x0, 0x1d, 0x6d, 0x40, 0x1d,
    0x2f, 0x60, 0x1c, 0x6c, 0x7b, 0x0, 0x18, 0xeb,
    0x65, 0x70, 0x3, 0x29, 0x26, 0x1a, 0x0, 0x78,
    0x4f, 0x0, 0x40, 0x3f, 0x7b, 0x0, 0x44, 0x78,
    0x17, 0x30, 0x6b, 0xe6, 0x80, 0xb6, 0x99, 0x69,
    0x80,

    /* U+0034 "4" */
    0x0, 0xec, 0xf4, 0x0, 0xe5, 0x30, 0xf, 0xa2,
    0x0, 0x1e, 0x63, 0x70, 0xf, 0x44, 0x0, 0x3d,
    0x6, 0xc0, 0x1c, 0x2f, 0x20, 0x1e, 0x83, 0x40,
    0xe, 0x26, 0xf0, 0xf, 0x50, 0x67, 0xfc, 0x17,
    0x93, 0xbb, 0xc1, 0x3c, 0x24, 0x5c, 0x4, 0x40,
    0xf, 0xe0,

    /* U+0035 "5" */
    0x3, 0xff, 0xee, 0x0, 0x38, 0x6e, 0xec, 0x0,
    0x9, 0x17, 0x80, 0x6, 0x20, 0x1f, 0xb, 0x80,
    0x7d, 0xef, 0x5d, 0xca, 0x10, 0x0, 0x9e, 0xea,
    0xdf, 0x0, 0x11, 0x8e, 0x6b, 0x84, 0xa0, 0x26,
    0x1, 0x9, 0xe8, 0x7, 0xfb, 0x94, 0x2, 0x13,
    0xc0, 0x8a, 0x73, 0x5c, 0x34, 0x6, 0xab, 0xcb,
    0x4c, 0x0,

    /* U+0036 "6" */
    0x0, 0xd3, 0xa0, 0x1e, 0x26, 0x90, 0xf, 0x49,
    0xa0, 0x7, 0x1a, 0x78, 0x7, 0xbd, 0x4c, 0x3,
    0x90, 0xc3, 0xbe, 0xc8, 0x1, 0xe0, 0x75, 0x6f,
    0x82, 0x8, 0xd2, 0x88, 0xc3, 0x91, 0xa, 0x0,
    0xc8, 0x62, 0x1, 0xfc, 0x54, 0x1, 0x9f, 0x2,
    0x5a, 0x4d, 0x30, 0x18, 0x12, 0xd7, 0x29, 0xbc,
    0x40,

    /* U+0037 "7" */
    0x8f, 0xff, 0x44, 0xee, 0xec, 0xd, 0x12, 0x2c,
    0xa2, 0xa0, 0x1d, 0x4e, 0x1, 0xc4, 0x74, 0x1,
    0xd4, 0x66, 0x0, 0xe6, 0xa0, 0xe, 0x51, 0x70,
    0xe, 0xe5, 0x10, 0xc, 0x29, 0xc0, 0x1c, 0xc4,
    0x80, 0x1d, 0x54, 0x0, 0xe4, 0x26, 0x0, 0xc0,

    /* U+0038 "8" */
    0x0, 0x1d, 0xff, 0xac, 0x80, 0x5, 0x83, 0x96,
    0x38, 0x20, 0xa5, 0x46, 0x94, 0x6c, 0x0, 0x10,
    0xc, 0x20, 0x6, 0x27, 0x11, 0x41, 0x30, 0xe,
    0x4f, 0x71, 0xb0, 0x40, 0x7d, 0x2e, 0xc9, 0xc0,
    0x8, 0x7a, 0x44, 0x53, 0xc0, 0x3f, 0x80, 0x6e,
    0x50, 0x10, 0xe, 0x33, 0x1, 0xf0, 0x6, 0xd5,
    0xf, 0x4a, 0x44, 0x5a, 0x40, 0x1e, 0xd, 0xd8,
    0x30, 0xc0,

    /* U+0039 "9" */
    0x0, 0x2e, 0x7f, 0x40, 0x4, 0xd5, 0x79, 0x6b,
    0x60, 0x8, 0x97, 0x35, 0xc4, 0x41, 0x8b, 0x80,
    0x42, 0x98, 0x1, 0xf8, 0x48, 0x10, 0x3, 0x2f,
    0xb, 0x5a, 0x1, 0x58, 0xa8, 0x4a, 0x5f, 0xeb,
    0x19, 0x0, 0x2b, 0xb7, 0x45, 0x0, 0x18, 0x4a,
    0xd, 0x0, 0x38, 0xd7, 0xc0, 0x3d, 0xea, 0x60,
    0x1c, 0xa7, 0x0, 0x10,

    /* U+003A ":" */
    0xdb, 0xad, 0x76, 0x0, 0xfd, 0xc, 0xba,

    /* U+003B ";" */
    0xae, 0xc6, 0x64, 0x0, 0x7e, 0x68, 0xc6, 0xa5,
    0x8d, 0x96,

    /* U+003C "<" */
    0x0, 0xf2, 0xa0, 0x6, 0x4d, 0xb7, 0x0, 0x15,
    0xda, 0xb8, 0xc6, 0x74, 0xb9, 0xc0, 0x14, 0x9b,
    0x22, 0x1, 0x78, 0x7a, 0x0, 0x64, 0xda, 0xa6,
    0x18, 0x6, 0x7f, 0x4c, 0xa2, 0x0, 0x86, 0x38,
    0x10, 0x3, 0x86, 0x98,

    /* U+003D "=" */
    0xcf, 0xff, 0x3e, 0xef, 0xcc, 0x24, 0x5e, 0x10,
    0xf, 0xd9, 0xff, 0xe7, 0xed, 0xdf, 0x30,

    /* U+003E ">" */
    0x73, 0x0, 0xf7, 0xe5, 0x8, 0x6, 0x8d, 0xe,
    0x80, 0xc, 0x55, 0x89, 0xcc, 0x1, 0x8f, 0x2e,
    0x58, 0x3, 0x3d, 0x22, 0x0, 0xd, 0xd7, 0x71,
    0x26, 0xdd, 0xb1, 0x0, 0x1d, 0x5a, 0xa0, 0x1a,
    0x9c, 0x3, 0xc0,

    /* U+003F "?" */
    0x2, 0xaf, 0xe9, 0x0, 0xe, 0xd, 0xd9, 0x28,
    0x15, 0x56, 0x8b, 0x2a, 0x9, 0x60, 0x1f, 0xf7,
    0xa8, 0x7, 0x42, 0xd8, 0x6, 0x47, 0xc1, 0x0,
    0xdc, 0xe4, 0x1, 0xc3, 0xa0, 0x1e, 0x94, 0x0,
    0xf1, 0x8, 0x7, 0xa5, 0x40, 0x3c, 0xd8, 0x1,
    0x0,

    /* U+0040 "@" */
    0x0, 0x86, 0x37, 0xfb, 0x18, 0x3, 0x8f, 0xc7,
    0xbf, 0xd1, 0x58, 0x1, 0xe, 0xd4, 0x98, 0xa,
    0x63, 0x50, 0x2, 0xd9, 0x0, 0x3d, 0x48, 0x40,
    0xb2, 0x9, 0xbf, 0x6d, 0x20, 0xea, 0x66, 0x11,
    0x5c, 0x7c, 0x58, 0x3, 0xf9, 0x98, 0xa, 0x4a,
    0x6, 0xa0, 0x1, 0x1c, 0xa, 0x4a, 0x4, 0x8a,
    0x17, 0x8a, 0xa0, 0x1b, 0x8f, 0xee, 0x37, 0xaa,
    0xa, 0xb0, 0x26, 0xfe, 0x15, 0x7c, 0x80, 0x22,
    0x6, 0x1, 0xfe, 0x3a, 0xd8, 0x20, 0x15, 0xc0,
    0xe, 0x4c, 0xf, 0xf7, 0x72, 0x40, 0x20,

    /* U+0041 "A" */
    0x0, 0xd3, 0xe2, 0x1, 0xf9, 0xc1, 0xc0, 0x3e,
    0x31, 0x8d, 0x0, 0xfa, 0x95, 0x90, 0x40, 0x3c,
    0xfc, 0x26, 0xe0, 0x1c, 0x80, 0x81, 0x54, 0x0,
    0xed, 0x70, 0x3, 0x98, 0x80, 0x67, 0x6f, 0xf7,
    0x3, 0x0, 0x48, 0x19, 0x9a, 0x2c, 0x2, 0xd7,
    0x33, 0xcc, 0x62, 0x0, 0x7d, 0x0, 0xc2, 0x6c,
    0x8, 0x28, 0x1, 0xd7, 0x60, 0xd5, 0x0, 0xf2,
    0x99, 0x0,

    /* U+0042 "B" */
    0xbf, 0xfb, 0xb1, 0x0, 0x26, 0xcc, 0x52, 0xdb,
    0x80, 0x4, 0xcc, 0x92, 0xf2, 0x1, 0xf6, 0x8,
    0x7, 0xc6, 0x20, 0x1c, 0x2d, 0x16, 0x0, 0x7f,
    0xf7, 0x4c, 0x28, 0x1, 0xb3, 0x17, 0x35, 0x60,
    0x1, 0x33, 0x23, 0x6a, 0xb8, 0x7, 0xcb, 0xc0,
    0x1e, 0x15, 0xe0, 0x13, 0x32, 0x3f, 0x83, 0x3,
    0x66, 0x2e, 0x9b, 0xc4,

    /* U+0043 "C" */
    0x0, 0x8a, 0xbb, 0xf5, 0xc0, 0x32, 0x68, 0xde,
    0x54, 0xe8, 0x0, 0x6d, 0xed, 0x4d, 0xfd, 0x4,
    0x20, 0xa0, 0x3, 0xc, 0x88, 0x25, 0x0, 0x7f,
    0x11, 0x80, 0x7e, 0x10, 0x70, 0xf, 0xc2, 0xe,
    0x1, 0xfc, 0x46, 0x1, 0xfc, 0xb4, 0x1, 0xfd,
    0x25, 0x0, 0x18, 0x68, 0x40, 0x6d, 0xed, 0x51,
    0xfd, 0xc4, 0x0, 0x9a, 0x37, 0x6a, 0x6d, 0x0,

    /* U+0044 "D" */
    0xbf, 0xfd, 0xb0, 0x20, 0x13, 0x66, 0x2e, 0xcb,
    0xe6, 0x0, 0x13, 0x32, 0x36, 0xa7, 0x0, 0x7e,
    0xa3, 0x60, 0xf, 0xcf, 0xa0, 0x1f, 0xbd, 0x80,
    0x3f, 0x19, 0x80, 0x3f, 0x19, 0x80, 0x3f, 0x7b,
    0x0, 0x7c, 0x2f, 0xa0, 0x1f, 0x51, 0xb0, 0x9,
    0x99, 0x1f, 0x5b, 0xc0, 0xd, 0x98, 0xab, 0xad,
    0x20,

    /* U+0045 "E" */
    0xbf, 0xff, 0x40, 0x36, 0x67, 0x48, 0x9, 0x9f,
    0x8, 0x7, 0xff, 0x35, 0xff, 0xf8, 0x81, 0xb3,
    0x38, 0x80, 0x4c, 0xf8, 0x3, 0xff, 0x8c, 0x26,
    0x7c, 0x40, 0xd9, 0x9d, 0x20,

    /* U+0046 "F" */
    0xbf, 0xff, 0x30, 0x36, 0x67, 0x38, 0x9, 0x9f,
    0x8, 0x7, 0xff, 0x35, 0xff, 0xf8, 0x0, 0xd9,
    0x9c, 0x0, 0x13, 0x3e, 0x0, 0xff, 0xea, 0x80,

    /* U+0047 "G" */
    0x0, 0x8e, 0xbb, 0xf5, 0xc0, 0x32, 0xe0, 0xde,
    0x5c, 0xe0, 0x0, 0xa9, 0xed, 0x4d, 0xbd, 0x44,
    0x2c, 0xa0, 0x3, 0xc, 0x88, 0x25, 0x0, 0x7f,
    0x11, 0x80, 0x7e, 0x10, 0x70, 0xa, 0x3f, 0xea,
    0x10, 0x70, 0xa, 0x73, 0x8, 0x0, 0x13, 0x0,
    0x84, 0xcc, 0x40, 0x7, 0xb0, 0xf, 0xeb, 0x37,
    0x0, 0xc2, 0x86, 0x5, 0x31, 0x4a, 0x8f, 0xe3,
    0x20, 0x6, 0xc1, 0xbb, 0x54, 0xe0, 0x0,

    /* U+0048 "H" */
    0xb8, 0x0, 0xe1, 0xf2, 0x0, 0xff, 0xf3, 0xbf,
    0xff, 0x70, 0x4, 0xd9, 0x9d, 0x60, 0x10, 0x99,
    0xf2, 0x80, 0x7f, 0xf7, 0x80,

    /* U+0049 "I" */
    0xb8, 0x0, 0xff, 0xe6, 0x0,

    /* U+004A "J" */
    0x0, 0xef, 0x30, 0xf, 0xff, 0x9a, 0x48, 0x0,
    0xc0, 0x81, 0xa1, 0x3d, 0x5, 0x29, 0x6d, 0xe8,
    0x0,

    /* U+004B "K" */
    0xb8, 0x0, 0xd3, 0xc4, 0x1, 0xe8, 0x6d, 0x20,
    0xe, 0x77, 0x61, 0x80, 0x73, 0x45, 0x98, 0x7,
    0x2c, 0xd2, 0x0, 0x72, 0x54, 0xa8, 0x7, 0x8c,
    0x74, 0x3, 0xe6, 0xc5, 0x80, 0xf, 0x9, 0x53,
    0xa8, 0x7, 0xc9, 0x34, 0x60, 0x1f, 0x33, 0x34,
    0x40, 0x3e, 0x92, 0xd0, 0xf, 0xda, 0x52, 0x0,

    /* U+004C "L" */
    0xb8, 0x0, 0xff, 0xff, 0x80, 0x7f, 0xf0, 0x4,
    0xcf, 0x88, 0x1b, 0x33, 0xa0,

    /* U+004D "M" */
    0xbd, 0x0, 0xfd, 0xb4, 0x4, 0xa0, 0x1e, 0x62,
    0x0, 0xc, 0x0, 0x7a, 0x4, 0x0, 0xc6, 0xc0,
    0x19, 0xcd, 0xc0, 0x28, 0x80, 0x4, 0x33, 0x0,
    0x19, 0x8d, 0xc0, 0x12, 0x4a, 0x1, 0xd1, 0x1,
    0x13, 0xc0, 0x7, 0x94, 0xe6, 0x11, 0x0, 0x1f,
    0x43, 0xb4, 0x0, 0x7e, 0x44, 0x29, 0x80, 0x7f,
    0x5d, 0x0, 0x7f, 0xf4, 0x40,

    /* U+004E "N" */
    0xbd, 0x0, 0xf6, 0xb0, 0x13, 0x80, 0x7e, 0x28,
    0x20, 0xf, 0x95, 0x24, 0x3, 0xf4, 0xa2, 0x80,
    0x7c, 0x51, 0x60, 0x1f, 0x9c, 0xe0, 0x3, 0xf4,
    0xb9, 0x0, 0x7c, 0x8b, 0xc0, 0x1f, 0xac, 0xd8,
    0x3, 0xe1, 0x98, 0x30, 0xf, 0x98, 0x84, 0x3,
    0xf7, 0x80, 0x0,

    /* U+004F "O" */
    0x0, 0x8e, 0xbb, 0xf5, 0xc0, 0x39, 0x70, 0x2a,
    0xea, 0x70, 0x2, 0x1a, 0x8a, 0x44, 0x3f, 0x94,
    0x80, 0x20, 0x9c, 0x3, 0xd, 0xb0, 0x82, 0x50,
    0x7, 0x94, 0x10, 0x8, 0xc0, 0x3e, 0x32, 0x10,
    0x70, 0xf, 0x9f, 0xc4, 0x1c, 0x3, 0xe7, 0xf0,
    0x23, 0x0, 0xf8, 0xc8, 0x12, 0xc0, 0x3c, 0xa0,
    0x81, 0x66, 0xe0, 0x18, 0x6d, 0x84, 0xa, 0xa2,
    0x95, 0x1f, 0xca, 0x40, 0x25, 0xc0, 0xbb, 0x54,
    0xe0, 0x0,

    /* U+0050 "P" */
    0xbf, 0xfd, 0x8c, 0x1, 0x36, 0x62, 0xd6, 0x64,
    0x0, 0x13, 0x32, 0x4c, 0x98, 0x80, 0x3c, 0xc0,
    0xe0, 0x1f, 0xfc, 0x34, 0x6, 0x0, 0xc2, 0xb4,
    0x86, 0xf, 0xfe, 0xea, 0x4a, 0x0, 0x36, 0x63,
    0x7e, 0x84, 0x0, 0x26, 0x62, 0x0, 0xff, 0xe9,
    0x80,

    /* U+0051 "Q" */
    0x0, 0x8e, 0xbb, 0xf5, 0xc0, 0x39, 0x70, 0x2a,
    0xea, 0x70, 0x2, 0x2a, 0x8a, 0x44, 0x3f, 0x94,
    0x80, 0x2c, 0xdc, 0x3, 0xd, 0xb0, 0x82, 0x58,
    0x7, 0x94, 0x10, 0x8, 0xc0, 0x3e, 0x32, 0x10,
    0x70, 0xf, 0x9f, 0xc4, 0x1c, 0x3, 0xe7, 0x0,
    0x11, 0x80, 0x7c, 0x7a, 0x9, 0x40, 0x1a, 0x95,
    0x40, 0x81, 0x64, 0xe0, 0x16, 0xd5, 0xb0, 0x81,
    0x54, 0x5a, 0xa0, 0x0, 0x6c, 0x2, 0x5c, 0xb,
    0xb5, 0x41, 0xf0, 0x6, 0x3b, 0xef, 0xd7, 0xd1,
    0x30, 0xf, 0xe1, 0xd3,

    /* U+0052 "R" */
    0xbf, 0xfb, 0xad, 0x40, 0x26, 0xcc, 0x51, 0x54,
    0x0, 0x4, 0xcc, 0x93, 0x27, 0x10, 0xf, 0x38,
    0x10, 0x7, 0x94, 0x8, 0x3, 0xa, 0xd2, 0x8,
    0x3f, 0xfb, 0xa9, 0xec, 0x0, 0xd9, 0x85, 0x49,
    0x0, 0x84, 0xcd, 0x8, 0x80, 0xf, 0x13, 0x40,
    0x7, 0xd0, 0x6a, 0x1, 0xe1, 0x78, 0x0, 0xfa,
    0x49, 0xc0,

    /* U+0053 "S" */
    0x0, 0x36, 0x7f, 0x59, 0x80, 0x22, 0x6f, 0x28,
    0x31, 0x5, 0xed, 0xcd, 0x2e, 0x0, 0x81, 0x40,
    0x33, 0xa1, 0x3, 0x0, 0x78, 0x62, 0x14, 0x80,
    0x1c, 0xf8, 0x17, 0xf2, 0x40, 0x11, 0xd7, 0xd2,
    0xe9, 0x80, 0x72, 0xe2, 0x40, 0x7, 0xda, 0xc7,
    0xa2, 0x1, 0xb1, 0x8d, 0xbd, 0xd1, 0x14, 0xbe,
    0x17, 0x35, 0x74, 0x36, 0x80,

    /* U+0054 "T" */
    0xaf, 0xff, 0xc7, 0x19, 0x91, 0x3e, 0x64, 0x64,
    0x67, 0x7, 0x19, 0xc0, 0x1f, 0xff, 0xf0, 0xf,
    0xfe, 0x70,

    /* U+0055 "U" */
    0xb8, 0x0, 0xe5, 0xe0, 0xf, 0xff, 0xa0, 0x80,
    0x71, 0x81, 0x10, 0x3, 0xb8, 0xb5, 0xc, 0x2,
    0x17, 0xb4, 0x5c, 0x74, 0x6f, 0x27, 0xa, 0x8a,
    0xb8, 0x7d, 0x0,

    /* U+0056 "V" */
    0x9b, 0x0, 0xf1, 0xf9, 0x6a, 0x8, 0x7, 0x59,
    0x92, 0xa, 0x0, 0x72, 0xd8, 0x1, 0xf8, 0x3,
    0x19, 0x30, 0x3, 0x50, 0x40, 0x2b, 0x31, 0x0,
    0x20, 0xa0, 0x4, 0xb6, 0x1, 0x9f, 0x80, 0x4,
    0x46, 0x0, 0xda, 0x80, 0xa, 0x31, 0x0, 0xc8,
    0x2a, 0xb, 0x40, 0x1e, 0x7e, 0x22, 0x38, 0x7,
    0xa9, 0x29, 0x4, 0x3, 0xc6, 0x2f, 0xa0, 0x1f,
    0x98, 0x1c, 0x3, 0x0,

    /* U+0057 "W" */
    0xaa, 0x0, 0x61, 0xf7, 0x0, 0xcb, 0xe1, 0x88,
    0x1, 0x9c, 0x30, 0x3, 0x62, 0x2, 0x9, 0x0,
    0x58, 0x68, 0x1, 0x93, 0x0, 0x85, 0x0, 0x24,
    0x80, 0x30, 0x0, 0x92, 0x0, 0x13, 0x0, 0x4,
    0x28, 0x90, 0x1, 0x0, 0xc0, 0x18, 0x80, 0x4,
    0x30, 0xcc, 0x0, 0x31, 0x0, 0x24, 0x12, 0xc,
    0x40, 0x54, 0x0, 0x26, 0x0, 0x44, 0x28, 0x9,
    0x60, 0x42, 0x82, 0x48, 0x1, 0x93, 0xc, 0x4c,
    0x0, 0x98, 0x80, 0x60, 0x1b, 0x11, 0x20, 0xb,
    0x13, 0x10, 0x3, 0x90, 0x6b, 0x0, 0x24, 0x37,
    0xc0, 0xe, 0x21, 0x24, 0x0, 0x88, 0x82, 0x80,
    0x1e, 0x41, 0x30, 0xc, 0x80, 0x60, 0x10,

    /* U+0058 "X" */
    0x2f, 0x50, 0xc, 0xbe, 0x44, 0x7b, 0x0, 0xd0,
    0xe4, 0x10, 0x10, 0x0, 0x70, 0x80, 0xa, 0xdc,
    0x86, 0x24, 0x3, 0x2a, 0x4c, 0x22, 0x0, 0x3a,
    0x51, 0xa4, 0x3, 0xc6, 0x22, 0x20, 0xf, 0x41,
    0x3, 0x80, 0x71, 0x34, 0x5c, 0x8, 0x6, 0x94,
    0x42, 0x9d, 0x80, 0x48, 0x89, 0x0, 0x7a, 0x98,
    0x2, 0x58, 0x80, 0x6, 0xbe, 0xe, 0x50, 0x1,
    0xac, 0xd8,

    /* U+0059 "Y" */
    0x8d, 0x0, 0xe1, 0xf5, 0x93, 0x60, 0xd, 0x4,
    0xa3, 0x30, 0x1, 0xb, 0x40, 0x1, 0xc1, 0x80,
    0x10, 0x6a, 0x1, 0x44, 0x0, 0x5a, 0x0, 0x33,
    0x1b, 0xc2, 0x20, 0x3, 0xa2, 0x5a, 0x0, 0x3c,
    0xa6, 0x86, 0x1, 0xf3, 0x18, 0x7, 0xff, 0x80,

    /* U+005A "Z" */
    0x5f, 0xff, 0xa9, 0x33, 0x3a, 0x83, 0xc4, 0xcf,
    0xb9, 0x14, 0x3, 0x95, 0x24, 0x3, 0xd6, 0xe4,
    0x1, 0xd0, 0x10, 0x1, 0xc4, 0xf6, 0x1, 0xe9,
    0x45, 0x0, 0xe5, 0x49, 0x0, 0xf5, 0xb9, 0x0,
    0x74, 0x9c, 0x0, 0x71, 0x32, 0x99, 0xf9, 0x41,
    0xf3, 0x3c,

    /* U+005B "[" */
    0x3f, 0xf9, 0x0, 0x1b, 0xa4, 0x0, 0x11, 0x0,
    0x3f, 0xfd, 0xdf, 0xe4, 0x3d, 0xd9, 0x0,

    /* U+005C "\\" */
    0xa9, 0x0, 0xd8, 0xe0, 0x19, 0xc4, 0x80, 0x21,
    0x35, 0x0, 0xc9, 0x60, 0x1a, 0xcc, 0x40, 0x23,
    0x14, 0x0, 0xc9, 0xe0, 0x1b, 0xd0, 0x3, 0x20,
    0x98, 0x4, 0x27, 0x60, 0x1a, 0xd0, 0x3, 0x29,
    0x88,

    /* U+005D "]" */
    0xbf, 0xf5, 0xd6, 0xbb, 0x84, 0xbc, 0x3, 0xff,
    0xc3, 0x7f, 0x1, 0x5b, 0xb0,

    /* U+005E "^" */
    0x0, 0xc, 0x8, 0x6, 0x87, 0xb0, 0x8, 0xdf,
    0x54, 0xc0, 0x11, 0x25, 0x1e, 0x8, 0xce, 0xe,
    0x2a,

    /* U+005F "_" */
    0xff, 0xf8, 0xf7, 0x7e, 0x30,

    /* U+0060 "`" */
    0x7, 0x0, 0xd, 0x38, 0xf, 0xc9, 0x1, 0x79,
    0x0,

    /* U+0061 "a" */
    0x0, 0x4f, 0x7e, 0x18, 0x1, 0x96, 0xb5, 0x70,
    0x41, 0xb1, 0xa, 0x45, 0x0, 0x3c, 0x46, 0x3,
    0x3b, 0xfe, 0x31, 0xf, 0x28, 0xcd, 0x30, 0x31,
    0xb5, 0x32, 0x20, 0x10, 0x39, 0x2e, 0x0, 0x6,
    0xa9, 0xb3, 0x4, 0x0,

    /* U+0062 "b" */
    0xd5, 0x0, 0xff, 0xea, 0x3f, 0x7d, 0x88, 0x2,
    0x32, 0xad, 0xf0, 0x0, 0x36, 0x88, 0xc3, 0x60,
    0xa0, 0xc, 0xfa, 0x6, 0x1, 0xb9, 0xc0, 0xc0,
    0x37, 0x30, 0x50, 0x6, 0x7c, 0x1, 0xb4, 0x5c,
    0x36, 0x8, 0xca, 0xa3, 0x60, 0x0,

    /* U+0063 "c" */
    0x0, 0x2e, 0x7e, 0xb0, 0x1, 0x6a, 0xf2, 0x22,
    0xb, 0x87, 0x35, 0xc9, 0x21, 0x60, 0x8, 0x84,
    0x40, 0x20, 0x1c, 0x20, 0x20, 0x1c, 0x44, 0x60,
    0x8, 0x84, 0x22, 0xe, 0x6b, 0x92, 0xb, 0x57,
    0x91, 0x30,

    /* U+0064 "d" */
    0x0, 0xfb, 0x18, 0x3, 0xff, 0xa2, 0xbb, 0xf8,
    0x40, 0x12, 0xd2, 0xe5, 0x79, 0x0, 0x2d, 0xe0,
    0xda, 0x44, 0x8, 0x64, 0x2, 0x41, 0x1, 0x1,
    0x0, 0xc4, 0x2, 0x2, 0x1, 0x88, 0x8, 0x8c,
    0x1, 0x20, 0x80, 0x22, 0x24, 0x69, 0x10, 0x2,
    0xd2, 0xdd, 0x71, 0x0,

    /* U+0065 "e" */
    0x0, 0x2e, 0xfe, 0xb8, 0x4, 0xd5, 0x4d, 0xb8,
    0x60, 0x4, 0x3b, 0x89, 0xa6, 0x0, 0x86, 0x80,
    0x24, 0x11, 0x83, 0x7f, 0xed, 0x3, 0x10, 0xcd,
    0xde, 0x22, 0xa, 0x91, 0x63, 0x0, 0x5c, 0xb1,
    0x1d, 0xd0, 0x1, 0x6a, 0x9b, 0xa2, 0xb0,

    /* U+0066 "f" */
    0x0, 0x3f, 0x70, 0x80, 0xa2, 0x18, 0x40, 0xe4,
    0xc4, 0x0, 0x31, 0x0, 0xae, 0x4f, 0xfc, 0x55,
    0x5, 0xba, 0x21, 0x18, 0x88, 0x1, 0xff, 0xd9,

    /* U+0067 "g" */
    0x0, 0x2e, 0xfe, 0x16, 0x30, 0x2d, 0x2e, 0x57,
    0x90, 0x2, 0xde, 0xd, 0xa4, 0x40, 0x86, 0x40,
    0x24, 0x10, 0x10, 0x10, 0xc, 0x40, 0x20, 0x20,
    0x18, 0x80, 0x89, 0x20, 0x12, 0x8, 0x2, 0x5e,
    0x11, 0xa4, 0x40, 0x9, 0x4b, 0x75, 0xc4, 0x1,
    0x2e, 0xfe, 0x19, 0x10, 0xc, 0x80, 0x23, 0x15,
    0x9, 0xc6, 0x25, 0xe6, 0x10, 0xa9, 0xbd, 0xb5,
    0x90,

    /* U+0068 "h" */
    0xd5, 0x0, 0xff, 0xea, 0x3f, 0x72, 0x84, 0x1,
    0x1d, 0xb4, 0x96, 0x0, 0x69, 0x34, 0xa5, 0x0,
    0x68, 0x4, 0xa0, 0x40, 0x60, 0x10, 0x80, 0x7f,
    0xf5, 0x80,

    /* U+0069 "i" */
    0xb9, 0xcc, 0x3a, 0x80, 0x2a, 0x0, 0x3f, 0xf8,
    0x80,

    /* U+006A "j" */
    0x0, 0x5c, 0x80, 0x33, 0x0, 0x7, 0x50, 0xf,
    0x54, 0x0, 0x7f, 0xf7, 0xd, 0x17, 0x7e, 0xd5,
    0x40,

    /* U+006B "k" */
    0xd5, 0x0, 0xff, 0xe9, 0x3f, 0xa0, 0x4, 0xd1,
    0x68, 0x0, 0x69, 0xb4, 0x0, 0x74, 0xda, 0x0,
    0x48, 0x38, 0x1, 0xa2, 0x9d, 0x0, 0x22, 0x48,
    0xa1, 0x0, 0xce, 0xba, 0x1, 0xd4, 0x50,

    /* U+006C "l" */
    0xd5, 0x0, 0xff, 0xe9, 0x8e, 0xd, 0x33, 0x0,

    /* U+006D "m" */
    0xd6, 0x8f, 0xd4, 0x7, 0xee, 0x48, 0x5, 0x7f,
    0xb5, 0x71, 0x9b, 0x4f, 0x0, 0x7, 0x71, 0x3a,
    0x35, 0x9a, 0x43, 0x0, 0x30, 0x2, 0x35, 0x0,
    0x94, 0x40, 0x6, 0x1, 0xf8, 0x40, 0x3f, 0xfd,
    0x40,

    /* U+006E "n" */
    0xd5, 0x7e, 0xe5, 0x8, 0x2, 0x3b, 0x69, 0x2c,
    0x0, 0xd2, 0x69, 0x4a, 0x0, 0xd0, 0x9, 0x40,
    0x80, 0xc0, 0x21, 0x0, 0xff, 0xeb, 0x0,

    /* U+006F "o" */
    0x0, 0x2e, 0xfe, 0xb8, 0x4, 0xb5, 0x4c, 0xb9,
    0x80, 0x5, 0xc3, 0x9b, 0x53, 0x89, 0xb, 0x0,
    0x48, 0x28, 0x20, 0x20, 0x18, 0xcc, 0x20, 0x20,
    0x18, 0xcc, 0x42, 0xc0, 0x12, 0xa, 0x4, 0x41,
    0xcd, 0xa9, 0xc4, 0x1a, 0xa9, 0x97, 0x30, 0x0,

    /* U+0070 "p" */
    0xd5, 0x7e, 0xfb, 0x10, 0x4, 0xe5, 0x51, 0xfc,
    0x2, 0xb4, 0x5c, 0x7, 0xa, 0x0, 0xcd, 0x80,
    0x60, 0x1b, 0xdc, 0xc, 0x3, 0x7b, 0x5, 0x0,
    0x66, 0xc0, 0x1a, 0x45, 0xc3, 0x60, 0x82, 0xaa,
    0x36, 0x0, 0x51, 0xdf, 0x42, 0x1, 0xff, 0xcd,

    /* U+0071 "q" */
    0x0, 0x2e, 0xfe, 0x16, 0x30, 0x2d, 0x2e, 0x57,
    0x90, 0x2, 0xde, 0xd, 0xa4, 0x40, 0x86, 0x40,
    0x24, 0x10, 0x10, 0x10, 0xc, 0x40, 0x20, 0x20,
    0x18, 0x80, 0x89, 0x20, 0x12, 0x8, 0x2, 0x1e,
    0xd, 0xa4, 0x40, 0xb, 0x4b, 0x95, 0xc4, 0x1,
    0x2e, 0xfe, 0x18, 0x7, 0xff, 0x44,

    /* U+0072 "r" */
    0xd5, 0x3c, 0xc0, 0x66, 0xa4, 0x2, 0x7c, 0x20,
    0x50, 0x80, 0x44, 0x1, 0xff, 0xcb,

    /* U+0073 "s" */
    0x3, 0xcf, 0xe9, 0x0, 0xb5, 0x76, 0x97, 0x0,
    0xc6, 0x49, 0x33, 0xc0, 0xc6, 0x88, 0x0, 0x60,
    0xc, 0xd, 0xd4, 0x0, 0x45, 0x5f, 0xb, 0x60,
    0x4, 0x0, 0x2c, 0xa0, 0x1d, 0xc1, 0x1f, 0xa0,
    0x1e, 0x26, 0xe8, 0x68, 0x0,

    /* U+0074 "t" */
    0x5, 0xd0, 0xf, 0xfe, 0x1d, 0xd1, 0x7f, 0x92,
    0xa0, 0xb7, 0x48, 0x24, 0x4, 0x40, 0xf, 0xfe,
    0x49, 0x80, 0x67, 0x16, 0x30, 0x1, 0x44, 0x34,
    0x40,

    /* U+0075 "u" */
    0xe4, 0x0, 0x8b, 0xc4, 0x3, 0xff, 0xb8, 0x46,
    0x1, 0x28, 0x2, 0xe1, 0x49, 0xac, 0x0, 0xee,
    0xbd, 0xff, 0x0, 0x0,

    /* U+0076 "v" */
    0xb9, 0x0, 0xd1, 0x7c, 0xe0, 0x19, 0xb9, 0x45,
    0x0, 0x6, 0x2a, 0xb, 0xa0, 0xa, 0x50, 0x7,
    0x38, 0x1, 0xf8, 0x0, 0x80, 0x88, 0x4, 0x0,
    0x9b, 0xb8, 0xc0, 0x1a, 0xd5, 0x54, 0x1, 0x8c,
    0x8a, 0x0, 0x0,

    /* U+0077 "w" */
    0xc8, 0x0, 0xa3, 0xc4, 0x2, 0xf4, 0xb5, 0x0,
    0x90, 0x10, 0x0, 0x80, 0x8a, 0x42, 0x2, 0x6f,
    0xe0, 0xc, 0x40, 0x22, 0x38, 0x22, 0x29, 0x0,
    0xb, 0xa0, 0x5, 0xd0, 0xfc, 0x20, 0x31, 0x27,
    0x0, 0x5a, 0x2, 0x28, 0x3d, 0xb9, 0x88, 0x0,
    0xc5, 0xc0, 0x83, 0x13, 0x6c, 0x3, 0x3c, 0x38,
    0x1, 0x4d, 0x14, 0x3, 0x68, 0x60, 0x4, 0x84,
    0x40, 0x0,

    /* U+0078 "x" */
    0x5f, 0x20, 0x2, 0x79, 0x2a, 0xa4, 0x1, 0x30,
    0x41, 0x6a, 0xce, 0xe, 0x0, 0x1b, 0x88, 0x70,
    0x6, 0x50, 0x33, 0x0, 0x69, 0x23, 0x40, 0x8,
    0xdb, 0xa2, 0x80, 0x2e, 0x72, 0x72, 0x90, 0x80,
    0x80, 0x7, 0xb1, 0x80,

    /* U+0079 "y" */
    0xb9, 0x0, 0xcf, 0xa1, 0xcc, 0x1, 0xaa, 0x80,
    0xa0, 0xa0, 0x2, 0x23, 0x0, 0x1b, 0xc0, 0x14,
    0x62, 0x0, 0xa5, 0x10, 0x5a, 0x0, 0x8c, 0x9c,
    0xc9, 0x80, 0x32, 0xd5, 0xa8, 0x7, 0x51, 0xb7,
    0x0, 0x71, 0x18, 0x20, 0x7, 0xcc, 0x1, 0xe2,
    0x3b, 0x0, 0xf5, 0x11, 0x80, 0x79, 0x68, 0x3,
    0x80,

    /* U+007A "z" */
    0x6f, 0xff, 0x3, 0x6e, 0xe1, 0x50, 0x1, 0x15,
    0x41, 0x60, 0x19, 0x1e, 0x84, 0x2, 0x1a, 0x74,
    0x0, 0xd6, 0x50, 0x1, 0x99, 0x78, 0x3, 0x14,
    0xb8, 0x11, 0x40, 0xa0, 0xfb, 0xb9, 0x0,

    /* U+007B "{" */
    0x0, 0xa7, 0x88, 0x0, 0xcf, 0x44, 0x0, 0xf6,
    0x40, 0x8, 0xfc, 0x3, 0xfc, 0xc2, 0x1, 0x21,
    0xa0, 0x2, 0x6e, 0x88, 0x1, 0x6f, 0x62, 0x0,
    0x28, 0x24, 0x0, 0xcc, 0x40, 0x1f, 0xe3, 0x0,
    0xee, 0xa1, 0x0, 0x9c, 0x78, 0x80, 0x2c, 0xe2,

    /* U+007C "|" */
    0xd5, 0x0, 0xff, 0xe8, 0x0,

    /* U+007D "}" */
    0x8c, 0x40, 0xa, 0x96, 0x80, 0x22, 0x91, 0x20,
    0xc, 0x22, 0x0, 0xff, 0x1b, 0x80, 0x65, 0xf1,
    0x0, 0xa0, 0x38, 0x80, 0xe, 0xd6, 0x40, 0xa,
    0x84, 0x0, 0x8d, 0x80, 0x3f, 0xc2, 0x20, 0x9,
    0x80, 0x80, 0x13, 0x30, 0x5, 0x1e, 0xc0, 0x10,

    /* U+007E "~" */
    0x5, 0xec, 0x51, 0xa4, 0x8, 0xb9, 0x8e, 0x64,
    0xd, 0x55, 0x6e, 0xb0, 0x0,

    /* U+00B0 "°" */
    0x3, 0xcd, 0x80, 0x7, 0x73, 0x49, 0x91, 0x4,
    0x11, 0x40, 0x1c, 0xe8, 0x82, 0x8, 0xd0, 0xee,
    0x69, 0x30,

    /* U+2103 "℃" */
    0x0, 0x12, 0x8, 0x7, 0x89, 0xc, 0x3, 0x44,
    0xe6, 0xc, 0x2, 0x4d, 0xd5, 0x67, 0x38, 0xa,
    0x5c, 0x7f, 0x80, 0x9, 0x6b, 0xdc, 0xf8, 0x83,
    0x13, 0x0, 0x8, 0x40, 0x14, 0xf0, 0x20, 0x6,
    0xd6, 0x36, 0x40, 0x85, 0x6, 0x8, 0x0, 0xe2,
    0x0, 0x6e, 0xaf, 0xe0, 0x31, 0x0, 0x3f, 0x86,
    0x6d, 0xc0, 0x2, 0x40, 0x1f, 0xfc, 0x41, 0x0,
    0xff, 0xe1, 0x91, 0x0, 0x3f, 0xf8, 0x78, 0x82,
    0x1, 0xff, 0xc2, 0x52, 0x80, 0xe, 0x41, 0x0,
    0xfd, 0xcd, 0x44, 0x2, 0xf6, 0xe0, 0x1f, 0x8f,
    0x47, 0x7f, 0xaa, 0x8c, 0x1, 0xfc, 0x57, 0xfb,
    0xda, 0xa0,

    /* U+2192 "→" */
    0x0, 0xff, 0x2e, 0x90, 0x7, 0xff, 0x5, 0x6b,
    0x8, 0x3, 0xff, 0x82, 0xf3, 0x84, 0x7, 0xbb,
    0xff, 0x50, 0xe0, 0x14, 0x47, 0xfd, 0x41, 0x20,
    0x2a, 0xbf, 0xe4, 0xa8, 0x70, 0xf, 0xf8, 0x72,
    0x9c, 0x3, 0xff, 0x80, 0xb2, 0xe0, 0x10,

    /* U+3001 "、" */
    0x66, 0x0, 0x49, 0x12, 0x0, 0x2c, 0x78, 0x0,
    0x16, 0xf0, 0x0,

    /* U+3002 "。" */
    0x6, 0xcc, 0x30, 0x2, 0xb3, 0x14, 0x1, 0xfa,
    0xb3, 0x14, 0x0,

    /* U+4E00 "一" */
    0x4, 0x4f, 0xfe, 0x10, 0x5d, 0xff, 0xf0, 0x80,

    /* U+4E09 "三" */
    0x1, 0x1f, 0xfe, 0x0, 0xf, 0x77, 0xff, 0x0,
    0x45, 0xdd, 0xff, 0xc0, 0x10, 0x11, 0xff, 0xe0,
    0x0, 0x7f, 0xf4, 0x97, 0xff, 0xfc, 0xa0, 0x5,
    0xdd, 0xff, 0x20, 0x4, 0x45, 0xfe, 0x10, 0xf,
    0xfe, 0x89, 0x9f, 0xff, 0xb, 0x73, 0x3f, 0xf8,
    0x1a,

    /* U+4E0A "上" */
    0x0, 0xf4, 0x8, 0x7, 0xfc, 0x2e, 0x60, 0x1f,
    0xfe, 0xbd, 0xff, 0xe3, 0x0, 0xfa, 0xf7, 0x78,
    0xc0, 0x3e, 0x62, 0x2e, 0x0, 0xff, 0xfd, 0xf7,
    0xfe, 0xe0, 0xdf, 0xff, 0x66, 0x7f, 0xf0, 0x74,

    /* U+4E0B "下" */
    0x11, 0xff, 0xe1, 0x7f, 0x77, 0xff, 0x3, 0xfb,
    0xff, 0x70, 0x6f, 0xff, 0x70, 0x7, 0xff, 0x24,
    0x54, 0x3, 0xff, 0x80, 0xd7, 0x40, 0x1f, 0xf3,
    0xfb, 0x69, 0x0, 0x7f, 0x87, 0x17, 0x54, 0x3,
    0xfe, 0x8a, 0x90, 0xf, 0xfe, 0x2, 0xe0, 0x7,
    0xff, 0xb4,

    /* U+4E0D "不" */
    0x13, 0x3f, 0xfe, 0x1, 0x2, 0xee, 0xfb, 0x31,
    0xbb, 0xb8, 0x13, 0xbb, 0xc5, 0x1d, 0xdb, 0x0,
    0x3e, 0x73, 0x70, 0xf, 0xf8, 0xe0, 0x80, 0x3f,
    0xe2, 0xd3, 0x1, 0x70, 0xf, 0xc5, 0xed, 0x40,
    0x75, 0x40, 0xf, 0x16, 0x24, 0x0, 0xb, 0x1b,
    0x4, 0x2, 0x4c, 0x69, 0x0, 0xc3, 0x8f, 0x84,
    0xf, 0x71, 0x0, 0xf, 0xad, 0xf0, 0x13, 0x18,
    0x3, 0xfa, 0xb4, 0xc, 0xc0, 0x1f, 0xf1, 0x80,
    0x7f, 0xf4, 0xc0,

    /* U+4E0E "与" */
    0x0, 0xc8, 0x1, 0xff, 0xc1, 0x3b, 0x0, 0xff,
    0xe0, 0xb8, 0x11, 0x7f, 0x8, 0x4, 0x21, 0xbb,
    0xfd, 0x60, 0x11, 0x9b, 0xff, 0xfa, 0x80, 0x21,
    0x70, 0xf, 0xfe, 0xf, 0xba, 0x27, 0xf0, 0x7,
    0xc, 0xcf, 0xeb, 0x0, 0xd1, 0xbb, 0xfa, 0x44,
    0x0, 0x45, 0xfe, 0x1, 0x30, 0x1d, 0xdf, 0xf1,
    0x90, 0x80, 0xff, 0xff, 0x8f, 0xdc, 0x3, 0xff,
    0x82, 0x24, 0x1, 0xfc, 0x23, 0x1b, 0xf8, 0x7,
    0xe6, 0xee, 0xb5, 0x18, 0x0,

    /* U+4E14 "且" */
    0x0, 0xb3, 0xff, 0xf6, 0x0, 0x7d, 0x3d, 0xde,
    0x90, 0xf, 0xc6, 0x23, 0xe3, 0x0, 0xff, 0xe6,
    0x57, 0xff, 0xa8, 0x3, 0xf4, 0xf7, 0x7a, 0x40,
    0x3f, 0x18, 0x8f, 0x8c, 0x3, 0xff, 0x99, 0x5f,
    0xfe, 0xa0, 0xf, 0xd3, 0xdd, 0xe9, 0x0, 0xfc,
    0x62, 0x3e, 0x30, 0xf, 0xfe, 0x40, 0xff, 0x8e,
    0xbf, 0xfd, 0x47, 0xfe, 0x11, 0x77, 0x7f, 0xf0,
    0x84,

    /* U+4E22 "丢" */
    0x0, 0xe2, 0x34, 0x67, 0x9b, 0xb0, 0x5, 0xdc,
    0xff, 0x66, 0x2b, 0x3b, 0xa8, 0x0, 0xb7, 0x3b,
    0xf9, 0xda, 0xa5, 0xd4, 0xc0, 0x23, 0x21, 0x0,
    0xff, 0xe0, 0x5f, 0xfe, 0x77, 0x7f, 0xec, 0x0,
    0xaf, 0xff, 0x33, 0x3f, 0xf6, 0x0, 0x7e, 0x11,
    0x0, 0x7c, 0x23, 0xff, 0xc2, 0xf, 0xee, 0xe6,
    0x67, 0x77, 0x83, 0xbf, 0xe8, 0x2e, 0xff, 0x67,
    0xfe, 0x0, 0xd1, 0x58, 0x20, 0x5a, 0xc0, 0x1c,
    0x58, 0x5a, 0x20, 0x2, 0xd8, 0x70, 0xd, 0xc6,
    0xfb, 0xdf, 0xf6, 0x4, 0xc0, 0x5, 0xf7, 0x3d,
    0x9d, 0xff, 0x77, 0xa0, 0x80, 0xd, 0x10, 0x64,
    0x20, 0x18, 0x70, 0x40,

    /* U+4E24 "两" */
    0xbc, 0xcf, 0xfe, 0x4, 0x47, 0x3b, 0x44, 0x6,
    0xe2, 0x2b, 0x34, 0x48, 0xb5, 0x10, 0x26, 0x89,
    0x18, 0x8, 0xc7, 0xe2, 0x3f, 0x1, 0x77, 0xf9,
    0x5f, 0xfc, 0x55, 0xfd, 0x80, 0x1, 0xee, 0x25,
    0x77, 0x7, 0x7a, 0xc0, 0x3c, 0xc0, 0x10, 0x90,
    0x7, 0xc2, 0x56, 0x26, 0xc, 0x1, 0xf3, 0xa4,
    0xed, 0xad, 0xa0, 0x7, 0xa3, 0xdf, 0xda, 0x3a,
    0x88, 0x3, 0x42, 0xa0, 0x53, 0x91, 0xc0, 0x80,
    0x6e, 0xa0, 0x24, 0x80, 0x3, 0x18, 0x6, 0x61,
    0x2, 0xd1, 0x0, 0x88, 0x40, 0x3f, 0xdf, 0xe9,
    0xa0, 0x2f, 0x0, 0xfb, 0xfe, 0x60,

    /* U+4E2A "个" */
    0x0, 0xfa, 0x98, 0x3, 0xff, 0x81, 0x2f, 0x24,
    0x1, 0xfe, 0x57, 0xf7, 0xf1, 0x0, 0xfc, 0x95,
    0x42, 0x86, 0xd0, 0xf, 0x96, 0xe5, 0x0, 0x16,
    0x18, 0x20, 0x19, 0xea, 0x58, 0x20, 0xc3, 0x1f,
    0x8, 0x6, 0xe2, 0xd8, 0x0, 0xac, 0x0, 0xb7,
    0xd6, 0x7, 0xd4, 0x0, 0xfd, 0x53, 0xe3, 0x84,
    0x1, 0xfe, 0x69, 0x0, 0xff, 0xff, 0x80, 0x7f,
    0xf0, 0xc0,

    /* U+4E2D "中" */
    0x0, 0xf3, 0x98, 0x7, 0xfd, 0x6c, 0x1, 0xff,
    0xc7, 0x22, 0xe1, 0x32, 0x2c, 0x21, 0xbb, 0xc5,
    0x3b, 0xba, 0x0, 0x1d, 0xff, 0x1d, 0x7f, 0xcc,
    0x1, 0xff, 0xde, 0xef, 0xf8, 0xeb, 0xfe, 0x60,
    0x7, 0x77, 0x14, 0xf7, 0x69, 0x1, 0x1f, 0x18,
    0x8e, 0x0, 0xff, 0xee, 0x0,

    /* U+4E3A "为" */
    0x0, 0x20, 0x5, 0x22, 0x1, 0xe1, 0xa6, 0x0,
    0x31, 0x80, 0x78, 0x72, 0x10, 0x40, 0x80, 0x3e,
    0x2d, 0x53, 0x0, 0xf9, 0xff, 0xd9, 0xda, 0x1f,
    0xfd, 0xcd, 0xbb, 0xa0, 0xf7, 0x75, 0x0, 0x91,
    0x6e, 0x52, 0x2c, 0x26, 0x1, 0xcb, 0xee, 0x80,
    0x1f, 0x84, 0xdc, 0xac, 0xc0, 0x44, 0x1, 0xa5,
    0x5, 0x63, 0x44, 0xdc, 0x2, 0x17, 0xf0, 0x3,
    0xc0, 0x8c, 0x1, 0x52, 0xa0, 0x4, 0xc1, 0xe6,
    0x0, 0x95, 0xb0, 0xf, 0x8, 0x2, 0x9f, 0x4,
    0x0, 0x23, 0x1b, 0xfc, 0xa6, 0x10, 0x5, 0x5d,
    0xcc, 0x56, 0x8f, 0x20, 0xd, 0x7f, 0xf5, 0x80,

    /* U+4E3B "主" */
    0x0, 0xe2, 0xb0, 0xf, 0xfe, 0x1, 0x3c, 0x0,
    0x7f, 0xf0, 0x3c, 0x80, 0x3c, 0xbd, 0xdd, 0xa9,
    0xdd, 0xc8, 0x8d, 0xde, 0x57, 0xdd, 0xe5, 0x13,
    0x3e, 0x11, 0x19, 0xf0, 0x80, 0x7f, 0xf4, 0x6f,
    0xff, 0x2b, 0xff, 0xe9, 0x0, 0x56, 0xee, 0x56,
    0xdd, 0xd0, 0x0, 0x12, 0x2c, 0x2, 0x45, 0x84,
    0x3, 0xff, 0xa3, 0xdf, 0xfc, 0xaf, 0xff, 0xd9,
    0xfd, 0xdf, 0xfc, 0xd,

    /* U+4E45 "久" */
    0x0, 0xe4, 0x40, 0x7, 0xff, 0xa, 0x48, 0x3,
    0xff, 0x82, 0x84, 0xa4, 0x58, 0x3, 0xfa, 0x3,
    0x37, 0x70, 0x7, 0xe6, 0x2e, 0xff, 0x9c, 0x80,
    0x3e, 0x29, 0xb1, 0x0, 0x9a, 0xc0, 0x3e, 0xf5,
    0x50, 0x4, 0xc0, 0xc0, 0x1e, 0x51, 0xa0, 0x8,
    0x62, 0x40, 0x3e, 0x5c, 0x0, 0xd6, 0x38, 0x1,
    0xff, 0xc0, 0x65, 0xc5, 0x40, 0xf, 0xf2, 0xcd,
    0x1c, 0x50, 0x80, 0x7e, 0x7a, 0xa2, 0x83, 0x26,
    0x8, 0x7, 0xd, 0x4d, 0xa8, 0x5, 0x4d, 0xe6,
    0x1, 0x2f, 0xb6, 0x20, 0x7, 0x5a, 0x64, 0x0,
    0x3d, 0xb0, 0x80, 0x3e, 0xa9, 0xf0, 0x5, 0x40,
    0x7, 0xf9, 0x9c, 0x0,

    /* U+4E48 "么" */
    0x0, 0xf0, 0x80, 0x7f, 0xf0, 0xf, 0x84, 0x3,
    0xfe, 0xe7, 0x10, 0xf, 0xf4, 0x84, 0x0, 0x9,
    0x40, 0x3c, 0xcc, 0xf0, 0xb, 0xbc, 0x3, 0x92,
    0x6c, 0x80, 0xe, 0x56, 0x1, 0x8e, 0xe5, 0x0,
    0x9, 0x14, 0x20, 0x12, 0x64, 0x30, 0x0, 0xaa,
    0x50, 0x3, 0x64, 0xb8, 0x0, 0x7d, 0xd8, 0xc0,
    0x34, 0x30, 0x5, 0xad, 0x21, 0x12, 0x1, 0xf5,
    0x85, 0x80, 0x25, 0x90, 0x3, 0xe, 0x3e, 0x0,
    0x45, 0x12, 0x1, 0xe, 0x6, 0x89, 0x1a, 0x28,
    0x94, 0x0, 0x18, 0x8f, 0xb9, 0xba, 0x99, 0x6a,
    0xb9, 0x3, 0x66, 0xf7, 0xfb, 0xb7, 0x2e, 0x95,
    0xc0, 0x4c, 0x84, 0x3, 0xea, 0x50,

    /* U+4E86 "了" */
    0x12, 0x2f, 0xfe, 0x0, 0x36, 0xef, 0xff, 0x0,
    0x5f, 0xff, 0xf9, 0xc2, 0x84, 0x3, 0xf1, 0xea,
    0x6a, 0x80, 0x7e, 0x7c, 0x5c, 0x20, 0xf, 0xcf,
    0x39, 0x0, 0x1f, 0xef, 0x53, 0x0, 0xff, 0xff,
    0x80, 0x44, 0x43, 0x41, 0x0, 0xfe, 0xed, 0xc2,
    0xe0, 0xf, 0x0,

    /* U+4E8B "事" */
    0x0, 0xf8, 0xcc, 0x1, 0xf8, 0x47, 0xd5, 0x41,
    0x1f, 0x0, 0x2f, 0x77, 0x9d, 0xdb, 0xbd, 0x0,
    0xa, 0xde, 0xec, 0xee, 0xee, 0xd9, 0x20, 0x13,
    0xfc, 0x44, 0x88, 0x88, 0xb1, 0x0, 0x38, 0x73,
    0x26, 0x66, 0x64, 0x60, 0x1c, 0xf0, 0x45, 0x8,
    0x88, 0xa9, 0x50, 0x8, 0x76, 0x23, 0x22, 0x22,
    0x33, 0x0, 0x43, 0x99, 0xcc, 0xcc, 0xca, 0xb8,
    0x0, 0x39, 0x9e, 0x66, 0x66, 0x56, 0xf8, 0x3,
    0x99, 0xe6, 0x66, 0x65, 0x6f, 0x80, 0x3, 0xcc,
    0xe6, 0x66, 0x65, 0x60, 0x18, 0xf3, 0x39, 0x99,
    0x99, 0x6c, 0x80, 0x7f, 0x1f, 0x80, 0x7f, 0xcf,
    0xfe, 0x65, 0x0, 0xf8,

    /* U+4E8C "二" */
    0x0, 0x1a, 0xaf, 0xf8, 0xc0, 0x2a, 0x88, 0xff,
    0x50, 0x5, 0x3b, 0xbf, 0xe9, 0x0, 0xff, 0xff,
    0x80, 0x7f, 0xf5, 0x3b, 0xbf, 0xf8, 0x41, 0x55,
    0xff, 0xc2,

    /* U+4E8E "于" */
    0x0, 0x19, 0xff, 0xf0, 0x0, 0x2f, 0xee, 0xdb,
    0x9d, 0xda, 0x0, 0x2c, 0xdd, 0xd6, 0x5b, 0xba,
    0xc0, 0x3f, 0xfa, 0x86, 0x7e, 0x20, 0x33, 0xf0,
    0x6e, 0xfa, 0xb, 0x77, 0xc1, 0xdd, 0xea, 0x2e,
    0xef, 0x0, 0x7f, 0xfd, 0x4, 0x45, 0xe2, 0x1,
    0xfe, 0xae, 0xd4, 0x90, 0xf, 0x0,

    /* U+4E91 "云" */
    0x2, 0x44, 0xff, 0x10, 0x2, 0xa2, 0x3f, 0xc8,
    0x0, 0x8c, 0xcf, 0xf3, 0x0, 0x7f, 0xf0, 0xc4,
    0x7f, 0xf8, 0x5f, 0xdd, 0xff, 0xc0, 0xce, 0xff,
    0xb8, 0x63, 0xff, 0xda, 0x1, 0xa0, 0x9c, 0x0,
    0x40, 0x1f, 0x23, 0x70, 0x0, 0xf0, 0x40, 0x38,
    0x6a, 0x48, 0x0, 0x6d, 0x40, 0x1d, 0x4a, 0xc0,
    0x1a, 0x19, 0x80, 0x15, 0x34, 0x1a, 0x2b, 0xc4,
    0x84, 0x88, 0x1, 0xcb, 0x7a, 0x3b, 0x81, 0xd0,
    0xb4, 0x0, 0xdf, 0xed, 0xcb, 0x98, 0x75, 0xb7,
    0x10, 0xf, 0xf8, 0x70, 0x40,

    /* U+4E94 "五" */
    0x2, 0x2f, 0xfe, 0x0, 0x82, 0x6e, 0xff, 0xf0,
    0x1c, 0x13, 0xff, 0x7, 0x7f, 0xf9, 0x80, 0x38,
    0xc4, 0x40, 0x1f, 0xfc, 0x5, 0x50, 0x7, 0xfb,
    0x76, 0x85, 0xdd, 0xe7, 0x0, 0xd3, 0x31, 0xb4,
    0xce, 0x6f, 0x0, 0xc8, 0x91, 0x52, 0x26, 0x10,
    0xf, 0x84, 0x8, 0x3, 0xbc, 0x3, 0xca, 0x40,
    0x1c, 0x20, 0x1f, 0x1b, 0x80, 0x78, 0x40, 0x3d,
    0xba, 0x0, 0xe7, 0x0, 0xdf, 0xf2, 0xc7, 0xff,
    0x1c, 0xff, 0x83, 0xbb, 0xff, 0x84, 0x0,

    /* U+4E9B "些" */
    0x0, 0xc4, 0x20, 0x3, 0x10, 0xf, 0x10, 0x84,
    0xa8, 0x3, 0xd0, 0x2, 0x10, 0x5, 0xb8, 0x7,
    0xe5, 0xe6, 0x0, 0xf5, 0x73, 0x87, 0xed, 0xd9,
    0xc0, 0x3d, 0x7e, 0xe0, 0xf7, 0xca, 0x1, 0xf0,
    0x88, 0x1, 0xc, 0x0, 0xe0, 0xf, 0xc2, 0x1,
    0xc2, 0x4, 0x7c, 0xad, 0x3f, 0x2f, 0xa0, 0x4,
    0x10, 0xe5, 0x57, 0xd4, 0xec, 0x73, 0x7f, 0xaa,
    0x3, 0x7f, 0x69, 0xd0, 0x81, 0x7b, 0xfd, 0xcc,
    0x2, 0x1d, 0xff, 0xfc, 0x20, 0x1b, 0xf7, 0x7f,
    0x84, 0x3, 0x9, 0x17, 0xf0, 0x5, 0x5f, 0xff,
    0xfc, 0xd, 0xb, 0xdd, 0xff, 0xe0, 0x60, 0x0,

    /* U+4EA4 "交" */
    0x0, 0xf9, 0x0, 0x3f, 0xf8, 0x54, 0x80, 0x1f,
    0x11, 0x79, 0xfc, 0x8b, 0x84, 0x3f, 0x77, 0x99,
    0x37, 0x7a, 0x3, 0x7f, 0xed, 0xff, 0xb7, 0xff,
    0x48, 0x6, 0x5d, 0x20, 0x5, 0xe9, 0x0, 0x79,
    0x6a, 0xc8, 0x1, 0x35, 0xaa, 0x1, 0xa6, 0xe9,
    0xc0, 0x31, 0xdd, 0xa0, 0x1, 0x9, 0x83, 0xa2,
    0x0, 0x5a, 0x4c, 0x53, 0x9, 0xd2, 0x44, 0x58,
    0xd, 0xd8, 0xb, 0x4c, 0x4, 0x2, 0xb7, 0x8d,
    0x45, 0x0, 0xfe, 0x19, 0x72, 0xa0, 0xf, 0xf3,
    0xdb, 0x16, 0xa8, 0x7, 0x8e, 0x7a, 0xed, 0x39,
    0x76, 0xe8, 0x40, 0x7, 0x61, 0xd6, 0x20, 0x1,
    0xba, 0xce, 0xec, 0x15, 0xf4, 0x80, 0x1e, 0x5b,
    0xf9,

    /* U+4EBA "人" */
    0x0, 0xf9, 0x88, 0x3, 0xff, 0x83, 0x6c, 0x1,
    0xff, 0xd0, 0x30, 0xf, 0xfe, 0x10, 0x98, 0x7,
    0xff, 0x0, 0xc3, 0x40, 0x3f, 0xf8, 0xa, 0x28,
    0x1, 0xff, 0xc0, 0xa9, 0x25, 0x0, 0xff, 0x19,
    0x9a, 0xa0, 0x3, 0xfd, 0xec, 0x2c, 0xc, 0x1,
    0xf9, 0xca, 0x40, 0x11, 0x26, 0x1, 0xe6, 0x8a,
    0x0, 0x95, 0xb4, 0x80, 0x33, 0x4c, 0x90, 0x3,
    0x4a, 0xe1, 0x0, 0x26, 0x66, 0x0, 0xf5, 0xae,
    0xa0, 0x1d, 0xb0, 0x7, 0xeb, 0x67,

    /* U+4EC5 "仅" */
    0x0, 0xc4, 0x1, 0xff, 0xc2, 0x1d, 0x22, 0xfe,
    0x0, 0xe7, 0x42, 0xfd, 0xdf, 0x80, 0x3a, 0xf8,
    0x1a, 0x7f, 0xf5, 0x10, 0x6, 0x42, 0x50, 0xcd,
    0x0, 0xda, 0x80, 0x1a, 0x0, 0x25, 0x40, 0xc,
    0xb8, 0x1, 0x29, 0x0, 0x44, 0x6c, 0x0, 0x32,
    0x50, 0x0, 0xdd, 0x80, 0x35, 0x58, 0x2, 0x5c,
    0x2, 0x17, 0x50, 0xc, 0xc0, 0xc8, 0xb2, 0x1,
    0xa4, 0x3, 0xd3, 0x2a, 0x91, 0x0, 0xff, 0x90,
    0x44, 0xe0, 0x1f, 0xf0, 0xe1, 0x26, 0x8, 0x7,
    0xf1, 0xfb, 0xe5, 0xbf, 0x98, 0x7, 0x86, 0x31,
    0xac, 0x1, 0x4d, 0x8e, 0x1, 0xe4, 0xb8, 0x0,
    0xd1, 0x78, 0x0,

    /* U+4ECA "今" */
    0x0, 0xf8, 0xd4, 0x3, 0xff, 0x82, 0x5b, 0x48,
    0x1, 0xff, 0xc0, 0xe6, 0xaa, 0x10, 0x7, 0xfb,
    0x1e, 0x15, 0xbc, 0x40, 0x3e, 0x1c, 0x7b, 0x0,
    0x42, 0x61, 0x0, 0x72, 0x7a, 0xd9, 0x68, 0x84,
    0xae, 0xa8, 0x5, 0x57, 0x12, 0x4, 0x94, 0x0,
    0x8a, 0xbc, 0x0, 0x66, 0xb0, 0x5, 0x2c, 0x60,
    0x5, 0xfb, 0x0, 0x31, 0x9f, 0xa4, 0xc, 0xe1,
    0x70, 0x9, 0x3b, 0xba, 0x7b, 0x9b, 0xa0, 0xe,
    0x5d, 0xdf, 0xc7, 0x20, 0x1f, 0xfc, 0x19, 0x17,
    0x0, 0xff, 0xe0, 0x2b, 0x70, 0x7, 0xff, 0x0,
    0xea, 0xc8, 0x3, 0xfe, 0x1d, 0x84, 0x0, 0xff,
    0xe0, 0xe, 0x38, 0x7, 0x80,

    /* U+4ECD "仍" */
    0x0, 0xff, 0xe3, 0xf, 0x91, 0x7e, 0x0, 0xe7,
    0x31, 0xdd, 0xf8, 0xc0, 0x35, 0xd1, 0xfa, 0xc7,
    0xfc, 0x4, 0x1, 0x21, 0x30, 0x4, 0x20, 0x5,
    0x31, 0x0, 0xa0, 0x3, 0xf6, 0x58, 0x4, 0xa4,
    0x1, 0x84, 0xc0, 0xb, 0x58, 0x81, 0x76, 0x0,
    0xce, 0x20, 0xe, 0xe0, 0x8, 0x4a, 0x0, 0x61,
    0x70, 0x1, 0x18, 0x8, 0x38, 0x7, 0x11, 0x80,
    0x61, 0x70, 0xf, 0x11, 0x0, 0x38, 0xc4, 0x3,
    0xca, 0xa0, 0xe, 0x10, 0xf, 0xa6, 0x80, 0x3c,
    0x60, 0x1d, 0x2c, 0x40, 0x19, 0x80, 0x40, 0x31,
    0xac, 0x0, 0x1b, 0xfd, 0x10, 0x0, 0x87, 0xcf,
    0x0, 0x26, 0xff, 0x73, 0x80,

    /* U+4ED3 "仓" */
    0x0, 0xf2, 0x40, 0x7, 0xff, 0x0, 0xad, 0xa0,
    0x3, 0xfc, 0x3f, 0x18, 0xec, 0x1, 0xf8, 0x71,
    0xdc, 0x57, 0x2c, 0x1, 0xe3, 0xf4, 0xa0, 0x2,
    0x5c, 0xc8, 0x3, 0x3e, 0x4c, 0x80, 0x32, 0x6a,
    0x6a, 0x5, 0x4c, 0x43, 0xff, 0xdb, 0x8b, 0x65,
    0x1c, 0x83, 0xdd, 0xe0, 0x18, 0xe2, 0x20, 0x4,
    0x23, 0xe0, 0x8, 0x40, 0x3f, 0xc8, 0x1, 0xff,
    0x47, 0xfa, 0xdc, 0x10, 0x3, 0xf4, 0x77, 0x3e,
    0x2, 0xc8, 0x3, 0xf0, 0x88, 0x3, 0x18, 0x4,
    0x42, 0x82, 0x3e, 0x60, 0x10, 0x8, 0x5e, 0xfb,
    0xbd, 0x10, 0x0, 0x0,

    /* U+4EE5 "以" */
    0x0, 0xe3, 0x0, 0xe3, 0x0, 0xd6, 0x40, 0x78,
    0x20, 0x10, 0xe0, 0x6, 0x51, 0x3, 0x6b, 0x0,
    0xff, 0xe0, 0xc2, 0x98, 0x0, 0xc0, 0x3f, 0x85,
    0xfc, 0x3, 0xff, 0x83, 0x1e, 0x0, 0x61, 0x0,
    0xff, 0x18, 0x0, 0x88, 0x1, 0xff, 0xc1, 0xf6,
    0x0, 0xfc, 0x2c, 0x1, 0x2e, 0x0, 0x7c, 0x59,
    0x40, 0x3, 0x32, 0x0, 0x79, 0x35, 0x30, 0x1,
    0x0, 0xa0, 0x1d, 0x37, 0x12, 0x0, 0x85, 0x98,
    0x40, 0x8, 0x56, 0x9c, 0x1, 0x4d, 0xad, 0x34,
    0x40, 0x44, 0xc5, 0x4, 0xd6, 0xc3, 0x6, 0x4e,
    0x2, 0xd3, 0x0, 0x4d, 0x61, 0x0, 0x55, 0x20,
    0x1e, 0xd7, 0x0, 0xf2, 0x80,

    /* U+4EF6 "件" */
    0x0, 0xd2, 0x1, 0x87, 0x0, 0x3f, 0x22, 0x0,
    0x12, 0x0, 0x30, 0xf, 0xda, 0xa0, 0x6e, 0x1,
    0xff, 0x35, 0x85, 0xa8, 0x90, 0x10, 0x88, 0x3,
    0x30, 0x18, 0x22, 0x3b, 0x3, 0x7b, 0x8e, 0x1,
    0x58, 0x0, 0x8f, 0xbf, 0x83, 0xfe, 0x70, 0x2,
    0x90, 0x2, 0x90, 0x40, 0x3f, 0xae, 0x0, 0x1b,
    0xe0, 0x1f, 0xe4, 0x50, 0x2, 0x28, 0x88, 0xc0,
    0x47, 0x0, 0x28, 0x2, 0xee, 0xda, 0x1d, 0xd8,
    0x3, 0xdf, 0xfb, 0x83, 0xff, 0x0, 0x7f, 0xfd,
    0xcb, 0xc0, 0x38, 0x7c, 0x3, 0x80,

    /* U+4EF7 "价" */
    0x0, 0xc8, 0x1, 0x9c, 0x80, 0x3e, 0x1b, 0x0,
    0x96, 0x20, 0x1, 0xf3, 0xa8, 0x5, 0x16, 0x86,
    0x1, 0xeb, 0x90, 0x4, 0x32, 0x5f, 0x0, 0x72,
    0x91, 0x83, 0x32, 0x81, 0x5e, 0xc0, 0x34, 0x8,
    0x34, 0xe8, 0x80, 0x29, 0xec, 0x41, 0x8c, 0x12,
    0x31, 0x44, 0x0, 0xdc, 0x34, 0x11, 0x0, 0x4f,
    0x38, 0x30, 0x5, 0xb5, 0x50, 0x25, 0x0, 0x2,
    0x1, 0xf8, 0x41, 0xc0, 0x38, 0x40, 0x3f, 0xf8,
    0x66, 0x1, 0xff, 0xc0, 0x41, 0x10, 0x7, 0xff,
    0x3, 0x9c, 0x3, 0xff, 0x80, 0xa9, 0x0, 0x1f,
    0xfc, 0x9, 0xb1, 0x0, 0x85, 0xc0, 0x31, 0x70,
    0x62, 0x80, 0x6c, 0x30, 0x0,

    /* U+4F11 "休" */
    0x0, 0xc8, 0x1, 0xa8, 0x40, 0x3e, 0x1b, 0x0,
    0xca, 0x60, 0x1f, 0x32, 0x80, 0x7f, 0xf0, 0x6b,
    0xc8, 0xb0, 0x31, 0x14, 0x20, 0x4, 0x25, 0xfd,
    0xd8, 0x2f, 0x76, 0x60, 0x4, 0x0, 0x37, 0xfd,
    0x20, 0xff, 0xf3, 0x82, 0x98, 0x7, 0x58, 0x30,
    0x6, 0x1b, 0x80, 0xc, 0xac, 0xa, 0xc0, 0x10,
    0xba, 0x80, 0x68, 0x80, 0x7c, 0x0, 0x69, 0x0,
    0xd0, 0xe6, 0xc, 0xf4, 0x1, 0xf2, 0x35, 0x80,
    0x50, 0x8a, 0x1, 0xc7, 0x76, 0x10, 0x8, 0x76,
    0x90, 0x3, 0x23, 0xa8, 0x7, 0x1c, 0xf0, 0x6,
    0x78, 0x0, 0xf9, 0xa8, 0x3, 0xff, 0x86,

    /* U+4F20 "传" */
    0x0, 0xc6, 0x1, 0x98, 0x3, 0xfd, 0x84, 0x0,
    0x19, 0x0, 0xfe, 0x64, 0x21, 0x12, 0x90, 0x8e,
    0x0, 0xeb, 0xe1, 0xee, 0x59, 0x77, 0x69, 0x0,
    0x8c, 0x94, 0x7f, 0xc9, 0x3f, 0xfa, 0x40, 0x28,
    0x0, 0x8, 0xca, 0xa1, 0x1e, 0x0, 0x22, 0x80,
    0x3b, 0xa1, 0xce, 0xee, 0x20, 0x9b, 0x0, 0x7f,
    0xa1, 0x7f, 0xfc, 0x40, 0x8a, 0x1, 0xaf, 0x48,
    0xb0, 0x80, 0x52, 0x1, 0xea, 0xff, 0xb3, 0xc0,
    0x3f, 0xb3, 0x77, 0x14, 0x0, 0x7e, 0x8b, 0x40,
    0x4, 0x3b, 0x0, 0x7e, 0x8d, 0x9c, 0x76, 0xa0,
    0xf, 0xf3, 0x6c, 0xd1, 0xa0, 0x7, 0xff, 0x1,
    0x76, 0x22, 0x0, 0xef, 0x0, 0xf9, 0x76, 0x0,
    0x0,

    /* U+4F4D "位" */
    0x0, 0xd2, 0x1, 0xa8, 0x3, 0xf9, 0x5c, 0x3,
    0x3a, 0x80, 0x7e, 0xe6, 0x0, 0xcb, 0xe0, 0x1f,
    0xa, 0x55, 0x3f, 0xe7, 0x5f, 0xfa, 0xc0, 0x26,
    0x2, 0xbe, 0xef, 0xd4, 0x1, 0x48, 0x0, 0x5d,
    0xc2, 0x3a, 0x1c, 0x40, 0x10, 0x60, 0x11, 0xd0,
    0x6, 0x72, 0x0, 0xb, 0xc8, 0x4, 0x86, 0x20,
    0x2, 0x14, 0x0, 0xd, 0xb0, 0x4, 0x26, 0x80,
    0x5, 0x40, 0xc, 0x80, 0x1c, 0x98, 0x0, 0xcd,
    0x0, 0xff, 0x5a, 0x0, 0x11, 0xc0, 0x3f, 0xc6,
    0xe0, 0xa6, 0x20, 0x1f, 0xf5, 0x7, 0x50, 0x7,
    0xf7, 0xff, 0x24, 0xff, 0xc0, 0x1e, 0xee, 0xff,
    0x0,

    /* U+4F4E "低" */
    0x0, 0xd4, 0x20, 0x1f, 0x10, 0x7, 0x1b, 0x89,
    0x23, 0x3c, 0xe7, 0xe9, 0x80, 0x6a, 0xa0, 0x64,
    0xee, 0x9d, 0x33, 0xcc, 0x2, 0x16, 0x50, 0x7,
    0xdd, 0x16, 0x18, 0x7, 0x30, 0x90, 0x7, 0x38,
    0x7, 0xd2, 0x1, 0xf0, 0x88, 0x3, 0xa0, 0x80,
    0x37, 0x66, 0x12, 0x33, 0x14, 0x0, 0x6f, 0x0,
    0xd5, 0x10, 0x76, 0x88, 0x70, 0x2, 0x84, 0x3,
    0x22, 0x58, 0x28, 0x90, 0x1, 0x0, 0x3f, 0x33,
    0x0, 0x3f, 0xf8, 0x46, 0x60, 0xf, 0xfe, 0x1,
    0xe8, 0x11, 0x86, 0x80, 0x7e, 0xbc, 0xa0, 0x5b,
    0x10, 0xf, 0x84, 0x48, 0xbc, 0x14, 0xd2, 0x80,
    0x1e, 0x18, 0xda, 0x24, 0x29, 0x6a, 0x0, 0x8b,
    0x80, 0xe, 0x0, 0xb4, 0x7, 0xe3, 0x0,

    /* U+4F53 "体" */
    0x0, 0xcc, 0x1, 0xa0, 0x40, 0x3f, 0x1c, 0x0,
    0x66, 0x20, 0xf, 0xd4, 0xc0, 0x1f, 0xfc, 0x27,
    0xbb, 0x6e, 0xc3, 0xdb, 0xb3, 0x80, 0x4c, 0x7,
    0x3d, 0xc7, 0x3, 0xee, 0x98, 0x2, 0xb0, 0x1,
    0x19, 0x90, 0x41, 0x8c, 0xc2, 0x0, 0x63, 0x0,
    0xce, 0xe0, 0x99, 0x0, 0x74, 0x58, 0x4, 0x33,
    0x60, 0x80, 0xc0, 0x1a, 0xd0, 0x2, 0xb6, 0x20,
    0x7, 0xc0, 0x80, 0x4a, 0x1, 0x33, 0xc0, 0x4,
    0x6f, 0xa0, 0x1e, 0x49, 0xe0, 0xe, 0x91, 0xa0,
    0xe, 0xf9, 0x5f, 0xf0, 0xe7, 0xd7, 0xb0, 0x7,
    0x5b, 0x33, 0xb8, 0x37, 0xd4, 0x58, 0x1, 0xf8,
    0x44, 0xe, 0x20, 0x1f, 0x18, 0x7, 0xff, 0x0,

    /* U+4F5C "作" */
    0x0, 0xc4, 0x1, 0x28, 0x7, 0xf0, 0xe8, 0x82,
    0xc8, 0x7, 0xf3, 0x18, 0x87, 0x58, 0x8f, 0x80,
    0x2a, 0x90, 0x34, 0x8e, 0xee, 0xc0, 0x2, 0x12,
    0x84, 0x43, 0x47, 0xff, 0x68, 0x2, 0x0, 0xa,
    0xa7, 0x0, 0xfc, 0xa6, 0x3, 0x74, 0x1, 0x11,
    0x60, 0x5, 0xc8, 0xc, 0x20, 0x0, 0x77, 0x70,
    0x1, 0xdc, 0x0, 0x60, 0x8, 0x7f, 0xf0, 0x2,
    0x40, 0x3f, 0xf9, 0x42, 0x89, 0x84, 0x3, 0xfd,
    0x33, 0x90, 0x3, 0xf8, 0x77, 0x72, 0x80, 0x7f,
    0xf1, 0x84, 0x3, 0xfe,

    /* U+4F60 "你" */
    0x0, 0xfc, 0x40, 0x1f, 0xe3, 0xe0, 0x2, 0x78,
    0x7, 0xfa, 0xdc, 0x1, 0xea, 0x23, 0xe0, 0xc,
    0xd4, 0x6, 0x8f, 0xdd, 0xe0, 0x9, 0x40, 0xc2,
    0x1f, 0xff, 0xa1, 0x0, 0x28, 0x0, 0x2b, 0x40,
    0x16, 0x0, 0x26, 0x0, 0xc, 0x60, 0xe, 0x90,
    0x0, 0x90, 0x2, 0x8c, 0x1, 0x16, 0x0, 0xb4,
    0x70, 0xc, 0xea, 0x1, 0x53, 0x0, 0x49, 0x40,
    0x1b, 0x58, 0x2, 0x40, 0xd, 0xd4, 0x1, 0xa6,
    0x40, 0x1f, 0xa, 0xb0, 0x6, 0x32, 0x50, 0xf,
    0x43, 0x8, 0x7, 0x54, 0x80, 0x70, 0xbc, 0x0,
    0x79, 0x8c, 0x80, 0x30, 0xf8, 0x9a, 0x59, 0x80,
    0x5c, 0x40, 0x1c, 0x21, 0x52, 0x90, 0x1, 0x8,
    0x0,

    /* U+4F7F "使" */
    0x0, 0x84, 0x3, 0x9, 0x0, 0x7c, 0x9e, 0x1,
    0x9e, 0xc0, 0x3e, 0xd7, 0x34, 0x4b, 0xc9, 0x13,
    0x0, 0x4d, 0x53, 0x11, 0x22, 0xc4, 0x60, 0x2,
    0x89, 0xd6, 0x65, 0x6f, 0x99, 0x80, 0x10, 0x0,
    0x3f, 0xfa, 0x5b, 0xfe, 0x60, 0x50, 0x9, 0xd3,
    0xfd, 0x2d, 0xfe, 0x60, 0x4, 0x48, 0x7, 0xff,
    0x7, 0x94, 0x2, 0x4f, 0xf4, 0xb7, 0xf9, 0x80,
    0x6, 0x1, 0x26, 0x77, 0xc3, 0x7f, 0xcc, 0x1,
    0xe9, 0x80, 0xee, 0x0, 0x7f, 0xa9, 0x69, 0xd4,
    0x3, 0xfe, 0xe5, 0x15, 0x10, 0xf, 0xc9, 0x3a,
    0xd9, 0xbd, 0xb2, 0xe2, 0x1, 0x15, 0x6, 0xc9,
    0xd7, 0xcf, 0x68, 0x80, 0xf1, 0x74, 0x90, 0x6,
    0x47, 0xa0,

    /* U+4F9B "供" */
    0x0, 0xce, 0x0, 0x70, 0x9, 0x4c, 0x3, 0x92,
    0x40, 0x10, 0x1, 0x72, 0x80, 0x77, 0x38, 0x7,
    0xff, 0x5, 0x68, 0x88, 0x4, 0x50, 0x9, 0x8,
    0x1, 0x80, 0xfb, 0x3, 0x32, 0x49, 0xc7, 0x0,
    0x40, 0x86, 0x70, 0x77, 0x49, 0x1c, 0xc0, 0xe0,
    0x1f, 0xfc, 0x28, 0xb0, 0xf, 0xfe, 0xd, 0x38,
    0x0, 0x88, 0x4, 0x50, 0x9, 0x8, 0x28, 0x1,
    0x77, 0x41, 0xbb, 0x24, 0x6e, 0x80, 0x32, 0xff,
    0xdd, 0xfe, 0xef, 0xf6, 0x0, 0x7d, 0x70, 0x7,
    0xe6, 0x1, 0xfa, 0x9e, 0x40, 0xe3, 0x4c, 0x3,
    0xd4, 0xda, 0x1, 0x34, 0x69, 0x0, 0x62, 0xc,
    0x10, 0xc, 0xd2, 0xc0,

    /* U+4F9D "依" */
    0x0, 0xca, 0x1, 0x94, 0x3, 0xf8, 0xec, 0x3,
    0x59, 0x80, 0x7e, 0xb7, 0x1, 0x19, 0xe8, 0x46,
    0x0, 0xe6, 0xab, 0xee, 0x99, 0x9d, 0xd8, 0x2,
    0x50, 0x3b, 0xff, 0x60, 0x5f, 0xfd, 0xc0, 0x14,
    0x80, 0x77, 0x96, 0x0, 0x79, 0x48, 0x3, 0x30,
    0xca, 0x0, 0xe9, 0x80, 0x2e, 0x40, 0x22, 0x89,
    0x42, 0x4f, 0x53, 0x0, 0x4a, 0x80, 0x7, 0xc5,
    0x41, 0xee, 0xd0, 0x1, 0x38, 0x0, 0xb1, 0x0,
    0x2a, 0x14, 0x0, 0xfa, 0x12, 0x40, 0x23, 0x5a,
    0x0, 0xfa, 0xa4, 0x3, 0xa9, 0x18, 0x3, 0xfe,
    0x6b, 0x1b, 0x97, 0x0, 0xf8, 0x43, 0xf6, 0x1,
    0x2e, 0xc0, 0x1f, 0x2a, 0x6d, 0x98, 0x1, 0x30,
    0x0,

    /* U+4FBF "便" */
    0x0, 0xa0, 0x3, 0xff, 0x82, 0x6c, 0xfd, 0xdf,
    0xc2, 0x0, 0xa4, 0x7f, 0xfa, 0x5f, 0xff, 0x8,
    0x1, 0xf8, 0x4, 0x60, 0x11, 0xe0, 0x2, 0x8a,
    0x1f, 0xf7, 0x21, 0xfb, 0x9e, 0xa0, 0x9, 0x10,
    0x1, 0xf7, 0x21, 0xfb, 0x88, 0x0, 0x42, 0x0,
    0x8e, 0xed, 0x4d, 0x76, 0x50, 0x4, 0x40, 0x2,
    0x3a, 0xa2, 0xbd, 0x51, 0x40, 0x14, 0xe0, 0x18,
    0x45, 0xe2, 0x30, 0x4, 0xc0, 0x18, 0xfb, 0x90,
    0xfd, 0xc4, 0x10, 0xe, 0x37, 0xfe, 0x69, 0xee,
    0x7a, 0x0, 0x7b, 0xf0, 0xdd, 0x40, 0x3f, 0xcf,
    0x78, 0x2, 0x1, 0xfc, 0x71, 0x5, 0x6c, 0xea,
    0x86, 0x0, 0xc9, 0xc1, 0x95, 0x1d, 0xb8, 0x3a,
    0x0, 0x1e, 0x4d, 0x82, 0x0, 0x8d, 0xa6, 0xc0,

    /* U+4FDD "保" */
    0x0, 0xce, 0x1, 0xff, 0xc2, 0x4a, 0xb, 0xdd,
    0xf5, 0x80, 0x76, 0xa8, 0x35, 0xf7, 0x68, 0x50,
    0xc, 0x2d, 0x40, 0x5, 0x33, 0xce, 0x1, 0xcc,
    0x24, 0x1, 0xff, 0xc1, 0x90, 0xd, 0xbd, 0xdb,
    0x0, 0x34, 0x18, 0x5, 0x99, 0x3b, 0xb3, 0x1e,
    0x1, 0x34, 0x80, 0x42, 0x44, 0x11, 0x11, 0x4,
    0x2, 0xa6, 0x0, 0x77, 0xfc, 0xee, 0xff, 0xc0,
    0x4, 0x0, 0xbb, 0xfd, 0x40, 0xb, 0xff, 0x80,
    0x3f, 0x15, 0xa2, 0xc9, 0x0, 0x7f, 0x1e, 0x59,
    0x94, 0x61, 0x80, 0x7c, 0xfb, 0x6a, 0x0, 0x5b,
    0xc7, 0x0, 0xe3, 0xbc, 0x50, 0xc, 0xb9, 0x62,
    0x1, 0x8f, 0x8, 0x3, 0xc7, 0x82,

    /* U+4FE1 "信" */
    0x0, 0xd0, 0x1, 0xa4, 0xc0, 0x3f, 0x2a, 0x0,
    0x61, 0xa0, 0xf, 0xdf, 0x76, 0xcc, 0x95, 0xb3,
    0x31, 0x0, 0x5, 0x55, 0x11, 0xa6, 0xe2, 0x31,
    0x0, 0x18, 0x48, 0xd1, 0x3f, 0x80, 0x29, 0x0,
    0xbf, 0xff, 0x0, 0x4e, 0x1, 0xbf, 0xff, 0x0,
    0x53, 0x60, 0x17, 0x77, 0xe0, 0xa, 0xdc, 0x2,
    0xee, 0xfc, 0x1, 0x28, 0x7, 0xff, 0x23, 0xfb,
    0xbd, 0xe0, 0x1f, 0xdf, 0xdd, 0xbc, 0x3, 0xff,
    0x9d, 0xdf, 0xfb, 0x80, 0x3f, 0x87, 0xbf, 0xf8,
    0x2,

    /* U+500D "倍" */
    0x0, 0xcc, 0x20, 0x14, 0x20, 0x7, 0xe2, 0x90,
    0xd, 0xfc, 0x1, 0xfa, 0x94, 0xf3, 0x2a, 0x5c,
    0xca, 0x0, 0x32, 0xf9, 0x78, 0x27, 0x65, 0xf,
    0xd0, 0x4, 0x84, 0xa0, 0x68, 0x6, 0x60, 0x73,
    0x20, 0xa, 0x4, 0x2, 0xd2, 0x0, 0x71, 0x0,
    0x65, 0x30, 0x1, 0xa1, 0xba, 0x20, 0xc1, 0x10,
    0x0, 0x86, 0x0, 0x4c, 0x50, 0xc4, 0x1d, 0x22,
    0x0, 0xb, 0xb0, 0x2, 0xb3, 0x3f, 0x80, 0xc,
    0x1, 0xa7, 0xbb, 0xd8, 0x1, 0xf8, 0xe7, 0xff,
    0x50, 0x80, 0x7f, 0x8, 0xf3, 0x80, 0x7f, 0xf3,
    0xa7, 0xff, 0x60, 0x7, 0xfa, 0x7f, 0xf6, 0x0,
    0x71, 0x70, 0x2, 0x98, 0x3, 0x1e, 0x80, 0x0,

    /* U+503C "值" */
    0x0, 0x8e, 0x0, 0x32, 0xb0, 0x7, 0xea, 0x10,
    0xd, 0xbe, 0x1, 0xf9, 0xf6, 0x3f, 0xe7, 0x6f,
    0xfb, 0x80, 0x23, 0x14, 0x8f, 0xf9, 0xdb, 0xfe,
    0xe0, 0xa, 0xc8, 0x1, 0x7b, 0xa6, 0x7d, 0xd5,
    0x80, 0x66, 0x0, 0x9a, 0x7f, 0x31, 0xfc, 0xa0,
    0x13, 0x8, 0x7, 0x19, 0xe0, 0xe, 0x87, 0x0,
    0xd3, 0xbb, 0xbc, 0x3, 0x4d, 0x80, 0x6e, 0xcc,
    0xdc, 0x1, 0x9c, 0x3, 0xb7, 0xbb, 0x60, 0x7,
    0xfb, 0x7b, 0xb6, 0x0, 0x7f, 0xbb, 0x77, 0x78,
    0x7, 0xfb, 0xb7, 0x77, 0x80, 0x7f, 0xf2, 0xd7,
    0xcb, 0x3f, 0xf6, 0x8f, 0xa8,

    /* U+505C "停" */
    0x0, 0x9c, 0x3, 0x22, 0x0, 0x3e, 0x4a, 0x0,
    0xc7, 0xe0, 0x1f, 0x72, 0xc7, 0xfd, 0x9, 0xff,
    0x80, 0x25, 0xb8, 0xff, 0xfe, 0x0, 0x28, 0x98,
    0x56, 0xe6, 0x6d, 0xb0, 0xa, 0x0, 0x34, 0x66,
    0x6e, 0x70, 0x2, 0x98, 0x4, 0x73, 0x99, 0xbd,
    0x80, 0x11, 0x0, 0xa, 0x73, 0x3d, 0x40, 0x8,
    0x70, 0x7, 0xf7, 0x7e, 0xf0, 0x50, 0xd, 0xdd,
    0xf8, 0x3, 0xd0, 0xfd, 0xde, 0x88, 0x0, 0x73,
    0xbb, 0xb9, 0xa7, 0xdc, 0x87, 0x0, 0xff, 0xe5,
    0x8b, 0x8, 0x7, 0xfd, 0x7f, 0x12, 0x1, 0xc0,

    /* U+50A8 "储" */
    0x0, 0xc, 0x0, 0x80, 0x52, 0x20, 0x1e, 0x43,
    0x4d, 0x0, 0x94, 0xc0, 0x10, 0x1, 0x7f, 0x20,
    0x1c, 0xe1, 0xfe, 0x39, 0x0, 0x48, 0xa1, 0x9,
    0x1a, 0x5d, 0xc9, 0x80, 0x3, 0x10, 0x1, 0x1c,
    0x47, 0x43, 0x10, 0x2, 0xdd, 0xb2, 0x8f, 0x30,
    0x7c, 0xa9, 0x82, 0x84, 0x9, 0x28, 0x7f, 0xe7,
    0x2c, 0xff, 0xc, 0x40, 0x9, 0x0, 0x6, 0xcc,
    0xc3, 0x38, 0x29, 0x0, 0x39, 0xe8, 0x33, 0xb8,
    0x40, 0xc0, 0x1d, 0x18, 0x3d, 0xd2, 0x80, 0x7e,
    0xab, 0x2, 0x29, 0xc0, 0x3f, 0x8, 0xc, 0xcc,
    0x40, 0x1f, 0xf, 0x8, 0xae, 0xe5, 0x0, 0xf2,
    0x23, 0x4, 0x5d, 0xd2, 0x0, 0x79, 0x6c, 0x40,
    0x7b, 0xa4, 0x0, 0x0,

    /* U+5148 "先" */
    0x0, 0xf1, 0xc8, 0x7, 0xe1, 0xf0, 0x3, 0xa0,
    0x7, 0xe6, 0x40, 0xf, 0xfe, 0x5, 0x27, 0xfa,
    0xcb, 0xff, 0x80, 0xa, 0x1d, 0xd5, 0x17, 0x77,
    0x0, 0x2e, 0x44, 0x70, 0x8, 0xf0, 0x2, 0x90,
    0x3, 0xfe, 0xdb, 0xff, 0xd6, 0x5f, 0xfd, 0xd9,
    0xdd, 0x24, 0x77, 0xe, 0xbb, 0xaf, 0x11, 0xce,
    0x42, 0x20, 0x11, 0xe0, 0xc, 0x6e, 0x1, 0xe1,
    0x30, 0x9, 0x44, 0x80, 0x3c, 0x5c, 0x0, 0x1b,
    0x80, 0xf, 0xc2, 0x9, 0xe8, 0xc0, 0x13, 0xe0,
    0x2, 0xde, 0x2e, 0x68, 0x3, 0x73, 0xff, 0x9b,
    0xeb, 0x5c, 0x3, 0x97, 0xfe, 0xe4,

    /* U+5149 "光" */
    0x0, 0xf8, 0x88, 0x1, 0xff, 0xc1, 0xba, 0x0,
    0xfd, 0x52, 0x1, 0xfa, 0xa4, 0x2, 0xb7, 0x60,
    0xf, 0x33, 0xc8, 0x4, 0x35, 0x26, 0x1, 0x92,
    0x7c, 0x3, 0x92, 0x18, 0x3, 0xd, 0x10, 0x4,
    0x45, 0x2b, 0x91, 0x89, 0x3b, 0x88, 0xa0, 0xcd,
    0xde, 0x56, 0xdd, 0xef, 0xe, 0xff, 0x87, 0x7f,
    0xc1, 0xdf, 0xf6, 0x80, 0x70, 0x98, 0x7, 0xff,
    0x0, 0xc4, 0x40, 0x1e, 0x12, 0x0, 0xd6, 0x80,
    0x1f, 0x2c, 0x80, 0x46, 0xf2, 0x1, 0xf0, 0x80,
    0x4d, 0x92, 0x60, 0x19, 0x88, 0x9e, 0x41, 0x91,
    0x4c, 0x1, 0x9e, 0x37, 0x4f, 0x41, 0xfe, 0x50,
    0xe, 0x8f, 0xfb, 0x4c,

    /* U+514D "免" */
    0x0, 0xc4, 0x80, 0x1f, 0xfc, 0x1e, 0xc0, 0xf,
    0xfe, 0x4, 0x9b, 0xff, 0xf1, 0x80, 0x73, 0xa7,
    0x7f, 0xe4, 0x63, 0x0, 0xd3, 0x5e, 0x20, 0x1,
    0xc2, 0x90, 0xd, 0x28, 0x5b, 0xff, 0x71, 0xb7,
    0xfb, 0x80, 0x17, 0xc5, 0xff, 0x59, 0xff, 0xdc,
    0x1, 0x10, 0x80, 0x62, 0x60, 0xf, 0xf0, 0x8d,
    0xc4, 0x23, 0x18, 0x7, 0x1f, 0xfc, 0xee, 0xef,
    0xf6, 0x18, 0x4, 0x5d, 0xd6, 0x8a, 0xc7, 0x75,
    0xa0, 0x1e, 0x1e, 0x83, 0x0, 0xeb, 0x10, 0x8,
    0xb1, 0xd8, 0x3, 0xca, 0x0, 0x18, 0xd5, 0xa0,
    0x7, 0x0, 0x44, 0x22, 0x7e, 0x3d, 0x80, 0x5,
    0x3f, 0xfd, 0xaa, 0xb, 0xb6, 0x40, 0x11, 0xf7,
    0xfe, 0xa0,

    /* U+5165 "入" */
    0x0, 0x87, 0xfe, 0xc1, 0x0, 0xff, 0xe, 0x64,
    0xc, 0x1, 0xff, 0x19, 0xcd, 0xa0, 0x1f, 0xfc,
    0x27, 0x70, 0x7, 0xff, 0x4, 0x48, 0x82, 0x1,
    0xff, 0xc0, 0x64, 0x43, 0x80, 0x7f, 0xf0, 0x2b,
    0xfa, 0x80, 0x3f, 0xe6, 0x4, 0x52, 0x30, 0xf,
    0xe1, 0x99, 0x0, 0x27, 0xc0, 0x3f, 0xb5, 0x90,
    0x0, 0xe3, 0x0, 0x1f, 0x50, 0x48, 0x6, 0xe7,
    0x60, 0xe, 0xa4, 0xd0, 0xe, 0x3b, 0x97, 0x0,
    0xad, 0xfc, 0x40, 0x3c, 0x97, 0x14, 0x0, 0xdc,
    0x10, 0xf, 0xc9, 0xbe, 0x0,

    /* U+5168 "全" */
    0x0, 0xf2, 0xc8, 0x7, 0xff, 0x0, 0xa9, 0x20,
    0x3, 0xfc, 0x59, 0x18, 0xce, 0x1, 0xf8, 0xb1,
    0x9c, 0x72, 0x5c, 0x3, 0xcd, 0xb3, 0x0, 0x2,
    0xca, 0xb1, 0x0, 0x16, 0x45, 0x30, 0x8e, 0x3c,
    0xf, 0x60, 0x85, 0x8a, 0xee, 0xf9, 0xea, 0x83,
    0x52, 0xdf, 0xf4, 0x9f, 0xfd, 0x89, 0x82, 0x1,
    0xff, 0xc5, 0x55, 0xde, 0x2a, 0xb8, 0x80, 0x34,
    0xce, 0x42, 0x99, 0xc8, 0x1, 0xb3, 0x35, 0x9e,
    0x66, 0x60, 0xf, 0xfe, 0x2b, 0x77, 0x74, 0x9f,
    0x77, 0x68, 0x3e, 0x67, 0x6e, 0xb3, 0x3b, 0xc0,

    /* U+516D "六" */
    0x0, 0xf1, 0x0, 0x7f, 0xf0, 0xb, 0x4c, 0x3,
    0xfe, 0x26, 0xf0, 0xf, 0xfe, 0x4, 0x12, 0x80,
    0x71, 0xa2, 0x72, 0xc8, 0xa2, 0x75, 0x4c, 0xfa,
    0xa6, 0x7a, 0x27, 0x77, 0xff, 0x81, 0x80, 0x19,
    0x4, 0x2, 0x50, 0xf, 0xd4, 0x80, 0x2, 0xa4,
    0x0, 0xf3, 0x9a, 0x80, 0xa, 0x24, 0x3, 0x86,
    0x64, 0x1, 0x9c, 0x1c, 0x3, 0x41, 0x20, 0x7,
    0x4c, 0x10, 0x0, 0xdb, 0x80, 0x3c, 0x88, 0x90,
    0x7, 0x39, 0x0, 0x7d, 0x28, 0x85, 0x18, 0x0,
    0xfc, 0x4d, 0x8b, 0x80, 0x1f, 0xe9, 0x80,

    /* U+5173 "关" */
    0x0, 0xc6, 0x1, 0xe5, 0x0, 0xf1, 0xe1, 0x0,
    0x67, 0xb1, 0x0, 0xe3, 0x8f, 0x10, 0x2, 0x46,
    0x88, 0x6, 0x11, 0x33, 0xa8, 0x95, 0x41, 0x8,
    0x80, 0x5, 0xdd, 0x2d, 0xf6, 0x8c, 0x77, 0x34,
    0x0, 0x5f, 0xfc, 0x73, 0xff, 0xb0, 0x3, 0xff,
    0x8a, 0x45, 0xe0, 0x12, 0x2e, 0x10, 0xcd, 0xde,
    0x38, 0xdd, 0xe8, 0xe, 0xff, 0xdc, 0x7, 0xff,
    0xd2, 0x1, 0xe8, 0x51, 0x50, 0xf, 0xf3, 0xba,
    0xe6, 0x8c, 0x3, 0xe1, 0xa9, 0xc1, 0x49, 0xc7,
    0x0, 0xc3, 0x1c, 0x1e, 0x40, 0x6, 0xba, 0xd7,
    0x10, 0xc3, 0xba, 0x10, 0xc, 0x9b, 0x54, 0x80,
    0xdb, 0x40, 0xf, 0xcf, 0xb2,

    /* U+5177 "具" */
    0x0, 0x6f, 0x77, 0xed, 0x0, 0xc7, 0xbd, 0xde,
    0xd3, 0x0, 0xe6, 0x22, 0xf3, 0x0, 0x7a, 0x7b,
    0xbd, 0x0, 0x1e, 0xfc, 0xcf, 0x70, 0x7, 0xb7,
    0xbb, 0xda, 0x1, 0xed, 0xee, 0xf6, 0x80, 0x7b,
    0x3f, 0xfd, 0x80, 0x1e, 0xcf, 0xff, 0x60, 0x5,
    0x76, 0x1f, 0xbb, 0xf7, 0x8d, 0xda, 0x3e, 0xe3,
    0xff, 0x77, 0xc5, 0xfc, 0x1a, 0x20, 0xa8, 0x91,
    0x5, 0x58, 0xa8, 0x65, 0x3d, 0x9a, 0xc0, 0x7,
    0xc0, 0xfb, 0x4b, 0x1c, 0xa3, 0x0, 0xc5, 0x1d,
    0xa2,

    /* U+5185 "内" */
    0x0, 0xe5, 0x20, 0xf, 0xf4, 0xb8, 0x7, 0xff,
    0x17, 0xbf, 0xf1, 0xd7, 0xfe, 0x70, 0xbd, 0xd8,
    0xe7, 0x76, 0x50, 0x3, 0x11, 0x42, 0xa4, 0x51,
    0x80, 0x70, 0x90, 0x7, 0xf9, 0x87, 0x48, 0x3,
    0xe2, 0x8d, 0x6c, 0x10, 0xe, 0x1f, 0x73, 0x87,
    0xc1, 0x0, 0x9b, 0xde, 0x0, 0x12, 0xd6, 0x1,
    0x3c, 0xd0, 0x6, 0xb8, 0x0, 0x85, 0xc0, 0x3c,
    0x40, 0x1f, 0xe1, 0x12, 0x88, 0x7, 0xd3, 0xdc,
    0x24, 0xc2, 0x0, 0xe9, 0xff, 0x71, 0x0,

    /* U+518D "再" */
    0x24, 0x4f, 0xfe, 0x1, 0x27, 0xff, 0x4c, 0xbf,
    0xf9, 0x1a, 0xef, 0x95, 0x57, 0x7c, 0xc0, 0x3f,
    0xf9, 0xdd, 0xff, 0x88, 0x0, 0x63, 0xff, 0x3b,
    0xbf, 0xe1, 0x0, 0xff, 0xe3, 0xf, 0x74, 0xee,
    0xee, 0x84, 0x3, 0xf, 0x74, 0xee, 0xee, 0x84,
    0x3, 0xff, 0x89, 0xfa, 0x3f, 0xf3, 0xbb, 0xfe,
    0x1d, 0xee, 0x60, 0xf7, 0x7e, 0x1c, 0xf1, 0x10,
    0x8, 0xfe, 0x1, 0x10, 0x7, 0xe1, 0x11, 0x89,
    0x80, 0x7f, 0x67, 0x62, 0x88, 0x0, 0xb0, 0x3,
    0xb7, 0xfd, 0x40, 0x0,

    /* U+5199 "写" */
    0x3c, 0xcf, 0xfe, 0x1, 0xb8, 0xc4, 0x7f, 0x85,
    0x80, 0x53, 0x59, 0x13, 0xe1, 0x5, 0x90, 0x60,
    0xf, 0xd0, 0x82, 0xa2, 0x1b, 0xff, 0xe9, 0x41,
    0x0, 0x10, 0xff, 0xfd, 0x20, 0x19, 0x88, 0x3,
    0xff, 0x80, 0x66, 0xff, 0xfc, 0xe0, 0x13, 0x7f,
    0xfe, 0x51, 0x0, 0x8, 0xff, 0x0, 0x98, 0x5f,
    0x77, 0xf0, 0xb8, 0x2, 0xff, 0xff, 0x84, 0x98,
    0x3, 0xfe, 0x61, 0x20, 0xf, 0xdf, 0xf4, 0x48,
    0x80,

    /* U+51B5 "况" */
    0x35, 0x0, 0x8c, 0xff, 0x0, 0x6, 0xc4, 0x13,
    0x3b, 0xbd, 0x80, 0x2, 0x49, 0x0, 0x1e, 0xef,
    0x80, 0x34, 0x39, 0x0, 0x7f, 0xf0, 0x9, 0xdc,
    0x1, 0xff, 0xc1, 0x85, 0x1, 0x1f, 0x80, 0x38,
    0x84, 0xb, 0xbb, 0xc0, 0x1d, 0x2c, 0x9f, 0x4b,
    0xfc, 0x3f, 0xe0, 0x8, 0x51, 0x80, 0x4, 0x60,
    0x1f, 0x99, 0x4, 0x1, 0xdc, 0x0, 0xe1, 0x0,
    0x56, 0x80, 0x48, 0x80, 0xe, 0xc2, 0x32, 0x60,
    0x3, 0x1, 0x80, 0x71, 0x9a, 0x94, 0x0, 0xb3,
    0xc0, 0x10, 0x8f, 0x64, 0x84, 0xde, 0x18, 0x0,
    0x4f, 0xb8, 0x80, 0xa6, 0x1b, 0xe6, 0x1, 0xb3,
    0xfd, 0x60,

    /* U+51FA "出" */
    0x0, 0xe3, 0x80, 0xe, 0x23, 0x0, 0x9d, 0x0,
    0x24, 0x15, 0xa0, 0xf, 0xd0, 0xa0, 0x1f, 0xfd,
    0x96, 0xee, 0xac, 0xfb, 0xa3, 0x6, 0xdc, 0xca,
    0x4f, 0x32, 0xd4, 0x22, 0xf0, 0x11, 0x46, 0x6c,
    0x20, 0xf, 0xc9, 0xe0, 0x1f, 0xfd, 0x9d, 0xff,
    0xac, 0xff, 0xea, 0xe, 0xef, 0xf4, 0x80,

    /* U+51FD "函" */
    0x0, 0x66, 0x7f, 0x84, 0x2, 0x88, 0xf9, 0xd,
    0x44, 0x0, 0x68, 0x9c, 0xba, 0xb7, 0x26, 0x5,
    0xa0, 0x20, 0x1, 0xf0, 0xd4, 0x1d, 0x20, 0x1,
    0x7a, 0x1, 0x84, 0x85, 0x40, 0x6, 0x2a, 0xa2,
    0x0, 0x52, 0xd2, 0x1, 0xc9, 0x5c, 0x20, 0x65,
    0x80, 0x1f, 0x26, 0x60, 0x16, 0x80, 0x3e, 0x1b,
    0xb5, 0x0, 0x30, 0xc0, 0x39, 0x7c, 0xf5, 0xc1,
    0xa7, 0x54, 0x3, 0xd, 0x49, 0xa9, 0x82, 0x69,
    0x0, 0x64, 0x42, 0xfd, 0xc0, 0x0, 0xdc, 0x3,
    0x8, 0x97, 0x74, 0x82, 0x38, 0x2, 0x1e, 0xef,
    0xf0, 0x80,

    /* U+5206 "分" */
    0x0, 0xf0, 0x80, 0x1c, 0x3, 0xfe, 0x8a, 0x0,
    0x52, 0x80, 0x7f, 0xb, 0xc0, 0x2, 0x20, 0x1,
    0xfd, 0x4c, 0x60, 0x5, 0x18, 0x0, 0xfa, 0x1a,
    0x40, 0x37, 0x3a, 0x80, 0x74, 0x37, 0x80, 0x71,
    0x5d, 0x30, 0x5, 0x4b, 0xa6, 0x23, 0xe5, 0xb8,
    0xb0, 0x6, 0x7e, 0x77, 0x7e, 0x7f, 0xd0, 0x3,
    0x17, 0xf9, 0x67, 0xff, 0x0, 0x89, 0x80, 0x3c,
    0xc4, 0x1, 0xc6, 0x1, 0xf8, 0xd8, 0x2, 0x20,
    0x10, 0xf, 0x94, 0x48, 0x2, 0x11, 0x0, 0x7c,
    0x37, 0x0, 0x19, 0xcc, 0x3, 0xc7, 0xee, 0xc0,
    0x10, 0xfb, 0x80, 0x73, 0xe3, 0x48, 0x3, 0xfd,
    0xcf, 0x0, 0x1c, 0xb9, 0x0, 0x17, 0xfd, 0x84,
    0x1, 0x80,

    /* U+5217 "列" */
    0x0, 0xff, 0xe0, 0x88, 0x1, 0x5d, 0xfe, 0x0,
    0xde, 0x20, 0x24, 0x30, 0x24, 0x5b, 0x80, 0x39,
    0x14, 0xcc, 0xca, 0xb0, 0x8, 0x7, 0xde, 0xa6,
    0x70, 0x7, 0xf0, 0xaa, 0x77, 0x30, 0xc0, 0x3f,
    0x4a, 0xee, 0xb0, 0x8, 0x3, 0xe1, 0x72, 0x0,
    0x39, 0x88, 0x7, 0xd6, 0x8b, 0x21, 0x56, 0x1,
    0xf0, 0xbd, 0xe2, 0xe1, 0xb0, 0x7, 0xc3, 0x80,
    0x38, 0x4e, 0x20, 0x1f, 0x84, 0x1, 0x1, 0x20,
    0x2, 0xa0, 0xf, 0x99, 0xf4, 0x40, 0x25, 0x0,
    0xf3, 0xcd, 0x98, 0x6, 0x11, 0x20, 0x88, 0x1a,
    0x71, 0x0, 0x30, 0xf7, 0x2d, 0x80, 0xd, 0x86,
    0x1, 0xc3, 0xff, 0x48, 0x0,

    /* U+5219 "则" */
    0x0, 0x44, 0x78, 0x3, 0xbc, 0x0, 0x2d, 0xdd,
    0x9c, 0x43, 0x84, 0x0, 0x20, 0x13, 0x38, 0x30,
    0x80, 0x4, 0x3, 0xf1, 0x58, 0x7, 0xff, 0x80,
    0x40, 0x3f, 0xf8, 0x2e, 0x1, 0xff, 0xc2, 0x17,
    0x0, 0xff, 0x88, 0x30, 0x0, 0xa0, 0x1f, 0x87,
    0x5, 0xc2, 0x6c, 0x42, 0xc4, 0x3, 0xd6, 0xf6,
    0xb0, 0x0, 0x40, 0xe, 0x1b, 0x19, 0xd, 0x66,
    0x0, 0x46, 0x2, 0x18, 0x56, 0x0, 0x1d, 0x20,
    0xbf, 0xc7, 0x0, 0x64, 0x80, 0x63, 0x40, 0xbf,
    0xf4, 0x0,

    /* U+521B "创" */
    0x0, 0xc2, 0x60, 0x1f, 0x28, 0x6, 0xac, 0x60,
    0x8, 0x40, 0x14, 0x1, 0x33, 0xed, 0xa8, 0x3,
    0x80, 0x39, 0x23, 0x8b, 0xec, 0xc0, 0x3c, 0x75,
    0x42, 0x2, 0xad, 0x0, 0xe2, 0xd9, 0x4, 0x49,
    0xf0, 0x3, 0x8b, 0x6a, 0x3f, 0xed, 0x20, 0xf,
    0x18, 0x7d, 0xdc, 0x1, 0xff, 0xc1, 0x10, 0xf,
    0xf8, 0x44, 0x84, 0x1, 0xfe, 0x9c, 0x98, 0x0,
    0xff, 0x46, 0xe2, 0x70, 0x70, 0x7, 0x8, 0x7,
    0xc2, 0x1, 0xcf, 0x66, 0x73, 0x10, 0x11, 0x18,
    0x2, 0x93, 0xfe, 0xfd, 0x80, 0xcd, 0x96,

    /* U+521D "初" */
    0x0, 0x15, 0x80, 0x7f, 0xf0, 0x49, 0xd4, 0x5,
    0x9b, 0xe2, 0x0, 0xa0, 0x80, 0xf3, 0x13, 0x99,
    0x43, 0x84, 0x6c, 0xd6, 0x15, 0x58, 0x55, 0x44,
    0x0, 0x9f, 0xf2, 0x38, 0x7, 0xc2, 0x20, 0x12,
    0x37, 0x90, 0x1, 0x88, 0x7, 0xea, 0x62, 0xa1,
    0x11, 0x80, 0x46, 0xe0, 0x7, 0x4b, 0x80, 0x17,
    0x10, 0xc, 0x20, 0xb2, 0x3c, 0xb4, 0x2, 0xc0,
    0x10, 0x80, 0x2f, 0x4d, 0xc, 0xc1, 0x9a, 0x1,
    0x8c, 0x30, 0xc2, 0xa9, 0x20, 0x88, 0x0, 0xf1,
    0x0, 0x49, 0x48, 0x26, 0x1, 0x84, 0x3, 0xe9,
    0xf0, 0x8, 0x40, 0x3f, 0x4a, 0x98, 0x8, 0xa4,
    0x80, 0x3c, 0xc5, 0x0, 0x9d, 0xc6, 0x80, 0xd,
    0xa6, 0xd6, 0x0, 0x4f, 0xf7, 0x28, 0x0,

    /* U+5224 "判" */
    0x0, 0x89, 0x0, 0x3e, 0x50, 0x22, 0x3, 0xf8,
    0x1, 0x40, 0x35, 0x93, 0xf0, 0x6, 0x7c, 0xf,
    0x10, 0x9, 0x41, 0x0, 0x3, 0x30, 0x1, 0xf4,
    0x78, 0x2, 0x64, 0x20, 0x1f, 0x25, 0x0, 0x25,
    0x80, 0x3e, 0x7f, 0xea, 0x4e, 0xe6, 0x0, 0x79,
    0xff, 0xd4, 0x9f, 0xec, 0x0, 0xff, 0x8, 0x7,
    0xf6, 0x6e, 0xad, 0x77, 0x61, 0x0, 0xef, 0xee,
    0x23, 0x77, 0x42, 0x1, 0xc6, 0x73, 0xe9, 0x9c,
    0x10, 0x20, 0x1c, 0xa6, 0x80, 0x19, 0xc0, 0x38,
    0xae, 0xc0, 0x1c, 0x44, 0x41, 0x31, 0xc9, 0x50,
    0xe, 0xcd, 0xb5, 0x11, 0x53, 0x80, 0x7b, 0xbf,
    0xd4, 0x0,

    /* U+522B "别" */
    0x0, 0xff, 0xe2, 0xc4, 0x78, 0x3, 0xb8, 0x40,
    0x5f, 0x32, 0xd6, 0x0, 0x70, 0x80, 0x79, 0x13,
    0x0, 0x7f, 0xf3, 0xb7, 0x6c, 0x0, 0xfe, 0x1d,
    0x54, 0xff, 0x60, 0x7, 0xf1, 0x7f, 0x11, 0x40,
    0x1f, 0xb7, 0xa2, 0x7b, 0xa2, 0x0, 0xfb, 0xf1,
    0x67, 0x30, 0x1, 0xfc, 0x44, 0x13, 0x22, 0x1,
    0x80, 0x7f, 0x22, 0x80, 0x76, 0x8, 0x7, 0x3a,
    0x8, 0x0, 0x44, 0x4, 0x1, 0xc7, 0x10, 0x23,
    0x72, 0x0, 0x8, 0x8c, 0x44, 0x1b, 0x7, 0x5f,
    0x9c, 0x0, 0xfe, 0xc6, 0x0, 0x7b, 0x84, 0x65,
    0x98, 0x3, 0xbf, 0xd2, 0x0,

    /* U+5230 "到" */
    0x0, 0xff, 0xe0, 0x88, 0x1, 0x59, 0xbe, 0x0,
    0xde, 0x41, 0xb9, 0xb3, 0x99, 0x83, 0x84, 0x3,
    0x45, 0x4, 0x54, 0xd5, 0x0, 0x3f, 0x33, 0xb8,
    0x25, 0xc0, 0x3f, 0x1c, 0x79, 0x1e, 0x41, 0x0,
    0x7d, 0x43, 0xb9, 0xba, 0x4e, 0x0, 0xfa, 0x7f,
    0xa5, 0xee, 0xd4, 0x1, 0xff, 0xc2, 0x60, 0xf,
    0xab, 0xfd, 0xd, 0xfe, 0xc0, 0xf, 0xab, 0xfd,
    0xd, 0xfe, 0xc0, 0xf, 0xfe, 0x23, 0x8, 0x7,
    0xe2, 0x56, 0x80, 0x80, 0xe, 0xde, 0xf8, 0x59,
    0xc0, 0xc, 0x62, 0x61, 0x15, 0xbf, 0xd9, 0x50,
    0x1b, 0xf8, 0xa2,

    /* U+5236 "制" */
    0x0, 0xe9, 0x0, 0xf9, 0x80, 0x29, 0x61, 0x60,
    0xf, 0xa0, 0x40, 0xe, 0x6a, 0x6, 0x70, 0x43,
    0x0, 0x63, 0x19, 0x80, 0xff, 0x88, 0x40, 0x3a,
    0x63, 0x34, 0x33, 0x22, 0x0, 0xf7, 0x21, 0x10,
    0x8, 0xa1, 0x0, 0xf4, 0xf7, 0xf0, 0x7f, 0xcc,
    0x1, 0xed, 0xdb, 0x3, 0x76, 0x70, 0xf, 0x95,
    0x4e, 0xa, 0xb0, 0x7, 0xc5, 0x5f, 0xa1, 0xfe,
    0xa0, 0xf, 0xc5, 0x54, 0xa, 0xa0, 0x7, 0xff,
    0x17, 0x14, 0x3, 0xfc, 0x40, 0x5, 0x30, 0xf,
    0xe6, 0xc6, 0x0, 0x88, 0x44, 0x5, 0x80, 0x13,
    0x74, 0x85, 0x7e, 0xa8, 0x0,

    /* U+524D "前" */
    0x0, 0xd0, 0x40, 0x18, 0xe0, 0x3, 0xef, 0xf0,
    0x4, 0x3d, 0xa0, 0x1b, 0x32, 0xb2, 0xdc, 0xc8,
    0xa7, 0x31, 0x61, 0xff, 0xb3, 0xbf, 0xdd, 0x9f,
    0xf4, 0x1, 0x9f, 0xfc, 0xe, 0x60, 0xe, 0xff,
    0xd4, 0xc, 0xc0, 0x4d, 0x0, 0xdb, 0xfe, 0xa0,
    0x0, 0x88, 0x3, 0xe4, 0x4b, 0x40, 0x3f, 0xed,
    0xee, 0x20, 0x7, 0xfd, 0x35, 0x49, 0x0, 0xff,
    0xa2, 0x65, 0xc0, 0x1f, 0xf6, 0xe6, 0x8, 0x3,
    0xfe, 0x55, 0xb0, 0x0, 0xee, 0x0, 0xff, 0x10,
    0x7, 0x70, 0x7, 0x9b, 0xe3, 0xc1, 0x3f, 0xcf,
    0xa0, 0x17, 0x93, 0x7f, 0x94, 0x13, 0xfd, 0xc8,
    0x0,

    /* U+529E "办" */
    0x0, 0xe1, 0xc0, 0xf, 0xfe, 0x19, 0x80, 0x7f,
    0xf0, 0x8c, 0x40, 0x3f, 0xcd, 0xbb, 0x78, 0xee,
    0xf1, 0x80, 0x64, 0x99, 0xa8, 0x66, 0x71, 0x0,
    0x71, 0x22, 0x44, 0x44, 0x4c, 0x2, 0x1, 0xcd,
    0x20, 0x6e, 0x1, 0xd6, 0x20, 0x1b, 0x7c, 0x38,
    0x80, 0x38, 0xa0, 0x2, 0x14, 0x70, 0x3f, 0x0,
    0x84, 0x21, 0x84, 0x1, 0x28, 0x22, 0x44, 0x0,
    0x46, 0x6, 0x92, 0x0, 0x6f, 0x7, 0x22, 0x0,
    0x42, 0x20, 0x86, 0x0, 0x62, 0xc, 0x58, 0x6,
    0x70, 0x1, 0xf8, 0x0, 0x82, 0x89, 0x80, 0x30,
    0x98, 0x0, 0x40, 0x2a, 0x6d, 0x0, 0x8, 0x8b,
    0x9c, 0x3, 0xa9, 0xf0, 0x40, 0xfb, 0x9a, 0xd2,
    0x1, 0xd3, 0x82, 0x0, 0x3f, 0xfb, 0x4c, 0x3,
    0x0,

    /* U+529F "功" */
    0x0, 0xfc, 0x2e, 0x1, 0xff, 0xc1, 0x39, 0x0,
    0xf4, 0x4c, 0xe3, 0x1, 0x0, 0xfb, 0xb8, 0xe1,
    0xc0, 0x4c, 0x4, 0x58, 0x0, 0xce, 0x5a, 0xed,
    0xb4, 0x3b, 0xb8, 0x40, 0x3c, 0xbf, 0x67, 0xff,
    0x0, 0x7f, 0x84, 0x3, 0x84, 0x3, 0xf1, 0xb8,
    0x7, 0xff, 0x7, 0x88, 0x0, 0x20, 0x1f, 0xe2,
    0xe0, 0x1, 0x80, 0x78, 0x99, 0x41, 0x10, 0x1,
    0x8, 0x1, 0xa8, 0xe6, 0x8d, 0x8c, 0xc0, 0x1,
    0x0, 0xa8, 0xaf, 0xf1, 0xe2, 0x0, 0x13, 0x98,
    0x3, 0x21, 0x0, 0x71, 0xd4, 0x4, 0x5c, 0xc0,
    0x1c, 0x38, 0xd2, 0xf, 0xdc, 0x78, 0x0, 0xe1,
    0xbb, 0x0, 0x1f, 0xfd, 0xa6, 0x0,

    /* U+52A0 "加" */
    0x0, 0xa8, 0x80, 0x3f, 0xf8, 0x2e, 0x20, 0x1f,
    0xfc, 0x7a, 0xbb, 0xc2, 0x1d, 0xc2, 0xde, 0xe2,
    0x82, 0x6f, 0x71, 0x0, 0x1b, 0xa1, 0xbd, 0x20,
    0x9, 0xd5, 0x42, 0x0, 0x33, 0x2, 0x1b, 0x80,
    0x7f, 0xc2, 0x20, 0xf, 0xfe, 0x23, 0x88, 0x7,
    0xf1, 0x8, 0x7, 0xff, 0x5, 0xd4, 0x2, 0x70,
    0xf, 0xed, 0x30, 0x0, 0x80, 0x7f, 0x97, 0x0,
    0x3f, 0xf8, 0x8, 0x68, 0x0, 0x31, 0x0, 0x66,
    0xe8, 0x40, 0x11, 0x20, 0x48, 0x26, 0x0, 0x9e,
    0xe0, 0x0, 0xc9, 0xcb, 0x6d, 0x44, 0x0, 0xa6,
    0x61, 0x3, 0xf0, 0x2f, 0xf5, 0x0, 0x38, 0x40,
    0x1c, 0x20,

    /* U+52A8 "动" */
    0x0, 0xfe, 0x40, 0xf, 0xfe, 0x1, 0x50, 0x6,
    0x4f, 0xfe, 0x30, 0x1, 0x80, 0x64, 0xff, 0xe3,
    0x33, 0x99, 0xe1, 0x0, 0xf1, 0x6d, 0x8e, 0xeb,
    0x1c, 0x3, 0xc5, 0xda, 0x7d, 0xc5, 0x3e, 0xff,
    0xeb, 0x7, 0x70, 0x0, 0x43, 0xbd, 0x63, 0xfd,
    0x60, 0x20, 0x18, 0x40, 0xa, 0xb0, 0x4, 0x64,
    0x0, 0x70, 0x2, 0x99, 0x4a, 0x80, 0x3b, 0x80,
    0x13, 0x87, 0x50, 0x57, 0x0, 0x10, 0x80, 0x2,
    0x4, 0xac, 0xc, 0x82, 0x23, 0x40, 0x8, 0x6c,
    0xeb, 0x34, 0x19, 0x88, 0x20, 0x3, 0x36, 0x2e,
    0x47, 0xd7, 0xc4, 0x0, 0x50, 0x44, 0xb0, 0xc8,
    0x4a, 0x8c, 0x75, 0xd6, 0xe0, 0x1f, 0x54, 0x85,
    0x7f, 0xa0, 0x0,

    /* U+52A9 "助" */
    0x0, 0xff, 0x38, 0x7, 0x8d, 0x13, 0x0, 0x6,
    0x0, 0x3d, 0x91, 0x15, 0x88, 0x18, 0x80, 0x7d,
    0xb9, 0x81, 0x4, 0x40, 0x22, 0x42, 0x1, 0xfb,
    0xb4, 0x7b, 0x94, 0xa0, 0x17, 0x7f, 0x84, 0x2a,
    0x4a, 0xa8, 0x4e, 0x1, 0x77, 0xf8, 0x40, 0x2,
    0x1, 0x8, 0x7, 0xf9, 0xc4, 0x2, 0x10, 0xb,
    0x37, 0x42, 0x0, 0x17, 0x0, 0x18, 0x6, 0xef,
    0xf0, 0x80, 0x8, 0x80, 0x11, 0x80, 0x44, 0x50,
    0x5, 0xbe, 0x0, 0x10, 0xf, 0xc4, 0x8, 0xe0,
    0x10, 0x81, 0x84, 0x5e, 0x8e, 0x42, 0x88, 0x7,
    0x60, 0x91, 0x2e, 0xe7, 0x80, 0x2, 0x88, 0x3,
    0xfa, 0xe5, 0x92, 0x5c, 0xe3, 0xea, 0x0, 0x3f,
    0x44, 0x2, 0x3f, 0xcc, 0x0,

    /* U+5316 "化" */
    0x0, 0xce, 0xe0, 0x7, 0x10, 0x7, 0xf5, 0x18,
    0x0, 0x40, 0x3f, 0x90, 0xd0, 0x3, 0xe8, 0x30,
    0xa, 0x24, 0x3, 0xe8, 0x61, 0x0, 0x29, 0xa0,
    0x7, 0xa1, 0xb0, 0x80, 0x10, 0x1, 0xf5, 0x36,
    0x10, 0x2, 0x58, 0x40, 0x3b, 0xdb, 0xc8, 0x0,
    0x4f, 0x40, 0x19, 0x1, 0xf0, 0x40, 0x22, 0xa1,
    0x0, 0xa6, 0xc2, 0x0, 0x3c, 0x80, 0x16, 0xae,
    0x80, 0x71, 0x40, 0x7, 0x76, 0x10, 0x7, 0xa,
    0x80, 0x71, 0x80, 0x7c, 0xe2, 0x1, 0xfc, 0x82,
    0x36, 0x38, 0x7, 0xe8, 0x9e, 0xe9, 0x7c,

    /* U+533A "区" */
    0xbc, 0xcf, 0xf9, 0x55, 0x73, 0x3f, 0xe7, 0x4,
    0x6c, 0x55, 0xe2, 0xc5, 0x20, 0x1, 0x25, 0x0,
    0x47, 0x14, 0x1, 0x87, 0x1e, 0x80, 0xb6, 0x4c,
    0x3, 0x87, 0x1e, 0xfd, 0xd8, 0x3, 0xe1, 0xf4,
    0x39, 0x0, 0xfc, 0x3c, 0x87, 0x40, 0x1f, 0xe,
    0x3d, 0xe3, 0xd0, 0x7, 0x1f, 0xb5, 0x80, 0xe2,
    0x48, 0x6, 0xf7, 0xb0, 0x8, 0x71, 0xd4, 0x2,
    0xd9, 0x0, 0xe2, 0xf5, 0x0, 0x67, 0x7f, 0xfd,
    0xdf, 0x5f, 0xdd, 0xff, 0x58,

    /* U+5347 "升" */
    0x0, 0xfe, 0x35, 0x0, 0xf1, 0x2c, 0x67, 0x8a,
    0xc8, 0x4, 0xbb, 0xfb, 0x43, 0x5a, 0x20, 0x1c,
    0xf3, 0xb6, 0x32, 0xc4, 0x1, 0xe2, 0x42, 0x0,
    0xff, 0xe6, 0x9a, 0x20, 0xc1, 0x13, 0x70, 0xa2,
    0xe, 0x26, 0x61, 0x99, 0xcc, 0x53, 0x2f, 0xbd,
    0xd5, 0x96, 0xee, 0x83, 0xdd, 0x60, 0x4, 0x6c,
    0x1, 0xff, 0xc0, 0xf2, 0x0, 0xff, 0x85, 0xf4,
    0x3, 0xfe, 0xb5, 0x40, 0xf, 0xf5, 0x3d, 0x0,
    0x7f, 0x99, 0xf0, 0x40, 0x3f, 0xcd, 0xa2, 0x1,
    0xe6, 0xc0, 0x8,

    /* U+5348 "午" */
    0x0, 0x8c, 0xc0, 0x1f, 0xfc, 0x8, 0xa0, 0xf,
    0xf8, 0x93, 0x8, 0xbf, 0x0, 0x50, 0x15, 0xbb,
    0xf8, 0x0, 0x6b, 0x9f, 0xeb, 0x2f, 0xfe, 0x0,
    0x73, 0x18, 0x7, 0xf8, 0x5a, 0x40, 0x3f, 0xe1,
    0xb0, 0xf, 0xfe, 0x7, 0x7f, 0xf5, 0x97, 0xff,
    0xdd, 0xdd, 0x45, 0xdd, 0xe1, 0x1f, 0x80, 0x47,
    0xc0, 0x1f, 0xfe, 0xc0,

    /* U+5355 "单" */
    0x0, 0x90, 0x40, 0x30, 0xa0, 0x7, 0xb3, 0x40,
    0x35, 0x68, 0x7, 0xc, 0x83, 0x88, 0xa1, 0xac,
    0x40, 0x26, 0xec, 0x1a, 0xff, 0x28, 0x7f, 0x30,
    0x4, 0xbb, 0xb3, 0x33, 0x76, 0x50, 0xc, 0x26,
    0x71, 0x10, 0xce, 0x10, 0xc, 0xb1, 0x13, 0xa4,
    0x44, 0xa0, 0x19, 0x2e, 0xe5, 0x6b, 0xb9, 0x0,
    0x32, 0x66, 0x4c, 0xcc, 0xc9, 0x0, 0x27, 0xce,
    0xe9, 0xdd, 0xdd, 0x63, 0x80, 0x4, 0x8b, 0x8,
    0x88, 0xb0, 0x87, 0x7f, 0xf3, 0xbb, 0xff, 0xbb,
    0xbe, 0x77, 0x77, 0x78, 0x4, 0x78, 0x0, 0x23,
    0xc0, 0x1f, 0xfc, 0x30,

    /* U+5373 "即" */
    0x7, 0x7e, 0x50, 0x33, 0xe0, 0x18, 0xff, 0xb6,
    0x43, 0x77, 0x61, 0x0, 0xc4, 0x52, 0x1, 0x7f,
    0x70, 0x40, 0x3, 0x99, 0x78, 0x7, 0xfb, 0xfe,
    0xa0, 0xf, 0xe1, 0x33, 0x94, 0x3, 0xf8, 0x51,
    0x25, 0x0, 0xff, 0x7f, 0xda, 0x80, 0x1f, 0x86,
    0xed, 0xb3, 0x0, 0x1f, 0xf2, 0xf0, 0x7, 0x84,
    0xc0, 0x23, 0x93, 0x60, 0x2, 0x6f, 0x8, 0x8c,
    0x73, 0x75, 0xd6, 0x20, 0xf3, 0x5e, 0x8, 0x55,
    0xce, 0x32, 0x0, 0x34, 0x40, 0x83, 0x6b, 0x0,
    0x48, 0x20, 0x1e,

    /* U+539F "原" */
    0x3, 0xee, 0xff, 0xe0, 0x10, 0x39, 0xe6, 0x69,
    0x4c, 0xce, 0x20, 0x8, 0x8b, 0x6f, 0x11, 0x70,
    0x7, 0x1f, 0xf2, 0x57, 0x75, 0xe0, 0x1f, 0x1f,
    0x77, 0x80, 0x38, 0x40, 0x7, 0x99, 0xe0, 0xf,
    0xc5, 0xbb, 0xe0, 0xf, 0xc2, 0x3f, 0x0, 0x61,
    0x70, 0x1, 0x77, 0x3f, 0xba, 0x10, 0x8, 0x88,
    0x7, 0xdd, 0x16, 0xf7, 0xf0, 0x5, 0x9c, 0x0,
    0xb7, 0x0, 0x93, 0x8, 0x2, 0x54, 0xa, 0x7,
    0x0, 0x92, 0xf0, 0x81, 0x40, 0xb0, 0x6c, 0x0,
    0x60, 0x6, 0x8c, 0x1f, 0x61, 0xbb, 0x7, 0xf8,
    0x8c, 0x0, 0xd4, 0x35, 0x20, 0xe0, 0xf, 0xf6,
    0x0, 0x64, 0x0,

    /* U+53CA "及" */
    0xc, 0xcf, 0xf2, 0x80, 0x68, 0x82, 0x4, 0x46,
    0x93, 0x10, 0xc, 0x88, 0xe7, 0x44, 0xda, 0x68,
    0x1, 0xe1, 0x40, 0x8, 0x5f, 0xc0, 0x3e, 0xf0,
    0x40, 0x4, 0x13, 0xa1, 0x80, 0x71, 0x13, 0xc0,
    0x21, 0x8a, 0x80, 0xe, 0x68, 0x43, 0x9, 0xcc,
    0x7, 0x0, 0x71, 0xbc, 0x70, 0x4, 0xe4, 0xa0,
    0x19, 0x4, 0x9c, 0x60, 0xe, 0x3c, 0x3, 0xb5,
    0xc0, 0x1c, 0xd1, 0xb4, 0x60, 0x18, 0x5a, 0x80,
    0x5, 0xe, 0x4a, 0x1, 0xd0, 0x86, 0x0, 0x89,
    0x80, 0xd3, 0x0, 0x91, 0xa4, 0x1b, 0x93, 0x5f,
    0x2b, 0x2c, 0xc3, 0xa4, 0xb6, 0xed, 0x84, 0x0,
    0x7e, 0x2d, 0xa, 0x60, 0xfd, 0x50, 0xe, 0x19,
    0xe0,

    /* U+53D1 "发" */
    0x0, 0xf1, 0x8, 0x0, 0x40, 0x3c, 0xf2, 0x0,
    0x96, 0x0, 0x7d, 0x8, 0x6, 0xce, 0x0, 0x31,
    0x80, 0x3c, 0xfc, 0x3, 0x21, 0x88, 0x89, 0xc4,
    0x41, 0x18, 0x20, 0x1, 0xb, 0xee, 0x6, 0x77,
    0x6d, 0xed, 0x1, 0xff, 0xa1, 0x3f, 0xfe, 0xd0,
    0xe, 0xbc, 0x11, 0xf0, 0x7, 0x84, 0xe3, 0xbb,
    0xc4, 0x1, 0xd2, 0x43, 0xdf, 0xf4, 0x91, 0x0,
    0x30, 0xbf, 0x24, 0x0, 0x6, 0x24, 0x3, 0xad,
    0x4e, 0xdd, 0xc3, 0x8c, 0x80, 0x19, 0x55, 0x60,
    0x39, 0x1e, 0x90, 0x1, 0x8e, 0xa8, 0x20, 0x50,
    0x6, 0x8a, 0x1, 0xb9, 0xd5, 0x57, 0xa7, 0xdb,
    0x57, 0xae, 0x41, 0x31, 0x37, 0x9d, 0x22, 0xf,
    0xd7, 0x6e, 0x4, 0x9, 0xe7, 0x10, 0xe, 0x6c,
    0xc0,

    /* U+53D6 "取" */
    0x9, 0xcc, 0xf0, 0x7, 0xf5, 0xd, 0x44, 0xa,
    0x9b, 0xff, 0x94, 0x0, 0x60, 0xa8, 0x83, 0x42,
    0x3e, 0xe8, 0x84, 0x3, 0x38, 0x88, 0x0, 0xc4,
    0x23, 0x12, 0x80, 0x6a, 0xff, 0x10, 0x10, 0x88,
    0x8, 0x44, 0x1, 0xb7, 0xb8, 0x40, 0x4, 0x40,
    0x22, 0x0, 0x3f, 0xec, 0xf0, 0xcc, 0x0, 0x76,
    0x7f, 0x88, 0x0, 0xca, 0x48, 0xe0, 0x1d, 0x9f,
    0xe2, 0x0, 0xa, 0xfb, 0x88, 0x7, 0xf0, 0x88,
    0x38, 0xa8, 0x3, 0xd7, 0x16, 0x58, 0xc1, 0x27,
    0xc0, 0x1b, 0xc0, 0x83, 0x87, 0x5b, 0x1f, 0x1a,
    0xc0, 0x2f, 0xda, 0x85, 0x36, 0xc6, 0xa0, 0xb7,
    0xc0, 0xf, 0xe5, 0xa0, 0xb, 0x2c, 0x0,

    /* U+53D8 "变" */
    0x0, 0xf3, 0x30, 0x3, 0xff, 0x85, 0x60, 0x1f,
    0x47, 0x77, 0x41, 0x77, 0x76, 0x4, 0xe6, 0x61,
    0xcd, 0x49, 0xcc, 0xb4, 0x4, 0x82, 0xc, 0x8,
    0x80, 0x28, 0xa4, 0x20, 0x2, 0xcf, 0x0, 0xf3,
    0xdd, 0x0, 0x17, 0x2d, 0x40, 0x3c, 0x38, 0x18,
    0x5, 0x8a, 0x3, 0x80, 0x8, 0x70, 0x5, 0x48,
    0x39, 0x3f, 0xfb, 0x3f, 0xdb, 0xdf, 0x40, 0xa0,
    0x12, 0x8d, 0xff, 0xec, 0x1e, 0x0, 0xe2, 0xaa,
    0x20, 0x0, 0xb6, 0x10, 0x3, 0xc9, 0xb3, 0x27,
    0xcb, 0x60, 0xf, 0xc2, 0xad, 0xa, 0x20, 0x1c,
    0x2b, 0x3b, 0x83, 0x9d, 0x93, 0xf7, 0xa, 0x17,
    0x23, 0xdc, 0x93, 0x17, 0xdd, 0x8a, 0x40,

    /* U+53E0 "叠" */
    0x0, 0x3e, 0x5d, 0xfb, 0x3f, 0xc4, 0x1, 0x3a,
    0x91, 0xf, 0x70, 0x56, 0xfc, 0x80, 0x28, 0x33,
    0x80, 0xc8, 0x87, 0xd2, 0x60, 0x4, 0x40, 0x4,
    0x5a, 0x44, 0x0, 0x14, 0x10, 0x22, 0x9f, 0x68,
    0xd8, 0x9f, 0xf0, 0xe1, 0x1, 0x7a, 0xf6, 0x10,
    0x19, 0xbb, 0x83, 0xe4, 0xb, 0xd1, 0xdf, 0x8a,
    0x5f, 0xee, 0xff, 0x20, 0x79, 0x9e, 0x21, 0x2,
    0x33, 0xac, 0x2, 0xce, 0xcc, 0xfd, 0xea, 0x0,
    0x87, 0x5e, 0x99, 0xf6, 0x9c, 0xb0, 0x6, 0xfa,
    0xaf, 0x60, 0x7, 0xc2, 0x3f, 0x80, 0x3e, 0x89,
    0x9f, 0x78, 0x6, 0xcc, 0x1f, 0x66, 0x7a, 0x57,
    0x2c,

    /* U+53E3 "口" */
    0xcf, 0xff, 0xf1, 0x8c, 0x66, 0x7e, 0x0, 0x88,
    0xcf, 0xf0, 0x80, 0x7f, 0xff, 0xc0, 0x3f, 0xea,
    0xff, 0xfc, 0x20, 0x8, 0xcc, 0xfc, 0x1, 0x11,
    0x9f, 0xe1, 0xc, 0x50, 0xf, 0xdc, 0x60,

    /* U+53EF "可" */
    0x4, 0x4f, 0xfe, 0x10, 0x2, 0x67, 0xfe, 0xb9,
    0x90, 0x3, 0x77, 0xfd, 0xe1, 0xba, 0x0, 0xff,
    0xe3, 0xaf, 0xff, 0x80, 0x3f, 0xc9, 0xdd, 0x80,
    0x3f, 0xf8, 0x2, 0x38, 0x3, 0xff, 0xbe, 0x9d,
    0xd8, 0x3, 0xfc, 0xbb, 0x99, 0xb4, 0x3, 0xfc,
    0x45, 0xe0, 0xf, 0xfe, 0x18, 0x8c, 0xa0, 0x1f,
    0xfc, 0x9, 0xee, 0x4c, 0x0, 0x40,

    /* U+53F3 "右" */
    0x0, 0xf8, 0xc8, 0x3, 0xff, 0x83, 0xae, 0x1,
    0xf0, 0x91, 0x65, 0x16, 0x22, 0xf0, 0x56, 0xee,
    0xa0, 0xcd, 0xde, 0xc0, 0xbf, 0xfb, 0x43, 0x7f,
    0xfd, 0xc0, 0x1d, 0x2e, 0x40, 0x1f, 0xf2, 0xbc,
    0x0, 0x7f, 0xc5, 0x47, 0xff, 0xf3, 0x80, 0x45,
    0x81, 0x39, 0x9e, 0x4f, 0x0, 0x1e, 0x40, 0xa9,
    0x9f, 0x88, 0x2, 0xd8, 0x60, 0xf, 0xfe, 0x7,
    0xb0, 0x7, 0xff, 0x4, 0x40, 0x27, 0x11, 0xf1,
    0x80, 0x7d, 0x7d, 0xde, 0x50, 0xf, 0xb3, 0xff,
    0xcc, 0x0,

    /* U+53F7 "号" */
    0x0, 0xbb, 0xff, 0xf7, 0x0, 0x78, 0x77, 0xff,
    0xda, 0x20, 0x1f, 0xfc, 0xbe, 0xbb, 0xf7, 0x0,
    0x7d, 0x9f, 0x11, 0xef, 0xc0, 0xf, 0x19, 0xff,
    0x80, 0x37, 0xff, 0xff, 0x8, 0x43, 0xfd, 0x63,
    0xff, 0xfe, 0x10, 0x8, 0xc8, 0x47, 0xf0, 0x7,
    0xb8, 0x73, 0x3d, 0xf4, 0x1, 0xe9, 0xdd, 0xf9,
    0xc4, 0x3, 0xff, 0x84, 0x66, 0x0, 0xfe, 0x11,
    0xc6, 0x9e, 0x1, 0xfd, 0x9d, 0xd6, 0x2b, 0x0,
    0x40,

    /* U+5408 "合" */
    0x0, 0xf8, 0x88, 0x1, 0xff, 0xc1, 0x2c, 0xc0,
    0x80, 0x7f, 0xc3, 0xec, 0xcd, 0x10, 0xf, 0xe1,
    0xc7, 0x88, 0x36, 0x8, 0x7, 0xc7, 0xe9, 0x40,
    0xa, 0x4f, 0x40, 0xe, 0x8c, 0x4d, 0x44, 0xda,
    0x97, 0x22, 0x0, 0xc4, 0xc1, 0x88, 0xf0, 0xf1,
    0xe0, 0x3, 0xf0, 0xef, 0x33, 0xd6, 0x35, 0x80,
    0x3, 0x2, 0x2f, 0xf0, 0x8, 0x6, 0xdf, 0xff,
    0xb3, 0x40, 0x3e, 0xcd, 0xdf, 0x60, 0x7, 0xff,
    0x73, 0xbf, 0xfd, 0xa0, 0x1f, 0xb7, 0xff, 0xda,
    0x1, 0xf7, 0x90, 0x7, 0x8b, 0xc0, 0x20,

    /* U+540C "同" */
    0x2d, 0xdf, 0xfe, 0x0, 0x81, 0xf7, 0x7f, 0x88,
    0x2, 0x33, 0xff, 0x0, 0x76, 0xef, 0xd8, 0x1,
    0xef, 0xff, 0xb4, 0x3, 0xc4, 0x5f, 0x8, 0x7,
    0xdf, 0xfd, 0xc0, 0x1f, 0xdf, 0xf7, 0x0, 0x7f,
    0xf6, 0xbf, 0xee, 0x0, 0xfe, 0xff, 0xee, 0x0,
    0xff, 0xe1, 0xa0, 0x8, 0x7, 0xf6, 0xfd, 0xa8,
    0x17, 0x80, 0x7d, 0xbf, 0xea, 0x0,

    /* U+540D "名" */
    0x0, 0xf1, 0xc8, 0x7, 0xfc, 0x5b, 0xe0, 0x1f,
    0xe2, 0xc1, 0x9f, 0xfe, 0xd0, 0x8, 0xf1, 0xfb,
    0xbb, 0x6, 0x80, 0xd, 0x86, 0x40, 0x23, 0x16,
    0xcb, 0x82, 0xc6, 0x69, 0x79, 0x3, 0xed, 0xb8,
    0x1, 0x7c, 0xc2, 0x69, 0xb7, 0x30, 0xa0, 0x18,
    0x40, 0xb, 0x13, 0x16, 0x40, 0x1c, 0x93, 0xd4,
    0x63, 0x39, 0x9a, 0x83, 0xa4, 0x45, 0x76, 0x88,
    0xea, 0x40, 0xfd, 0x90, 0x44, 0xf9, 0x40, 0x2,
    0x1, 0xff, 0xd3, 0xff, 0xfb, 0x0, 0x3d, 0xff,
    0xf6, 0x0,

    /* U+540E "后" */
    0x0, 0xff, 0xe2, 0x11, 0x99, 0x15, 0xa2, 0x6f,
    0x7c, 0x80, 0xb7, 0x5d, 0x1d, 0xe1, 0xdc, 0x9d,
    0x20, 0x0, 0xf6, 0xe5, 0xcc, 0x3a, 0xa1, 0x0,
    0x7f, 0xf1, 0x47, 0xff, 0xfe, 0x0, 0xf, 0x77,
    0xfc, 0x1, 0x8, 0xff, 0xc0, 0x26, 0x6, 0x7f,
    0xc0, 0x7, 0x10, 0xdf, 0xff, 0x77, 0x0, 0x6,
    0xa0, 0xe, 0xcc, 0xe9, 0x0, 0xb3, 0x0, 0x1f,
    0xf0, 0xa2, 0x0, 0x3f, 0xe9, 0x41, 0x0, 0x6f,
    0xff, 0x58, 0x5, 0x0, 0x16, 0xff, 0xf5, 0x80,
    0x0,

    /* U+5426 "否" */
    0x2d, 0xdf, 0xfe, 0x4, 0x1, 0x77, 0x74, 0x15,
    0x77, 0x6a, 0x0, 0x19, 0xe7, 0xb3, 0x72, 0x33,
    0x88, 0x3, 0xa2, 0xd0, 0x17, 0xdc, 0x3, 0xcb,
    0xa9, 0xbe, 0xb, 0xb7, 0xca, 0x0, 0x5d, 0xbb,
    0x61, 0x0, 0x47, 0x97, 0x18, 0x27, 0x5c, 0xc0,
    0x6, 0x50, 0x9, 0x76, 0x85, 0x9c, 0x47, 0x14,
    0x8, 0xe0, 0x60, 0xb, 0x3b, 0xbf, 0x90, 0x3,
    0xaf, 0xff, 0xe3, 0x0, 0xff, 0xec, 0x5f, 0xff,
    0xc6, 0x1, 0xeb, 0xff, 0xf8, 0xc0, 0x20,

    /* U+542F "启" */
    0x0, 0xf8, 0xac, 0x3, 0xff, 0x82, 0x48, 0x60,
    0x1f, 0x17, 0xff, 0x6, 0x7f, 0xe3, 0x0, 0xdd,
    0xdf, 0xc4, 0x1, 0xc2, 0x3f, 0xc0, 0x1f, 0xfc,
    0x9f, 0xff, 0xe2, 0x0, 0x84, 0x5f, 0xff, 0xe3,
    0x0, 0x39, 0x80, 0x8f, 0xe0, 0xc, 0x4c, 0x9d,
    0xdf, 0xc0, 0x16, 0x18, 0x17, 0xff, 0xb0, 0x3,
    0x26, 0x0, 0x7f, 0xf0, 0x14, 0x10, 0x3, 0xff,
    0x81, 0x32, 0x0, 0x17, 0x77, 0xb4, 0x2, 0x97,
    0x0, 0x17, 0x77, 0xb4, 0x0,

    /* U+544A "告" */
    0x0, 0x84, 0x0, 0x70, 0x1, 0xf9, 0x3c, 0x0,
    0xe8, 0x1, 0xfb, 0xd0, 0x47, 0xf8, 0x0, 0x68,
    0xbd, 0xca, 0x2e, 0xee, 0x0, 0x7b, 0x7f, 0xd6,
    0x7f, 0xfc, 0x0, 0xa9, 0x0, 0xff, 0xae, 0xdb,
    0xba, 0x4f, 0x77, 0xb2, 0x3b, 0xbd, 0x9d, 0xdd,
    0xe6, 0x7f, 0xfc, 0x20, 0x7, 0xff, 0xf8, 0x80,
    0x2, 0x1d, 0xdf, 0x80, 0x3c, 0x23, 0xf8, 0x3,
    0xff, 0x91, 0xff, 0xf8, 0x3, 0xdd, 0xdf, 0x80,
    0x20,

    /* U+5458 "员" */
    0x0, 0x4f, 0xff, 0xed, 0x0, 0xc7, 0x1f, 0xfe,
    0xc3, 0x0, 0xff, 0xe3, 0xc7, 0x77, 0xb4, 0x3,
    0xab, 0xfb, 0xbf, 0x0, 0x62, 0x2f, 0xf0, 0x4,
    0x5b, 0x99, 0xfb, 0x5c, 0x2, 0x1e, 0xeb, 0x2b,
    0xba, 0x50, 0xf, 0xcb, 0xc0, 0x1f, 0xfc, 0xd,
    0xd0, 0x7, 0xfc, 0x29, 0x84, 0x0, 0x30, 0x8,
    0xb8, 0xb, 0x50, 0xb6, 0xd2, 0x5c, 0x0, 0x2b,
    0x5b, 0x75, 0x3d, 0x95, 0xac, 0x13, 0xd3, 0xbc,
    0xe0, 0x1, 0x7e, 0xbb, 0x54, 0x76, 0x38, 0x80,
    0x79, 0xb6, 0xc0,

    /* U+5468 "周" */
    0x0, 0x5f, 0xff, 0xfb, 0x40, 0xf, 0x5f, 0xf6,
    0xf7, 0xfd, 0x86, 0x1, 0xf4, 0xa8, 0x4, 0x20,
    0x1d, 0x5d, 0xc4, 0xae, 0xe1, 0x80, 0x7a, 0xbb,
    0x89, 0x5d, 0xc3, 0x0, 0xf1, 0x14, 0xe2, 0x45,
    0x0, 0x71, 0x77, 0x41, 0x3d, 0xc9, 0x0, 0xe3,
    0xcc, 0xfa, 0xc0, 0x30, 0x81, 0x7f, 0xf5, 0x80,
    0x71, 0xb0, 0x1f, 0xfd, 0x60, 0x1c, 0x22, 0x20,
    0xf, 0xf9, 0x8, 0x0, 0x7f, 0xf5, 0x88, 0x6,
    0xe5, 0x2, 0xff, 0xea, 0x4, 0x32, 0x49, 0x0,
    0xf2, 0x7f, 0xa2, 0x8b, 0x84, 0x3, 0xc9, 0xfe,
    0xe7,

    /* U+548C "和" */
    0x0, 0xf1, 0x0, 0x7f, 0xa, 0x3d, 0x76, 0x90,
    0x7, 0xea, 0x8c, 0x7d, 0xf2, 0x9f, 0xfe, 0x10,
    0xbc, 0x80, 0x30, 0x1, 0xbe, 0xec, 0x26, 0x0,
    0x17, 0x1, 0x10, 0x3, 0x88, 0xa0, 0xb, 0xb9,
    0x65, 0xdc, 0x80, 0xf, 0xdd, 0xee, 0x5f, 0xe8,
    0x0, 0xfe, 0x17, 0x32, 0x0, 0xff, 0xa5, 0x3,
    0x10, 0x3, 0xf8, 0xdb, 0xcf, 0x69, 0x0, 0x3f,
    0x74, 0x38, 0x1e, 0x28, 0x7, 0xc2, 0xec, 0x1,
    0x10, 0x80, 0x7c, 0x34, 0x1, 0xf4, 0xff, 0xc2,
    0x1, 0xfe, 0x7c, 0xc8, 0x40, 0x3f, 0xdc, 0x67,
    0x0, 0x71, 0xe8, 0x5, 0x6c, 0x1, 0x71, 0x0,

    /* U+54CD "响" */
    0x0, 0xff, 0xe5, 0x63, 0x0, 0x61, 0x22, 0x80,
    0x21, 0x34, 0x0, 0xd5, 0x99, 0x6, 0x64, 0x1d,
    0x99, 0x0, 0x2b, 0xc0, 0x7, 0xdf, 0xbd, 0xd1,
    0x8, 0x7, 0x88, 0xbc, 0x1, 0xfc, 0x46, 0x62,
    0x0, 0xff, 0x77, 0xfc, 0x1, 0xff, 0x66, 0x0,
    0x3f, 0xfb, 0x88, 0x80, 0xe, 0xbe, 0x0, 0xd7,
    0xdc, 0x50, 0xd, 0x7d, 0xc0, 0x9, 0xea, 0x90,
    0x1, 0x7a, 0x88, 0x7, 0xe1, 0x19, 0x4, 0x3,
    0xe6, 0xfe, 0x50, 0xf, 0x70, 0x4, 0xdf, 0xea,
    0x0,

    /* U+54EA "哪" */
    0x0, 0xcf, 0x33, 0x82, 0x22, 0x4b, 0xff, 0x59,
    0xbf, 0xf9, 0xc5, 0xbc, 0xb0, 0x33, 0x41, 0xd,
    0x98, 0x60, 0x7, 0xdd, 0x0, 0x7f, 0xf0, 0x31,
    0x0, 0x34, 0x97, 0xf8, 0xc0, 0x30, 0x80, 0x69,
    0x2e, 0xe0, 0x4, 0x44, 0x0, 0xf8, 0x44, 0x1,
    0x1a, 0x80, 0x70, 0x80, 0x88, 0x2, 0x14, 0x50,
    0xd, 0x65, 0xdc, 0x0, 0xd7, 0xe0, 0x1, 0xb,
    0x4f, 0xf0, 0x6, 0x11, 0x6, 0xf1, 0x10, 0xc0,
    0x3c, 0x82, 0x1b, 0xa9, 0xbc, 0x0, 0xeb, 0xb4,
    0xc1, 0x80, 0x11, 0x0, 0x46, 0x0, 0xbd, 0x33,
    0x0, 0x1a, 0x53, 0xf2, 0xc0, 0x38,

    /* U+559D "喝" */
    0x0, 0xf6, 0xef, 0xc0, 0x5f, 0xbe, 0x60, 0x5b,
    0xbc, 0x40, 0x3, 0xd4, 0x0, 0xb3, 0x38, 0x3,
    0xfb, 0x77, 0x80, 0x3f, 0x8c, 0xf8, 0x3, 0xf2,
    0x6c, 0xce, 0x40, 0xf, 0x85, 0x2e, 0xf8, 0x3,
    0x9e, 0x95, 0xb7, 0xfb, 0x7a, 0x80, 0x37, 0x32,
    0xee, 0xe, 0xea, 0xcc, 0x0, 0x4f, 0x3a, 0xe7,
    0xb5, 0xe8, 0x62, 0x7, 0x84, 0x20, 0x4, 0xe4,
    0xc3, 0x1f, 0x3, 0xee, 0x10, 0x15, 0xf6, 0x63,
    0xbc, 0x4e, 0x80, 0x21, 0xed, 0xdd, 0x6, 0x61,
    0x60, 0xc, 0x23, 0xb7, 0x99, 0x0,

    /* U+5668 "器" */
    0x2, 0xee, 0xda, 0xd, 0xdd, 0xa8, 0x2, 0x2e,
    0xe8, 0x80, 0x5b, 0xb9, 0xac, 0x1, 0xff, 0xc6,
    0x3e, 0xe8, 0x2, 0x7e, 0xe6, 0x80, 0x45, 0xfd,
    0xd7, 0xc2, 0xfd, 0x53, 0xb0, 0x0, 0x45, 0xc6,
    0xe2, 0x44, 0x92, 0x20, 0x84, 0xf7, 0x5f, 0x85,
    0x98, 0xa1, 0xee, 0x38, 0x5e, 0x6d, 0x3, 0x6e,
    0x12, 0xf6, 0x61, 0x86, 0x73, 0x7b, 0xe4, 0xf,
    0x36, 0x36, 0xdc, 0x7c, 0xc9, 0xb3, 0x41, 0xba,
    0x90, 0xdd, 0x1, 0xc7, 0xba, 0x20, 0x16, 0xee,
    0x53, 0x18, 0x7, 0xff, 0x14, 0x77, 0x60, 0x9,
    0xb7, 0x54, 0x1, 0x87, 0x76, 0x0, 0x9b, 0x75,
    0x40, 0x0,

    /* U+56DB "四" */
    0x1, 0x1f, 0xfe, 0x0, 0xf, 0x77, 0xff, 0x0,
    0x80, 0x1f, 0xed, 0x1f, 0xf0, 0xf7, 0xf8, 0x40,
    0x3f, 0xfa, 0xa2, 0x60, 0x1f, 0xfc, 0x5, 0x60,
    0xf, 0xfe, 0x5, 0xf0, 0x0, 0xd8, 0x88, 0x1,
    0x87, 0x1d, 0x40, 0x17, 0x3b, 0xa1, 0x0, 0x95,
    0x28, 0x2, 0x6e, 0xff, 0x8, 0x4, 0x90, 0x1,
    0xff, 0xc0, 0x11, 0xff, 0x0, 0x6e, 0xef, 0xf0,
    0x80, 0x5f, 0xff, 0xe1, 0x0,

    /* U+56DE "回" */
    0x2e, 0xef, 0xfe, 0x0, 0x80, 0xee, 0xff, 0x84,
    0x0, 0x26, 0x7f, 0xe0, 0xf, 0xfe, 0x47, 0x7f,
    0xee, 0x0, 0xfe, 0xff, 0xb8, 0x3, 0xff, 0xb5,
    0x99, 0x68, 0x7, 0xf6, 0xc4, 0x6d, 0x0, 0xfc,
    0x68, 0x98, 0xc0, 0x3c, 0x45, 0xfe, 0x0, 0x87,
    0x77, 0xfc, 0x1, 0xf, 0xff, 0xf8, 0x0,

    /* U+56E0 "因" */
    0x1e, 0xef, 0xfe, 0x0, 0x80, 0xee, 0xeb, 0xad,
    0xdc, 0x20, 0x11, 0x9e, 0x91, 0x33, 0xc0, 0x1f,
    0xc2, 0x1, 0xf8, 0xb7, 0x63, 0xad, 0xd8, 0x40,
    0x31, 0x77, 0x41, 0x7d, 0xd0, 0x80, 0x71, 0x98,
    0x40, 0x4c, 0xe0, 0xf, 0xd4, 0x76, 0x80, 0x1f,
    0xc8, 0xdd, 0x76, 0x50, 0xf, 0x9a, 0xe8, 0x92,
    0xa8, 0xa0, 0x1c, 0x57, 0x88, 0x0, 0x5a, 0xe0,
    0xe, 0x2d, 0x30, 0xc, 0xb6, 0x1, 0xdf, 0xff,
    0xe0, 0xd, 0xdd, 0xfe, 0x0, 0x0,

    /* U+56FA "固" */
    0x1e, 0xef, 0xfe, 0x1, 0x0, 0x33, 0x36, 0xc6,
    0x66, 0x0, 0xc4, 0x58, 0x2c, 0x8b, 0x0, 0x71,
    0x9c, 0xc0, 0x67, 0x0, 0x70, 0xff, 0xd0, 0x5f,
    0xf0, 0x80, 0x61, 0xcc, 0xb8, 0xb3, 0x21, 0x0,
    0xf6, 0x6f, 0x16, 0xe8, 0x40, 0x3e, 0x3f, 0xf6,
    0xf9, 0x80, 0x7f, 0x11, 0x60, 0xf, 0xfe, 0x59,
    0x6e, 0xe3, 0x0, 0xfd, 0xbb, 0xe1, 0x0, 0xc3,
    0xdd, 0xfe, 0x10, 0x0, 0xff, 0xff, 0x84, 0x0,

    /* U+5728 "在" */
    0x0, 0xf2, 0x10, 0x7, 0xff, 0x6, 0x5c, 0x3,
    0xf2, 0x2a, 0xcc, 0x40, 0xab, 0xe4, 0xf, 0x99,
    0xc5, 0x33, 0xf6, 0x85, 0xe6, 0x3c, 0x33, 0x2e,
    0xe6, 0x65, 0x20, 0x1b, 0xdc, 0x40, 0x15, 0x60,
    0x1f, 0x38, 0xc0, 0x7, 0xfc, 0x71, 0x0, 0x44,
    0x88, 0xd1, 0x21, 0x3, 0xd0, 0x1, 0x44, 0x48,
    0x88, 0x89, 0x43, 0x5c, 0xc0, 0xb3, 0x26, 0x7c,
    0xc9, 0x2, 0xa4, 0x3, 0xff, 0x82, 0x80, 0x1f,
    0xfd, 0x5f, 0xfc, 0xed, 0xff, 0x80, 0x3b, 0xff,
    0xfc,

    /* U+5730 "地" */
    0x0, 0x88, 0x3, 0x85, 0x80, 0x3c, 0x7e, 0x1,
    0xc7, 0x60, 0x1f, 0xe4, 0xb0, 0xf, 0xfe, 0x38,
    0xb8, 0x0, 0xd4, 0x10, 0x40, 0x31, 0xdf, 0xc0,
    0x2, 0x2c, 0xa4, 0x81, 0xab, 0x43, 0xb8, 0x1,
    0x5f, 0x16, 0xcd, 0x1e, 0xd9, 0xa8, 0x7, 0xec,
    0x85, 0x76, 0x0, 0x8, 0x80, 0x3c, 0xc4, 0x1,
    0xc6, 0x1, 0xff, 0xc1, 0x58, 0x20, 0xf, 0x8,
    0x7, 0x8b, 0xcc, 0x0, 0xe7, 0x98, 0x0, 0xe5,
    0x82, 0xd0, 0xbb, 0x15, 0x68, 0x4, 0x5a, 0x0,
    0x33, 0x1, 0x66, 0x18, 0x1d, 0x44, 0x3, 0x20,
    0x84, 0x98, 0x4, 0x6b, 0xdf, 0xfa, 0x24,

    /* U+573A "场" */
    0x0, 0xd, 0x80, 0x7f, 0xf0, 0x4d, 0x40, 0x11,
    0x99, 0xe3, 0x0, 0xfa, 0xe2, 0x2b, 0x31, 0x20,
    0xf, 0x8d, 0x10, 0x50, 0xfa, 0x20, 0xb, 0xe1,
    0xc7, 0x1, 0xbb, 0x64, 0x0, 0x6e, 0xb0, 0x94,
    0x6f, 0x3d, 0x30, 0xe, 0x55, 0xa, 0x8c, 0x8b,
    0xff, 0xf1, 0x80, 0x71, 0x7e, 0x27, 0xc4, 0x3c,
    0x84, 0x3, 0xea, 0xc0, 0xc2, 0x3, 0x30, 0x7,
    0x85, 0xd8, 0x15, 0x0, 0x44, 0x1, 0xd, 0x44,
    0xb8, 0xa1, 0x88, 0x4, 0x31, 0x85, 0xbc, 0xd0,
    0x1f, 0x40, 0x20, 0x11, 0x6e, 0x92, 0x68, 0x51,
    0x5c, 0xc, 0x40, 0x68, 0xc2, 0xe9, 0xa, 0xa8,
    0x0, 0x52, 0x0, 0xe8, 0x51, 0xc9, 0x4e, 0xf9,
    0x80, 0xf, 0x87, 0x5c, 0x3b, 0xf9, 0x0,

    /* U+5747 "均" */
    0x0, 0x10, 0x80, 0x48, 0x40, 0x1f, 0x72, 0x0,
    0x52, 0xe0, 0x1f, 0xf1, 0x93, 0x91, 0x60, 0xf,
    0xa4, 0x37, 0x79, 0x44, 0x80, 0x88, 0x6b, 0xdf,
    0xf8, 0x86, 0x34, 0xe3, 0x21, 0xd4, 0x3, 0xd3,
    0xe7, 0x5d, 0x33, 0x30, 0x6, 0x70, 0xe, 0x21,
    0xcb, 0x60, 0x1, 0x80, 0x7e, 0x1c, 0x43, 0x30,
    0x8, 0x7, 0xe3, 0x8c, 0x61, 0x0, 0xe1, 0x2,
    0x9d, 0x3e, 0x50, 0x30, 0x0, 0xc7, 0x3e, 0x9e,
    0xc8, 0x80, 0x55, 0xe3, 0x7c, 0xdb, 0x44, 0x1,
    0x87, 0x37, 0x18, 0x44, 0x40, 0x24, 0x47, 0x0,
    0x31, 0x0, 0x79, 0xb7, 0x53, 0x20,

    /* U+574F "坏" */
    0x0, 0x8c, 0x40, 0x3f, 0xf8, 0x5c, 0xa0, 0x24,
    0x5f, 0x80, 0x3e, 0xcd, 0xdf, 0xb0, 0x3, 0xed,
    0xff, 0x8a, 0x7f, 0xdc, 0x0, 0x22, 0x1, 0x10,
    0x2, 0x42, 0x60, 0xe, 0xcd, 0x29, 0xd2, 0x0,
    0x78, 0x80, 0x7b, 0xbc, 0xaf, 0xc8, 0x15, 0x0,
    0xc8, 0x3, 0xfc, 0x36, 0xc0, 0x9e, 0x1, 0xfe,
    0xa5, 0xa0, 0x77, 0x50, 0x7, 0xea, 0x7a, 0x0,
    0xa9, 0xdc, 0x1, 0xe2, 0x1d, 0x10, 0xd, 0xf2,
    0x20, 0x1b, 0x62, 0x44, 0x3, 0x8b, 0xc4, 0x59,
    0xe6, 0x5a, 0x60, 0x1f, 0x8, 0xc, 0xf7, 0x2d,
    0xc4, 0x3, 0xfc, 0xa2, 0x1, 0xff, 0xc1,

    /* U+5883 "境" */
    0x0, 0x30, 0x7, 0x21, 0x80, 0x78, 0xa0, 0x3,
    0x8a, 0x0, 0x3f, 0x8b, 0x7b, 0x96, 0xdb, 0xfa,
    0xe0, 0x1c, 0x5b, 0x69, 0xba, 0xa7, 0xd7, 0x4,
    0xa1, 0x75, 0x9f, 0x59, 0x95, 0x1c, 0xc8, 0x0,
    0x21, 0xed, 0x53, 0x95, 0x4e, 0x8a, 0xa0, 0x25,
    0x8c, 0x1c, 0xff, 0xfa, 0x4c, 0x3, 0xc9, 0xdb,
    0xbb, 0x9c, 0x3, 0xf7, 0xee, 0xef, 0x0, 0xfe,
    0xfc, 0xce, 0x0, 0xf2, 0x18, 0x7e, 0xee, 0xc0,
    0x8, 0xe0, 0x69, 0xfb, 0x4b, 0x79, 0xb7, 0x44,
    0x10, 0x35, 0xc8, 0xa, 0x40, 0x1d, 0x25, 0x76,
    0x50, 0x2, 0xdc, 0x80, 0x1c, 0x0, 0xc6, 0x1,
    0x26, 0xc5, 0x20, 0x18, 0xf7, 0x18, 0x40, 0x25,
    0xed, 0x40, 0xb, 0x7b, 0x96, 0x0,

    /* U+589E "增" */
    0x0, 0x1b, 0x80, 0x54, 0x20, 0x15, 0x10, 0x4,
    0xf8, 0x1, 0x16, 0x80, 0x1c, 0x48, 0x3, 0xc7,
    0x88, 0x7b, 0x90, 0xd8, 0xc0, 0x1c, 0xc9, 0xfb,
    0x2f, 0xbd, 0x7c, 0x2, 0x40, 0x41, 0xfe, 0x16,
    0x2, 0xe1, 0x0, 0x64, 0xa6, 0x10, 0x7f, 0x8,
    0x4d, 0x18, 0x3, 0x6d, 0x38, 0xbc, 0x61, 0xc3,
    0x14, 0xc0, 0x3c, 0x29, 0xd3, 0xf, 0x3d, 0x5c,
    0x1, 0xc9, 0x99, 0xf9, 0x80, 0x3d, 0xbd, 0xde,
    0xd0, 0xf, 0xd9, 0xdd, 0xbc, 0x3, 0x62, 0xfa,
    0x86, 0x6e, 0xec, 0x0, 0xe, 0x8d, 0xf2, 0x86,
    0x6e, 0xec, 0x0, 0xe, 0xca, 0x88, 0x3, 0xf7,
    0x76, 0x0, 0x7f, 0x76, 0x66, 0xf0, 0x0,

    /* U+58F0 "声" */
    0x0, 0xf8, 0xcc, 0x1, 0xff, 0xc1, 0xab, 0x0,
    0xfb, 0x7f, 0xf9, 0x9f, 0xff, 0xb0, 0x37, 0xff,
    0x99, 0xff, 0xfb, 0x0, 0x21, 0x1c, 0x2, 0x3c,
    0x1, 0xa7, 0x33, 0x22, 0x33, 0x34, 0x80, 0x53,
    0xbb, 0xfe, 0x90, 0x9, 0x3b, 0xbf, 0xca, 0x1,
    0x9, 0x77, 0x4c, 0xce, 0xe9, 0x4c, 0x3, 0xff,
    0x8e, 0x7d, 0xd3, 0xbb, 0xba, 0x40, 0xc, 0x4b,
    0xdd, 0x7f, 0xbb, 0xaf, 0x60, 0xa, 0xf0, 0x3,
    0xff, 0x80, 0xa4, 0xc0, 0x1f, 0xfc, 0x9, 0xb0,
    0xf, 0xfe, 0xe, 0x28, 0x7, 0xff, 0x0,

    /* U+5904 "处" */
    0x0, 0x84, 0x40, 0x1c, 0x60, 0x1f, 0x9a, 0x0,
    0x30, 0xe8, 0x7, 0xec, 0xc0, 0x7, 0xff, 0x4,
    0x52, 0x6e, 0xd4, 0x1, 0xfe, 0x42, 0xbc, 0x34,
    0x0, 0x8, 0x80, 0x3d, 0x36, 0xee, 0xd5, 0x0,
    0xbd, 0x0, 0x31, 0x18, 0x5, 0xa6, 0x0, 0x1b,
    0xb3, 0x80, 0x50, 0x5a, 0x0, 0x5c, 0x0, 0x97,
    0x6a, 0x80, 0x4, 0xf5, 0x3, 0x32, 0x0, 0x62,
    0xcc, 0x0, 0x3c, 0x95, 0xe5, 0x80, 0x3c, 0x2c,
    0x0, 0x10, 0x89, 0x49, 0x0, 0xff, 0xe0, 0x10,
    0xa8, 0x80, 0x7f, 0xf0, 0x35, 0x1a, 0x80, 0x22,
    0x0, 0xfa, 0xc2, 0xf0, 0x7e, 0x53, 0xc8, 0xb0,
    0x3, 0x1f, 0x40, 0x6e, 0xc1, 0x1b, 0xbb, 0x0,
    0x1f, 0x82, 0x1, 0x24, 0xef, 0x7f, 0xdc, 0x0,

    /* U+5907 "备" */
    0x0, 0xc6, 0xa0, 0x1f, 0xfc, 0x1, 0xd2, 0x0,
    0xff, 0x87, 0x6, 0x7b, 0xbb, 0xf4, 0x2, 0x1c,
    0x34, 0xee, 0xe7, 0x19, 0x0, 0x1f, 0xd7, 0x16,
    0xa8, 0x3f, 0x7, 0xa0, 0x0, 0x69, 0xc2, 0x56,
    0xbe, 0x76, 0x44, 0x2, 0x30, 0x7b, 0xe3, 0x9b,
    0x4d, 0xd4, 0xb2, 0xd, 0xff, 0xeb, 0x64, 0xae,
    0xe7, 0xfa, 0x1e, 0xa8, 0xd5, 0xfd, 0xdd, 0xb0,
    0x58, 0xc0, 0x61, 0xdd, 0x69, 0xf7, 0x54, 0xe0,
    0x1f, 0xfc, 0x71, 0xee, 0xb4, 0xbb, 0xab, 0x0,
    0xe1, 0xee, 0xb4, 0xbb, 0xab, 0x0, 0xe1, 0xcc,
    0xb8, 0xb3, 0x29, 0x0, 0xe1, 0xee, 0xbf, 0x7b,
    0xa8, 0x0, 0x80,

    /* U+590D "复" */
    0x0, 0xc8, 0x20, 0x1f, 0xfc, 0x3, 0xa0, 0xf,
    0xfe, 0xf, 0x7, 0xf7, 0x7e, 0x70, 0x5, 0xbf,
    0x77, 0xf9, 0xc2, 0xdd, 0x7b, 0x77, 0xef, 0x20,
    0x1, 0xe0, 0x66, 0xef, 0xc2, 0x1, 0x40, 0x3,
    0xae, 0xfe, 0x10, 0xf, 0x75, 0xdf, 0xc2, 0x1,
    0xc7, 0xfe, 0xdd, 0xf1, 0x80, 0x76, 0x22, 0x37,
    0x7e, 0x20, 0xd, 0x2c, 0xbb, 0xbd, 0xde, 0x60,
    0x2, 0xd2, 0x90, 0x8d, 0xda, 0xc2, 0x4c, 0x1,
    0x37, 0x66, 0xcf, 0xd8, 0xef, 0xf3, 0x0, 0x56,
    0xc4, 0xb6, 0xe0, 0x40, 0x90, 0xa6, 0x21, 0x1f,
    0xec, 0xff, 0x6d, 0x77, 0x5f, 0xd6, 0x11, 0xfb,
    0x2c, 0x40, 0x11, 0xbd, 0x6d, 0x0,

    /* U+591A "多" */
    0x0, 0xf3, 0xa0, 0x7, 0xfd, 0x34, 0xa0, 0x1f,
    0xc5, 0x8e, 0x7f, 0xdd, 0x7f, 0x0, 0x6, 0x35,
    0xfb, 0xba, 0x46, 0x80, 0x7c, 0xac, 0x30, 0xc0,
    0xf3, 0x1e, 0x80, 0x3f, 0x49, 0x70, 0xd7, 0xd1,
    0x62, 0x1, 0x8, 0x1c, 0x54, 0x87, 0x20, 0x6,
    0x5b, 0xff, 0xb2, 0xd8, 0x80, 0x38, 0x7b, 0x98,
    0xd3, 0x5, 0xdf, 0xf9, 0x91, 0x45, 0xf8, 0xbf,
    0xf9, 0x4d, 0x81, 0xfb, 0x1d, 0xcc, 0x0, 0x1c,
    0x1c, 0x1, 0xdd, 0x5c, 0x66, 0x9b, 0xfa, 0x58,
    0x0, 0x68, 0xc0, 0x2, 0x5b, 0x98, 0x80, 0xc,
    0x2b, 0x3d, 0xa1, 0x96, 0x40, 0x1a, 0xba, 0x46,
    0xba, 0x48, 0x3, 0xd7, 0xf9, 0x8, 0x1, 0xfc,

    /* U+5927 "大" */
    0x0, 0xf0, 0x98, 0x7, 0xff, 0x5, 0xe0, 0x3,
    0xff, 0xb2, 0x48, 0x9d, 0xec, 0x89, 0xe0, 0x58,
    0x8e, 0x72, 0x88, 0xef, 0x7, 0xcc, 0xe6, 0x3c,
    0xce, 0xb0, 0xf, 0x90, 0xc4, 0x3, 0xfe, 0x13,
    0x46, 0x0, 0xff, 0xa1, 0x66, 0x42, 0x1, 0xfc,
    0xad, 0x4, 0xf6, 0x1, 0xf8, 0xea, 0x84, 0x12,
    0xf2, 0x1, 0xe5, 0xc9, 0x50, 0xb, 0x12, 0x80,
    0x21, 0xaa, 0x98, 0x3, 0xe, 0x36, 0xa0, 0x4b,
    0xea, 0x80, 0x78, 0x72, 0xa8, 0x31, 0xa4, 0x1,
    0xfc, 0xfc, 0x20,

    /* U+5929 "天" */
    0x0, 0x11, 0x7f, 0xf0, 0x0, 0x2f, 0xfe, 0xdc,
    0xff, 0xd0, 0x1, 0x6e, 0xf2, 0x4e, 0xee, 0xa0,
    0xf, 0xfe, 0xa7, 0x7f, 0xf2, 0x47, 0xff, 0x50,
    0x7e, 0xef, 0xa, 0x6e, 0xf5, 0x80, 0x91, 0x61,
    0x12, 0x19, 0x16, 0x10, 0xf, 0x43, 0x2c, 0x0,
    0x7f, 0x99, 0x62, 0xc, 0x80, 0x1f, 0x9a, 0x74,
    0x4a, 0xad, 0x40, 0x38, 0x6a, 0x2c, 0xc0, 0xb,
    0x35, 0x22, 0x0, 0x7f, 0x6c, 0x40, 0xc, 0xd8,
    0x9c, 0xe1, 0xd1, 0x84, 0x1, 0xe3, 0xd9, 0x10,

    /* U+5931 "失" */
    0x0, 0xf3, 0x30, 0x3, 0xf3, 0x58, 0x3, 0xbc,
    0x3, 0xf6, 0xe0, 0x7, 0xff, 0x1, 0x27, 0x74,
    0xed, 0xbb, 0xac, 0x0, 0xc9, 0x53, 0x24, 0x59,
    0x9d, 0x0, 0x8, 0xf4, 0x48, 0x88, 0x89, 0x8c,
    0x5, 0x10, 0x1, 0xff, 0x17, 0x22, 0x62, 0x22,
    0x27, 0x17, 0xcc, 0xf2, 0x2c, 0xcf, 0x2e, 0x6e,
    0xec, 0x1, 0xdd, 0xe7, 0x0, 0xeb, 0x55, 0x38,
    0x7, 0xf3, 0xa5, 0xcc, 0x28, 0x7, 0x86, 0xa7,
    0x4, 0xae, 0x9c, 0x3, 0x37, 0xb7, 0x90, 0x1,
    0x32, 0xb5, 0x42, 0xe2, 0x18, 0x20, 0x18, 0xf6,
    0xae, 0x65, 0xcc, 0x1, 0xf9, 0xfa, 0x0,

    /* U+5934 "头" */
    0x0, 0xfc, 0x40, 0x1f, 0x29, 0x0, 0x6d, 0x10,
    0xf, 0x16, 0xb8, 0x0, 0x40, 0x40, 0x3c, 0xf9,
    0x58, 0x40, 0x1f, 0x8c, 0xf, 0x51, 0xc0, 0x3f,
    0x46, 0xa0, 0x42, 0x98, 0x7, 0xd7, 0x6a, 0xa0,
    0x80, 0x80, 0x7e, 0x6f, 0x4, 0x7, 0x20, 0xe,
    0x33, 0x8a, 0x58, 0xf0, 0x4c, 0xfa, 0x3f, 0xfc,
    0xe5, 0xff, 0xa2, 0xf3, 0x3b, 0x83, 0x73, 0x35,
    0x80, 0x70, 0xf9, 0x6b, 0x0, 0x7e, 0x6f, 0x6d,
    0xab, 0xc3, 0x0, 0x92, 0x7a, 0x21, 0x60, 0x9b,
    0x79, 0x43, 0x76, 0x2b, 0xe6, 0x0, 0xcf, 0xc3,
    0x73, 0xf6, 0xa0, 0x1f, 0xd, 0xd0,

    /* U+59CB "始" */
    0x0, 0xa, 0x80, 0x71, 0xa0, 0x7, 0xc9, 0xc0,
    0x1d, 0xf8, 0x1, 0xf1, 0x90, 0x6, 0x52, 0x83,
    0x80, 0xd, 0x34, 0xb3, 0x22, 0x8, 0xb0, 0x36,
    0x30, 0xb, 0xc5, 0x7d, 0xc6, 0x5d, 0x40, 0x17,
    0xe0, 0x13, 0x5, 0x30, 0x33, 0x2, 0xaf, 0x20,
    0xd4, 0x2, 0x23, 0x1, 0x49, 0xfe, 0xff, 0xaa,
    0x0, 0x4, 0x40, 0x32, 0x16, 0x54, 0x41, 0x92,
    0xf8, 0x1, 0xdc, 0xc, 0xe0, 0x67, 0xf1, 0x0,
    0x35, 0x83, 0x30, 0x1b, 0xff, 0xd8, 0x20, 0x9,
    0x7c, 0x77, 0x0, 0x3b, 0x33, 0x0, 0x61, 0xb0,
    0x1, 0x80, 0x7f, 0xf0, 0x14, 0x63, 0xc, 0x3,
    0xfc, 0xb7, 0xed, 0x4e, 0x1b, 0xff, 0x80, 0x34,
    0xe9, 0x2, 0x20, 0x37, 0xff, 0x0, 0x6c, 0x30,
    0xd, 0xc4, 0x1, 0xbc, 0x40,

    /* U+5B50 "子" */
    0x2, 0x33, 0xff, 0x80, 0x17, 0xdd, 0xfd, 0x9c,
    0x0, 0x9d, 0xdf, 0xb8, 0x53, 0xc0, 0x3f, 0xa3,
    0x6a, 0xc8, 0x3, 0xe2, 0xd2, 0xf6, 0x0, 0xfe,
    0x56, 0xa1, 0x0, 0xd9, 0xdd, 0xd2, 0x9d, 0xdd,
    0xbf, 0xbb, 0xcc, 0x7b, 0xbd, 0xc6, 0x7e, 0xf7,
    0x33, 0xf0, 0x7, 0xff, 0x84, 0x48, 0x98, 0x20,
    0x1f, 0xd7, 0xba, 0x5e, 0x0, 0xf0,

    /* U+5B57 "字" */
    0x0, 0xf5, 0x28, 0x7, 0xff, 0x0, 0xb8, 0x3,
    0xc9, 0x99, 0xc8, 0x8c, 0xce, 0x42, 0x8, 0x8e,
    0xb8, 0x8c, 0x22, 0x7, 0x44, 0xff, 0x8, 0x27,
    0x36, 0x67, 0xe4, 0x97, 0x25, 0x48, 0x8e, 0x92,
    0x16, 0x52, 0x0, 0x12, 0x26, 0x1b, 0x6d, 0x20,
    0xf, 0xcb, 0x7b, 0x0, 0x1b, 0x77, 0xd6, 0x3d,
    0xbb, 0xdd, 0xde, 0x63, 0xee, 0xf1, 0x9f, 0xb9,
    0xcc, 0xfc, 0x1, 0xff, 0xc8, 0xf0, 0xf, 0xf3,
    0x7f, 0x9b, 0x80, 0x3c,

    /* U+5B58 "存" */
    0x0, 0xf5, 0x90, 0x7, 0xff, 0x5, 0x10, 0x40,
    0x1f, 0xdb, 0xff, 0x58, 0x7f, 0xfe, 0x0, 0x67,
    0x73, 0x3, 0x3b, 0xbf, 0x0, 0x4, 0x69, 0x53,
    0x11, 0xfc, 0x1, 0x91, 0x6e, 0x3b, 0xbe, 0x10,
    0x8, 0x69, 0xc6, 0x3f, 0xf5, 0x83, 0x8, 0x5,
    0x43, 0xc0, 0x1, 0x1a, 0x6e, 0xa0, 0x2, 0xa7,
    0x40, 0xe, 0x27, 0xf4, 0x0, 0xc3, 0xa2, 0x15,
    0xff, 0x68, 0x77, 0xfc, 0x0, 0xb1, 0x0, 0x57,
    0xfd, 0x83, 0xff, 0x80, 0x3f, 0xc2, 0x1, 0xff,
    0xd1, 0x33, 0x51, 0x80, 0x7f, 0xf0, 0x23, 0xd2,
    0x0, 0x38,

    /* U+5B88 "守" */
    0x0, 0xf5, 0xa8, 0x7, 0xff, 0x0, 0xf8, 0x3,
    0xc5, 0xdd, 0xce, 0x9d, 0xdc, 0x60, 0x39, 0x9b,
    0x75, 0x99, 0x8d, 0xc0, 0x4, 0x5f, 0x2d, 0x10,
    0x0, 0xb0, 0x3, 0xef, 0x10, 0xf4, 0x11, 0x11,
    0x7c, 0x26, 0x40, 0x5b, 0xbf, 0xcc, 0xbb, 0xac,
    0xc7, 0xf7, 0x3f, 0xf9, 0xdb, 0xfd, 0xc0, 0x6,
    0xf2, 0x0, 0xff, 0x9d, 0xd8, 0x40, 0x1f, 0xf4,
    0xbf, 0x80, 0x7f, 0xf0, 0x27, 0x80, 0x3f, 0xf8,
    0x26, 0x44, 0x34, 0x10, 0xf, 0xed, 0xd6, 0xd,
    0x80, 0x40,

    /* U+5B89 "安" */
    0x0, 0xfa, 0x54, 0x3, 0xff, 0x85, 0xd0, 0x1,
    0xf8, 0x73, 0x3a, 0xcb, 0x33, 0x8c, 0x0, 0x66,
    0x88, 0xeb, 0x88, 0xc4, 0xe0, 0x19, 0x12, 0x81,
    0x44, 0xe0, 0xc, 0x5c, 0x0, 0x33, 0x20, 0x7,
    0x7a, 0x0, 0x4, 0x4, 0x52, 0x80, 0x23, 0xc0,
    0x20, 0xe, 0xec, 0xa9, 0xdd, 0xf8, 0x1, 0xff,
    0x2a, 0xbf, 0xf5, 0xf, 0xfc, 0x1, 0x8d, 0x6c,
    0x3, 0x4c, 0x80, 0x3e, 0x51, 0xc6, 0x0, 0x40,
    0x38, 0x7, 0xcd, 0xd3, 0xbf, 0x6d, 0xa0, 0x1f,
    0xe4, 0xe2, 0x61, 0xa4, 0x0, 0xf1, 0x2d, 0x74,
    0x43, 0x78, 0xeb, 0x54, 0x2, 0xcd, 0x92, 0xdd,
    0x28, 0xc, 0x75, 0x5a, 0x0, 0x3b, 0xf2, 0xc,
    0x3, 0xcf, 0xc8, 0x0,

    /* U+5B8C "完" */
    0x0, 0xf4, 0x38, 0x7, 0xff, 0x3, 0xa4, 0x3,
    0xc5, 0xdd, 0xd0, 0x3d, 0xdc, 0xe0, 0xf, 0xfe,
    0xef, 0xfc, 0xfe, 0xa, 0x23, 0xfe, 0xee, 0x15,
    0xb6, 0x67, 0xea, 0x76, 0x0, 0x3f, 0xff, 0xe8,
    0x0, 0xc2, 0x67, 0xf8, 0x80, 0x2, 0x45, 0xff,
    0xc1, 0x6f, 0xfb, 0x31, 0xfe, 0xdc, 0xff, 0xb9,
    0xf7, 0x64, 0x8d, 0xd2, 0xc6, 0xed, 0x80, 0x19,
    0xc8, 0x3, 0xc3, 0x20, 0x12, 0x9a, 0x0, 0x78,
    0x90, 0x6, 0x2a, 0x80, 0x11, 0xf8, 0x1, 0x45,
    0x78, 0xf5, 0x0, 0x2a, 0x7f, 0xf4, 0x4a, 0x6d,
    0x90, 0x6, 0x3e, 0xff, 0x72, 0x80,

    /* U+5B9A "定" */
    0x0, 0xf3, 0x38, 0x7, 0xff, 0x0, 0xa4, 0x3,
    0xc3, 0xff, 0xd6, 0x3f, 0xfc, 0x60, 0x3f, 0xff,
    0xe2, 0x0, 0x28, 0x7, 0xf9, 0x4, 0x54, 0x23,
    0xfe, 0x82, 0x1f, 0xff, 0x77, 0xff, 0x18, 0xf7,
    0x76, 0xf, 0x77, 0x18, 0x1, 0xa4, 0x3, 0xff,
    0x81, 0xc2, 0x1, 0xf, 0x76, 0xb0, 0x8, 0xf4,
    0x2, 0x1f, 0xfd, 0x40, 0x12, 0x78, 0x6, 0x11,
    0xe0, 0x3, 0x1b, 0xb0, 0x7, 0xf0, 0xc4, 0x3e,
    0x25, 0xc0, 0x3e, 0xb4, 0x41, 0x78, 0xc0, 0xff,
    0xf6, 0xf5, 0x80, 0x6, 0x37, 0xff, 0xda,

    /* U+5B9C "宜" */
    0x0, 0xfa, 0x14, 0x3, 0xff, 0x87, 0xc0, 0x1f,
    0x97, 0xff, 0x9d, 0x3f, 0xf9, 0x80, 0x6, 0x9f,
    0xff, 0xe4, 0x0, 0xff, 0xe3, 0xb5, 0xbf, 0xff,
    0xe8, 0xb6, 0x0, 0xe6, 0xff, 0xf3, 0x80, 0x7f,
    0x8, 0xfc, 0x1, 0xf9, 0xbf, 0xfc, 0xc0, 0x1f,
    0x9b, 0xbb, 0xce, 0x1, 0xf8, 0xcf, 0xe2, 0x0,
    0xfc, 0x91, 0x1e, 0x40, 0xf, 0xcf, 0x77, 0xe6,
    0x0, 0xff, 0xe4, 0xff, 0xa1, 0xbf, 0xfc, 0xee,
    0xff, 0x8,

    /* U+5B9E "实" */
    0x0, 0xf4, 0xa8, 0x7, 0xff, 0x3, 0xa4, 0x3,
    0xcb, 0xdd, 0xd2, 0x7d, 0xdc, 0xa6, 0x59, 0x9d,
    0xb9, 0x98, 0x8c, 0x1c, 0x95, 0x88, 0xab, 0x22,
    0x9c, 0x1e, 0x41, 0x7f, 0x10, 0x58, 0x2, 0x97,
    0x12, 0x62, 0xbf, 0x30, 0xe, 0x21, 0x1, 0xde,
    0x53, 0x73, 0x0, 0xf8, 0x6e, 0xae, 0x0, 0x44,
    0x1, 0xe1, 0x12, 0xfd, 0x8a, 0x90, 0x8e, 0xe,
    0xee, 0xce, 0x93, 0xee, 0xf7, 0xff, 0x58, 0x5f,
    0xfe, 0xe0, 0xe, 0x7a, 0x6a, 0xb4, 0x0, 0xe4,
    0x9e, 0xbd, 0x9e, 0xd9, 0xd6, 0x7, 0xf9, 0xd,
    0xc3, 0x0, 0x36, 0xc5, 0xc3, 0x76, 0xc9, 0x80,
    0x79, 0x76, 0x0,

    /* U+5BA4 "室" */
    0x0, 0xf4, 0x28, 0x7, 0xff, 0x3, 0xe4, 0x3,
    0xcd, 0xdd, 0xd2, 0x7d, 0xdc, 0xc2, 0x9f, 0xfd,
    0xdf, 0xf9, 0x1, 0x38, 0x47, 0xfd, 0xca, 0x65,
    0xff, 0xfe, 0x3, 0x6, 0xfe, 0x36, 0xff, 0x97,
    0xbd, 0x0, 0x25, 0xc9, 0x90, 0x5, 0x9e, 0x40,
    0x11, 0xd1, 0xc6, 0xf7, 0x36, 0xcf, 0x10, 0x0,
    0x7f, 0xdb, 0xa7, 0x6d, 0xdc, 0x60, 0x1, 0x22,
    0xc6, 0x24, 0x50, 0xb8, 0x1, 0xff, 0xf2, 0x3f,
    0xfe, 0x50, 0x3, 0x6e, 0xe7, 0x6d, 0xdc, 0xa0,
    0x1f, 0xfc, 0x3f, 0xff, 0x33, 0xff, 0xf6, 0x80,

    /* U+5BB6 "家" */
    0x0, 0xf3, 0x40, 0x7, 0xff, 0x4, 0x9c, 0x3,
    0xe3, 0xff, 0xeb, 0xf, 0xfe, 0xd0, 0x1, 0x7f,
    0xff, 0xb4, 0xc0, 0x2, 0x1, 0xff, 0x18, 0x1e,
    0x3f, 0x76, 0xfe, 0xec, 0x7a, 0x1, 0x3f, 0x72,
    0x2, 0x3b, 0xb2, 0x80, 0x62, 0x7d, 0xf3, 0x30,
    0x1, 0x32, 0x0, 0x7, 0x98, 0xfc, 0xa1, 0xa5,
    0xc9, 0x96, 0x0, 0xa, 0x3a, 0xaf, 0xbd, 0x61,
    0x5, 0x40, 0x21, 0x15, 0xfe, 0x6a, 0xa2, 0x20,
    0x54, 0x2, 0x5e, 0xfd, 0x4b, 0xc9, 0x20, 0xeb,
    0x20, 0x2, 0xdb, 0xd7, 0xfa, 0x88, 0x0, 0x77,
    0x88, 0xb, 0x9f, 0xed, 0x40, 0xe1, 0x0, 0x2d,
    0x50, 0x82, 0x31, 0x63, 0xfc, 0xf0, 0x1, 0x27,
    0x10,

    /* U+5BB9 "容" */
    0x0, 0xf9, 0xa0, 0x3, 0xff, 0x84, 0x4e, 0x1,
    0xf8, 0x7f, 0xfa, 0xc3, 0xff, 0xa0, 0x2, 0x1f,
    0xfb, 0xbf, 0xdd, 0xcf, 0xf4, 0x8, 0x4, 0xe0,
    0x33, 0x40, 0x5, 0xc5, 0x2, 0xf0, 0x0, 0xcb,
    0x78, 0x58, 0xa, 0x7f, 0x68, 0xb0, 0x5, 0xbb,
    0x48, 0xe7, 0xb1, 0x5c, 0xca, 0x0, 0x2f, 0xb3,
    0x36, 0x5f, 0xdc, 0x2, 0x6c, 0x80, 0x44, 0x33,
    0xb2, 0xe3, 0xa5, 0xa8, 0x2, 0x0, 0x28, 0xf0,
    0xf4, 0x0, 0xaa, 0x65, 0x8a, 0x0, 0xe0, 0x66,
    0x77, 0xff, 0x59, 0xcc, 0x90, 0x32, 0x39, 0x7f,
    0xfd, 0xa0, 0xb8, 0x80, 0x1f, 0xfc, 0x85, 0xdd,
    0xf7, 0x80, 0x7e, 0x5f, 0xff, 0x70, 0x6,

    /* U+5BBF "宿" */
    0x0, 0xf9, 0xa0, 0x3, 0xff, 0x82, 0xae, 0x20,
    0x1e, 0x2f, 0xfe, 0xc0, 0xef, 0xfc, 0xe0, 0x1,
    0xff, 0xff, 0x37, 0x80, 0xc, 0x30, 0xc0, 0x3e,
    0xaa, 0x1, 0x6a, 0x93, 0x7f, 0xfd, 0x98, 0x0,
    0xa2, 0x57, 0xfe, 0x85, 0xff, 0xb8, 0x1, 0x4,
    0x80, 0x46, 0x6b, 0x23, 0x38, 0x0, 0x6e, 0x1,
    0x5f, 0x43, 0x9c, 0x43, 0x40, 0x1b, 0x2, 0x1,
    0x2d, 0xde, 0x90, 0xa, 0xdc, 0x3, 0x36, 0xee,
    0xf0, 0x9, 0x40, 0x39, 0xb3, 0x37, 0x0, 0x7f,
    0x84, 0x78, 0x3, 0xf9, 0xfb, 0xb6, 0x0, 0x7e,
    0x18, 0xee, 0xd8, 0x60,

    /* U+5BDF "察" */
    0x0, 0xf2, 0x28, 0x7, 0xff, 0xa, 0xc0, 0x3e,
    0x2f, 0xee, 0xd4, 0x1d, 0xdd, 0x80, 0x1, 0xed,
    0x9e, 0xe5, 0x53, 0xba, 0xd0, 0x1, 0xb8, 0xf4,
    0xee, 0x8e, 0xb3, 0x2f, 0xc0, 0x19, 0xa1, 0xef,
    0x36, 0x29, 0xd9, 0x70, 0x0, 0xe6, 0x2a, 0x3a,
    0x7, 0xe5, 0x62, 0x80, 0x10, 0xb6, 0xe6, 0xcc,
    0x3, 0xab, 0xe1, 0x0, 0x4c, 0xab, 0x5, 0xfb,
    0xac, 0x9f, 0x30, 0xa, 0x21, 0x75, 0xbd, 0xd5,
    0x37, 0x45, 0x9d, 0x94, 0xd6, 0x67, 0xdd, 0xb0,
    0x37, 0x4f, 0xd1, 0xba, 0x3e, 0xfe, 0xd6, 0x32,
    0x0, 0x1f, 0xe0, 0x88, 0x9, 0xb2, 0x44, 0x0,
    0x55, 0xb1, 0x0, 0xc, 0xbe, 0x3f, 0x0, 0xbb,
    0xca, 0x9b, 0xca, 0x0, 0x19, 0xc1, 0x0,

    /* U+5BF9 "对" */
    0x0, 0xff, 0xe0, 0x28, 0x80, 0x7f, 0xf0, 0xac,
    0x80, 0x26, 0x99, 0xd0, 0x1, 0xfe, 0x3e, 0xe8,
    0x18, 0x8, 0xb0, 0x39, 0x0, 0x15, 0x9d, 0xde,
    0xad, 0xbb, 0x86, 0xf4, 0x0, 0xda, 0x0, 0xfc,
    0x6f, 0xfc, 0x39, 0xe0, 0x6, 0x8, 0x4, 0x41,
    0x30, 0x7, 0xf7, 0x33, 0xc, 0xe8, 0x30, 0xf,
    0xc5, 0x12, 0xc0, 0x31, 0xc0, 0x1f, 0xce, 0x2,
    0x0, 0x66, 0x38, 0x7, 0xeb, 0x46, 0x30, 0x4,
    0x98, 0x7, 0xc8, 0xb5, 0x3c, 0x0, 0x24, 0x0,
    0xf0, 0xd4, 0x8b, 0xb, 0x80, 0x70, 0x80, 0x5a,
    0x8c, 0x0, 0xe6, 0x2, 0x22, 0x8, 0x6, 0x4a,
    0x0, 0x88, 0x43, 0x75, 0x6a, 0x40, 0x0,

    /* U+5C0F "小" */
    0x0, 0xf2, 0x70, 0x7, 0xff, 0x6c, 0xb8, 0x40,
    0x31, 0x78, 0x80, 0x72, 0x18, 0x80, 0x62, 0x49,
    0x0, 0xed, 0x50, 0xf, 0x7b, 0x0, 0x61, 0x4b,
    0x0, 0xf2, 0x1b, 0x0, 0x4e, 0x46, 0x1, 0xf5,
    0x58, 0x5, 0x54, 0x0, 0xfc, 0xc4, 0x80, 0x66,
    0x60, 0xf, 0xc2, 0xbc, 0x10, 0xc2, 0x1, 0xfd,
    0xca, 0x3d, 0x60, 0x1f, 0xe4, 0x70, 0x52, 0x1,
    0x22, 0x69, 0x80, 0x74, 0x8, 0x4, 0xdb, 0xa7,
    0xb0, 0xf, 0x80,

    /* U+5C31 "就" */
    0x0, 0xd2, 0x1, 0x85, 0xc0, 0x3f, 0x29, 0x80,
    0x47, 0x41, 0xa4, 0x0, 0xde, 0xe1, 0xe7, 0x70,
    0x80, 0x43, 0xbc, 0x43, 0x3f, 0xdd, 0xcf, 0xf1,
    0x0, 0x47, 0xc2, 0x2, 0x3f, 0x54, 0x9d, 0xda,
    0x24, 0x7, 0xfb, 0xaf, 0x6c, 0x32, 0xdd, 0xb0,
    0x0, 0x3d, 0xd3, 0x3, 0x63, 0x11, 0x19, 0x40,
    0x3f, 0x84, 0x46, 0x40, 0x1d, 0xdf, 0xce, 0x60,
    0x44, 0x0, 0xe1, 0xfe, 0x4a, 0xc5, 0xd, 0xe0,
    0xf, 0x78, 0x80, 0x38, 0x81, 0x10, 0x1, 0x28,
    0x2a, 0x84, 0x1, 0x30, 0x86, 0x40, 0x14, 0x4,
    0xf8, 0x4, 0xbd, 0x16, 0x1, 0xc2, 0xe8, 0xc,
    0xe0, 0x42, 0xc0, 0x3e, 0x62, 0x2b, 0xaf, 0x3,
    0x8, 0xe0, 0x2, 0x2f, 0x48, 0x2, 0xbf, 0x40,
    0x1e, 0x60, 0x2, 0xcd, 0x50,

    /* U+5C3D "尽" */
    0x0, 0xbb, 0xff, 0xfa, 0xc0, 0x3d, 0x7b, 0xbf,
    0x4b, 0x80, 0x79, 0x88, 0xbf, 0x0, 0x7f, 0xf2,
    0x87, 0x3b, 0xbe, 0xb0, 0xf, 0xab, 0x33, 0x23,
    0xe6, 0xe8, 0x3, 0xc8, 0x45, 0xa1, 0xcc, 0x84,
    0x3, 0x18, 0x81, 0x49, 0x81, 0x4e, 0x80, 0x79,
    0x14, 0xf, 0xba, 0x85, 0x6c, 0x10, 0xd, 0x5a,
    0x2, 0xfb, 0xa1, 0x4a, 0x5f, 0x60, 0x2, 0x9b,
    0x1a, 0x80, 0xe, 0x58, 0x26, 0xec, 0x21, 0x70,
    0xf, 0x3f, 0x4a, 0x1, 0x97, 0x44, 0x29, 0x81,
    0x33, 0xb6, 0x3e, 0x50, 0x3, 0x90, 0x3, 0xb,
    0xee, 0x87, 0xc0, 0x30,

    /* U+5C45 "居" */
    0x2, 0xdd, 0xff, 0x90, 0x0, 0x21, 0xff, 0xfc,
    0xc2, 0x1, 0x88, 0xbf, 0x80, 0x38, 0xbb, 0xbf,
    0x90, 0x3, 0x17, 0xfe, 0xc1, 0xff, 0xb9, 0x40,
    0x30, 0x8e, 0x30, 0x11, 0xc0, 0x18, 0xbf, 0xf7,
    0x7, 0xff, 0x20, 0x39, 0xff, 0xee, 0xf, 0xfe,
    0x40, 0x16, 0x0, 0xff, 0xe0, 0x91, 0x87, 0x7f,
    0xb8, 0x3f, 0xee, 0x0, 0xb3, 0xc0, 0x1b, 0xff,
    0xda, 0x1, 0xa, 0x38, 0x7, 0xff, 0x2, 0x50,
    0x40, 0x19, 0xdd, 0xd8, 0x1, 0xbc, 0x2, 0xce,
    0xee, 0xc0, 0xa, 0x10, 0x1, 0xc4, 0x1, 0xc5,
    0xc0, 0x0,

    /* U+5C5E "属" */
    0x3, 0xdd, 0xff, 0x90, 0x1d, 0xb7, 0x7f, 0x9c,
    0x40, 0x9, 0x99, 0xfc, 0x80, 0x12, 0x66, 0x7b,
    0x75, 0xda, 0x80, 0x13, 0xe6, 0x6f, 0xab, 0xb8,
    0xc0, 0x27, 0xcc, 0xc3, 0x75, 0x30, 0x40, 0x1b,
    0xee, 0xe1, 0xbb, 0xb8, 0x0, 0x22, 0x0, 0x77,
    0x41, 0xdd, 0x0, 0x46, 0x60, 0xa0, 0xf, 0xac,
    0x1, 0xfc, 0xd3, 0xdd, 0x7, 0x75, 0x2c, 0xa,
    0x7d, 0x77, 0x86, 0xf6, 0xed, 0xc2, 0x6a, 0x0,
    0x99, 0x50, 0xdc, 0x30, 0x1, 0xd0, 0x40, 0x17,
    0x17, 0xf7, 0xc0, 0x16, 0x78, 0x0, 0x48, 0x44,
    0x0, 0x8a, 0x9c, 0xa4, 0x8, 0x60, 0xe, 0x8c,
    0xe4,

    /* U+5DE5 "工" */
    0x2, 0x2f, 0xfe, 0x0, 0x3, 0x37, 0x7f, 0xe1,
    0xe, 0xff, 0xcc, 0xbf, 0xfc, 0x20, 0x1f, 0xff,
    0xf0, 0xf, 0xfe, 0xc8, 0x91, 0x70, 0x9, 0x17,
    0xab, 0x77, 0x99, 0x37, 0x7b, 0x0,

    /* U+5DE6 "左" */
    0x0, 0xf1, 0x98, 0x3, 0xff, 0x85, 0x8, 0x1,
    0xfc, 0x24, 0x59, 0x48, 0xbf, 0x0, 0x2f, 0x77,
    0xd, 0x6e, 0xfc, 0x0, 0xaf, 0xfa, 0x13, 0xff,
    0xf0, 0x7, 0xab, 0x80, 0x3f, 0xf8, 0x26, 0x65,
    0x0, 0xff, 0xe0, 0xc0, 0xf7, 0x7e, 0x10, 0xc,
    0x6b, 0x9b, 0xa9, 0x3d, 0xdc, 0x20, 0x1b, 0xac,
    0xcf, 0x1, 0x9e, 0x0, 0xd0, 0x2a, 0x1, 0xff,
    0xc0, 0x56, 0xd0, 0xf, 0xfe, 0xd, 0xd0, 0x80,
    0x7f, 0xf0, 0x71, 0x3f, 0xfa, 0xcb, 0xff, 0x70,
    0x0, 0x83, 0xbb, 0xfe, 0xf0,

    /* U+5DF2 "已" */
    0x14, 0x4f, 0xf8, 0x0, 0xb3, 0x3f, 0xeb, 0x10,
    0x4d, 0xdf, 0xf0, 0x6, 0x41, 0x0, 0xff, 0xe0,
    0x52, 0x80, 0x7f, 0xf0, 0x48, 0xbf, 0x18, 0x7,
    0x4e, 0xef, 0xd8, 0x1, 0xd7, 0xff, 0xfc, 0x20,
    0x1f, 0xfc, 0xf9, 0x30, 0xf, 0xfe, 0x2, 0x30,
    0x18, 0x7, 0xf8, 0xc4, 0x7, 0xc8, 0xbf, 0x28,
    0xb0, 0x7b, 0x6e, 0xfe, 0xb7, 0x20,

    /* U+5E38 "常" */
    0x0, 0x10, 0x80, 0x6, 0x40, 0x22, 0x0, 0xcb,
    0x82, 0x6, 0xe0, 0x3, 0xc2, 0x0, 0x9e, 0xb4,
    0x3, 0xe, 0xe8, 0x80, 0xbb, 0x92, 0x7d, 0x83,
    0xde, 0x3b, 0xda, 0x27, 0xdc, 0xfe, 0xe7, 0xf7,
    0x3f, 0xb4, 0xc0, 0x5, 0xbb, 0xfb, 0x4, 0xf,
    0x44, 0x37, 0x7d, 0xe4, 0x4e, 0x0, 0xc2, 0x3e,
    0x0, 0xf0, 0x8b, 0x76, 0xed, 0xd7, 0x28, 0x6,
    0x2c, 0xcb, 0x87, 0x32, 0xb0, 0x9, 0x7f, 0xba,
    0xc1, 0xee, 0xde, 0x1, 0x1f, 0x75, 0x83, 0xdd,
    0x80, 0x3f, 0xf8, 0x22, 0x1, 0xff, 0x47, 0x70,
    0xc0, 0xb, 0x80, 0x1e, 0x8e, 0xfc, 0x0,

    /* U+5E76 "并" */
    0x0, 0xd0, 0x40, 0x1d, 0x22, 0x1, 0xfb, 0xc0,
    0x34, 0x90, 0x80, 0x7d, 0xd, 0x0, 0x5, 0x7a,
    0x0, 0xe6, 0xdd, 0x95, 0x5b, 0xaa, 0x1c, 0xdd,
    0x38, 0x1, 0xfb, 0x90, 0x1d, 0xd6, 0x2a, 0x77,
    0x18, 0x0, 0x26, 0x66, 0x3, 0x3e, 0x13, 0x30,
    0x80, 0x7f, 0xf5, 0x47, 0xfe, 0xc1, 0xff, 0xcc,
    0xff, 0xf0, 0x8b, 0x76, 0x93, 0xdd, 0xca, 0xdb,
    0xb0, 0x81, 0x14, 0x2c, 0x45, 0x8c, 0x48, 0xa0,
    0xe, 0xbc, 0x0, 0xff, 0xe0, 0xb1, 0x30, 0x7,
    0xff, 0x1, 0xa6, 0x80, 0x3f, 0xf8, 0x3, 0x16,
    0x80, 0x1f, 0xfc, 0x1, 0xe4, 0x0, 0xf4, 0xc0,
    0x6,

    /* U+5E8F "序" */
    0x0, 0xf8, 0x64, 0x3, 0xff, 0x82, 0x28, 0xc0,
    0x1f, 0x5f, 0xff, 0x14, 0xff, 0xee, 0x0, 0x3d,
    0x77, 0x7f, 0xbc, 0x2, 0x11, 0x11, 0x7f, 0x8,
    0x6, 0x18, 0x8f, 0xb3, 0x40, 0x38, 0x6f, 0x72,
    0xed, 0x40, 0x98, 0x1, 0xf3, 0xe6, 0x1f, 0xf6,
    0xc8, 0x3, 0x91, 0xb, 0xed, 0xe, 0x48, 0x83,
    0x0, 0xb, 0xfc, 0x44, 0xc0, 0xb1, 0x9, 0xf0,
    0x1, 0x8d, 0xe6, 0x60, 0xdc, 0xc3, 0x50, 0x10,
    0x90, 0x7, 0xe4, 0x66, 0x3, 0x98, 0x7, 0xf2,
    0x78, 0x3, 0xac, 0x3, 0x88, 0x4, 0x0, 0x40,
    0x2c, 0xc0, 0xb, 0xbf, 0x54, 0x3, 0x87, 0x44,
    0x2, 0xef, 0xf5, 0x0, 0x70,

    /* U+5E93 "库" */
    0x0, 0xfa, 0x44, 0x3, 0xff, 0x82, 0xae, 0x1,
    0xf1, 0xf7, 0x71, 0xcf, 0x77, 0x0, 0x1c, 0xbb,
    0xaf, 0x7f, 0xee, 0xe0, 0xf, 0x98, 0x80, 0x3f,
    0xd1, 0xdc, 0x85, 0xee, 0xe6, 0x0, 0xd1, 0xce,
    0xdf, 0x59, 0xdd, 0x30, 0x7, 0xb, 0xc0, 0x7b,
    0x80, 0x7c, 0xe1, 0x6c, 0x20, 0x3, 0x0, 0xf0,
    0x88, 0x1d, 0xdf, 0xe4, 0x9f, 0xf8, 0x40, 0x4,
    0x61, 0xbf, 0xf2, 0x57, 0xfc, 0x20, 0xc, 0xf2,
    0x33, 0xce, 0x46, 0x78, 0x0, 0xa9, 0x3d, 0xd8,
    0xe7, 0xbb, 0x2, 0x99, 0x5e, 0xee, 0x4b, 0xdd,
    0xc1, 0x96, 0x1, 0xff, 0xc1, 0x96, 0x0, 0xf5,
    0xa8, 0x7, 0x0,

    /* U+5E94 "应" */
    0x0, 0xfa, 0x90, 0x3, 0xff, 0x82, 0x7a, 0x1,
    0xf1, 0xe6, 0x73, 0xb6, 0x67, 0x8, 0x38, 0xc4,
    0x6a, 0xb8, 0x8e, 0x10, 0x0, 0xa2, 0x60, 0x74,
    0x4e, 0x0, 0xc5, 0x60, 0x3, 0xb0, 0xb, 0x48,
    0x3, 0x12, 0x90, 0x1a, 0x0, 0x8, 0xc8, 0x3,
    0x9d, 0x41, 0xc, 0x0, 0xa8, 0x1, 0x8, 0x3,
    0x6c, 0x0, 0x44, 0xb, 0xf0, 0x8, 0xdc, 0x10,
    0x84, 0x1d, 0xc2, 0x6a, 0x1, 0x71, 0x0, 0x11,
    0xc3, 0x5, 0x94, 0x3, 0x1f, 0x80, 0x38, 0x81,
    0x92, 0xf8, 0x3, 0x22, 0x0, 0x8, 0x80, 0x1,
    0x11, 0x0, 0x27, 0x22, 0x7f, 0xfb, 0x47, 0xfe,
    0x5f, 0xb0, 0xee, 0xff, 0x96, 0x18, 0x4, 0x7f,
    0xe0,

    /* U+5EA6 "度" */
    0x0, 0xf8, 0xa4, 0x3, 0xff, 0x82, 0x6c, 0x40,
    0x1f, 0x67, 0x76, 0xf0, 0xde, 0xed, 0x20, 0x2,
    0xde, 0xa2, 0xef, 0xf6, 0xf, 0x72, 0x40, 0x21,
    0x7, 0x0, 0xc6, 0x1, 0xf6, 0x76, 0x1f, 0x75,
    0xe1, 0xdc, 0x80, 0xb, 0x3b, 0xf, 0xba, 0xf0,
    0xee, 0x40, 0x7, 0x8e, 0xee, 0xa0, 0xf, 0xe3,
    0xea, 0xad, 0xc0, 0x1c, 0x26, 0xfd, 0xff, 0xee,
    0x0, 0x84, 0x5, 0x42, 0x7b, 0xaf, 0x36, 0x0,
    0x94, 0x80, 0xb2, 0xa8, 0x2b, 0xf5, 0x0, 0x16,
    0xa0, 0x0, 0xb1, 0xfa, 0xa1, 0xc0, 0x33, 0xd2,
    0x45, 0xf3, 0xd4, 0x5f, 0x5c, 0x20, 0xb9, 0xf8,
    0x7f, 0xa9, 0x5f, 0x73, 0x44, 0x80,

    /* U+5EFA "建" */
    0x0, 0xfe, 0x80, 0xf, 0x91, 0x30, 0x91, 0x99,
    0x90, 0xcc, 0x40, 0x16, 0xf7, 0x2c, 0xd6, 0xa8,
    0x3d, 0x53, 0x80, 0x14, 0xd1, 0xb1, 0x3c, 0xc8,
    0x6e, 0x6c, 0x3, 0x99, 0x65, 0xb7, 0x61, 0xcd,
    0xc1, 0xd2, 0x3, 0x8d, 0x6, 0xdd, 0x87, 0x37,
    0x7, 0x48, 0x24, 0x33, 0x4a, 0x6e, 0xc3, 0xb7,
    0xa0, 0x1a, 0xff, 0xc, 0xd1, 0x32, 0x1f, 0x9e,
    0xf0, 0xa, 0xc0, 0x21, 0x6a, 0xa0, 0xdd, 0x52,
    0x48, 0x1, 0xac, 0x88, 0x2, 0xdd, 0xf, 0x6e,
    0xc6, 0x0, 0x69, 0xee, 0x18, 0x8c, 0x6, 0x23,
    0x10, 0x0, 0x59, 0x10, 0xbb, 0xb0, 0xe6, 0xec,
    0x80, 0x11, 0xb, 0xb4, 0xcc, 0x51, 0x33, 0x38,
    0x1, 0x1f, 0xee, 0xc8, 0x21, 0xa2, 0x1, 0xea,
    0x91, 0xcd, 0xff, 0xfe, 0x20, 0xa4, 0x0, 0x35,
    0xf7, 0xff, 0xc4,

    /* U+5F00 "开" */
    0x1, 0x33, 0xff, 0xe0, 0x8, 0x1, 0xf7, 0x6c,
    0xdd, 0xd9, 0x8d, 0xd2, 0x0, 0x1b, 0xb9, 0x43,
    0xdd, 0x99, 0xfb, 0x8a, 0x1, 0xff, 0xe5, 0x1f,
    0xfa, 0xc7, 0xff, 0x33, 0xff, 0xc2, 0x2d, 0xda,
    0x4b, 0x77, 0x2b, 0x6e, 0xc2, 0x4, 0x50, 0x31,
    0x16, 0x31, 0x22, 0x80, 0x3b, 0xc, 0x3, 0xff,
    0x82, 0x2b, 0x60, 0x1f, 0xfc, 0x1a, 0x53, 0x0,
    0xff, 0xe0, 0x53, 0x58, 0x7, 0xff, 0x1, 0x1f,
    0x4, 0x3, 0xff, 0x80, 0x9a, 0x20, 0x1e, 0x98,
    0x0, 0xc0,

    /* U+5F02 "异" */
    0x0, 0x37, 0xff, 0xf7, 0x0, 0x72, 0xff, 0xfd,
    0xa2, 0x1, 0xff, 0xc8, 0x5e, 0xef, 0xb0, 0x8,
    0x80, 0x12, 0xf7, 0x7e, 0xf4, 0x80, 0x9, 0x80,
    0x3f, 0xbc, 0xc0, 0xe, 0x3f, 0xdd, 0xf7, 0xbd,
    0x0, 0x7, 0x7b, 0x7b, 0xb6, 0xff, 0xb8, 0xc0,
    0x31, 0xe8, 0x6, 0xf4, 0x0, 0xd9, 0x97, 0xe,
    0x66, 0x38, 0xcc, 0x58, 0x7f, 0xd6, 0x7f, 0xf8,
    0xab, 0xfd, 0x0, 0x67, 0x5d, 0x19, 0xe1, 0x23,
    0x38, 0x0, 0x9a, 0xcc, 0x0, 0xff, 0x3c, 0xdd,
    0x0, 0x7f, 0xcf, 0xac, 0x1, 0xec, 0x50, 0x8,

    /* U+5F03 "弃" */
    0x0, 0xfa, 0xd0, 0x3, 0xff, 0x85, 0x90, 0x1,
    0xfa, 0xff, 0xfa, 0xf, 0xff, 0xac, 0x1, 0x7d,
    0xd4, 0x8e, 0x77, 0x2f, 0xba, 0xb0, 0x8, 0x44,
    0x93, 0xa6, 0x27, 0x48, 0x22, 0x0, 0xe7, 0xbc,
    0x30, 0x1, 0x55, 0x18, 0x3, 0x92, 0x3, 0xba,
    0xff, 0x51, 0x43, 0x80, 0x64, 0xcd, 0xff, 0x77,
    0xfb, 0xb7, 0x0, 0x3c, 0x61, 0x82, 0x1, 0x5a,
    0x93, 0x80, 0x42, 0x33, 0x80, 0x8e, 0x73, 0x11,
    0x80, 0xbb, 0xab, 0x1e, 0xec, 0x73, 0xdd, 0x9,
    0x7f, 0xd0, 0x9f, 0xf9, 0x2b, 0xfe, 0x10, 0x8,
    0x67, 0x80, 0x3f, 0xf8, 0xb, 0xee, 0xa0, 0x1f,
    0xf3, 0xc5, 0xc8, 0x7, 0xff, 0x1, 0xf5, 0x40,
    0x3d, 0x6a, 0x1, 0x80,

    /* U+5F0F "式" */
    0x0, 0xfc, 0x56, 0xa, 0x20, 0x1f, 0xf2, 0x81,
    0xf9, 0x0, 0x7f, 0x18, 0x83, 0x5d, 0x80, 0x1f,
    0xff, 0x70, 0x7f, 0xa9, 0xb4, 0x37, 0x7f, 0x6,
    0x6e, 0xd8, 0x4, 0x5f, 0x80, 0x48, 0xa1, 0x0,
    0xfe, 0x21, 0x0, 0xe8, 0xff, 0xf2, 0xb, 0x0,
    0x74, 0x7f, 0x92, 0x3f, 0xc8, 0xa4, 0x1, 0xff,
    0xc1, 0xed, 0x0, 0xff, 0xe0, 0xa2, 0x0, 0x2,
    0x60, 0x1f, 0x84, 0xc4, 0x81, 0x64, 0x4, 0xd5,
    0xab, 0x7f, 0x1, 0x6c, 0xc, 0x83, 0xba, 0x4b,
    0x9d, 0xd0, 0x43, 0x32, 0xb0, 0x3f, 0x6e, 0x59,
    0x8, 0x0, 0x55, 0xc, 0x80,

    /* U+5F39 "弹" */
    0x0, 0xf9, 0x40, 0x25, 0x10, 0x1, 0xaa, 0xc4,
    0x0, 0x83, 0x1, 0x81, 0x0, 0x27, 0xfa, 0xd0,
    0x1, 0x10, 0xb, 0xb0, 0x4, 0xf5, 0x44, 0x1,
    0xfb, 0x5f, 0x48, 0xf2, 0x0, 0xf8, 0xbb, 0x81,
    0xdc, 0x20, 0xb, 0x30, 0x80, 0x10, 0x88, 0x4,
    0x40, 0x10, 0x94, 0x52, 0x1, 0x66, 0x3, 0x30,
    0x40, 0x3, 0x24, 0x41, 0x1, 0x6e, 0x83, 0x74,
    0x40, 0x1, 0x4, 0x40, 0x0, 0xce, 0x4, 0x33,
    0x0, 0x4f, 0xf6, 0x42, 0xb1, 0x0, 0xf8, 0x53,
    0x3, 0xbb, 0x10, 0x2, 0xee, 0xb, 0xb8, 0x40,
    0x31, 0x8f, 0xfe, 0xf, 0xfc, 0x1, 0x84, 0xff,
    0xf0, 0x77, 0xfc, 0x1, 0x18, 0x7, 0xc2, 0x1,
    0xa3, 0xf2, 0x0, 0x3f, 0xe0,

    /* U+5F53 "当" */
    0x0, 0xf2, 0x8, 0x7, 0x9c, 0xc0, 0x28, 0x40,
    0x8, 0xdc, 0x7, 0x44, 0x3, 0xc5, 0xa2, 0xc,
    0xcc, 0x10, 0xc, 0x39, 0x2c, 0x0, 0x87, 0x60,
    0xd, 0x4e, 0xe0, 0x0, 0x8a, 0x18, 0x44, 0x63,
    0x30, 0x22, 0x3e, 0xe6, 0xf7, 0xa, 0x7b, 0x7b,
    0x98, 0x7f, 0xff, 0xea, 0x0, 0xff, 0xe1, 0xdf,
    0x77, 0xf5, 0x0, 0x2b, 0x33, 0xfa, 0x40, 0x2,
    0x45, 0xfc, 0x60, 0x1f, 0xfc, 0x29, 0xff, 0xff,
    0x50, 0x4f, 0x77, 0xfa, 0x80,

    /* U+5F55 "录" */
    0x0, 0x4f, 0x77, 0xf6, 0x0, 0x74, 0xf7, 0x7e,
    0xa1, 0x0, 0xff, 0xe1, 0x38, 0x7, 0x8f, 0xff,
    0xf6, 0x0, 0x78, 0xff, 0xff, 0x60, 0x7, 0x5e,
    0x67, 0xf7, 0x16, 0x60, 0x1, 0x32, 0xff, 0xca,
    0xff, 0xee, 0xc8, 0xf0, 0x1, 0x6f, 0x9, 0x9b,
    0x90, 0x8c, 0xa3, 0xcc, 0x2, 0x8b, 0xd2, 0xe,
    0xa, 0x3f, 0x1b, 0x0, 0xe6, 0xc4, 0xd6, 0x57,
    0xc8, 0xa0, 0xf, 0x37, 0x5c, 0x40, 0x34, 0xf4,
    0x40, 0x33, 0x6d, 0xc6, 0xa8, 0x0, 0x70, 0xb9,
    0xc4, 0x1, 0xb7, 0xaa, 0x0, 0xd3, 0x0, 0x4e,
    0x64, 0x0, 0xb6, 0x2, 0xff, 0x25, 0x0, 0x47,
    0x78, 0x0,

    /* U+5F71 "影" */
    0x0, 0xff, 0xe0, 0x88, 0x4, 0x39, 0x9e, 0xa0,
    0x8, 0xbc, 0x80, 0x36, 0x66, 0xe7, 0x0, 0x16,
    0x59, 0x0, 0x47, 0x99, 0xb8, 0x0, 0x79, 0xa,
    0x1, 0x8f, 0x33, 0x70, 0x26, 0x43, 0x0, 0x70,
    0xee, 0xbf, 0x7d, 0xd6, 0xd8, 0x1d, 0x0, 0x5,
    0x32, 0x81, 0x99, 0x71, 0xa0, 0x3d, 0x28, 0x1,
    0xc, 0xc5, 0x26, 0x73, 0x4, 0xd6, 0x8, 0x1,
    0xf2, 0xef, 0xbd, 0xb4, 0xb0, 0x40, 0x32, 0x66,
    0x6f, 0x36, 0xab, 0x12, 0xc0, 0xd, 0x77, 0xbc,
    0x11, 0xc0, 0x1d, 0x40, 0x17, 0x72, 0xd6, 0xe6,
    0xc0, 0x2b, 0x66, 0x0, 0x54, 0x40, 0x17, 0x38,
    0x2, 0x82, 0x80, 0x2b, 0x27, 0x1, 0xb, 0xb1,
    0xe0, 0x58, 0x6, 0xd9, 0xcf, 0x50, 0x6, 0x72,
    0x50, 0x7, 0x30, 0x67, 0xd0, 0x5, 0x90, 0x1,
    0xc0,

    /* U+5F85 "待" */
    0x0, 0xc4, 0x1, 0x88, 0x80, 0x1f, 0x87, 0x10,
    0x2, 0xab, 0x0, 0xfd, 0xae, 0x84, 0x50, 0x99,
    0x14, 0x1, 0xad, 0xe4, 0x27, 0xfc, 0xeb, 0xff,
    0x20, 0x2, 0xc2, 0xd0, 0x2f, 0x74, 0xcc, 0xdd,
    0x90, 0x1, 0xd6, 0x54, 0x42, 0x30, 0x0, 0x47,
    0x0, 0x14, 0x3a, 0x63, 0xba, 0x76, 0xee, 0xc0,
    0x13, 0x9b, 0xd7, 0xff, 0x52, 0x7f, 0x80, 0x9,
    0x0, 0x11, 0x17, 0x80, 0x88, 0x0, 0xaa, 0x0,
    0x17, 0xff, 0xa5, 0x3e, 0x40, 0x18, 0xa0, 0x5,
    0x99, 0x6e, 0xd6, 0x9b, 0x60, 0x2, 0x0, 0xc3,
    0x66, 0x1, 0xff, 0xc1, 0x59, 0xe0, 0xf, 0xfe,
    0x13, 0x60, 0x3, 0x4, 0x3, 0xfe, 0x2f, 0xf3,
    0xf0, 0x7, 0xb4, 0x3, 0x1f, 0xfb, 0x90, 0x2,

    /* U+5FAE "微" */
    0x0, 0x90, 0x0, 0xe4, 0x1, 0x31, 0x0, 0x71,
    0x52, 0x8e, 0x8a, 0x8, 0x41, 0x80, 0x77, 0x47,
    0x90, 0x3, 0x88, 0xa1, 0x0, 0xce, 0xe6, 0x0,
    0xf2, 0x9f, 0x74, 0x3, 0x34, 0xc1, 0xc9, 0xc8,
    0x15, 0x7e, 0xb4, 0x3, 0xe7, 0x17, 0xf9, 0xf8,
    0xc4, 0x22, 0x76, 0x0, 0xc, 0xc8, 0x48, 0xb7,
    0xa1, 0x1, 0x10, 0x0, 0xa8, 0x8a, 0xff, 0xdd,
    0xfa, 0x46, 0x0, 0x1b, 0x10, 0xaf, 0xfc, 0x8a,
    0x8a, 0x80, 0x4, 0x95, 0x3, 0xee, 0x9c, 0x4,
    0xa7, 0x0, 0xa, 0xe0, 0x12, 0x74, 0x0, 0x54,
    0x2a, 0x1, 0xf1, 0x80, 0x3e, 0x42, 0x81, 0x0,
    0x3c, 0xbc, 0x2, 0xf9, 0x1, 0x32, 0x10, 0xc,
    0xf6, 0xa0, 0x56, 0x4d, 0xac, 0xfa, 0x1, 0x86,
    0x88, 0x15, 0x2b, 0x4, 0x29, 0x80, 0x2b, 0x57,
    0x0, 0xda, 0x40, 0x15, 0x0,

    /* U+5FC3 "心" */
    0x0, 0xff, 0xe5, 0x3b, 0x80, 0x3f, 0xf8, 0x4b,
    0x8, 0x1, 0xff, 0xc1, 0x28, 0xa1, 0x0, 0xff,
    0x1e, 0x3, 0x95, 0x80, 0x7e, 0x22, 0x39, 0x0,
    0x39, 0x48, 0x5c, 0x3, 0xae, 0xc0, 0x18, 0xb8,
    0x82, 0x8, 0x3, 0x26, 0x0, 0x70, 0x80, 0xb5,
    0x80, 0x42, 0x48, 0x1, 0xfa, 0x98, 0x2, 0x73,
    0x10, 0xf, 0xc6, 0x4c, 0x0, 0xdb, 0x0, 0xfd,
    0x81, 0x54, 0x0, 0x33, 0x0, 0x3f, 0x18, 0x32,
    0x80, 0x34, 0x40, 0x3e, 0x10, 0x0, 0xc8, 0x7,
    0x30, 0xa9, 0x15, 0x22, 0x1, 0xf8, 0x9a, 0xb7,
    0x66, 0x80, 0xc,

    /* U+5FC5 "必" */
    0x0, 0xff, 0xe5, 0x69, 0x80, 0x7f, 0xf0, 0xa3,
    0x48, 0x0, 0x8e, 0x1, 0xf9, 0x16, 0x7c, 0x42,
    0x4, 0x3, 0xe2, 0xb0, 0x74, 0x24, 0x26, 0x0,
    0xea, 0x30, 0xd, 0x27, 0x30, 0x1, 0xe5, 0x20,
    0xe, 0x81, 0x7e, 0x0, 0xc6, 0x22, 0x0, 0xc8,
    0xfc, 0x2a, 0xe0, 0x12, 0x20, 0x3, 0x15, 0x50,
    0x82, 0x24, 0x2, 0xcc, 0x0, 0x45, 0x92, 0xa0,
    0x3, 0x57, 0x0, 0x23, 0x80, 0x58, 0xce, 0x0,
    0x51, 0xfa, 0x0, 0x78, 0x82, 0x84, 0x40, 0x2,
    0xb2, 0x4c, 0x0, 0x8b, 0x24, 0x18, 0x3, 0x8,
    0x80, 0x40, 0x13, 0xa9, 0x80, 0xa2, 0x32, 0x81,
    0x0, 0x6f, 0xd8, 0x27, 0xae, 0xea, 0xe0, 0x3,
    0x0,

    /* U+5FEB "快" */
    0x0, 0x9c, 0x3, 0x9c, 0x40, 0x3f, 0x48, 0x80,
    0x68, 0x30, 0xf, 0xfe, 0x53, 0xb8, 0x2c, 0x27,
    0xfc, 0x1b, 0xfe, 0x90, 0xb, 0xc4, 0x6, 0xed,
    0xdc, 0xc, 0xe8, 0x0, 0xc4, 0x40, 0xa3, 0x30,
    0x88, 0x8, 0x44, 0x1, 0x9d, 0x80, 0x10, 0x20,
    0x1f, 0xe2, 0x20, 0x4, 0x23, 0x1, 0x88, 0x80,
    0x21, 0x40, 0xa, 0xbb, 0xa0, 0xde, 0x86, 0xf0,
    0x1b, 0x0, 0xab, 0xfd, 0x60, 0xff, 0xf8, 0x3,
    0xfb, 0x91, 0x84, 0x3, 0xfe, 0x45, 0xa7, 0xb0,
    0xf, 0xf2, 0x5d, 0xc, 0xbd, 0x0, 0x7e, 0x8b,
    0xa5, 0x0, 0x63, 0x6a, 0x0, 0x73, 0xae, 0x28,
    0x4, 0x39, 0x5e, 0x1, 0xb9, 0xb4, 0xc0, 0x3c,
    0xf6, 0x0,

    /* U+6001 "态" */
    0x0, 0xf8, 0x40, 0x3f, 0xf8, 0x2d, 0x60, 0x1f,
    0x12, 0x27, 0x60, 0xa2, 0x78, 0x1f, 0xff, 0x95,
    0x23, 0xff, 0x70, 0x2d, 0xde, 0xe1, 0x45, 0xbb,
    0xd4, 0x1, 0xc5, 0x71, 0x49, 0x0, 0x1f, 0x93,
    0x4, 0xc7, 0x16, 0xc8, 0x3, 0x25, 0xda, 0x32,
    0xdc, 0x70, 0x76, 0x4c, 0x2a, 0xcf, 0x98, 0xff,
    0xc0, 0x35, 0x85, 0x85, 0x7d, 0x2, 0xc0, 0x98,
    0x1, 0x15, 0xf1, 0xb, 0x40, 0xc8, 0x35, 0x10,
    0x2, 0x9c, 0x40, 0x15, 0x80, 0x11, 0xc7, 0xa,
    0x4c, 0x84, 0xc, 0xc8, 0x1, 0x9b, 0x8a, 0x9,
    0xac, 0x26, 0x40, 0x20, 0x40, 0x2, 0x67, 0x8,
    0x71, 0xb7, 0x0, 0x2e, 0xff, 0xd7, 0xc0, 0xd,
    0x10,

    /* U+600E "怎" */
    0x0, 0x98, 0x80, 0x3f, 0xf8, 0x5, 0x26, 0x1,
    0xff, 0xc0, 0xb0, 0xef, 0xff, 0xd0, 0x0, 0x27,
    0xdc, 0x1e, 0xef, 0xa0, 0x1, 0xd2, 0x42, 0x1,
    0xf0, 0x80, 0x1d, 0xe0, 0x0, 0xff, 0xf9, 0xc0,
    0xd, 0x40, 0x10, 0xf7, 0x79, 0xc0, 0x2, 0x20,
    0x8, 0x7f, 0xfd, 0x80, 0x1f, 0xf, 0xff, 0xb0,
    0x3, 0xc5, 0xa8, 0x40, 0x1f, 0x95, 0x45, 0xa7,
    0xbe, 0x1, 0x50, 0x80, 0x52, 0x0, 0x30, 0x96,
    0xa0, 0x7d, 0xa0, 0x1, 0x1a, 0x80, 0x6b, 0x91,
    0x97, 0x65, 0xb, 0x60, 0x31, 0x10, 0x0, 0xd4,
    0xc2, 0x24, 0x36, 0xc0, 0x53, 0xbf, 0xea, 0xb0,
    0x5d, 0x0,

    /* U+6025 "急" */
    0x0, 0xe2, 0x20, 0x7, 0xff, 0x4, 0xb1, 0x40,
    0x3f, 0xf8, 0x5, 0x83, 0x3d, 0xd7, 0xf0, 0x7,
    0x9b, 0x27, 0xfb, 0xaa, 0x2d, 0x0, 0xe9, 0x80,
    0xad, 0xdd, 0x67, 0xdb, 0x20, 0x15, 0xff, 0xb3,
    0x3b, 0xbf, 0x20, 0x80, 0x22, 0x10, 0xf, 0xfe,
    0x18, 0xee, 0xff, 0x40, 0x7, 0xe, 0x67, 0xf4,
    0x80, 0x74, 0xff, 0xff, 0x58, 0x80, 0x69, 0xff,
    0xd1, 0x5f, 0xfa, 0x80, 0x35, 0x21, 0x68, 0x2d,
    0x90, 0x9c, 0x40, 0x2, 0x24, 0x40, 0x18, 0x14,
    0x3a, 0xfc, 0xb1, 0x80, 0x21, 0x80, 0xc4, 0x40,
    0xca, 0x4e, 0x37, 0xc0, 0x3, 0x80, 0x14, 0xef,
    0xfa, 0x3c, 0x16, 0xc0,

    /* U+6062 "恢" */
    0x0, 0x9c, 0x2, 0x54, 0x0, 0xff, 0x40, 0x5,
    0x86, 0x1, 0xf8, 0x44, 0x0, 0x5d, 0x69, 0xdd,
    0xec, 0x0, 0x33, 0x85, 0x27, 0x1c, 0x77, 0x78,
    0x1, 0xc4, 0x7, 0x46, 0x28, 0x76, 0xc6, 0x62,
    0x0, 0x13, 0x4, 0xf8, 0x11, 0x0, 0x8c, 0x4,
    0x2, 0x62, 0x0, 0x21, 0x4, 0x0, 0xc, 0x2d,
    0x0, 0x3e, 0x45, 0x50, 0x88, 0x9, 0x90, 0x5,
    0x0, 0x36, 0xf5, 0x4b, 0xec, 0xc0, 0x0, 0x64,
    0x2, 0x25, 0x47, 0xe3, 0x4e, 0x40, 0xf, 0xa9,
    0xc0, 0x25, 0x16, 0x0, 0xf8, 0x9e, 0x0, 0x62,
    0x6e, 0x0, 0x3e, 0x77, 0x8, 0x6b, 0x1b, 0x32,
    0x0, 0x3c, 0xb0, 0x5a, 0xb0, 0x0, 0xf6, 0x80,
    0xf, 0xa2, 0xa4, 0x2, 0x2c, 0x20, 0xd, 0xe0,
    0xa, 0x70, 0xe, 0x2a, 0x0,

    /* U+606F "息" */
    0x0, 0xf3, 0x88, 0x7, 0xff, 0x0, 0xa0, 0x40,
    0x3f, 0xf, 0xf7, 0x30, 0x7b, 0xb7, 0xa0, 0x6,
    0x1e, 0xef, 0xc6, 0x1, 0xc3, 0xdd, 0xf8, 0xc0,
    0x38, 0x7b, 0xbf, 0x18, 0x7, 0xe, 0x67, 0xe3,
    0x0, 0xe1, 0xee, 0xfc, 0x60, 0x1e, 0x33, 0xfc,
    0x1, 0xe2, 0xdd, 0xfc, 0xe, 0x1, 0x1f, 0x6c,
    0x65, 0x26, 0x65, 0xc2, 0x1, 0x42, 0x14, 0x83,
    0xb2, 0x1, 0x27, 0x0, 0x4a, 0xe0, 0x10, 0xd1,
    0x8e, 0x33, 0xb8, 0x19, 0x4, 0xc, 0x41, 0x1d,
    0x4c, 0x26, 0x42, 0x10, 0x6, 0x5d, 0xff, 0x5d,
    0x80, 0xb4, 0x40,

    /* U+60C5 "情" */
    0x0, 0x98, 0x3, 0x90, 0xc0, 0x3f, 0x48, 0x7,
    0x62, 0x0, 0x7f, 0x93, 0x76, 0x69, 0xdd, 0x9c,
    0x0, 0xa8, 0xe, 0x9b, 0xb3, 0x4e, 0xec, 0xe0,
    0xc, 0x10, 0xb7, 0xbc, 0xc3, 0x4e, 0x64, 0x40,
    0x2, 0x60, 0xc6, 0xbc, 0xc3, 0x4e, 0x64, 0x40,
    0x6, 0x20, 0x5, 0xe6, 0x49, 0x79, 0x98, 0x0,
    0x62, 0x0, 0xad, 0xdf, 0xd8, 0x4, 0x40, 0xd,
    0x9b, 0x55, 0xb7, 0xc0, 0x5, 0x80, 0x1d, 0x13,
    0x3b, 0xc0, 0x3f, 0xdf, 0x33, 0xa0, 0x3, 0xfd,
    0xd3, 0x3a, 0x0, 0x3f, 0xdd, 0x11, 0xa4, 0x3,
    0xfd, 0x35, 0x5a, 0x0, 0x3f, 0x84, 0x2, 0x6e,
    0xc7, 0x0, 0x0,

    /* U+610F "意" */
    0x0, 0xf9, 0x8, 0x3, 0xff, 0x85, 0xb0, 0x1,
    0xf8, 0x73, 0x1b, 0xf8, 0xad, 0x9f, 0xb9, 0x81,
    0x0, 0xe, 0x63, 0x43, 0x32, 0xd1, 0xdc, 0xc0,
    0x80, 0x33, 0x76, 0xd, 0xdb, 0xc7, 0x76, 0xc0,
    0x6, 0x6e, 0xdf, 0xbb, 0x77, 0xee, 0xd8, 0x1,
    0xf, 0xe6, 0x7e, 0xf0, 0xf, 0xb3, 0x3f, 0x0,
    0x7e, 0xcc, 0xfc, 0x1, 0xfb, 0x33, 0xf0, 0x7,
    0x84, 0xf3, 0x3f, 0x18, 0x7, 0x1c, 0xf5, 0x62,
    0x5e, 0x65, 0xe6, 0x1, 0xbc, 0xda, 0x82, 0x68,
    0xd5, 0xdb, 0x80, 0x27, 0x6, 0x1, 0x1, 0xd3,
    0x2f, 0x57, 0x90, 0x7, 0x70, 0x14, 0x37, 0x74,
    0xd8, 0x58, 0x0,

    /* U+611F "感" */
    0x0, 0xfc, 0x54, 0x8, 0x60, 0x1f, 0xe3, 0x50,
    0x7f, 0x0, 0xd5, 0x99, 0xda, 0x19, 0xe7, 0x8e,
    0x0, 0x78, 0xee, 0xe2, 0x9e, 0xde, 0x60, 0xd,
    0x11, 0x91, 0xcc, 0xa9, 0x44, 0x2, 0x68, 0x8c,
    0xf9, 0xe4, 0xcc, 0x0, 0x8c, 0xd7, 0x33, 0x2,
    0x3f, 0xd8, 0x90, 0x8, 0xc9, 0x76, 0x70, 0x20,
    0x45, 0x39, 0x4, 0x20, 0x3, 0x30, 0x4b, 0x9,
    0x5, 0xc, 0x25, 0x2, 0xc, 0xd0, 0xa9, 0x8b,
    0xd3, 0x40, 0xf6, 0xa, 0xa7, 0x26, 0x80, 0x8d,
    0xf2, 0xb, 0x81, 0x94, 0x2a, 0x60, 0x0, 0xc8,
    0x80, 0x19, 0x82, 0x62, 0x19, 0xa1, 0x64, 0x34,
    0x3, 0x10, 0x0, 0x18, 0xd, 0x83, 0xd, 0x22,
    0x9b, 0x20, 0x7c, 0x7f, 0xe6, 0x20, 0xd7,

    /* U+6210 "成" */
    0x0, 0xfc, 0xe6, 0x10, 0x1, 0xff, 0x6a, 0x80,
    0xe0, 0x80, 0x7f, 0x18, 0x84, 0xa1, 0x0, 0x59,
    0xff, 0xcd, 0x1f, 0xe7, 0xc9, 0x0, 0xd, 0xf7,
    0x68, 0x5e, 0xed, 0x0, 0x13, 0x88, 0xe3, 0x11,
    0x8c, 0xc2, 0x1, 0x38, 0x8c, 0xc, 0xc0, 0x4,
    0x28, 0x6, 0xbe, 0xe8, 0x8a, 0x1, 0x56, 0x0,
    0xdb, 0xfe, 0x10, 0x1, 0x1c, 0xb0, 0x80, 0x46,
    0x60, 0x0, 0x98, 0x25, 0x34, 0x0, 0x61, 0x10,
    0x4, 0x21, 0x8d, 0x22, 0x8, 0x6, 0x20, 0x3,
    0x0, 0xbc, 0x14, 0xa, 0x41, 0x54, 0xfd, 0x8c,
    0x12, 0xeb, 0x60, 0xce, 0x15, 0xad, 0x9d, 0x34,
    0x99, 0x6e, 0xdf, 0x84, 0x6c, 0x24, 0x20, 0x78,
    0x22, 0xa8, 0x76, 0x2e, 0x0, 0xe9, 0x10, 0x2,
    0x76, 0x0,

    /* U+6211 "我" */
    0x0, 0xfc, 0x6c, 0x1, 0xf0, 0x9b, 0x46, 0x33,
    0x28, 0x2c, 0x80, 0x29, 0xff, 0x48, 0x43, 0x8,
    0x3, 0x70, 0x80, 0x13, 0xd8, 0x36, 0x80, 0xe2,
    0xd, 0x1e, 0x1, 0xfc, 0x26, 0x0, 0x6c, 0x0,
    0x7f, 0xc3, 0x9f, 0xed, 0x1f, 0xfb, 0xb8, 0x1d,
    0xd0, 0xdf, 0x74, 0x1b, 0xdd, 0x78, 0x8, 0xc0,
    0xe2, 0x38, 0x4, 0xb0, 0x40, 0x39, 0x27, 0x0,
    0x98, 0x76, 0x0, 0xd, 0x5c, 0x34, 0x12, 0xb,
    0x9a, 0xea, 0x0, 0xc2, 0xa1, 0xe9, 0x50, 0xf7,
    0x69, 0x1, 0xa, 0x84, 0x0, 0xc7, 0x1, 0x40,
    0x58, 0x1, 0xe1, 0x9c, 0x82, 0x70, 0x77, 0x0,
    0x44, 0x22, 0xa0, 0xe6, 0x88, 0x2c, 0xe0, 0x37,
    0xea, 0x15, 0xc8, 0x82, 0xc5, 0x3, 0x0,

    /* U+6216 "或" */
    0x0, 0xfc, 0x30, 0x2, 0x40, 0x1f, 0xfc, 0x7,
    0x4, 0x80, 0xf, 0xf8, 0x40, 0x51, 0x0, 0x1b,
    0x7f, 0xfe, 0xe, 0xe0, 0xff, 0x0, 0x33, 0xbb,
    0xe1, 0xbe, 0xeb, 0xc0, 0x2, 0x3f, 0x8c, 0x4,
    0xe4, 0x40, 0x2d, 0xff, 0xc8, 0xc, 0x41, 0x42,
    0x1, 0xd9, 0xfe, 0x30, 0x1, 0x70, 0x35, 0x0,
    0x7f, 0xdc, 0x4e, 0xa6, 0x1, 0xdd, 0x98, 0x30,
    0x1, 0xa4, 0xc8, 0x3, 0xbf, 0xbf, 0xd8, 0x80,
    0x82, 0xc4, 0x14, 0x1, 0x11, 0x9c, 0xa, 0xe,
    0x1a, 0x2, 0x80, 0x4, 0x7a, 0xdf, 0xce, 0x59,
    0x6e, 0x5, 0x50, 0x2, 0x34, 0xa3, 0x7f, 0x6b,
    0x65, 0x5f, 0xf0, 0x1, 0x95, 0xa, 0x41, 0xb8,
    0x61, 0xb2, 0xcc, 0x0, 0xfd, 0x66, 0x0, 0x3e,
    0xd1, 0x0,

    /* U+6237 "户" */
    0x0, 0xf8, 0x8c, 0x3, 0xff, 0x82, 0x9c, 0x1,
    0xfc, 0x45, 0x94, 0x94, 0x8b, 0x0, 0x45, 0xb9,
    0x96, 0x8d, 0xe6, 0x5a, 0x20, 0x1b, 0xbb, 0xf8,
    0x3, 0xff, 0xb0, 0x89, 0xfc, 0x1, 0xe9, 0x9f,
    0xe2, 0x0, 0x84, 0x5b, 0xbf, 0xe1, 0x0, 0x31,
    0x80, 0x7f, 0xf0, 0x75, 0xc0, 0x3f, 0xf8, 0x2b,
    0xe0, 0x1f, 0xfc, 0x4, 0x24, 0x0, 0xff, 0xe0,
    0x4b, 0x88, 0x7, 0xff, 0x3, 0xe0, 0x3, 0xff,
    0x80,

    /* U+624B "手" */
    0x0, 0x8, 0x89, 0x15, 0x9e, 0x6b, 0x2c, 0x0,
    0x3f, 0xdc, 0xc9, 0x88, 0x70, 0xe4, 0xc8, 0x0,
    0x3f, 0xf7, 0x6d, 0x94, 0xc3, 0x29, 0x0, 0x7f,
    0xf1, 0x88, 0xcf, 0x70, 0x99, 0xf0, 0x5, 0x3b,
    0xb9, 0x8b, 0x77, 0x70, 0x5, 0x7d, 0xda, 0xf,
    0xbb, 0x68, 0x7, 0xff, 0x17, 0xbb, 0xd2, 0x7d,
    0xde, 0xc, 0xcf, 0x41, 0x66, 0x78, 0x8, 0xbc,
    0x22, 0x22, 0xf0, 0x7, 0xff, 0x20, 0x45, 0xee,
    0x1, 0xfe, 0x6e, 0xe3, 0xf0, 0x7, 0xc0,

    /* U+6267 "执" */
    0x0, 0xd, 0x0, 0x6b, 0x10, 0xf, 0xe5, 0x0,
    0xc8, 0x1, 0xff, 0xcc, 0xbd, 0xc, 0x87, 0xc0,
    0xdc, 0xc5, 0x0, 0x68, 0x90, 0x8a, 0x58, 0x8,
    0x84, 0xb8, 0x6, 0x34, 0x4, 0x22, 0x20, 0x22,
    0x1c, 0x3, 0xf2, 0x30, 0x8, 0x7, 0xf9, 0x2,
    0x83, 0x24, 0x3, 0xfb, 0x6c, 0x39, 0xa1, 0x40,
    0xc0, 0x3e, 0x8f, 0x0, 0x92, 0xc7, 0x28, 0x40,
    0x39, 0x40, 0x3b, 0x67, 0x40, 0x40, 0x3f, 0xc2,
    0x8a, 0x54, 0x46, 0x14, 0x20, 0x1e, 0xb4, 0x20,
    0x8, 0x41, 0xc4, 0x0, 0x40, 0x4, 0x59, 0x0,
    0xc6, 0xec, 0x0, 0xec, 0x40, 0xa9, 0x20, 0xd,
    0x31, 0xe0, 0xe, 0xfb, 0xf, 0x60, 0xe, 0x5f,
    0x40,

    /* U+62A4 "护" */
    0x0, 0x88, 0x3, 0x84, 0x80, 0x3e, 0xf3, 0x0,
    0xcf, 0x20, 0x1f, 0xf0, 0x89, 0x10, 0x62, 0x20,
    0x2, 0x29, 0xa2, 0x97, 0x73, 0x43, 0x3b, 0x84,
    0x1d, 0x23, 0x72, 0x3, 0xff, 0xc2, 0x0, 0xac,
    0x2f, 0xc0, 0xf, 0xfe, 0x84, 0x70, 0x1, 0x57,
    0x84, 0x0, 0xfa, 0x44, 0xc0, 0x19, 0x9e, 0x30,
    0x6, 0xc9, 0x51, 0x9, 0xe6, 0x78, 0x82, 0x90,
    0x2, 0x67, 0x0, 0xff, 0xe0, 0xe9, 0x80, 0x7f,
    0xf0, 0x56, 0xc0, 0x3f, 0x9, 0x18, 0xa9, 0x98,
    0x3, 0xf4, 0x69, 0x12, 0x20, 0x1, 0xfd, 0x3f,
    0x81, 0x8c, 0x1, 0xf8,

    /* U+62DF "拟" */
    0x0, 0xb, 0x0, 0x61, 0x0, 0xfc, 0x70, 0x0,
    0x30, 0xb5, 0x0, 0x61, 0x0, 0x7d, 0xc5, 0x30,
    0x0, 0x13, 0x0, 0x1a, 0x2, 0x8, 0x0, 0xc5,
    0x40, 0xc0, 0x2f, 0xb1, 0x94, 0x0, 0xa3, 0x40,
    0x3b, 0x3c, 0x75, 0x40, 0x24, 0x80, 0x11, 0x0,
    0x7f, 0xf2, 0x21, 0x40, 0x38, 0x88, 0x1, 0x37,
    0x8, 0x90, 0x2, 0x20, 0x66, 0x0, 0x6, 0xac,
    0x64, 0x40, 0xd, 0xe1, 0xa6, 0x0, 0x1c, 0x50,
    0xd, 0x71, 0xe0, 0xfc, 0x1, 0xf8, 0xd3, 0xca,
    0x2, 0x4, 0x3, 0xe4, 0xc1, 0x66, 0x62, 0x50,
    0x0, 0x5c, 0x2, 0xa1, 0x89, 0xd2, 0xb5, 0x60,
    0xea, 0x60, 0x8, 0xd7, 0xc, 0x6, 0x90, 0x3f,
    0xd0, 0x1, 0x1e, 0x98, 0x4, 0x84,

    /* U+6301 "持" */
    0x0, 0x94, 0x3, 0xc8, 0x1, 0xf0, 0xd8, 0x7,
    0x15, 0x0, 0x7f, 0xc7, 0x10, 0xb1, 0x88, 0x8c,
    0x1, 0x5a, 0x36, 0xc1, 0xdd, 0x7, 0x74, 0x20,
    0xe, 0x90, 0xf4, 0x36, 0x62, 0x8b, 0x34, 0x40,
    0x4, 0x40, 0xa1, 0x8, 0xe0, 0x11, 0xc0, 0x1e,
    0x6e, 0xeb, 0x7, 0xbb, 0x10, 0x4, 0x2c, 0x7f,
    0xfd, 0xa3, 0xfe, 0x21, 0x7d, 0xd, 0x11, 0xf8,
    0x4, 0x40, 0x59, 0x63, 0x6d, 0xdd, 0xd8, 0x3d,
    0xc0, 0x3b, 0x60, 0x1, 0x74, 0xff, 0xda, 0x3f,
    0xe0, 0xf, 0xd7, 0x0, 0x1f, 0xfc, 0x11, 0xc6,
    0x40, 0xf, 0xc4, 0x1, 0x87, 0xd0, 0x1c, 0x3,
    0xbb, 0x1c, 0x3, 0xf, 0xfa, 0x98, 0x3, 0x77,
    0xc8, 0x7, 0x7f, 0xd0, 0x1, 0x0,

    /* U+6309 "按" */
    0x0, 0x84, 0x3, 0x8c, 0x40, 0x3c, 0x5e, 0x1,
    0xd0, 0xc0, 0x1f, 0xe5, 0x58, 0xa9, 0x56, 0x10,
    0x34, 0x4, 0x1a, 0xff, 0x1b, 0xff, 0xac, 0x82,
    0x2c, 0x61, 0x2, 0xa6, 0x2a, 0xa3, 0x0, 0x5f,
    0x8e, 0x2d, 0x84, 0x20, 0x5, 0xc6, 0x1, 0xe5,
    0x14, 0x40, 0x8c, 0x40, 0x10, 0x8b, 0xa3, 0xb8,
    0x1b, 0xdd, 0xa4, 0x6b, 0x7, 0x63, 0xce, 0xbf,
    0xd6, 0x7f, 0x23, 0xb6, 0x6, 0x6, 0x4a, 0x0,
    0xeb, 0x0, 0x9d, 0x80, 0x26, 0x7, 0x3, 0x56,
    0x0, 0xfc, 0xb9, 0x8d, 0xe8, 0x10, 0xf, 0xe2,
    0xf2, 0x26, 0x8, 0x6, 0x63, 0x0, 0x25, 0xda,
    0x78, 0x79, 0x80, 0x1f, 0x6a, 0x1b, 0x47, 0xcc,
    0x35, 0x70, 0x81, 0xfe, 0x80, 0xee, 0x40, 0x80,
    0x49, 0xc8,

    /* U+635F "损" */
    0x0, 0xa0, 0x3, 0xff, 0x86, 0xe2, 0x7, 0xdd,
    0xed, 0x0, 0xfe, 0x3e, 0xed, 0x86, 0x1, 0x3c,
    0x84, 0x40, 0x3, 0xfe, 0x11, 0x0, 0xf8, 0x17,
    0x76, 0xc0, 0xc, 0xd0, 0x12, 0xe7, 0xfd, 0xde,
    0x0, 0xfc, 0x48, 0x9f, 0x0, 0x7a, 0x26, 0xe6,
    0x23, 0xac, 0xc0, 0x11, 0xa0, 0xa, 0xa, 0xcd,
    0xbc, 0xc1, 0x80, 0x43, 0x21, 0x6, 0x1, 0x15,
    0x80, 0x7a, 0x50, 0x3, 0xce, 0xe0, 0xf, 0xfe,
    0x16, 0xb8, 0x80, 0x7f, 0xa5, 0xd5, 0xdb, 0x9f,
    0xc, 0x2, 0x20, 0x10, 0x3a, 0xba, 0xa6, 0x56,
    0x18, 0x3, 0xb5, 0x3, 0xb4, 0xbd, 0x0, 0xf5,
    0x30, 0x43, 0xbe, 0xc3, 0x3a, 0x4, 0x3, 0x47,
    0x8,

    /* U+636E "据" */
    0x0, 0xa4, 0x3, 0xff, 0x86, 0xc0, 0x9, 0xcc,
    0xf9, 0x0, 0x3e, 0x5a, 0xee, 0xe7, 0x20, 0x4,
    0xd0, 0x4a, 0x1, 0x17, 0x84, 0x2, 0xfd, 0xf,
    0x60, 0xad, 0xde, 0x50, 0x9, 0x9c, 0x18, 0x82,
    0xb3, 0x12, 0x39, 0xcc, 0x1, 0xc2, 0x40, 0xe2,
    0x20, 0x0, 0x88, 0x3, 0x10, 0x73, 0x8e, 0x7f,
    0xac, 0xff, 0xe0, 0x5, 0x68, 0x72, 0x86, 0xff,
    0xac, 0xff, 0xe0, 0x6, 0xe8, 0x4, 0x8, 0xc0,
    0x3f, 0x9c, 0x80, 0x2, 0x0, 0xff, 0x59, 0xff,
    0x84, 0x3, 0xce, 0x80, 0x3f, 0xf8, 0x40, 0x3e,
    0xac, 0x0, 0xff, 0x88, 0x10, 0xd8, 0x7, 0xbb,
    0x8, 0x5, 0xfa, 0xc2, 0xe2, 0x3, 0xdd, 0x84,
    0x2, 0xff, 0x4a, 0xc0, 0xf, 0x0, 0x6e, 0x10,

    /* U+63A5 "接" */
    0x0, 0x88, 0x3, 0x88, 0x80, 0x1e, 0x2c, 0x0,
    0xe5, 0x90, 0xf, 0xf5, 0x55, 0x89, 0x55, 0x28,
    0x1b, 0x82, 0x17, 0x80, 0xf5, 0x6a, 0x7b, 0x84,
    0x48, 0xc3, 0xac, 0xba, 0xa8, 0x51, 0x48, 0x2f,
    0x87, 0x14, 0x48, 0xc8, 0x73, 0x2, 0x20, 0xe,
    0x7c, 0xc1, 0x7e, 0x3d, 0xe6, 0x80, 0x43, 0x27,
    0xba, 0xb9, 0xdd, 0xd8, 0x2f, 0xe1, 0xcc, 0x44,
    0x80, 0x22, 0xe3, 0xeb, 0x17, 0xbe, 0xc0, 0x8e,
    0xe6, 0xf7, 0xa, 0x50, 0x1, 0x38, 0x19, 0x94,
    0x16, 0x60, 0x3, 0xc8, 0x16, 0x43, 0x32, 0x0,
    0xfc, 0x9d, 0xf9, 0xee, 0x80, 0x19, 0x80, 0x22,
    0x6a, 0x9, 0x7d, 0x50, 0x7, 0xdb, 0x7, 0x66,
    0x27, 0x9f, 0x62, 0x64, 0x1f, 0xe8, 0xc, 0xea,
    0x50, 0x9, 0x72, 0x0,

    /* U+63A7 "控" */
    0x0, 0x8c, 0x3, 0x88, 0x80, 0x1f, 0x16, 0x0,
    0x72, 0xf0, 0x7, 0xfc, 0x89, 0x11, 0xaa, 0x24,
    0x0, 0x37, 0x4, 0x1b, 0xff, 0x72, 0x77, 0xfa,
    0x80, 0x11, 0x0, 0x97, 0xa, 0xbb, 0xe9, 0x0,
    0xaf, 0xc3, 0x5a, 0x46, 0x1c, 0x31, 0xce, 0xc0,
    0x3c, 0x2d, 0x48, 0xc1, 0xb7, 0x65, 0x0, 0x84,
    0x3a, 0x78, 0xf0, 0x40, 0x70, 0xf4, 0x42, 0xf0,
    0x32, 0x2a, 0x40, 0x3a, 0x64, 0x21, 0x98, 0x2,
    0xd, 0xff, 0xf8, 0x2, 0x71, 0x0, 0xa7, 0xfd,
    0xa3, 0xff, 0x20, 0x7, 0xff, 0x5d, 0x84, 0x3,
    0xff, 0x83, 0xd6, 0xc1, 0x1f, 0xf6, 0x8f, 0xfe,
    0x30,

    /* U+63A8 "推" */
    0x0, 0xc, 0x80, 0x50, 0x80, 0x8a, 0x1, 0xc6,
    0xe0, 0x1, 0x75, 0x0, 0x48, 0x7, 0xf3, 0x19,
    0x1b, 0x92, 0x18, 0x86, 0xe0, 0xf2, 0xd0, 0xff,
    0xb8, 0x63, 0xd8, 0x3e, 0x87, 0x8, 0x9d, 0x98,
    0x93, 0xcc, 0x38, 0x13, 0x1, 0x48, 0x80, 0x7f,
    0xf0, 0x6c, 0xf3, 0xfd, 0x67, 0xfe, 0x40, 0x3,
    0xe, 0x98, 0x67, 0xfa, 0xcf, 0xfc, 0x83, 0xb6,
    0x12, 0xc0, 0x1f, 0xc3, 0x3a, 0x28, 0x0, 0xfc,
    0xc4, 0x9e, 0x60, 0xc1, 0x0, 0x3a, 0xbf, 0xd6,
    0x5f, 0xe2, 0x0, 0xf9, 0x4c, 0xc4, 0x26, 0x61,
    0x0, 0xff, 0xe2, 0xb, 0x0, 0x6c, 0xff, 0x59,
    0xff, 0xac, 0x3a, 0xd8, 0x2, 0xcf, 0xff, 0x58,

    /* U+63D0 "提" */
    0x0, 0xb, 0x0, 0x7f, 0xf0, 0x8a, 0xc0, 0x15,
    0xbb, 0xeb, 0x0, 0xfc, 0x33, 0xbb, 0xb9, 0x80,
    0x23, 0x50, 0x31, 0x3, 0x44, 0xe0, 0xd, 0xf0,
    0x5c, 0x81, 0x9b, 0xbc, 0x1, 0xb3, 0x4b, 0x54,
    0x3e, 0x67, 0x80, 0x3e, 0x11, 0xa7, 0x77, 0x73,
    0x0, 0x64, 0x2f, 0x2a, 0xdd, 0xf5, 0x80, 0x5f,
    0x45, 0xdf, 0xff, 0xe0, 0x6, 0xf0, 0x3, 0x2f,
    0xfd, 0xc3, 0xff, 0x80, 0x4, 0x1, 0xa8, 0x40,
    0x21, 0x18, 0x3, 0xe1, 0x11, 0x80, 0x7, 0x32,
    0x50, 0xf, 0x31, 0x48, 0x0, 0x77, 0x65, 0x0,
    0x98, 0x42, 0x7c, 0x71, 0xc0, 0x8b, 0x0, 0x3a,
    0xae, 0x1c, 0xaa, 0x9a, 0x79, 0x98, 0x83, 0xbd,
    0xe2, 0x40, 0xd, 0x7b, 0xdd, 0x88,

    /* U+6444 "摄" */
    0x0, 0x18, 0x7, 0xff, 0x4, 0xb4, 0x23, 0x77,
    0xf8, 0x80, 0x34, 0x41, 0x37, 0x77, 0xe, 0x92,
    0xd8, 0xc1, 0x83, 0xee, 0xee, 0x0, 0xfe, 0x7d,
    0xdd, 0xc0, 0x12, 0xd8, 0xc1, 0x83, 0xe6, 0x6e,
    0x0, 0xf1, 0x8, 0x3e, 0x66, 0xe0, 0xc, 0xc3,
    0x91, 0x7, 0xcd, 0xcc, 0x71, 0xd9, 0xdd, 0x7,
    0x46, 0x7e, 0x6e, 0x63, 0xde, 0xcf, 0xf0, 0x43,
    0x73, 0x1a, 0xd9, 0xbe, 0xb8, 0x8, 0x1, 0x46,
    0x6b, 0x93, 0xc6, 0xcb, 0x0, 0x7b, 0x1d, 0x92,
    0x60, 0x62, 0x40, 0x39, 0x26, 0x10, 0xa, 0xbe,
    0xcc, 0x0, 0xc0, 0x5, 0xaa, 0x11, 0xa5, 0x2d,
    0x18, 0x5d, 0x9d, 0x63, 0x16, 0xa2, 0x1d, 0x73,
    0xcb, 0x7f, 0x2b, 0xa4, 0x0, 0xac, 0x30, 0x4d,
    0x50,

    /* U+652F "支" */
    0x0, 0xf9, 0x90, 0x3, 0xff, 0x83, 0x86, 0x1,
    0xf0, 0x91, 0x70, 0xf9, 0x17, 0x8, 0x7e, 0xef,
    0x23, 0xee, 0xf5, 0x7, 0x7f, 0xf2, 0xc7, 0xff,
    0x58, 0x7, 0xff, 0x1b, 0xbf, 0xe5, 0x8f, 0xfa,
    0x80, 0x39, 0x17, 0xbb, 0xb4, 0xb4, 0x3, 0xad,
    0x14, 0x47, 0x50, 0x38, 0x7, 0xd, 0xd1, 0x0,
    0x15, 0xfc, 0x3, 0xe5, 0x8c, 0x36, 0xab, 0x20,
    0xf, 0xcc, 0xcc, 0x9b, 0x40, 0xf, 0xc7, 0x4e,
    0xc7, 0x4e, 0x20, 0x18, 0xe3, 0x70, 0xf6, 0x72,
    0xaf, 0xb1, 0xc8, 0x38, 0xe3, 0xe4, 0x80, 0x9,
    0x9b, 0x77, 0x6, 0xda, 0x80, 0x7c, 0x4f, 0x92,

    /* U+653E "放" */
    0x0, 0x85, 0x80, 0x30, 0xb0, 0x7, 0xe1, 0x91,
    0x0, 0x93, 0x40, 0x3f, 0x91, 0x80, 0x2e, 0xd0,
    0xf, 0x57, 0xf9, 0x23, 0xf8, 0x52, 0x37, 0x70,
    0x85, 0xd1, 0x77, 0x5f, 0x29, 0x52, 0xa3, 0x22,
    0x2, 0x3e, 0x7, 0x14, 0x47, 0x2a, 0x0, 0x71,
    0x15, 0x26, 0xe0, 0xf, 0xe0, 0xc, 0x27, 0xbb,
    0x66, 0x98, 0x82, 0xa0, 0x6, 0x35, 0xff, 0xa,
    0xa, 0x38, 0x99, 0x80, 0x30, 0x98, 0x0, 0x40,
    0x1f, 0x6c, 0xa0, 0x1d, 0xc2, 0x1, 0xca, 0x11,
    0x20, 0x1c, 0xba, 0x2, 0x20, 0x9, 0xc0, 0x80,
    0x38, 0xd0, 0xc, 0xc0, 0x7, 0x44, 0x68, 0x6,
    0x63, 0x11, 0x28, 0x83, 0xce, 0xd8, 0x58, 0x80,
    0x22, 0x5b, 0xa6, 0xa9, 0x38, 0x61, 0xa1, 0x80,
    0xb, 0x56, 0xfe, 0x6c, 0xf2, 0x0, 0xd, 0xc0,
    0x0,

    /* U+6551 "救" */
    0x0, 0xc4, 0x1, 0xc6, 0x1, 0xfd, 0x85, 0x66,
    0x0, 0xd1, 0x0, 0xff, 0x54, 0x1, 0xa8, 0x80,
    0x75, 0xe6, 0x7, 0xf5, 0xca, 0x93, 0xfe, 0xe0,
    0x4, 0x44, 0x37, 0x10, 0x7, 0xff, 0x61, 0xf0,
    0x1, 0x19, 0x1, 0x1b, 0xa8, 0x40, 0xc, 0xc0,
    0x8, 0xf8, 0x2, 0x92, 0x61, 0x20, 0xdd, 0x0,
    0x48, 0xca, 0xa, 0xf3, 0xe, 0xe0, 0x33, 0x0,
    0x6b, 0x40, 0x2d, 0x16, 0xce, 0x15, 0x40, 0xc,
    0x58, 0x33, 0x40, 0x5, 0x54, 0x38, 0x6, 0x6d,
    0x91, 0xe1, 0xb0, 0x3, 0x32, 0xc0, 0x35, 0x62,
    0x0, 0x28, 0x88, 0x6, 0xe, 0x1, 0xb0, 0x80,
    0x34, 0x95, 0x3d, 0x50, 0xc0, 0x38, 0x44, 0x1,
    0x53, 0xea, 0xce, 0x28, 0x0, 0xff, 0x90, 0x83,
    0x7, 0x44, 0x1a, 0x6c, 0x0, 0x7f, 0xeb, 0x0,
    0x75, 0x80, 0x66, 0xf0,

    /* U+6570 "数" */
    0x0, 0xc4, 0x20, 0x18, 0xc4, 0x3, 0x8d, 0x82,
    0xdc, 0x20, 0x43, 0x88, 0x3, 0x8e, 0xc8, 0x0,
    0xa6, 0x24, 0x66, 0x0, 0xf7, 0x30, 0x3, 0x68,
    0x28, 0x2a, 0xb0, 0x2, 0xfa, 0x5e, 0x17, 0x1d,
    0xa7, 0x4d, 0xf4, 0x1, 0x79, 0x62, 0x99, 0x81,
    0x13, 0x3f, 0xa3, 0x80, 0x4d, 0x4a, 0x38, 0x94,
    0x44, 0xe, 0xe0, 0x5, 0x9d, 0x87, 0xdf, 0xd1,
    0x48, 0x8, 0x80, 0xb, 0xa5, 0xf9, 0x4a, 0xd1,
    0x14, 0x46, 0x60, 0xb, 0xfa, 0x27, 0xb9, 0x80,
    0x61, 0x2a, 0x1, 0xb6, 0x57, 0xb9, 0x2a, 0x0,
    0xb4, 0x80, 0xe, 0xc6, 0x43, 0xa8, 0x0, 0x50,
    0x28, 0x7, 0x5c, 0x56, 0x28, 0x84, 0x86, 0x4a,
    0x80, 0x42, 0xf2, 0xb4, 0x95, 0x44, 0xd3, 0xaa,
    0x38, 0x3, 0x3b, 0x96, 0xb9, 0xe3, 0xa2, 0x9,
    0x78, 0x0, 0xd9, 0x30, 0x9, 0x6c, 0x3, 0x25,
    0x80,

    /* U+6587 "文" */
    0x0, 0xf9, 0xc4, 0x3, 0xff, 0x83, 0x6c, 0x1,
    0xff, 0xc1, 0xaa, 0x0, 0x7d, 0xdf, 0xfd, 0x25,
    0xff, 0xd6, 0x1d, 0xcb, 0x1e, 0xee, 0xb0, 0xee,
    0x58, 0x0, 0x50, 0x8, 0x47, 0x1a, 0x8, 0x80,
    0x39, 0xa4, 0x3, 0x57, 0x0, 0x7d, 0x2a, 0x40,
    0x5, 0x35, 0x0, 0xf8, 0x5e, 0x40, 0x17, 0x60,
    0xf, 0xe8, 0x68, 0xb5, 0x50, 0x7, 0xfb, 0xdd,
    0x28, 0x3, 0xfc, 0x7e, 0x65, 0xa4, 0x1, 0xf1,
    0x56, 0x2e, 0x6a, 0xec, 0x90, 0x4, 0x97, 0xa3,
    0xb0, 0x0, 0x9c, 0x2d, 0xb5, 0xf, 0x1c, 0xb2,
    0x0, 0xc7, 0x7a, 0x5a, 0x17, 0x46, 0x1, 0xf8,
    0xa6, 0x0,

    /* U+65AD "断" */
    0x0, 0xe6, 0x0, 0xf8, 0x40, 0xb4, 0x40, 0x6c,
    0xc, 0x5, 0x23, 0x78, 0x0, 0x72, 0xe0, 0x17,
    0x17, 0x51, 0x5f, 0x0, 0x53, 0x46, 0xb, 0x40,
    0x3d, 0x4c, 0x20, 0x10, 0xa3, 0x87, 0xb0, 0x7,
    0xfa, 0x1c, 0x2c, 0x3, 0xfd, 0x3d, 0xa5, 0xd8,
    0x3, 0xff, 0xa0, 0x1, 0x3e, 0xe5, 0xfa, 0x3,
    0xda, 0x3d, 0x20, 0x11, 0x31, 0x40, 0x0, 0xc4,
    0xc0, 0x44, 0x0, 0x1f, 0x82, 0x19, 0x11, 0x0,
    0x7d, 0x68, 0xe1, 0x38, 0xce, 0x1, 0xf4, 0xc8,
    0x2, 0x5d, 0x30, 0xf, 0x8c, 0x6, 0xc0, 0xb,
    0x80, 0x1e, 0x1f, 0xfa, 0x7d, 0x8d, 0x0, 0x38,
    0xbb, 0xbd, 0xf2, 0x1, 0xf0, 0x8f, 0xa5, 0xc0,
    0x3, 0xc0, 0x0,

    /* U+65B0 "新" */
    0x0, 0xd4, 0x1, 0xff, 0xc3, 0x73, 0x0, 0xc6,
    0xb3, 0xae, 0x0, 0x8f, 0xf1, 0x67, 0xf8, 0x3f,
    0x78, 0x65, 0xc0, 0x11, 0x17, 0xf8, 0x7c, 0x1,
    0xd7, 0x8, 0x1, 0x93, 0x40, 0xd4, 0x3, 0xfc,
    0x8c, 0x88, 0xa1, 0x41, 0x0, 0xfd, 0xde, 0x94,
    0xa1, 0xca, 0x1f, 0xfc, 0x0, 0xaa, 0x96, 0x2a,
    0x88, 0x1d, 0xc1, 0xde, 0x0, 0x11, 0x99, 0xc8,
    0xcc, 0x0, 0x11, 0x1, 0x88, 0x2, 0xff, 0xc5,
    0x7f, 0xe2, 0x0, 0xfd, 0x32, 0xd5, 0x99, 0x61,
    0x88, 0x7, 0xeb, 0x10, 0x4, 0xa2, 0x90, 0x7,
    0xce, 0xc0, 0x17, 0x4e, 0x20, 0x7, 0xd5, 0x20,
    0xe0, 0x58, 0xd6, 0x1, 0xf6, 0xb7, 0x8a, 0x82,
    0x29, 0x80, 0x7e, 0x7f, 0xd1, 0x5, 0xb0, 0xb,
    0x84, 0x0,

    /* U+65B9 "方" */
    0x0, 0xf2, 0x98, 0x7, 0xff, 0x3, 0x24, 0x3,
    0xc2, 0x45, 0xd8, 0xa6, 0x45, 0xd5, 0xbb, 0xd4,
    0x19, 0xbb, 0xb2, 0xff, 0xe3, 0xbf, 0xff, 0xb8,
    0x3, 0xb, 0x80, 0x7f, 0xf0, 0xd, 0x8c, 0xfc,
    0x1, 0xe1, 0xbd, 0xde, 0xc0, 0xe, 0x20, 0xee,
    0xec, 0x0, 0xf2, 0x18, 0x7, 0x8, 0x80, 0x3b,
    0x50, 0x3, 0x9c, 0xc0, 0x31, 0x25, 0x0, 0x70,
    0x88, 0x3, 0x72, 0x90, 0x7, 0x13, 0x80, 0x54,
    0x36, 0x0, 0x11, 0x8e, 0x8c, 0x1, 0x29, 0xe2,
    0x0, 0xae, 0xe6, 0x34, 0x80, 0x2b, 0x8, 0x2,
    0xbf, 0xfa, 0xc4, 0x0,

    /* U+65E0 "无" */
    0x0, 0x22, 0x7f, 0xc6, 0x1, 0x44, 0x75, 0xc4,
    0x74, 0x80, 0x59, 0x9b, 0x83, 0x33, 0xa8, 0x3,
    0xe1, 0x0, 0xff, 0xe1, 0x38, 0x80, 0x7e, 0xef,
    0xfd, 0x63, 0xff, 0xec, 0xf, 0xee, 0xca, 0xdd,
    0xde, 0xd0, 0x11, 0xe4, 0xd7, 0x31, 0x1e, 0x0,
    0xe5, 0x14, 0xb6, 0x0, 0xff, 0x44, 0x0, 0x3c,
    0x64, 0x1, 0xa0, 0xdc, 0x3, 0xd7, 0x60, 0x9,
    0xdd, 0xa0, 0x1f, 0x8, 0x5, 0x51, 0x66, 0x0,
    0x1c, 0x11, 0x12, 0x88, 0x62, 0x62, 0x0, 0x52,
    0xdd, 0xcd, 0x1a, 0xf, 0xf1, 0x80, 0x65, 0xef,
    0xfb, 0x48,

    /* U+65E5 "日" */
    0x3, 0x3f, 0xf0, 0x16, 0x6e, 0xfe, 0xc3, 0x0,
    0x77, 0x7e, 0x0, 0xff, 0xee, 0x7f, 0xfe, 0x0,
    0xdb, 0xbf, 0x80, 0x31, 0x17, 0xe0, 0xf, 0xfe,
    0x81, 0x91, 0x7c, 0x1, 0xb3, 0x77, 0xe0, 0xd,
    0xff, 0xf8, 0x0, 0x5e, 0x1, 0xfb, 0xcc,

    /* U+65E7 "旧" */
    0x10, 0xf, 0xfe, 0x7, 0x10, 0x0, 0xcf, 0xf0,
    0x6, 0x2c, 0xcf, 0xc2, 0x1, 0xdf, 0xfe, 0x0,
    0xff, 0xea, 0x88, 0xf8, 0x3, 0xee, 0xef, 0x0,
    0x7d, 0xff, 0xdc, 0x1, 0xff, 0xc0, 0x10, 0xf,
    0xfe, 0xaa, 0xaf, 0x80, 0x3e, 0x88, 0xf0, 0x7,
    0x87, 0x77, 0xc2, 0x0,

    /* U+65F6 "时" */
    0x0, 0xff, 0x94, 0x40, 0x21, 0x1e, 0x0, 0xeb,
    0x20, 0x0, 0xf7, 0x6f, 0x0, 0xff, 0xf, 0xfb,
    0x40, 0x48, 0xb0, 0x31, 0x0, 0x7c, 0xdb, 0xb8,
    0x6b, 0x40, 0x3e, 0x7f, 0xfc, 0x39, 0xe0, 0x1c,
    0x20, 0x8, 0x10, 0xf, 0x87, 0xfd, 0x80, 0x14,
    0x0, 0x7c, 0x3f, 0xed, 0x0, 0x43, 0x90, 0x7,
    0xff, 0x6, 0x6c, 0x3, 0xff, 0x82, 0xf0, 0x1,
    0xff, 0xc2, 0x10, 0xf, 0xf, 0xfb, 0x40, 0x3f,
    0xe1, 0xcc, 0xc0, 0x2, 0x22, 0x8, 0x80, 0x3,
    0x66, 0x71, 0x0, 0x33, 0x6d, 0x8, 0x0,

    /* U+660E "明" */
    0x1, 0x1e, 0x6, 0x77, 0xe0, 0x1e, 0xed, 0x81,
    0x7b, 0xdd, 0x40, 0x80, 0xff, 0xb4, 0x2, 0x99,
    0xc2, 0x1, 0xff, 0xcb, 0xfc, 0xc8, 0x40, 0x3,
    0xba, 0xf0, 0xa, 0x7b, 0xa1, 0x0, 0xf, 0x72,
    0x0, 0x27, 0x22, 0x80, 0x31, 0x99, 0xc0, 0x3f,
    0xf8, 0x87, 0xbf, 0xf0, 0x80, 0x7f, 0x77, 0x61,
    0x0, 0xf, 0xfb, 0x40, 0xd4, 0x47, 0x0, 0x43,
    0xdd, 0x64, 0xe8, 0x7, 0x86, 0xc4, 0x65, 0x46,
    0x0, 0x9, 0x88, 0x81, 0x40, 0x3, 0x54, 0x0,
    0x57, 0x62, 0x80, 0x70, 0xea, 0x0, 0x2b, 0xfd,
    0x40,

    /* U+662F "是" */
    0x0, 0xbb, 0xbf, 0xa8, 0x3, 0x87, 0xfb, 0xbd,
    0x62, 0x1, 0xea, 0xaf, 0xa4, 0x3, 0xef, 0x99,
    0xf5, 0x80, 0x7c, 0xa6, 0x7e, 0x20, 0xf, 0xf,
    0xf7, 0x7a, 0xc4, 0x3, 0xbb, 0xbf, 0xa8, 0x2,
    0xdf, 0xff, 0xfe, 0x5, 0x86, 0xfe, 0xf7, 0xfa,
    0x1b, 0xff, 0xac, 0x2, 0x97, 0x0, 0x8c, 0x47,
    0x80, 0x21, 0x45, 0x0, 0x93, 0x33, 0x40, 0x4,
    0xc1, 0xe0, 0x13, 0xee, 0xe9, 0x0, 0x14, 0x63,
    0x6a, 0xf8, 0x7, 0xef, 0x73, 0xa8, 0xe6, 0x67,
    0xff, 0x68, 0x44, 0x0, 0xb, 0x7d, 0xff, 0xed,

    /* U+663E "显" */
    0x4, 0xff, 0xff, 0x28, 0x0, 0x4f, 0xff, 0xf2,
    0x0, 0x7f, 0xf1, 0x8f, 0xbb, 0xf2, 0x0, 0x63,
    0xee, 0xfc, 0x80, 0x18, 0xfb, 0xbf, 0x20, 0x4,
    0xbd, 0xfa, 0x1f, 0xe3, 0xaf, 0xe5, 0x0, 0x40,
    0x8c, 0x2, 0x20, 0x71, 0xd, 0x0, 0x1c, 0x0,
    0x7e, 0x97, 0x0, 0x4b, 0x90, 0x7, 0x85, 0xa0,
    0x0, 0x4d, 0x20, 0x1e, 0x87, 0x20, 0xa, 0x38,
    0x3, 0xdf, 0x0, 0x18, 0x54, 0x3, 0xcc, 0x20,
    0xe, 0xff, 0xb4, 0x7f, 0xc5, 0x9f, 0xf8,

    /* U+6682 "暂" */
    0x0, 0x98, 0x3, 0xff, 0x80, 0xf8, 0x1, 0x89,
    0x1a, 0xb4, 0xe3, 0x61, 0xb3, 0x24, 0xdf, 0xf6,
    0x79, 0xc2, 0x44, 0x2f, 0x30, 0x9, 0x72, 0xc4,
    0x6, 0xd7, 0x32, 0xc8, 0x4, 0xdd, 0x7e, 0xe8,
    0xff, 0x2d, 0xf2, 0x1, 0x77, 0x43, 0x9a, 0x24,
    0x7e, 0xb0, 0xe6, 0x40, 0x1d, 0x71, 0x44, 0x1c,
    0x55, 0x40, 0xe, 0xaa, 0x4c, 0x4b, 0x3d, 0x90,
    0x2, 0xc4, 0x2, 0xdd, 0x5f, 0x64, 0x77, 0x56,
    0x1, 0xdb, 0xdd, 0xec, 0x0, 0xf7, 0x66, 0x7b,
    0xc0, 0x3d, 0xd9, 0x9e, 0xf0, 0xf, 0x76, 0x67,
    0xb8, 0x3, 0xd3, 0xbb, 0xef, 0x0, 0x80,

    /* U+66FF "替" */
    0x0, 0xd8, 0x1, 0xd2, 0x60, 0x1f, 0x18, 0x80,
    0x65, 0x0, 0xe8, 0xdd, 0x6, 0x6a, 0x5e, 0x9e,
    0xec, 0x61, 0x1b, 0xa0, 0xdd, 0x25, 0xe9, 0xee,
    0xc6, 0x17, 0x98, 0xc, 0xc2, 0xde, 0x1f, 0xe6,
    0x18, 0x2b, 0xa8, 0x27, 0x96, 0xa4, 0x1f, 0xb8,
    0xe0, 0x25, 0x6d, 0x6e, 0x0, 0x88, 0x32, 0x10,
    0x80, 0xe3, 0xce, 0xdb, 0x7a, 0xbe, 0x44, 0x0,
    0xbd, 0x64, 0xc2, 0xd6, 0x2c, 0xcb, 0x53, 0xa,
    0xa7, 0x22, 0x1d, 0x1b, 0x10, 0xeb, 0xce, 0x4,
    0x0, 0x55, 0xdf, 0x94, 0x0, 0x40, 0x1b, 0xfb,
    0xbc, 0xe0, 0x1f, 0x7f, 0x77, 0x9c, 0x3, 0xec,
    0xdd, 0xf3, 0x0, 0x7d, 0x9b, 0xbe, 0x60, 0x8,

    /* U+6700 "最" */
    0x0, 0x7e, 0xef, 0xef, 0x0, 0xf6, 0xef, 0xe0,
    0xf, 0xb3, 0x3f, 0x0, 0x7d, 0x33, 0xf8, 0x3,
    0xd2, 0x67, 0xfa, 0x40, 0x2a, 0xbd, 0xdf, 0xf5,
    0xd8, 0x20, 0x8e, 0x65, 0x85, 0x33, 0xf0, 0x10,
    0x80, 0x61, 0x4, 0x4e, 0x20, 0x9, 0x22, 0x16,
    0xd, 0x1d, 0xcc, 0x90, 0xd, 0x77, 0x81, 0xe,
    0xe0, 0x9c, 0x3, 0x55, 0x60, 0x4, 0xf2, 0x2c,
    0x80, 0x6a, 0xa4, 0x22, 0x19, 0x1e, 0xe0, 0x40,
    0x14, 0xd5, 0x51, 0x38, 0xd8, 0xd4, 0x52, 0x5,
    0x76, 0xdc, 0xe9, 0xef, 0x5a, 0xee, 0x70, 0x0,

    /* U+6709 "有" */
    0x0, 0xf3, 0xb8, 0x3, 0xff, 0x85, 0x26, 0x1,
    0xfd, 0x3b, 0xb8, 0x67, 0x77, 0xe0, 0x5, 0xf7,
    0x45, 0x3d, 0xdf, 0x80, 0x4, 0x66, 0xa4, 0x63,
    0x3f, 0xc0, 0x19, 0x19, 0x3b, 0xbe, 0x20, 0xc,
    0x54, 0x5f, 0xdd, 0xe3, 0x10, 0x8, 0x7c, 0x80,
    0x3f, 0xf8, 0x38, 0xfe, 0x5f, 0xff, 0x10, 0x6,
    0xba, 0x2, 0xff, 0xf8, 0x80, 0x33, 0x0, 0x7f,
    0xf1, 0x8b, 0xff, 0xe2, 0x0, 0xf8, 0xbf, 0xfe,
    0x20, 0xf, 0xfe, 0x10, 0x98, 0x80, 0x7f, 0xdb,
    0xfc, 0xa4, 0x1, 0xc7, 0xe0, 0x1b, 0x7f, 0xd6,
    0x1, 0x0,

    /* U+670D "服" */
    0x0, 0x6e, 0xe1, 0x16, 0xef, 0x84, 0x2, 0x2f,
    0xf0, 0x19, 0xdf, 0xf8, 0x84, 0x3, 0x11, 0x0,
    0x31, 0x16, 0x0, 0xff, 0xe0, 0xde, 0x71, 0x80,
    0x77, 0xf8, 0x80, 0x34, 0xfe, 0x60, 0x3, 0xb7,
    0x44, 0x1, 0x10, 0x8, 0x10, 0x7, 0x11, 0x0,
    0x21, 0xcc, 0x7f, 0xb4, 0xc0, 0x3f, 0x86, 0x5b,
    0x74, 0x26, 0x1, 0xbf, 0xc4, 0x1, 0x32, 0x82,
    0xa8, 0x3, 0x17, 0xf8, 0x80, 0x21, 0x46, 0x88,
    0x0, 0x44, 0x20, 0x1f, 0x44, 0xb9, 0x80, 0x4c,
    0xa0, 0x1f, 0x38, 0xb8, 0x80, 0x5b, 0x80, 0x3,
    0x0, 0xa2, 0x19, 0x58, 0x60, 0x2, 0x5b, 0xf2,
    0x20, 0x0, 0xfc, 0x9e, 0x60, 0x0,

    /* U+672A "未" */
    0x0, 0xf9, 0x48, 0x3, 0xff, 0x83, 0x2e, 0x1,
    0xf8, 0x47, 0x80, 0xc4, 0x70, 0x6, 0xde, 0xec,
    0x73, 0xdd, 0x98, 0x2, 0xcf, 0xfc, 0x75, 0xff,
    0x98, 0x3, 0xff, 0x8a, 0x23, 0xe0, 0x31, 0x1e,
    0x0, 0x67, 0x77, 0x1c, 0xf7, 0x73, 0x6, 0xff,
    0xe5, 0x0, 0x5f, 0xfe, 0x60, 0xe, 0x76, 0x37,
    0xa3, 0x0, 0xfc, 0xf3, 0xa1, 0xb7, 0xa6, 0x1,
    0xea, 0xa6, 0x8, 0x1, 0x63, 0x18, 0x2, 0x4d,
    0x1c, 0x20, 0xc, 0xd7, 0x14, 0x22, 0xab, 0xb0,
    0x80, 0x79, 0x30, 0x64, 0x79, 0x80, 0x3f, 0x8a,
    0xe0,

    /* U+672C "本" */
    0x0, 0xf1, 0xb8, 0x7, 0xff, 0x5, 0xac, 0x3,
    0xff, 0x94, 0xbf, 0xfd, 0x47, 0xff, 0xd8, 0xb,
    0xbb, 0xa0, 0x0, 0x5b, 0xbc, 0x0, 0x22, 0xd4,
    0xe6, 0x22, 0x22, 0x84, 0x3, 0x99, 0x9a, 0x13,
    0xe0, 0x1f, 0x86, 0x24, 0x0, 0xa0, 0xe0, 0x1f,
    0x6b, 0x10, 0x5, 0xd0, 0x60, 0x1d, 0x41, 0x0,
    0x18, 0xa7, 0x48, 0x2, 0x94, 0xd0, 0xf, 0x33,
    0x30, 0xc2, 0x5f, 0x23, 0xfd, 0x47, 0xff, 0x4b,
    0xe1, 0x7e, 0x14, 0x6e, 0xa4, 0xf7, 0x61, 0x99,
    0x13, 0x10, 0x9, 0x10, 0xc0, 0x8a, 0x0, 0x30,
    0x7, 0xff, 0x10,

    /* U+673A "机" */
    0x0, 0xa0, 0x80, 0x3f, 0xf8, 0x2a, 0x20, 0x2,
    0x2e, 0x0, 0xff, 0x66, 0xee, 0x20, 0x8, 0x8c,
    0x18, 0xc0, 0x1b, 0xfe, 0x10, 0xd, 0xdc, 0x2b,
    0xe4, 0x0, 0xfe, 0xcd, 0xd, 0xd2, 0x0, 0x7f,
    0x94, 0x18, 0x3, 0xff, 0x81, 0x21, 0x4a, 0x1,
    0xfe, 0x30, 0x2a, 0x85, 0x13, 0x0, 0xfa, 0x24,
    0x1b, 0x1c, 0x4, 0x3, 0xc4, 0xea, 0x0, 0x13,
    0x0, 0xfa, 0x4b, 0xc0, 0x32, 0xa0, 0x7, 0x9c,
    0xc, 0x3, 0x6e, 0x80, 0x38, 0x4c, 0x3, 0x89,
    0x18, 0x3, 0x32, 0x80, 0x7b, 0xb8, 0x1, 0x9e,
    0xed, 0x40, 0x16, 0x9e, 0x18, 0x6, 0x9f, 0xf3,
    0x80,

    /* U+6761 "条" */
    0x0, 0xe3, 0x0, 0xff, 0xe0, 0xa6, 0x18, 0x7,
    0xfc, 0x74, 0x3b, 0xdd, 0xbf, 0xc0, 0x19, 0x30,
    0x37, 0xbb, 0x40, 0xc8, 0x4, 0xf5, 0x97, 0xb0,
    0x27, 0x76, 0xd6, 0x0, 0x8f, 0xcd, 0x71, 0x7b,
    0x7, 0x4c, 0x3, 0x21, 0xb5, 0x6b, 0x4b, 0xbb,
    0xa9, 0xd0, 0x45, 0xfe, 0xcc, 0x75, 0x95, 0xee,
    0x63, 0xa2, 0x3, 0xdb, 0x4c, 0x21, 0xa8, 0x4,
    0xd3, 0x92, 0x13, 0xff, 0xcd, 0x1f, 0xfc, 0x21,
    0x1d, 0xcd, 0xee, 0x33, 0xf7, 0x70, 0x80, 0x4,
    0xf1, 0x44, 0x3c, 0x3d, 0x4, 0x40, 0x12, 0x64,
    0xa0, 0x4, 0x35, 0x76, 0x10, 0x4, 0xd5, 0x1c,
    0x5, 0x40, 0x9, 0xc3, 0xe8, 0x0, 0xf4, 0x47,
    0xf0, 0xa8, 0x5, 0x56, 0x0,

    /* U+6765 "来" */
    0x0, 0xf9, 0x90, 0x3, 0xff, 0x83, 0xe6, 0x1,
    0xfb, 0x77, 0x9a, 0x77, 0x76, 0x0, 0x5d, 0x3d,
    0xd2, 0xbf, 0x75, 0x1e, 0x1, 0x1d, 0x39, 0x9d,
    0xc6, 0x66, 0x83, 0x0, 0xd7, 0x42, 0x1, 0x8a,
    0xe4, 0x3, 0x95, 0xe0, 0x3, 0x4b, 0x20, 0x4,
    0x68, 0x8d, 0xd2, 0x17, 0x26, 0xe2, 0x20, 0xc2,
    0x23, 0xc8, 0xd1, 0x51, 0x14, 0x85, 0xe6, 0x66,
    0x0, 0x2e, 0x66, 0xa0, 0xc, 0x36, 0x2d, 0xb,
    0x40, 0x1f, 0x27, 0x95, 0x80, 0x30, 0x35, 0x0,
    0x23, 0xba, 0xb9, 0x0, 0xd5, 0x15, 0x68, 0x1c,
    0x7e, 0xa0, 0x1e, 0x5f, 0x3e, 0xd, 0x81, 0x0,
    0xfc, 0x31, 0x40,

    /* U+6790 "析" */
    0x0, 0x98, 0x40, 0x3f, 0xf8, 0x36, 0x40, 0x2,
    0x45, 0x7a, 0xdf, 0x0, 0xfd, 0x97, 0x71, 0xde,
    0x80, 0x8, 0x80, 0xc4, 0x0, 0xde, 0xc9, 0x62,
    0x0, 0x7e, 0x15, 0xe1, 0x80, 0x7f, 0x6f, 0x86,
    0xf1, 0x80, 0x7f, 0x98, 0x24, 0x2, 0xdf, 0xfe,
    0xd0, 0x5, 0x8b, 0x58, 0xe, 0x6e, 0x8a, 0x77,
    0xc1, 0x54, 0x7e, 0x28, 0x4, 0x50, 0x91, 0x41,
    0x16, 0x0, 0xa4, 0x1, 0x0, 0xf9, 0x48, 0x2,
    0x21, 0x0, 0xfd, 0x0, 0x19, 0x14, 0x3, 0xff,
    0x83, 0x5a, 0x1, 0xff, 0xc0, 0x52, 0x60, 0xf,
    0xfe, 0x6, 0xc0, 0x6, 0x70, 0xf, 0x69, 0xc3,
    0x0, 0x6b, 0x40, 0x0,

    /* U+679C "果" */
    0x1, 0xee, 0xff, 0x38, 0x6, 0x1f, 0xfa, 0xcb,
    0xfe, 0x6e, 0x0, 0xe1, 0x18, 0x1c, 0x46, 0x0,
    0xfb, 0xba, 0xb4, 0xee, 0x9c, 0x3, 0xdd, 0xd5,
    0xa7, 0x74, 0xe0, 0x1e, 0x33, 0x89, 0xcc, 0xe1,
    0x0, 0xe3, 0xff, 0xa8, 0xff, 0xe5, 0xf0, 0x8,
    0x73, 0x34, 0x26, 0x66, 0x60, 0x3, 0xf7, 0x75,
    0x27, 0x77, 0x68, 0x3f, 0x76, 0x90, 0x1, 0x7f,
    0x75, 0xa0, 0x18, 0x6a, 0xe5, 0x2f, 0xc, 0x3,
    0x85, 0xfc, 0xb0, 0xc1, 0xfb, 0x96, 0x60, 0x8,
    0xed, 0xc8, 0x0, 0xc7, 0xb9, 0xba, 0x1b, 0xda,
    0x20, 0xf, 0x9f, 0xa4, 0x40,

    /* U+67E5 "查" */
    0x0, 0xf9, 0xc8, 0x3, 0xff, 0x83, 0x4c, 0x1,
    0xf6, 0xff, 0xf1, 0x5f, 0xff, 0x28, 0x6f, 0xfd,
    0x62, 0x0, 0x7f, 0xfc, 0xa0, 0x1a, 0x6a, 0x85,
    0x47, 0x86, 0x1, 0x8a, 0x38, 0xfd, 0x0, 0x6e,
    0xb6, 0xd4, 0xb, 0x4e, 0xe0, 0xca, 0x1c, 0x93,
    0x31, 0x12, 0x5b, 0x75, 0x33, 0x74, 0x4c, 0xb0,
    0x76, 0x40, 0x80, 0x17, 0x7f, 0x20, 0x7, 0xdd,
    0xdf, 0x28, 0x7, 0xdd, 0xdf, 0x28, 0x7, 0xdd,
    0xdf, 0x28, 0x7, 0xbf, 0xbb, 0xef, 0x60, 0xf,
    0xfe, 0x37, 0xff, 0xff, 0x5, 0x80,

    /* U+6807 "标" */
    0x0, 0x9c, 0x40, 0x3f, 0xf8, 0x52, 0x60, 0x2,
    0x2f, 0x80, 0x3f, 0x16, 0xef, 0xca, 0x0, 0x11,
    0x0, 0x88, 0xbf, 0xfe, 0x50, 0x6, 0xf0, 0xe7,
    0x0, 0x7f, 0xd9, 0xc1, 0xbe, 0x23, 0xfc, 0x1,
    0x30, 0x8, 0x67, 0x77, 0xe0, 0xa, 0x83, 0x4b,
    0x7f, 0xe0, 0xef, 0xf8, 0x0, 0x8e, 0x31, 0xe0,
    0xa8, 0x1, 0x31, 0x0, 0x53, 0x20, 0x4c, 0x8,
    0x10, 0xb, 0xac, 0x2, 0x73, 0x0, 0x9, 0x99,
    0x40, 0x29, 0x70, 0xa, 0xc0, 0x34, 0xb0, 0x6,
    0x15, 0x60, 0x0, 0x80, 0x46, 0xb2, 0x1, 0xdf,
    0x60, 0x1f, 0x48, 0x88, 0x80, 0x24, 0x50, 0xf,
    0x1b, 0x1f, 0x6a, 0x8, 0x2, 0x0,

    /* U+6837 "样" */
    0x0, 0x98, 0x40, 0x4, 0x80, 0x12, 0x90, 0x7,
    0x59, 0x0, 0x1a, 0x80, 0x3, 0x40, 0x1f, 0xe4,
    0x57, 0x9, 0x52, 0x0, 0x84, 0x81, 0x89, 0x1c,
    0xbd, 0xdc, 0x4e, 0x80, 0xb, 0xc2, 0xbf, 0x1d,
    0x33, 0x42, 0x96, 0x90, 0x2, 0xbc, 0x37, 0x4b,
    0x54, 0x90, 0xaa, 0x98, 0x2, 0x60, 0xb0, 0x0,
    0x8c, 0x2, 0x30, 0x6, 0xa1, 0x69, 0x4e, 0xe6,
    0x7, 0x74, 0x60, 0x6, 0x73, 0xa3, 0x5f, 0xf6,
    0x87, 0xfc, 0x60, 0x8, 0x80, 0x3d, 0x8, 0x7,
    0xfa, 0x8, 0x0, 0x9f, 0xf6, 0x87, 0xfe, 0x0,
    0x30, 0x4, 0x9b, 0xb6, 0x6, 0xee, 0x0, 0xf8,
    0x8a, 0x10, 0x22, 0xc0, 0x1f, 0xfd, 0x50,

    /* U+6838 "核" */
    0x0, 0x94, 0x40, 0x32, 0x38, 0x7, 0xe9, 0x50,
    0xc, 0xf2, 0x1, 0xff, 0x11, 0x98, 0x5, 0x8c,
    0xe0, 0x8, 0x40, 0x3, 0x1b, 0xac, 0x18, 0xdd,
    0x80, 0x15, 0xc7, 0x7f, 0x5d, 0x5, 0xdc, 0xfe,
    0xe0, 0x2, 0xbc, 0x2f, 0x80, 0xa3, 0x80, 0x7c,
    0x80, 0x33, 0x0, 0x81, 0x64, 0x89, 0xd4, 0x90,
    0x6, 0xa0, 0xa4, 0x51, 0x8c, 0xc3, 0xb8, 0x80,
    0x23, 0x3, 0x99, 0x37, 0xf9, 0x8b, 0x7, 0x10,
    0x1, 0xf2, 0x5, 0xa2, 0x14, 0x98, 0x14, 0xe8,
    0x0, 0x75, 0x0, 0x97, 0x8f, 0x6, 0x5e, 0x40,
    0x2a, 0x0, 0x8e, 0x2a, 0x42, 0x9b, 0x80, 0x30,
    0x80, 0x47, 0xa8, 0x8d, 0x6, 0xc2, 0x0, 0xfc,
    0x77, 0x51, 0x53, 0x1a, 0x80, 0x1f, 0x7e, 0x72,
    0x80, 0x1a, 0xf8, 0x0,

    /* U+6839 "根" */
    0x0, 0x98, 0x3, 0xff, 0x87, 0x20, 0x5, 0xee,
    0xf6, 0x0, 0x7e, 0x35, 0xff, 0xda, 0x40, 0x14,
    0xd0, 0x54, 0x80, 0x8f, 0x80, 0x36, 0x60, 0x33,
    0x0, 0xbd, 0xdb, 0x0, 0x32, 0x80, 0x19, 0x41,
    0x3f, 0xf6, 0x80, 0x76, 0x83, 0x80, 0x4, 0x7c,
    0x1, 0x85, 0x82, 0x5c, 0x17, 0xbb, 0x60, 0x6,
    0x9a, 0xc, 0xc0, 0xaf, 0x2d, 0xf7, 0x30, 0x40,
    0x59, 0x80, 0x56, 0x20, 0xe, 0xe0, 0x26, 0x20,
    0xc, 0x88, 0x7, 0x95, 0xae, 0x75, 0x40, 0xe,
    0x1, 0xfb, 0x93, 0x8c, 0x3, 0xfe, 0x36, 0x9d,
    0x30, 0xf, 0xe7, 0xcd, 0x36, 0xbc, 0xa0, 0xf,
    0xb4, 0x67, 0x98, 0x17, 0x74, 0x1, 0xbc, 0x1,
    0x78, 0xa0, 0x18, 0x9c, 0x0,

    /* U+6869 "桩" */
    0x0, 0xa4, 0x40, 0x3a, 0x4, 0x3, 0xe7, 0x30,
    0xe, 0x26, 0x0, 0xff, 0x8c, 0xed, 0xa3, 0x38,
    0x0, 0x46, 0xe, 0x6b, 0x9b, 0xa9, 0x3d, 0xd8,
    0x1, 0xdc, 0x18, 0xe2, 0x3e, 0xe8, 0xbb, 0xa0,
    0x6, 0x78, 0x7e, 0x98, 0x4, 0x26, 0x1, 0xea,
    0x6, 0x0, 0xff, 0xe0, 0xa8, 0x52, 0x3, 0x89,
    0xa8, 0x19, 0x84, 0x0, 0xce, 0x37, 0x26, 0xd,
    0xd2, 0x1d, 0xc9, 0x0, 0x44, 0x83, 0xe8, 0x89,
    0xf7, 0x3, 0x75, 0x0, 0x9, 0x30, 0xb, 0x88,
    0x3, 0xf9, 0xc0, 0x32, 0x70, 0x7, 0xff, 0x4,
    0x4d, 0x0, 0x3f, 0xf8, 0x2c, 0x8d, 0xfe, 0xe0,
    0xff, 0x80, 0x3d, 0x9e, 0x9d, 0xdf, 0x0, 0x6e,
    0x2b, 0x40, 0x11, 0xf8, 0x0,

    /* U+68C0 "检" */
    0x0, 0xc, 0x0, 0x72, 0xa0, 0x7, 0x8d, 0x80,
    0x31, 0x55, 0x0, 0x3f, 0xf8, 0x1d, 0xf, 0x20,
    0x18, 0xdc, 0x10, 0x82, 0x1, 0xe1, 0xd8, 0x2,
    0x88, 0xc, 0xd3, 0xb7, 0x0, 0xec, 0x28, 0x2,
    0xe0, 0x74, 0x27, 0x48, 0x0, 0x75, 0x47, 0x0,
    0x70, 0x3, 0xaf, 0x3f, 0xf5, 0xdb, 0xc0, 0x54,
    0x75, 0x17, 0xfd, 0xbf, 0xf2, 0xc0, 0x4b, 0x8c,
    0x5e, 0x88, 0x60, 0x1, 0x6c, 0x5, 0xac, 0x16,
    0x55, 0x81, 0x50, 0x3b, 0x80, 0x8, 0x0, 0xd7,
    0x60, 0xdd, 0xa, 0xa0, 0xb, 0x0, 0x63, 0x21,
    0x4e, 0x66, 0x0, 0x7f, 0x78, 0x93, 0xd5, 0x0,
    0x3e, 0xdf, 0xef, 0xf8, 0xb7, 0xe8, 0x3, 0xb7,
    0xbb, 0xf5, 0x0,

    /* U+6A21 "模" */
    0x0, 0xa0, 0x3, 0x40, 0x2, 0x4, 0x3, 0x9c,
    0x2, 0x16, 0x0, 0x29, 0x80, 0x7c, 0xdd, 0xe3,
    0xdc, 0x2c, 0xe6, 0x2, 0x20, 0x12, 0x66, 0x8e,
    0x60, 0xb7, 0x18, 0x27, 0xc3, 0xec, 0x5d, 0x9a,
    0x56, 0x0, 0xae, 0x43, 0x66, 0x33, 0x88, 0x9d,
    0x96, 0x1, 0x68, 0x38, 0x0, 0xf3, 0x32, 0x80,
    0x65, 0xc, 0x80, 0xfb, 0xbd, 0x40, 0x13, 0xd8,
    0x5d, 0x7, 0xdd, 0xea, 0x0, 0xa5, 0x80, 0x5,
    0x32, 0x83, 0x28, 0xe8, 0x2, 0x61, 0x0, 0x8,
    0xe3, 0x1, 0x11, 0x9, 0x40, 0x4, 0xf1, 0x12,
    0xb4, 0x44, 0xe0, 0x1c, 0xd7, 0x6e, 0x23, 0xfb,
    0xb3, 0x0, 0x79, 0x2e, 0x73, 0xe2, 0x4c, 0x3,
    0xdd, 0xcf, 0xc1, 0x2c, 0xc4, 0x50, 0x5, 0xe1,
    0xd4, 0x80, 0x19, 0x6e, 0x80,

    /* U+6A59 "橙" */
    0x0, 0x13, 0x0, 0x70, 0x90, 0x7, 0x9b, 0x41,
    0xb3, 0x26, 0x94, 0xc3, 0x0, 0xf3, 0xee, 0x81,
    0x17, 0xf4, 0x80, 0x15, 0xb, 0x6d, 0x4a, 0x26,
    0xc6, 0xb8, 0x61, 0xea, 0x5c, 0xc7, 0x70, 0x12,
    0xd1, 0x86, 0xa, 0xe, 0xa2, 0x63, 0x1b, 0x8a,
    0x46, 0x1, 0x3a, 0x15, 0x37, 0xe6, 0x57, 0x18,
    0xa0, 0x82, 0x1f, 0xbc, 0x67, 0x89, 0x28, 0xc3,
    0x95, 0x10, 0x7b, 0x33, 0xd8, 0xec, 0x29, 0xe1,
    0x28, 0x15, 0x77, 0x94, 0x0, 0x30, 0x20, 0x1b,
    0xfb, 0xb2, 0x0, 0x4c, 0x1, 0xb9, 0xbb, 0xa8,
    0xd3, 0x0, 0xfc, 0x6c, 0x3, 0x6, 0x1, 0xfd,
    0x1e, 0x12, 0xe2, 0x1, 0xf7, 0x7e, 0x37, 0xbb,
    0x7f, 0xa0,

    /* U+6B21 "次" */
    0x0, 0xf0, 0xb8, 0x7, 0xc9, 0x40, 0x19, 0xb0,
    0x3, 0xe4, 0x48, 0x2, 0xae, 0x0, 0xfd, 0x14,
    0x0, 0x42, 0xaf, 0xfe, 0x70, 0x3, 0x14, 0x4,
    0x43, 0xbb, 0x84, 0xc0, 0x2e, 0x95, 0x17, 0xe,
    0x11, 0x21, 0x20, 0x4, 0x43, 0x10, 0x0, 0xe8,
    0x80, 0x6, 0x21, 0xc5, 0x3, 0x1, 0x9, 0x40,
    0xd, 0xe8, 0x20, 0x7, 0x4, 0x4, 0x0, 0xc4,
    0x45, 0x0, 0xbc, 0xb8, 0x3, 0xd4, 0xa0, 0x11,
    0x2e, 0x2a, 0x0, 0x73, 0x70, 0x0, 0x7e, 0x6,
    0xe8, 0x40, 0x24, 0x4, 0x1, 0xc6, 0x70, 0x56,
    0xc2, 0x0, 0x73, 0x82, 0xfb, 0xd8, 0x5, 0x9,
    0xac, 0x11, 0x61, 0x37, 0x40, 0x1d, 0x35, 0x80,
    0x44, 0xc, 0x50, 0xf, 0x96, 0x80,

    /* U+6B63 "正" */
    0x3, 0x3f, 0xfe, 0x0, 0x96, 0x67, 0xff, 0x1,
    0xcb, 0xff, 0xc3, 0x7f, 0xf9, 0x80, 0x3f, 0xf8,
    0x92, 0xe0, 0x1f, 0xfc, 0x1f, 0x0, 0xff, 0xe3,
    0x5f, 0xfe, 0x10, 0xf, 0xd5, 0xbb, 0x84, 0x3,
    0xf0, 0x91, 0x60, 0xf, 0xfe, 0xff, 0xf9, 0x9f,
    0xfe, 0x1b, 0xff, 0xee, 0xef, 0xfe, 0x10,

    /* U+6B65 "步" */
    0x0, 0xf8, 0xd4, 0x3, 0xfc, 0x46, 0x0, 0x4f,
    0x0, 0xff, 0x2c, 0x80, 0x42, 0x45, 0xc0, 0x1f,
    0xe4, 0xff, 0xdc, 0x1, 0xfe, 0x5d, 0xdd, 0x80,
    0x1f, 0xfc, 0x7f, 0xf4, 0x2f, 0xfa, 0x17, 0xff,
    0xc0, 0xe, 0xef, 0x58, 0xf7, 0x78, 0x0, 0x23,
    0x34, 0x8b, 0x80, 0x8c, 0x44, 0x10, 0xd, 0x13,
    0x40, 0x1c, 0x5a, 0x80, 0x10, 0xda, 0xe1, 0x0,
    0x64, 0xc9, 0x70, 0xa, 0x47, 0x48, 0x0, 0x4d,
    0x55, 0x38, 0x6, 0x8a, 0x0, 0x96, 0x9c, 0xfd,
    0x0, 0x38, 0x52, 0x33, 0xe3, 0x3a, 0x44, 0x3,
    0xd1, 0x25, 0x5b, 0xa7, 0x10, 0xf, 0xd3, 0xb4,
    0xc4, 0x1, 0xfe,

    /* U+6BCF "每" */
    0x0, 0xcc, 0x40, 0x1f, 0xfc, 0x14, 0x90, 0xf,
    0xfe, 0x8, 0xd0, 0xe7, 0x77, 0xe7, 0x0, 0xb1,
    0x3b, 0xbf, 0xce, 0x0, 0xa1, 0x2d, 0xdf, 0xe1,
    0x0, 0xa7, 0xe, 0xfe, 0xeb, 0xff, 0x10, 0x80,
    0x46, 0xc, 0xa4, 0x97, 0xc2, 0x46, 0x1, 0xf1,
    0x10, 0xb, 0x25, 0x80, 0x3e, 0xff, 0x7, 0x7f,
    0xd5, 0x4f, 0xe0, 0xff, 0x0, 0x3e, 0xcb, 0xfc,
    0xf5, 0xff, 0x60, 0xff, 0x80, 0x21, 0x60, 0x5,
    0xcd, 0x90, 0x39, 0x80, 0x71, 0x8, 0x0, 0xf3,
    0x2, 0x2, 0x20, 0xe, 0xf5, 0xff, 0xd1, 0x9f,
    0x47, 0xf2, 0x1, 0x47, 0xff, 0xe6, 0x5f, 0x90,
    0xf, 0xc9, 0xff, 0x3f, 0x0, 0x40,

    /* U+6BD4 "比" */
    0x5, 0x10, 0xd, 0x2, 0x1, 0xeb, 0x20, 0xc,
    0xc6, 0x1, 0xff, 0xc5, 0x10, 0xf, 0xfe, 0x1,
    0xf8, 0x80, 0x7f, 0x93, 0x20, 0x40, 0x1d, 0xbb,
    0x10, 0x1, 0xae, 0x98, 0x2, 0xb9, 0x98, 0x82,
    0x63, 0x14, 0x3, 0x2a, 0x24, 0x0, 0x7f, 0x30,
    0xf, 0xfb, 0x84, 0x3, 0xff, 0x88, 0xa4, 0x1,
    0xff, 0xc0, 0xe6, 0x0, 0xc9, 0x62, 0x1, 0xce,
    0x1, 0x5e, 0xd1, 0x88, 0x38, 0x4, 0x4e, 0x62,
    0xb7, 0xd0, 0xf, 0x5f, 0xf1, 0x9d, 0x7a, 0xc0,
    0x14, 0xf6, 0xee, 0x0,

    /* U+6C0F "氏" */
    0x0, 0xc2, 0x46, 0xaf, 0x17, 0xa2, 0x5, 0xdf,
    0xee, 0xdd, 0x5e, 0x86, 0xf0, 0x80, 0x86, 0xf7,
    0xfa, 0x8a, 0xa1, 0x8c, 0x3, 0x10, 0x80, 0x1c,
    0x40, 0x3f, 0xf8, 0x2, 0x60, 0x1f, 0x84, 0x70,
    0x8, 0xf8, 0x0, 0x3d, 0xdb, 0x43, 0xbb, 0x84,
    0x7, 0xff, 0x8a, 0xff, 0xf0, 0x80, 0x7c, 0x86,
    0x1, 0xff, 0xc0, 0xcc, 0x0, 0x7f, 0x84, 0x48,
    0x81, 0x0, 0x68, 0x80, 0x49, 0x7c, 0xe2, 0xb0,
    0x2, 0x62, 0xc3, 0xd4, 0x7a, 0xc1, 0x6e, 0xe9,
    0x40, 0x2, 0x57, 0x41, 0x0, 0x7, 0x69, 0xa0,
    0x0,

    /* U+6C14 "气" */
    0x0, 0xce, 0x40, 0x1f, 0xfc, 0x12, 0x80, 0xf,
    0xfe, 0x14, 0x6, 0xff, 0xfe, 0x70, 0x8, 0xd7,
    0x7b, 0xbf, 0x9c, 0x2, 0xe8, 0x3, 0x3f, 0xc2,
    0x1, 0x5b, 0x33, 0x33, 0xf9, 0x40, 0x2c, 0xa1,
    0xee, 0xfe, 0x50, 0x9, 0xfb, 0xff, 0xf8, 0xc0,
    0x3b, 0xbb, 0xf8, 0x40, 0x3c, 0x23, 0xfc, 0x60,
    0x1f, 0xfc, 0x47, 0x0, 0xff, 0xe1, 0x8, 0x83,
    0xc0, 0x3f, 0xf8, 0xb, 0xa6, 0x40, 0x1f, 0xfc,
    0xc, 0x69, 0x40, 0xf, 0xfe, 0x2, 0xa9, 0x2c,
    0x0,

    /* U+6C34 "水" */
    0x0, 0xf8, 0xe0, 0x3, 0xff, 0x84, 0xc8, 0x1,
    0xff, 0xc3, 0x10, 0xc, 0x40, 0x1f, 0xe2, 0x20,
    0x1, 0x34, 0xc0, 0x11, 0xdd, 0x80, 0x25, 0x4,
    0xb9, 0x30, 0x5, 0x55, 0x60, 0x11, 0x53, 0x5c,
    0xb0, 0x4, 0x48, 0x80, 0x40, 0x0, 0xbc, 0xdb,
    0x0, 0x7d, 0xf8, 0x1, 0x71, 0x20, 0x7, 0xc2,
    0xae, 0x1, 0x23, 0x38, 0x7, 0xd0, 0xc2, 0x1,
    0xa6, 0xc, 0x3, 0x8d, 0xa0, 0x3, 0x8a, 0x74,
    0x80, 0x21, 0xe8, 0x10, 0xf, 0x33, 0xe1, 0x80,
    0x29, 0x9c, 0x3, 0xf4, 0xbe, 0x10, 0x65, 0x80,
    0x91, 0x31, 0xc0, 0x34, 0xc8, 0x81, 0xc0, 0xd,
    0xba, 0x7e, 0x0, 0xe6, 0x0,

    /* U+6C42 "求" */
    0x0, 0xf1, 0x18, 0x8, 0x7, 0xfc, 0x92, 0x11,
    0x62, 0x1, 0xff, 0xc0, 0x9d, 0xa0, 0xa, 0x3f,
    0xfa, 0x57, 0xfd, 0x29, 0xfc, 0x13, 0xbb, 0xd0,
    0x9b, 0xbd, 0xe0, 0x2f, 0x24, 0x50, 0xa1, 0x14,
    0x1e, 0x1, 0x2b, 0xc8, 0x6, 0x60, 0x1f, 0xa1,
    0x0, 0xb5, 0xd4, 0x0, 0x50, 0x58, 0xae, 0x1,
    0x87, 0x58, 0xed, 0xdd, 0xab, 0x0, 0x1e, 0x34,
    0xc1, 0x8, 0x1d, 0x0, 0xf1, 0x65, 0x65, 0x0,
    0xed, 0x20, 0x6, 0x8d, 0x4d, 0x30, 0x8, 0xee,
    0xce, 0x0, 0xa5, 0xc8, 0x0, 0xf2, 0x64, 0xe0,
    0xc6, 0x98, 0x8, 0xbc, 0xc0, 0x23, 0xf4, 0x12,
    0x0, 0x17, 0x71, 0x28, 0x3, 0xc, 0x0,

    /* U+6CE8 "注" */
    0x0, 0xfc, 0x74, 0x1, 0xf0, 0xf2, 0x80, 0x63,
    0x44, 0x0, 0x78, 0x6a, 0xe0, 0x3, 0x49, 0x80,
    0x7c, 0x9f, 0x95, 0xff, 0x44, 0x3f, 0xea, 0x0,
    0x20, 0xa, 0x5e, 0xec, 0x71, 0xbb, 0x58, 0x2,
    0xa8, 0x0, 0x12, 0x29, 0xc4, 0x8a, 0x10, 0x7,
    0xb6, 0x90, 0x7, 0xff, 0x0, 0x71, 0x4c, 0x3,
    0xff, 0x85, 0x3, 0x1f, 0xf2, 0x4f, 0xfc, 0x40,
    0x1a, 0x52, 0x3b, 0xa4, 0x9e, 0xe8, 0x80, 0x21,
    0x65, 0x1, 0x18, 0x0, 0x23, 0x0, 0x66, 0x41,
    0x0, 0xff, 0xe0, 0xd7, 0x80, 0x7f, 0xf0, 0x50,
    0xd2, 0x7f, 0xf2, 0x4f, 0xfe, 0x0, 0xc, 0x4,
    0xf7, 0x7f, 0x80,

    /* U+6D3B "活" */
    0x2, 0xb1, 0x0, 0x9, 0x1a, 0xb4, 0x4e, 0x8,
    0x11, 0x3c, 0xdb, 0xf3, 0xee, 0x83, 0xe0, 0x40,
    0x13, 0x70, 0xdd, 0xcc, 0x5a, 0x86, 0x40, 0x2,
    0x2, 0xd8, 0x7, 0xfd, 0x34, 0x0, 0xff, 0xc9,
    0x3f, 0xf8, 0x34, 0x74, 0xbb, 0xb2, 0x47, 0x76,
    0x0, 0x5a, 0x98, 0x8e, 0x1, 0x1e, 0x0, 0xa0,
    0x40, 0x46, 0x1, 0x1c, 0x1, 0xa1, 0x3, 0xba,
    0x48, 0xee, 0x68, 0x4, 0x2e, 0xc0, 0xf, 0xfe,
    0xb0, 0xc, 0xc8, 0x40, 0x1f, 0xfc, 0xa, 0xe0,
    0xf, 0xfe, 0x1, 0x99, 0x40, 0x2f, 0xfe, 0xb0,
    0xd, 0x0, 0x1b, 0x7b, 0xb5, 0x0, 0x0,

    /* U+6D4B "测" */
    0x2, 0x0, 0xff, 0x90, 0xf0, 0xc2, 0xab, 0x80,
    0x21, 0x93, 0xad, 0x44, 0x7f, 0xca, 0x18, 0x1,
    0x93, 0x54, 0xd7, 0x14, 0x40, 0x40, 0x23, 0x3,
    0x0, 0x9c, 0x3, 0xe9, 0xb0, 0xf, 0xfe, 0x5,
    0x16, 0x0, 0x7f, 0xf0, 0x27, 0xc0, 0x3f, 0xf8,
    0x26, 0x1, 0xff, 0xc0, 0x1d, 0x0, 0x9, 0x80,
    0x7e, 0x74, 0x7, 0x51, 0x4, 0x0, 0xf6, 0x60,
    0x6b, 0x41, 0xa8, 0x3c, 0x3, 0x22, 0x0, 0xd3,
    0x29, 0x0, 0x80, 0x23, 0x21, 0x3d, 0xe0, 0xd9,
    0x30, 0x2, 0x8a, 0x20, 0x3a, 0x8c, 0x7, 0x8f,
    0xbe, 0xa8, 0xf0, 0x1a, 0x80, 0x11, 0x87, 0x7f,
    0x30,

    /* U+6D6E "浮" */
    0x0, 0xff, 0xe2, 0xac, 0x0, 0x8, 0xd1, 0x5e,
    0x2b, 0x39, 0x80, 0xe, 0xb6, 0x1d, 0xc8, 0xfe,
    0xff, 0xb1, 0x80, 0x5, 0xa3, 0x15, 0x79, 0x28,
    0xea, 0x1e, 0x1, 0x20, 0x54, 0x3c, 0x9, 0x8b,
    0x7, 0x48, 0x0, 0x66, 0x80, 0x3, 0x4, 0x1c,
    0xa6, 0xa8, 0x0, 0x1c, 0x6d, 0x6, 0xbe, 0xdf,
    0xee, 0x2e, 0x0, 0x43, 0x96, 0xd, 0x99, 0xc8,
    0x54, 0x1, 0xcc, 0x0, 0x11, 0x8f, 0x57, 0x58,
    0x3, 0x1d, 0x80, 0x77, 0x2e, 0x10, 0x7, 0x20,
    0xcf, 0xfe, 0x36, 0xff, 0xc0, 0x16, 0x62, 0x7f,
    0xf1, 0xd7, 0xfe, 0x0, 0x91, 0x0, 0x1f, 0xfc,
    0x13, 0x12, 0x0, 0xc2, 0x42, 0x1, 0xe4, 0x40,
    0x5, 0x3f, 0xc6, 0xa0, 0x1e, 0x7a, 0x0, 0xa7,
    0xfd, 0xa2, 0x1, 0xc0,

    /* U+6DFB "添" */
    0x2, 0x0, 0xff, 0xe0, 0x8e, 0xb0, 0x26, 0x67,
    0xe0, 0x0, 0xec, 0x4a, 0xff, 0xa0, 0xe3, 0xfe,
    0x0, 0x8b, 0xc4, 0x46, 0x67, 0x24, 0x33, 0x80,
    0x4, 0x3, 0x2, 0x35, 0xa0, 0x8e, 0x0, 0x4d,
    0x1, 0x77, 0x4e, 0xdd, 0xdc, 0x16, 0x3a, 0x7f,
    0xe7, 0x5f, 0xb2, 0xff, 0x70, 0x2, 0xd4, 0x0,
    0xcc, 0x81, 0x44, 0x58, 0x7, 0x40, 0xc4, 0x31,
    0xa8, 0x24, 0x75, 0x0, 0x5, 0x74, 0x98, 0x40,
    0x1a, 0xa9, 0x20, 0x5, 0x1b, 0xce, 0x20, 0x3,
    0xb9, 0xb7, 0x40, 0xc, 0xc0, 0xa0, 0x10, 0x1,
    0xa9, 0x9c, 0x80, 0x8, 0xe1, 0x10, 0x0, 0x84,
    0x45, 0x56, 0x8, 0x42, 0x80, 0x80, 0x40, 0xa,
    0x47, 0x40, 0x35, 0x4, 0xc5, 0xf9, 0xd0, 0x66,
    0x6, 0x83, 0xc0, 0x4, 0xbf, 0xe6, 0x0, 0xf0,

    /* U+6E05 "清" */
    0x0, 0xfe, 0x30, 0xf, 0x8a, 0x40, 0x3d, 0xc6,
    0x1, 0xe2, 0xd, 0x2b, 0xdd, 0x8b, 0xb7, 0x66,
    0x0, 0xa6, 0x96, 0xf7, 0x62, 0xed, 0xd9, 0x80,
    0x33, 0xb9, 0x77, 0x62, 0xed, 0xd8, 0x40, 0x1a,
    0xa0, 0x5, 0xdd, 0x8b, 0xb7, 0x61, 0x0, 0x4d,
    0x42, 0xee, 0xe0, 0xed, 0xdc, 0x0, 0x4d, 0x54,
    0xdc, 0xcf, 0xb7, 0x40, 0x11, 0x68, 0xa7, 0x6e,
    0xf6, 0x50, 0x7, 0x48, 0x82, 0x6e, 0xf5, 0x80,
    0x71, 0x30, 0x82, 0xd5, 0x75, 0x80, 0x72, 0xa8,
    0x0, 0xb5, 0x5d, 0x60, 0x1d, 0x7e, 0x0, 0x5d,
    0xde, 0xb0, 0xc, 0x26, 0xa0, 0x5, 0xcc, 0xeb,
    0x0, 0xc8, 0x80, 0xf, 0xab, 0x63, 0xc0, 0x25,
    0xb0, 0x2, 0x50, 0x5, 0x5b, 0xca, 0x0,

    /* U+6E29 "温" */
    0x0, 0x8, 0x7, 0xff, 0x9, 0x70, 0x41, 0x3b,
    0xbe, 0x30, 0x9, 0x6b, 0xc8, 0x53, 0xbb, 0x94,
    0x3, 0x9e, 0x28, 0x4, 0x8b, 0x80, 0x38, 0x41,
    0xa0, 0x17, 0xbb, 0x94, 0x3, 0x63, 0x80, 0x49,
    0x99, 0xca, 0x1, 0xb3, 0x20, 0x2, 0xff, 0xf2,
    0x0, 0x61, 0xb9, 0x5, 0xff, 0xf8, 0xc0, 0x39,
    0x40, 0x8c, 0xfe, 0x20, 0xc, 0x76, 0x1f, 0xee,
    0xdf, 0xcf, 0xf7, 0x0, 0x64, 0x20, 0x7, 0x4a,
    0x62, 0x77, 0x0, 0x3a, 0xf4, 0x3, 0xff, 0x82,
    0x26, 0x80, 0x1f, 0xfc, 0x14, 0x40, 0x7, 0xff,
    0xb, 0xf0, 0xfc, 0xb6, 0xd7, 0xd3, 0x74, 0x7e,
    0x0, 0xb6, 0x3f, 0xff, 0xf8, 0x0,

    /* U+6E7F "湿" */
    0x0, 0x18, 0x7, 0xff, 0x8, 0x75, 0x81, 0x3f,
    0xff, 0x0, 0x43, 0xb1, 0x20, 0x7f, 0xfe, 0x0,
    0xe3, 0xc3, 0x0, 0xff, 0xe0, 0x8, 0x15, 0x1,
    0xf7, 0x78, 0x3, 0x6d, 0x0, 0x47, 0xdd, 0xe0,
    0xd, 0xa3, 0xa4, 0x7, 0xdd, 0xe0, 0xc, 0x37,
    0x62, 0x4e, 0xf1, 0xfb, 0x5f, 0xe0, 0xe, 0x60,
    0x71, 0x10, 0x8, 0x80, 0x4d, 0xc0, 0x37, 0xe,
    0x20, 0x7, 0xa8, 0x3, 0x21, 0x8f, 0xc0, 0x7,
    0x99, 0x80, 0x16, 0xa8, 0x20, 0x98, 0x6, 0x66,
    0x8, 0x4, 0x96, 0x0, 0x90, 0xe, 0x39, 0x0,
    0x88, 0x86, 0x0, 0x43, 0x0, 0xca, 0x20, 0x12,
    0xa8, 0x1f, 0xfe, 0xf, 0xb4, 0xff, 0x80, 0xf,
    0x0, 0xff, 0xff, 0xe0,

    /* U+6E90 "源" */
    0x0, 0x8, 0x7, 0xff, 0x9, 0x70, 0x83, 0x37,
    0x7f, 0x80, 0xb, 0x78, 0x85, 0x3d, 0xc8, 0xe,
    0xec, 0x1, 0x35, 0x38, 0x29, 0x98, 0x90, 0xcf,
    0x0, 0x1c, 0x10, 0xc0, 0x17, 0xd0, 0xdd, 0xd0,
    0x5, 0x74, 0x1, 0x9e, 0xbf, 0xdd, 0xc1, 0x0,
    0xb1, 0xac, 0x3, 0x9, 0x16, 0x0, 0xec, 0xc0,
    0x8, 0x2, 0x3b, 0xb0, 0x7, 0x9c, 0x0, 0x21,
    0x39, 0x98, 0x3, 0x9e, 0x0, 0x27, 0xae, 0xec,
    0x1, 0xd9, 0x83, 0x20, 0xbe, 0xe0, 0x7f, 0x78,
    0x6, 0x44, 0x9c, 0x21, 0xc0, 0x2b, 0x30, 0x8,
    0xcc, 0x19, 0x81, 0x57, 0x0, 0xa3, 0x84, 0x0,
    0x88, 0x14, 0x7d, 0x80, 0x11, 0x8e, 0xac, 0x1,
    0xb9, 0x2a, 0x8, 0xbf, 0xc8, 0x0, 0x7d, 0x0,
    0x52, 0x4d, 0x8c, 0x7, 0xfa, 0xc0, 0x27, 0x0,

    /* U+6EE1 "满" */
    0x0, 0xf3, 0x90, 0x2, 0x40, 0x25, 0xc1, 0x0,
    0xa8, 0x40, 0xc, 0x20, 0x5, 0x56, 0x3f, 0x70,
    0xb3, 0xb8, 0x1f, 0xda, 0x12, 0x88, 0xee, 0x16,
    0x77, 0x3, 0xfb, 0x40, 0x12, 0x60, 0xb, 0x10,
    0x4, 0x0, 0x54, 0xe0, 0xbd, 0xc8, 0xde, 0xe4,
    0x7f, 0x72, 0xf2, 0xd7, 0xb9, 0x6d, 0xd4, 0xbd,
    0xd0, 0xdf, 0xe, 0x62, 0x1f, 0x25, 0x33, 0xa,
    0x0, 0x10, 0x2e, 0x57, 0xea, 0x7e, 0x53, 0x5,
    0x80, 0x32, 0x15, 0x20, 0x1, 0x0, 0x58, 0x80,
    0x12, 0xa4, 0xeb, 0xa0, 0x4, 0x98, 0x0, 0x30,
    0x8c, 0x7f, 0x93, 0x1, 0x24, 0x0, 0x7f, 0x83,
    0x28, 0x7c, 0xc1, 0xc, 0x2, 0xe3, 0x0, 0x38,
    0x11, 0x86, 0xa0, 0x4, 0x40, 0x9, 0xa, 0xf7,
    0x48, 0x80, 0xe, 0x0, 0x75, 0x7e, 0x90,

    /* U+6F14 "演" */
    0x0, 0xf8, 0x6c, 0x3, 0xc3, 0xa6, 0x1, 0x85,
    0x8c, 0x3, 0x86, 0x35, 0xbf, 0xf1, 0x67, 0xfd,
    0xa0, 0x5, 0xd5, 0x1f, 0xff, 0xb8, 0xc0, 0x80,
    0xc8, 0x22, 0xef, 0xcc, 0x61, 0x76, 0x1, 0xea,
    0x88, 0x2f, 0xc4, 0x1b, 0x42, 0x43, 0x0, 0x6,
    0x44, 0x37, 0x22, 0x0, 0x6b, 0x74, 0x5f, 0xdd,
    0x17, 0xee, 0xb8, 0x40, 0x2b, 0x40, 0x4c, 0xc1,
    0x6e, 0x60, 0x40, 0x36, 0x10, 0x2e, 0xe8, 0xb3,
    0x74, 0x20, 0x11, 0x14, 0xb, 0xba, 0x2c, 0xdd,
    0x8, 0x4, 0xa8, 0x2, 0x9b, 0xa2, 0xcd, 0xd0,
    0x80, 0x57, 0xc0, 0x9d, 0x32, 0xfc, 0xbd, 0xf1,
    0x2, 0x34, 0x5, 0xc9, 0x70, 0x7, 0xf4, 0x90,
    0x33, 0x2, 0xa6, 0x5a, 0x60, 0x33, 0xfd, 0x84,
    0x92, 0x15, 0x8a, 0x1, 0xc2, 0xfc, 0x40,

    /* U+7070 "灰" */
    0x0, 0xd0, 0xa0, 0x1f, 0xfc, 0x23, 0x0, 0xff,
    0xe0, 0x56, 0xe9, 0x2f, 0x77, 0xf6, 0x0, 0x23,
    0xb8, 0x51, 0xdd, 0xfb, 0xc0, 0x4, 0x67, 0x21,
    0x98, 0xbc, 0xcf, 0x80, 0x38, 0x44, 0x0, 0x33,
    0x0, 0x4a, 0x1, 0xc6, 0x3e, 0xa0, 0x1c, 0xf2,
    0x1, 0xc8, 0xbf, 0x60, 0x20, 0x2, 0x9e, 0x0,
    0xec, 0xd3, 0x48, 0x50, 0x4e, 0x82, 0x0, 0xc2,
    0x8e, 0x17, 0x3a, 0x5d, 0xec, 0x1, 0xd2, 0xa2,
    0x2, 0x49, 0x88, 0xe0, 0x1c, 0x2d, 0x20, 0x2,
    0xda, 0x1a, 0xa1, 0x80, 0x6b, 0x43, 0x4, 0xc9,
    0x50, 0x49, 0xd5, 0x0, 0x9e, 0xc6, 0xae, 0xce,
    0x1, 0x3d, 0xd5, 0x0, 0x1a, 0x20, 0xe, 0x50,
    0xe, 0x5e, 0xf0,

    /* U+70B9 "点" */
    0x0, 0xf4, 0x10, 0x7, 0xff, 0x5, 0x84, 0x3,
    0xff, 0x85, 0x9f, 0xfd, 0x20, 0x1f, 0xab, 0x77,
    0xa0, 0x3, 0xf3, 0x11, 0x70, 0x80, 0xb, 0xff,
    0xe, 0x7f, 0xe2, 0x0, 0xc3, 0xdd, 0xf8, 0x44,
    0x1, 0xc2, 0x3f, 0x80, 0x3f, 0xf9, 0x23, 0xff,
    0xf8, 0x40, 0x31, 0x67, 0x77, 0xec, 0x30, 0x9,
    0x7c, 0x59, 0xc4, 0x30, 0x45, 0xca, 0x1, 0x4c,
    0x80, 0x70, 0x4, 0x46, 0x13, 0x60, 0x5, 0x15,
    0x5, 0x40, 0x5, 0xd0, 0x22, 0xc8, 0x6c, 0x80,
    0xd, 0xc0, 0xd, 0xa0, 0x9, 0xe0,

    /* U+70DF "烟" */
    0x0, 0xa0, 0x3, 0xff, 0x82, 0x2c, 0x0, 0xcd,
    0xdf, 0x84, 0x3, 0x84, 0xa7, 0xb9, 0x1d, 0xc3,
    0x30, 0xe0, 0x1, 0x68, 0x14, 0xcd, 0x6, 0x60,
    0x0, 0x90, 0xd, 0xc8, 0x7, 0xf9, 0x54, 0x1a,
    0x40, 0x9b, 0xa2, 0xd8, 0x0, 0x8c, 0xc2, 0x60,
    0x7, 0xf9, 0x3f, 0x90, 0xa, 0xc8, 0xc0, 0x23,
    0x20, 0x12, 0x10, 0x8, 0xdc, 0x40, 0x3b, 0x4d,
    0x80, 0x39, 0x88, 0x40, 0x23, 0x7c, 0xb0, 0xe,
    0x30, 0xb0, 0x1, 0x6d, 0x92, 0xb0, 0x6, 0xbd,
    0x65, 0x6, 0x95, 0x9, 0x30, 0x8, 0x88, 0x7d,
    0xe0, 0x8e, 0x0, 0x15, 0x0, 0xa2, 0x40, 0xa8,
    0x3b, 0xff, 0x84, 0x0, 0xce, 0x1, 0xb7, 0xbb,
    0x84, 0x0,

    /* U+7167 "照" */
    0x0, 0x66, 0x60, 0xdf, 0xff, 0x10, 0x9, 0x77,
    0x8, 0x77, 0x87, 0xfe, 0x13, 0x0, 0x19, 0x10,
    0x2, 0x74, 0x0, 0x84, 0x40, 0x1f, 0xd, 0xf0,
    0x89, 0x4, 0x2, 0x35, 0x50, 0x16, 0x2a, 0x36,
    0xfd, 0x80, 0x43, 0xfe, 0x12, 0xbb, 0x1a, 0x7c,
    0x38, 0x4, 0x55, 0x41, 0x0, 0x74, 0x46, 0xd0,
    0xf, 0xe5, 0xbb, 0xc0, 0x18, 0xd5, 0x40, 0x1f,
    0xf0, 0xa7, 0xf9, 0x4, 0x1f, 0xff, 0x8, 0x5,
    0x1d, 0x52, 0xd, 0xd9, 0xfe, 0x7e, 0x0, 0xa0,
    0x82, 0x10, 0xf, 0x40, 0x3, 0x20, 0x3, 0x46,
    0xc, 0xc0, 0x12, 0xa8, 0x21, 0xcc, 0x3e, 0x40,
    0x6, 0x80, 0xe, 0xd0, 0x18, 0x80, 0x73, 0x80,
    0x13, 0x0, 0xb, 0x0, 0x6, 0xb0,

    /* U+71C3 "燃" */
    0x0, 0xa0, 0x2, 0x51, 0x0, 0x21, 0x80, 0x70,
    0xb0, 0x5, 0x62, 0x0, 0x34, 0xa0, 0xf, 0x89,
    0x7, 0xb8, 0x20, 0x20, 0x80, 0x34, 0x0, 0x94,
    0xfa, 0xe0, 0x10, 0x5, 0x90, 0xb, 0x80, 0x9a,
    0x2c, 0x29, 0x55, 0x2e, 0xb0, 0x0, 0xc4, 0x35,
    0x37, 0xf1, 0x72, 0xcc, 0xf9, 0x0, 0x62, 0x1a,
    0x3c, 0x8, 0x31, 0xbb, 0x21, 0x80, 0x14, 0x81,
    0x37, 0xf5, 0x4, 0x85, 0x54, 0x1, 0x13, 0x30,
    0x4, 0x41, 0x1, 0xd1, 0x30, 0x1, 0x99, 0xc0,
    0xb7, 0x43, 0x6a, 0xa1, 0x5b, 0x0, 0xb4, 0x62,
    0x16, 0x62, 0x72, 0x0, 0x82, 0x10, 0x2, 0xfa,
    0x4f, 0x4, 0x41, 0x94, 0x76, 0x44, 0x14, 0x4b,
    0x40, 0x24, 0x2, 0xf1, 0x74, 0x0, 0x44, 0x0,
    0x67, 0x81, 0x89, 0x50, 0x3b, 0xc0, 0x14, 0x80,
    0x1, 0x50, 0xf3, 0x1a, 0x4, 0x30,

    /* U+7279 "特" */
    0x0, 0xa, 0x0, 0x73, 0x0, 0x78, 0x4a, 0x40,
    0x3a, 0x48, 0x3, 0xe, 0x0, 0x62, 0x28, 0x18,
    0x88, 0x20, 0x42, 0x1, 0xbf, 0xe0, 0xaf, 0xf3,
    0x83, 0x1f, 0x16, 0xa6, 0xec, 0x19, 0xba, 0x60,
    0x26, 0xb2, 0xe6, 0x11, 0x80, 0x47, 0x6, 0xe9,
    0x40, 0xf3, 0xba, 0xc, 0xee, 0x88, 0x14, 0x2,
    0xef, 0xfe, 0xe, 0xf2, 0xa1, 0x62, 0xe5, 0x11,
    0xe0, 0x31, 0x7, 0xda, 0x1a, 0xde, 0xee, 0xd,
    0xe0, 0xfb, 0xb1, 0xa4, 0x57, 0x7f, 0xc1, 0xde,
    0x10, 0xce, 0x1, 0x6e, 0x80, 0x3f, 0xf8, 0x30,
    0xd0, 0x1, 0xff, 0xc1, 0xa8, 0x4, 0x1, 0x0,
    0xff, 0x5f, 0xdb, 0x0, 0x40,

    /* U+72B6 "状" */
    0x0, 0xce, 0x20, 0x12, 0x98, 0x7, 0xe9, 0x30,
    0xb, 0x9a, 0x18, 0x2, 0x50, 0xf, 0xea, 0x83,
    0x0, 0x42, 0x0, 0x7e, 0x2a, 0xe0, 0x5, 0xf8,
    0x4, 0x45, 0x1, 0x11, 0xbc, 0x41, 0x94, 0x80,
    0x77, 0x64, 0x8d, 0xda, 0x0, 0xd, 0x40, 0x3f,
    0xf1, 0xcf, 0xfd, 0x20, 0x8, 0x80, 0x7, 0x17,
    0x80, 0x7d, 0x42, 0x1, 0x8, 0x90, 0x3, 0x87,
    0x4, 0x3, 0x32, 0x82, 0x0, 0x45, 0xeb, 0x62,
    0x1, 0x54, 0xd7, 0x80, 0x47, 0x12, 0x1, 0xa1,
    0x8d, 0xd5, 0xc0, 0x2, 0xc0, 0x19, 0x1e, 0x40,
    0x15, 0x8, 0x1, 0xe4, 0xba, 0x20, 0x2, 0x45,
    0xa0, 0x7, 0x64, 0xa8, 0x6, 0x78, 0x20, 0xd,
    0xd4, 0xc0, 0x1e, 0x76,

    /* U+72EC "独" */
    0x0, 0xff, 0x38, 0x7, 0x34, 0x81, 0x60, 0x4,
    0x32, 0x1, 0xce, 0xe6, 0xca, 0x0, 0xff, 0xc,
    0x4c, 0x9a, 0xff, 0xdc, 0x3f, 0xf0, 0x82, 0x40,
    0x18, 0x2, 0xbb, 0x47, 0xb8, 0x20, 0xa, 0xb7,
    0xd0, 0x0, 0x88, 0xc0, 0x44, 0x1, 0x7a, 0xe2,
    0x0, 0x7f, 0xc2, 0x1e, 0x40, 0x1, 0x11, 0x80,
    0x88, 0x3, 0x48, 0x6, 0xae, 0xd1, 0xee, 0x8,
    0x2, 0x92, 0x84, 0x57, 0xfe, 0xe1, 0xff, 0x84,
    0x7, 0x4, 0xc, 0x3, 0xce, 0x60, 0xb, 0x10,
    0xf, 0xe2, 0xa0, 0xf, 0x18, 0x0, 0x48, 0x4c,
    0x18, 0x3, 0x20, 0xbf, 0xfb, 0xb4, 0xbf, 0x89,
    0x42, 0xfe, 0xe1, 0xbb, 0x9f, 0xdb, 0x97, 0x3c,
    0x17, 0xfe, 0x70, 0x11, 0x0, 0x72, 0x40,

    /* U+73AF "环" */
    0x0, 0xf0, 0x99, 0xfc, 0x0, 0xef, 0xfd, 0x3b,
    0xb6, 0x6e, 0xc8, 0x1d, 0xc1, 0xce, 0x8e, 0xe5,
    0x9f, 0x74, 0x80, 0x1, 0x1, 0x10, 0x5, 0xd4,
    0x1, 0xff, 0xc0, 0x34, 0x30, 0xe, 0x12, 0x6,
    0x20, 0x4, 0x6, 0xa0, 0x6, 0xac, 0x1a, 0xc0,
    0x46, 0x30, 0xa3, 0x0, 0xaf, 0x87, 0x38, 0x6a,
    0x43, 0x6f, 0x48, 0x3, 0xea, 0x74, 0x0, 0x2b,
    0x78, 0x7, 0x99, 0xe4, 0x3, 0x43, 0xc8, 0x6,
    0x63, 0xe0, 0xf, 0x54, 0xc, 0xe0, 0xd7, 0x18,
    0x7, 0xc2, 0x2e, 0x8e, 0xe5, 0x88, 0x7, 0xf3,
    0xa0, 0x80, 0x7f, 0xc0,

    /* U+73B0 "现" */
    0x1, 0x1e, 0x29, 0x9f, 0x40, 0x3, 0xbb, 0x7b,
    0x38, 0x8f, 0x30, 0x3, 0xfc, 0x1f, 0xc0, 0x51,
    0x0, 0x89, 0x0, 0xff, 0xe0, 0x30, 0x7, 0xff,
    0x4, 0x40, 0x3d, 0x58, 0x19, 0x40, 0x1f, 0xee,
    0x80, 0x8e, 0x0, 0x88, 0xc0, 0x39, 0x10, 0x8,
    0x80, 0x9, 0xc4, 0x3, 0xff, 0x83, 0x80, 0x40,
    0x1f, 0xc9, 0x80, 0xa0, 0xe3, 0xc0, 0x1d, 0x3c,
    0x60, 0xe2, 0xa0, 0x17, 0xd, 0x70, 0x85, 0x1a,
    0xcf, 0x0, 0x78, 0xeb, 0xa5, 0x22, 0xb4, 0x87,
    0x44, 0xc0, 0x65, 0x0, 0x1a, 0xba, 0x61, 0x8d,
    0xd9, 0x20, 0x1d, 0x3a, 0x40, 0x4, 0xef, 0xf3,
    0x80,

    /* U+7406 "理" */
    0x0, 0x8, 0xc0, 0x73, 0x3f, 0x0, 0x37, 0xbb,
    0x2a, 0xbf, 0x9b, 0xfc, 0xc2, 0x1b, 0xe3, 0xdc,
    0x6, 0x62, 0x8b, 0x30, 0x40, 0x3f, 0x9, 0xb8,
    0x99, 0x84, 0x3, 0xf2, 0xc4, 0x84, 0x40, 0x3,
    0xf9, 0x2f, 0x86, 0xec, 0x20, 0xc, 0xf1, 0xec,
    0x1, 0x21, 0x2, 0x20, 0x5, 0x9e, 0x3d, 0x86,
    0xb9, 0xa3, 0x98, 0x0, 0xfc, 0xbd, 0xcc, 0x1e,
    0xe8, 0x40, 0x3c, 0xf7, 0x69, 0x1b, 0xb9, 0x0,
    0x31, 0x32, 0xff, 0xb8, 0x3f, 0xe5, 0x2, 0x71,
    0xc9, 0x24, 0x43, 0x8a, 0x24, 0x21, 0xb2, 0xd7,
    0xe0, 0x1f, 0xed, 0xe9, 0x47, 0xff, 0xb4, 0x7f,
    0xee,

    /* U+751F "生" */
    0x0, 0xf1, 0x40, 0x7, 0xf1, 0x60, 0x0, 0x58,
    0x3, 0xf9, 0x40, 0x3f, 0xf8, 0x54, 0x84, 0x46,
    0x2, 0x2e, 0x0, 0x90, 0x9f, 0x75, 0x43, 0xbb,
    0xcc, 0x0, 0x87, 0xff, 0xb0, 0x7f, 0xf9, 0x81,
    0x8a, 0x0, 0x3f, 0xf8, 0xb, 0xa0, 0x1f, 0xfc,
    0x13, 0x7f, 0xfd, 0x83, 0xff, 0xb4, 0x2, 0x4d,
    0xdd, 0x43, 0xbb, 0xb0, 0x3, 0x11, 0x66, 0x2,
    0x2c, 0x20, 0x1f, 0xfd, 0x4a, 0xff, 0xec, 0x1f,
    0xff, 0x5, 0xf7, 0x7f, 0xf0, 0x40,

    /* U+7528 "用" */
    0x1, 0x55, 0xff, 0x80, 0xb, 0x53, 0x3a, 0xa6,
    0x75, 0x10, 0x0, 0xf3, 0x2e, 0xc, 0xcc, 0x1,
    0xff, 0xc6, 0x3c, 0xcb, 0x83, 0x33, 0x0, 0x62,
    0x99, 0xa8, 0x26, 0x70, 0x6, 0x15, 0x59, 0x1,
    0x57, 0x0, 0x7f, 0xf1, 0x44, 0xfb, 0xac, 0xe,
    0xec, 0x1, 0x1a, 0x66, 0x54, 0x19, 0x98, 0x2,
    0xe3, 0x22, 0x98, 0x8, 0xb0, 0x4, 0x9a, 0x1,
    0xff, 0x11, 0xa8, 0x7, 0xc2, 0x60, 0xb, 0x60,
    0xc, 0x62, 0xf, 0xd8, 0xa5, 0x30, 0x1, 0x87,
    0x81, 0xff, 0xd4, 0x0,

    /* U+7531 "由" */
    0x0, 0xe6, 0x20, 0xf, 0xf5, 0xb0, 0x7, 0xff,
    0x17, 0xbf, 0xf1, 0x5f, 0xfe, 0x50, 0xce, 0xe8,
    0xab, 0xba, 0x40, 0x0, 0x8e, 0x1, 0x1c, 0x1,
    0xff, 0xcf, 0xdf, 0xf8, 0xaf, 0xfe, 0x40, 0x6,
    0x77, 0x45, 0x7d, 0xd2, 0x0, 0x4, 0x70, 0x0,
    0x46, 0x0, 0xff, 0xe1, 0x88, 0xe0, 0x11, 0xc0,
    0x16, 0x77, 0x45, 0x5d, 0xd2, 0x0, 0x37, 0xff,
    0xf2, 0x0,

    /* U+7535 "电" */
    0x0, 0xe2, 0x0, 0xff, 0xe0, 0xe9, 0x0, 0x7c,
    0x24, 0x58, 0x4, 0x8b, 0x0, 0x5f, 0x99, 0x83,
    0x73, 0x2d, 0x30, 0xb, 0x7b, 0xa0, 0xce, 0xe8,
    0x40, 0x3f, 0xf8, 0xd9, 0xff, 0x6, 0xff, 0xc2,
    0x1, 0xaf, 0xba, 0xc, 0xee, 0x84, 0x3, 0x38,
    0x8c, 0x2, 0x38, 0x3, 0xff, 0x8f, 0x9f, 0xf0,
    0x6f, 0xfc, 0x20, 0xe1, 0xdf, 0xf8, 0x37, 0xff,
    0x14, 0x0, 0x7f, 0xf0, 0xc, 0x40, 0x3c, 0x2a,
    0x23, 0xa8, 0x80, 0x3d, 0x13, 0xdd, 0x9a, 0x40,

    /* U+7559 "留" */
    0x0, 0xc4, 0xc0, 0x1f, 0xd3, 0x9f, 0x9e, 0xb7,
    0x7e, 0x20, 0x69, 0xec, 0x94, 0x84, 0x88, 0x90,
    0x2, 0x51, 0xb5, 0x12, 0x13, 0x31, 0x1, 0x80,
    0x6c, 0x80, 0x55, 0x0, 0x8, 0x4, 0x0, 0x97,
    0x2, 0xf1, 0xe0, 0xb, 0x10, 0x30, 0xff, 0x6e,
    0xb1, 0x92, 0xf9, 0x6c, 0xf, 0x6d, 0x0, 0x76,
    0x82, 0xfb, 0x54, 0x0, 0x9f, 0xdd, 0x4f, 0xf7,
    0x5e, 0x60, 0x12, 0xf7, 0x47, 0x7d, 0xd1, 0x0,
    0x70, 0x8c, 0x2, 0x38, 0x3, 0x93, 0x76, 0x38,
    0xdd, 0x88, 0x3, 0x26, 0x64, 0x73, 0x99, 0x10,
    0x6, 0x4d, 0xd8, 0xeb, 0x76, 0x20, 0xc, 0x9b,
    0xb7, 0xf6, 0xec, 0x40, 0x0,

    /* U+767E "百" */
    0xbd, 0xdf, 0xfe, 0x5, 0xc7, 0x77, 0x2, 0xf7,
    0x74, 0x19, 0xf8, 0xac, 0xcf, 0xc0, 0x1, 0x19,
    0x0, 0x47, 0x80, 0x23, 0xee, 0xac, 0x37, 0xbb,
    0x20, 0x4, 0x5f, 0xff, 0x88, 0x3, 0xff, 0x8e,
    0x23, 0xf8, 0x3, 0x8b, 0xbb, 0xf1, 0x0, 0x62,
    0xff, 0xfc, 0x40, 0x1f, 0xfc, 0x71, 0x1f, 0xc0,
    0x1c, 0x5d, 0xdf, 0x88, 0x3, 0x17, 0xff, 0xe2,
    0x0, 0x0,

    /* U+7684 "的" */
    0x0, 0xa4, 0x40, 0x25, 0x60, 0xf, 0xb, 0x8,
    0x5, 0xc0, 0x1f, 0x21, 0x80, 0x42, 0x8e, 0x1,
    0x87, 0xe8, 0xff, 0xc4, 0xc1, 0xdf, 0xf3, 0x0,
    0xf7, 0x42, 0x13, 0x5d, 0xd2, 0x0, 0x42, 0x30,
    0x59, 0x28, 0x8c, 0x6, 0x1, 0xea, 0xf3, 0x0,
    0xf8, 0x8a, 0x1, 0xd, 0x20, 0x3, 0x88, 0xe,
    0xec, 0x20, 0x73, 0xe0, 0x13, 0x80, 0xff, 0xc2,
    0x0, 0x71, 0x70, 0x10, 0xf, 0xf6, 0xb8, 0x0,
    0x40, 0x3f, 0x84, 0x0, 0x60, 0x11, 0x14, 0x1,
    0xf0, 0x98, 0xe, 0xec, 0x26, 0x0, 0x22, 0x30,
    0x8, 0xf, 0xfe, 0x10, 0x4d, 0xd4, 0xc0, 0x0,

    /* U+76D8 "盘" */
    0x0, 0xf1, 0x88, 0x7, 0xff, 0x3, 0x4c, 0x3,
    0xf2, 0xff, 0xc3, 0xbf, 0xf6, 0x80, 0x72, 0x7f,
    0x1e, 0x7f, 0xb0, 0x3, 0xf0, 0xf4, 0x10, 0x7,
    0x67, 0x5a, 0x77, 0x31, 0x73, 0xb4, 0xbb, 0x73,
    0x99, 0xfb, 0x63, 0xba, 0xd2, 0xed, 0x1, 0x6b,
    0x1, 0xab, 0x0, 0x38, 0x6, 0xd4, 0x30, 0x2c,
    0xd6, 0xca, 0x40, 0x3, 0xba, 0x80, 0x33, 0x3f,
    0xe4, 0x80, 0x1f, 0x7f, 0xfd, 0xd9, 0xbe, 0xc0,
    0x12, 0xff, 0xf, 0xf8, 0x7b, 0xd4, 0x3, 0xff,
    0xa5, 0xd2, 0xbf, 0xc3, 0xfe, 0x1e, 0xf5, 0x9e,

    /* U+76EE "目" */
    0x2d, 0xdf, 0xf1, 0x9, 0x4c, 0xfe, 0x20, 0x0,
    0xa2, 0x7e, 0x10, 0xf, 0xfe, 0x10, 0xff, 0xfe,
    0x10, 0x0, 0xf7, 0x7e, 0x10, 0x8, 0x47, 0xf0,
    0x7, 0xff, 0xc, 0x7f, 0xff, 0x8, 0x0, 0x7f,
    0xff, 0x8, 0x7, 0xff, 0xc, 0x8b, 0xf0, 0x4,
    0x3b, 0xbf, 0x84, 0x0, 0x3f, 0xff, 0x84, 0xf,
    0x80, 0x3f, 0x71, 0x0,

    /* U+770B "看" */
    0x0, 0xff, 0x84, 0xd0, 0x0, 0x53, 0x2a, 0xbc,
    0xc7, 0x7f, 0x67, 0xe8, 0x0, 0xf3, 0x1d, 0xe8,
    0xff, 0xee, 0xdc, 0x90, 0x0, 0xa3, 0xb3, 0x8,
    0x86, 0x45, 0x84, 0x2, 0x8e, 0xe9, 0x55, 0xdd,
    0xd0, 0x1, 0x4e, 0x62, 0x4f, 0x33, 0xd2, 0x0,
    0xde, 0xea, 0x8b, 0xbb, 0xed, 0xd, 0xee, 0x32,
    0x77, 0x7e, 0xd0, 0x9, 0x5d, 0xb7, 0x7d, 0xe0,
    0x19, 0x6c, 0x37, 0x7e, 0x0, 0xd1, 0xd, 0xd,
    0xdf, 0x80, 0x3b, 0xc, 0x22, 0x3e, 0x0, 0xd0,
    0x20, 0x3, 0x3f, 0x80, 0x3f, 0x6e, 0xfc, 0x1,
    0xfa, 0x67, 0xe0, 0xf, 0xbc, 0x8b, 0xef, 0x0,
    0x0,

    /* U+771F "真" */
    0x0, 0xf1, 0x98, 0x3, 0xff, 0x81, 0x76, 0x0,
    0xf4, 0x77, 0x73, 0xbb, 0xbb, 0xa2, 0x1d, 0xdc,
    0xee, 0xee, 0xe8, 0x0, 0x67, 0x6e, 0x95, 0x5b,
    0xae, 0xc0, 0xe, 0xad, 0xdf, 0x50, 0x7, 0xa7,
    0x33, 0xd2, 0x1, 0xeb, 0xee, 0xf5, 0x80, 0x7b,
    0x62, 0x3d, 0xa0, 0x1e, 0x1d, 0xdf, 0x8, 0x7,
    0xb5, 0x13, 0xda, 0x1, 0x6e, 0x8e, 0x7b, 0xbd,
    0x27, 0xbb, 0xbf, 0xcb, 0x1b, 0xa8, 0xaf, 0xf6,
    0xe8, 0x16, 0xbc, 0x50, 0x0, 0xdd, 0xf6, 0xc1,
    0x73, 0x9d, 0x22, 0x0, 0x39, 0xef, 0xc8, 0xbc,
    0x60, 0xf, 0xc9, 0x50,

    /* U+77E5 "知" */
    0x0, 0x88, 0x3, 0xff, 0x82, 0x9e, 0x1, 0xff,
    0xc1, 0xd7, 0x33, 0x85, 0x73, 0x38, 0x40, 0xe,
    0x99, 0xba, 0x63, 0x8, 0x88, 0xc0, 0xc, 0xbc,
    0x5b, 0xce, 0xc, 0x89, 0x0, 0x5b, 0x0, 0x1,
    0x0, 0xff, 0x59, 0x80, 0x4, 0x3, 0xfd, 0xff,
    0x16, 0x7e, 0x0, 0x7e, 0xff, 0x83, 0xbf, 0x0,
    0x3f, 0xc4, 0x2, 0x1, 0xff, 0xc0, 0x50, 0xb0,
    0xf, 0xfe, 0x5, 0x5b, 0x40, 0x7, 0xf9, 0xc5,
    0x3d, 0xd4, 0x17, 0xfe, 0x0, 0x8e, 0x3c, 0xa,
    0x84, 0x13, 0x76, 0x0, 0xba, 0xc, 0x0, 0xa8,
    0x2, 0x45, 0x0, 0x5e, 0xe0, 0x1c, 0xd4, 0x1,
    0x78, 0x80,

    /* U+786E "确" */
    0x0, 0xfc, 0x48, 0x1, 0xe1, 0x1e, 0x0, 0x46,
    0x0, 0x7b, 0x3f, 0xbf, 0xc2, 0x8a, 0xff, 0xf0,
    0x80, 0x37, 0xb, 0xb8, 0x15, 0x4f, 0xf2, 0xb0,
    0x80, 0x4a, 0x80, 0xa, 0x26, 0x38, 0x4a, 0x30,
    0xa, 0xb4, 0xd, 0x8f, 0xfc, 0xe5, 0xf8, 0x20,
    0x44, 0xea, 0x7f, 0x3c, 0xc0, 0x66, 0x4, 0x1,
    0x1, 0x80, 0x40, 0x28, 0x80, 0x44, 0x0, 0x9,
    0x5, 0xb4, 0x0, 0x51, 0x0, 0x88, 0x8, 0x1d,
    0x80, 0x61, 0x3c, 0xc0, 0x66, 0x4, 0x5, 0x40,
    0x38, 0xa2, 0x1, 0x10, 0x10, 0xf, 0x98, 0xbb,
    0x81, 0xdc, 0x10, 0x8, 0x7e, 0x3, 0x29, 0x98,
    0xc, 0xc0, 0xc, 0x3d, 0xc7, 0x72, 0x0, 0x78,
    0x40, 0x10, 0x22, 0x74, 0x20, 0x1, 0x37, 0xa8,
    0x4, 0xc0, 0x6, 0xb0, 0xb, 0x5b, 0xec, 0x0,

    /* U+793A "示" */
    0x0, 0x9, 0x9f, 0xf8, 0x80, 0x33, 0xee, 0xff,
    0xa8, 0x3, 0x37, 0x77, 0xfa, 0x0, 0x3f, 0xf8,
    0xe4, 0x5f, 0xfc, 0x20, 0x6, 0x6e, 0xff, 0xf0,
    0x40, 0x1d, 0xff, 0xd2, 0x7f, 0xfe, 0x0, 0xe8,
    0x10, 0xe, 0x80, 0xf, 0x99, 0x82, 0x1, 0xc9,
    0x20, 0x1c, 0x31, 0x60, 0x1e, 0xe6, 0x40, 0xd,
    0x64, 0xa0, 0x1e, 0x28, 0xa0, 0x9, 0x97, 0x80,
    0x3f, 0x39, 0xc8, 0x2, 0xa8, 0x40, 0x22, 0xc0,
    0xe, 0xe2, 0x0, 0x62, 0x82, 0xf7, 0x12, 0x40,
    0x31, 0xd8, 0x0,

    /* U+79BB "离" */
    0x0, 0xf2, 0x98, 0x7, 0xff, 0x0, 0xa0, 0x3,
    0xdb, 0xdd, 0xd2, 0xbd, 0xdd, 0x9b, 0xf9, 0xef,
    0x9d, 0xcd, 0x4e, 0xcf, 0xc0, 0x78, 0x1c, 0xeb,
    0xc8, 0xe0, 0x94, 0x0, 0xc2, 0x42, 0x4c, 0xc2,
    0x0, 0xf8, 0x87, 0x66, 0xb3, 0x8c, 0x3, 0x1a,
    0x6c, 0x77, 0xfc, 0xda, 0xa2, 0x0, 0x5e, 0xeb,
    0xc7, 0x7b, 0xb2, 0x0, 0x3b, 0xb8, 0x73, 0xbb,
    0x80, 0x3, 0xdc, 0xd1, 0xfe, 0x4f, 0xef, 0x10,
    0xe, 0xe8, 0x0, 0x1d, 0x0, 0x7c, 0x65, 0x1f,
    0xe7, 0x57, 0x0, 0xf1, 0xe7, 0xfd, 0xde, 0x64,
    0x1, 0xe3, 0x10, 0xa, 0xeb, 0x18, 0x1, 0xc0,
    0x1f, 0x57, 0x7c, 0x80,

    /* U+79CD "种" */
    0x0, 0xff, 0x40, 0x80, 0x71, 0x2c, 0xe8, 0x80,
    0x4c, 0x60, 0x1b, 0x72, 0x83, 0x84, 0x3, 0xfb,
    0x78, 0xa8, 0xc6, 0x66, 0x18, 0x99, 0x10, 0x7,
    0x8d, 0xfb, 0x80, 0x5c, 0xe2, 0x1d, 0xe5, 0x9e,
    0x86, 0xee, 0x1a, 0x72, 0x0, 0x7e, 0x85, 0xf2,
    0x0, 0x7f, 0xb, 0x86, 0x8, 0x7, 0xfd, 0x22,
    0xd0, 0x1, 0xfe, 0x47, 0x3a, 0x57, 0x2f, 0xf0,
    0xef, 0x98, 0x2, 0x60, 0x1f, 0x57, 0xbf, 0xc3,
    0xbf, 0xc6, 0x28, 0x60, 0x18, 0x40, 0x38, 0x40,
    0x64, 0x3, 0xff, 0xbe,

    /* U+79D2 "秒" */
    0x0, 0xff, 0x38, 0x7, 0xe2, 0x59, 0x80, 0xa,
    0x4, 0x3, 0xaf, 0xf6, 0x7a, 0xc0, 0x40, 0x24,
    0x0, 0xd3, 0xed, 0x4e, 0x61, 0xc2, 0x0, 0xa3,
    0x0, 0x88, 0x3, 0x95, 0x4, 0x1, 0x30, 0x1,
    0x6f, 0x34, 0xf4, 0xfe, 0x80, 0x4e, 0xa6, 0x0,
    0xcc, 0x14, 0x65, 0xab, 0x80, 0x66, 0x80, 0x0,
    0xb1, 0x1, 0x2a, 0x8, 0x6, 0x92, 0x0, 0xb8,
    0xa1, 0xce, 0x0, 0x32, 0x6c, 0x80, 0xd, 0x92,
    0x33, 0x4c, 0x2, 0x3a, 0x80, 0xb, 0xe4, 0x6,
    0xec, 0x1, 0x77, 0x1d, 0x0, 0x2, 0xea, 0x1,
    0x10, 0x0, 0xb1, 0x64, 0x2, 0x1b, 0x0, 0xf3,
    0xea, 0xc8, 0x7, 0xf9, 0xb6, 0xb2, 0x0, 0x3f,
    0xc7, 0x76, 0xd3, 0x0, 0xfe, 0x96, 0x3d, 0x60,
    0xf, 0xc0,

    /* U+7A0B "程" */
    0x0, 0xe1, 0x0, 0xff, 0x91, 0xeb, 0x78, 0xb3,
    0x3e, 0x0, 0xbf, 0x52, 0x3c, 0x8f, 0xbb, 0x8c,
    0x2, 0xba, 0x27, 0x0, 0x88, 0xb8, 0x3, 0xff,
    0x91, 0x78, 0x7d, 0x84, 0x1f, 0xfc, 0x20, 0x14,
    0x40, 0x27, 0xcb, 0xff, 0xdc, 0x1, 0x19, 0x1,
    0x1c, 0x7f, 0xfd, 0x0, 0x15, 0xd, 0x4c, 0x7f,
    0xc1, 0xff, 0x40, 0x1, 0x58, 0xb8, 0xc4, 0x3,
    0xfd, 0x70, 0x3, 0x4b, 0xdd, 0x7, 0x74, 0x40,
    0x9, 0x20, 0x9, 0x3f, 0xe0, 0xff, 0x88, 0x0,
    0xe0, 0x1c, 0x23, 0x0, 0x8c, 0x1, 0xf2, 0x6e,
    0xe0, 0xdd, 0xc2, 0x1, 0xc9, 0xff, 0xb7, 0xff,
    0x8,

    /* U+7A0D "稍" */
    0x0, 0xff, 0x40, 0x7, 0x89, 0x67, 0x15, 0xc0,
    0xe, 0x20, 0xe6, 0x1b, 0xf5, 0xdc, 0x49, 0x40,
    0x9, 0x28, 0x83, 0x74, 0x48, 0x43, 0xb2, 0x1,
    0x4f, 0x8, 0x7, 0xc3, 0xc4, 0x5, 0xc2, 0x0,
    0xef, 0x2c, 0xf4, 0xde, 0xf2, 0xee, 0x68, 0x87,
    0x78, 0x67, 0xb9, 0x6e, 0xf0, 0x80, 0x4c, 0x1,
    0xff, 0xc2, 0xa0, 0xd2, 0x2, 0xee, 0xe1, 0x0,
    0x18, 0x14, 0xe3, 0x17, 0x77, 0x8, 0x3, 0xe4,
    0x13, 0x18, 0x8, 0xb8, 0x0, 0x20, 0xa0, 0x2,
    0x2, 0xff, 0xe1, 0x1, 0xc0, 0xe, 0x2d, 0xde,
    0x10, 0xf, 0xfe, 0x8, 0x8c, 0x1, 0xfe, 0x2f,
    0xe4, 0x0, 0xda, 0x60, 0x7a, 0x0, 0x2f, 0xf5,
    0x80,

    /* U+7A7A "空" */
    0x0, 0xfa, 0xc8, 0x3, 0xff, 0x84, 0xa0, 0x1f,
    0x3f, 0x77, 0x24, 0x77, 0x70, 0x3, 0xd3, 0x33,
    0x6e, 0xb3, 0x30, 0x88, 0x0, 0x64, 0x41, 0x11,
    0x11, 0x8, 0xa0, 0xa, 0xac, 0x1b, 0x14, 0x1,
    0xbc, 0xa1, 0x62, 0x4, 0x17, 0x16, 0xc0, 0xb,
    0xbc, 0xc0, 0x8, 0xd2, 0xf4, 0x0, 0xcb, 0xe5,
    0xac, 0x7, 0x70, 0x2, 0x3e, 0x8, 0xb2, 0xb,
    0xe, 0xef, 0xed, 0x44, 0x0, 0x13, 0xff, 0x1c,
    0xff, 0xd8, 0x1, 0xff, 0xd5, 0xdf, 0xfe, 0x39,
    0xff, 0xe6, 0xc, 0xee, 0xff, 0xe0, 0x30,

    /* U+7A97 "窗" */
    0x0, 0xf3, 0x10, 0x7, 0xff, 0x7, 0xa0, 0x3,
    0xe2, 0xfe, 0xec, 0xc9, 0xdd, 0xbe, 0x80, 0x3,
    0xdc, 0xd8, 0xee, 0x5d, 0xbb, 0x90, 0x0, 0x28,
    0x86, 0xc1, 0x19, 0x9b, 0x36, 0xc2, 0x42, 0x2b,
    0xf2, 0xd3, 0x9c, 0xe7, 0x63, 0xf8, 0x22, 0xe3,
    0xfb, 0x87, 0x5d, 0xd6, 0xb6, 0x80, 0x4d, 0xdc,
    0xb8, 0xee, 0xde, 0x1, 0xf1, 0xd5, 0xee, 0xcc,
    0x1, 0xf3, 0x75, 0x66, 0xf0, 0x38, 0x7, 0xec,
    0x1d, 0xaf, 0xf0, 0x80, 0x7c, 0xc7, 0x80, 0x41,
    0x62, 0x1, 0xf3, 0x46, 0xe4, 0x66, 0x4, 0x3,
    0xcd, 0x6f, 0x1b, 0xb4, 0x6e, 0x0, 0x73, 0x6e,
    0xfe, 0xc0, 0x8,

    /* U+7ACB "立" */
    0x0, 0xf4, 0x18, 0x7, 0xff, 0x0, 0xac, 0x3,
    0xff, 0x81, 0xea, 0x1, 0xe6, 0xff, 0xea, 0x2f,
    0xfe, 0x76, 0xdd, 0xff, 0xe0, 0x30, 0x13, 0xd1,
    0x17, 0xa1, 0x8, 0x40, 0xc, 0xc0, 0xf, 0x2a,
    0x80, 0x31, 0x99, 0x40, 0x32, 0x91, 0x80, 0x72,
    0xf8, 0x6, 0xfa, 0x0, 0xf5, 0x28, 0x80, 0x5,
    0x58, 0x3, 0xc4, 0x6e, 0x0, 0x74, 0x10, 0xf,
    0xa8, 0x2, 0xae, 0x0, 0xfc, 0xcc, 0x3, 0x25,
    0x0, 0xdb, 0xff, 0xec, 0x1f, 0xfd, 0xdf, 0xbb,
    0xff, 0xc0, 0xc0,

    /* U+7AEF "端" */
    0x0, 0x9, 0x0, 0x79, 0x0, 0x3c, 0xf0, 0x0,
    0x33, 0x0, 0x20, 0x0, 0xc0, 0x13, 0x20, 0x85,
    0xa0, 0x7, 0x40, 0x1, 0x59, 0x8e, 0x80, 0x1f,
    0xec, 0xf1, 0xf3, 0xf9, 0xee, 0x17, 0x70, 0x2,
    0xcb, 0x9c, 0x47, 0xee, 0xf8, 0x0, 0x48, 0x1e,
    0x1d, 0xdf, 0xac, 0xf, 0xc1, 0xcf, 0xba, 0xb7,
    0xee, 0xac, 0x15, 0x40, 0x20, 0x1b, 0x3c, 0x3,
    0x84, 0x46, 0xc1, 0x7b, 0xa6, 0xbf, 0xdf, 0x30,
    0x3, 0x5e, 0x0, 0x3b, 0xcf, 0x4b, 0x50, 0x2,
    0xa2, 0x51, 0x0, 0xff, 0x1b, 0x26, 0xe8, 0x3,
    0xf8, 0x7f, 0xd7, 0xf8, 0x1, 0xfc, 0x39, 0xa,
    0x20, 0x11, 0x78, 0x5f, 0x31, 0x80,

    /* U+7B49 "等" */
    0x0, 0x94, 0xc0, 0x32, 0x20, 0x3, 0xeb, 0x0,
    0xea, 0x0, 0xfa, 0x47, 0x3b, 0xa8, 0x1b, 0xfe,
    0xe6, 0x2, 0x23, 0xa1, 0xfb, 0x1b, 0xb8, 0x59,
    0xd8, 0x1b, 0xe2, 0xe6, 0xd, 0x62, 0x28, 0x70,
    0xa, 0x7f, 0xb8, 0x9d, 0x75, 0xdc, 0xbb, 0x50,
    0x5, 0xbd, 0xd9, 0x63, 0xbb, 0x50, 0x7, 0xff,
    0x17, 0xbb, 0xc9, 0x3d, 0xfe, 0xee, 0x68, 0x77,
    0x7f, 0x42, 0xf7, 0x34, 0x23, 0xff, 0xf4, 0x2f,
    0xf9, 0x82, 0x3f, 0x5f, 0xff, 0xa1, 0x7f, 0xcc,
    0x1, 0x1a, 0x60, 0x80, 0x7f, 0xc3, 0x8a, 0xe0,
    0x16, 0x98, 0x7, 0xe9, 0x69, 0xff, 0x3d, 0x0,
    0x40,

    /* U+7B80 "简" */
    0x0, 0x91, 0x0, 0x18, 0x94, 0x3, 0xe9, 0x0,
    0xe8, 0x20, 0xf, 0x49, 0x5f, 0xfc, 0xaa, 0x8f,
    0xfb, 0x41, 0x5f, 0xb0, 0xbf, 0xd1, 0x5e, 0x93,
    0xfa, 0x13, 0x52, 0x72, 0x25, 0x4a, 0x12, 0x40,
    0x16, 0x21, 0xcb, 0x76, 0xc7, 0xfb, 0x6f, 0xc0,
    0x25, 0xae, 0x2f, 0xff, 0x70, 0x6, 0xa0, 0x7b,
    0xdd, 0xd6, 0x1, 0xfc, 0xbf, 0x98, 0xf6, 0x0,
    0xff, 0x18, 0x88, 0xc0, 0x3f, 0xef, 0xee, 0x78,
    0x7, 0xfd, 0xfd, 0xcf, 0x0, 0xff, 0xbf, 0xb9,
    0xe0, 0x1f, 0xee, 0xee, 0xd0, 0x50, 0xf, 0xfe,
    0x7, 0xfa, 0xdc, 0x0,

    /* U+7B97 "算" */
    0x0, 0x89, 0x0, 0x31, 0x18, 0x7, 0xd2, 0x60,
    0x1b, 0x94, 0x3, 0xce, 0xb3, 0xd9, 0x89, 0x2a,
    0xfc, 0xc5, 0x82, 0xcf, 0xf8, 0xf3, 0x9f, 0x30,
    0xb3, 0x96, 0x1b, 0xa9, 0x92, 0x45, 0x25, 0x41,
    0xe8, 0x80, 0x20, 0x5a, 0xea, 0xed, 0x37, 0x6a,
    0x63, 0x0, 0xc3, 0x11, 0xf8, 0x40, 0x38, 0xa2,
    0x3f, 0x10, 0x7, 0x1a, 0x27, 0xe3, 0x0, 0xe1,
    0xdd, 0xfc, 0x20, 0x18, 0xb3, 0xf, 0x33, 0x80,
    0xb0, 0x80, 0x31, 0x90, 0x99, 0xf7, 0x98, 0x5,
    0xbb, 0x51, 0xee, 0xe7, 0x9d, 0xd8, 0x37, 0x5e,
    0x77, 0xbb, 0x9e, 0x77, 0x60, 0x4, 0xf4, 0xa0,
    0x7, 0xfd, 0x38, 0x80, 0x1d, 0x2e, 0x1, 0x0,

    /* U+7C7B "类" */
    0x0, 0xf0, 0x90, 0x7, 0xf5, 0x90, 0x1, 0x38,
    0x2, 0x85, 0x0, 0xdb, 0x86, 0x1, 0xd2, 0x88,
    0x0, 0xcd, 0x70, 0x1, 0x94, 0xb0, 0x40, 0x7,
    0x98, 0x97, 0xc8, 0x3c, 0x97, 0xcc, 0x48, 0x1f,
    0x76, 0x62, 0x18, 0xee, 0xd6, 0x0, 0x22, 0x1f,
    0x3c, 0x4, 0xc9, 0xc8, 0xa0, 0x1, 0x4f, 0x26,
    0x92, 0xef, 0xf7, 0x20, 0x41, 0xf4, 0x3a, 0x1,
    0xf8, 0x12, 0xf0, 0x34, 0x17, 0x28, 0x8c, 0xcb,
    0x26, 0x70, 0xdf, 0x3, 0x7f, 0xf4, 0x9f, 0xff,
    0x58, 0x26, 0x66, 0xd0, 0x5, 0xe6, 0x69, 0x0,
    0xe5, 0xf7, 0xd9, 0xa1, 0x0, 0xe3, 0x8d, 0xbb,
    0x49, 0x78, 0x75, 0x28, 0x84, 0xe9, 0x4f, 0x28,
    0x0, 0x6b, 0x8a, 0x38, 0x23, 0xa9, 0x0, 0x3c,
    0x31, 0xbc, 0x0,

    /* U+7CFB "系" */
    0x0, 0xe1, 0x23, 0x45, 0x78, 0x92, 0x0, 0x77,
    0xfd, 0xdb, 0xd1, 0xdc, 0xe, 0x30, 0x6, 0x77,
    0xd9, 0x4e, 0xe5, 0xf5, 0xb8, 0x80, 0x8, 0xeb,
    0xfc, 0xc0, 0x9b, 0x42, 0x1, 0x97, 0x51, 0xff,
    0xbe, 0xd7, 0x48, 0x3, 0x26, 0x63, 0x60, 0xb,
    0x29, 0x80, 0x38, 0x4c, 0xd7, 0x53, 0xa6, 0x10,
    0xc0, 0x1d, 0x1c, 0x7c, 0xe0, 0x3, 0x89, 0x40,
    0xa, 0xdc, 0x1f, 0xfe, 0xec, 0xa3, 0xb3, 0x0,
    0x4e, 0xeb, 0xfb, 0x7, 0xb7, 0x31, 0x2e, 0x0,
    0x22, 0x43, 0x0, 0x68, 0xb1, 0x64, 0x0, 0x16,
    0x3, 0x80, 0x68, 0x2f, 0x50, 0x3, 0xed, 0xd0,
    0x1, 0x80, 0x29, 0xab, 0xa0, 0x6, 0xb8, 0x67,
    0xd3, 0x0, 0x49, 0xe4, 0x0,

    /* U+7D27 "紧" */
    0x0, 0xe5, 0x0, 0xff, 0x87, 0x40, 0x6c, 0x26,
    0xef, 0xa8, 0x3, 0x18, 0x6, 0x17, 0x99, 0x80,
    0x3f, 0xe8, 0x68, 0x9, 0x1a, 0x0, 0xff, 0x42,
    0x6b, 0xd0, 0x7, 0xfb, 0x7a, 0x71, 0xba, 0xdc,
    0x0, 0x3a, 0x3, 0x59, 0xf8, 0xe5, 0xbd, 0xe2,
    0x1, 0x1a, 0x5f, 0xf1, 0xb, 0xf8, 0x1, 0x18,
    0x2, 0x6a, 0x70, 0xef, 0xf0, 0x62, 0x80, 0x79,
    0xbe, 0x41, 0xaf, 0x9c, 0x7d, 0x40, 0x3b, 0x3a,
    0x80, 0x1f, 0x79, 0xc7, 0x52, 0x1, 0xa2, 0xeb,
    0xe3, 0x5f, 0x3f, 0xbc, 0x4, 0x2, 0x41, 0xb1,
    0x23, 0x0, 0x46, 0xac, 0x88, 0x1, 0x76, 0x35,
    0x43, 0x40, 0x15, 0x32, 0xd4, 0x0, 0x64, 0x69,
    0xdf, 0xbd, 0x0, 0x13, 0x23, 0x40,

    /* U+7EA2 "红" */
    0x0, 0xce, 0x1, 0xff, 0xc1, 0x5b, 0x0, 0x8,
    0xfc, 0x1, 0xa2, 0x0, 0x5d, 0xdf, 0x38, 0x2,
    0x19, 0xc, 0x3b, 0xa1, 0xbe, 0xe3, 0x81, 0xb5,
    0x7, 0xa0, 0x8c, 0xe, 0x22, 0x0, 0x78, 0x6f,
    0x3, 0x0, 0x7f, 0x45, 0x48, 0xf8, 0x7, 0xf9,
    0x11, 0x10, 0x30, 0xf, 0xfa, 0x99, 0xc0, 0x3f,
    0xe6, 0x57, 0xcf, 0x20, 0xf, 0xe2, 0x7a, 0xfe,
    0x20, 0xf, 0xe4, 0x86, 0x31, 0x0, 0xff, 0x1b,
    0x45, 0xf2, 0x0, 0x7f, 0x6d, 0xe, 0xd7, 0x7f,
    0xc3, 0x9f, 0xee, 0xe, 0xc9, 0x64, 0xae, 0xef,
    0xbc,

    /* U+7EA7 "级" */
    0x0, 0x99, 0x0, 0x3f, 0xf8, 0x36, 0xc1, 0x79,
    0x9e, 0x30, 0x9, 0x98, 0x41, 0xe, 0xb1, 0x11,
    0x8, 0x5, 0x70, 0x12, 0x63, 0xc8, 0x87, 0x32,
    0x0, 0x3b, 0x8d, 0x94, 0x3, 0xaa, 0x80, 0x1,
    0x81, 0xa8, 0xf0, 0x1c, 0x0, 0x39, 0x20, 0xb,
    0xe8, 0xb9, 0x83, 0x20, 0x0, 0xa6, 0xc4, 0x21,
    0x5a, 0x40, 0x6, 0x48, 0x19, 0xc4, 0x20, 0x3d,
    0x20, 0x1, 0x14, 0x78, 0x2, 0xec, 0x0, 0xa3,
    0xec, 0x75, 0x15, 0x63, 0x27, 0x60, 0x1, 0xb6,
    0x7b, 0xe3, 0x84, 0xf7, 0x2c, 0x2, 0x88, 0x31,
    0x8b, 0x68, 0x20, 0x92, 0x80, 0x5, 0xe7, 0x3f,
    0xc6, 0x81, 0x40, 0x56, 0x0, 0x3d, 0xe8, 0xd0,
    0x82, 0xc6, 0xcc, 0x6, 0x99, 0x53, 0xa3, 0xab,
    0xea, 0x60, 0x2, 0xd6, 0x0, 0x32, 0xd9, 0x6c,
    0x0, 0x68, 0xb0,

    /* U+7EBF "线" */
    0x0, 0x8c, 0xc0, 0x12, 0x80, 0x7f, 0x7b, 0x0,
    0x56, 0x4d, 0x80, 0x1c, 0x82, 0xa0, 0x11, 0x8b,
    0x5d, 0x80, 0x34, 0x48, 0x10, 0x0, 0x5c, 0x53,
    0x1c, 0x41, 0x9d, 0x17, 0x9b, 0xe, 0xff, 0xdb,
    0xe6, 0x12, 0xf9, 0x5e, 0x9e, 0xb1, 0xd9, 0x50,
    0x41, 0x50, 0xcc, 0x32, 0x32, 0xe2, 0x46, 0x85,
    0x5, 0x74, 0x80, 0xac, 0x66, 0x7f, 0xe6, 0x1,
    0xea, 0x10, 0xc8, 0xb2, 0xdb, 0xae, 0x30, 0xb3,
    0xec, 0xb6, 0x45, 0x20, 0x3d, 0xa0, 0x6, 0x4f,
    0xfa, 0xc0, 0x22, 0x8d, 0xa2, 0x0, 0x33, 0xa9,
    0x80, 0x61, 0x6c, 0x49, 0x70, 0x47, 0x9c, 0xd0,
    0x5e, 0x70, 0x30, 0x33, 0xc, 0xef, 0x4f, 0xec,
    0x55, 0xbd, 0x22, 0xa0, 0xed, 0x3a, 0x97, 0x6a,
    0x4, 0x85, 0xc0, 0x0,

    /* U+7ED3 "结" */
    0x0, 0x13, 0x80, 0x75, 0x80, 0x7a, 0x0, 0x3c,
    0x80, 0x1c, 0x48, 0xe0, 0x1, 0x18, 0x4, 0x70,
    0x4c, 0x80, 0x15, 0xdd, 0x7, 0x75, 0xea, 0xce,
    0x5d, 0x7f, 0xf0, 0x7f, 0xdd, 0x21, 0x9b, 0x22,
    0x1, 0xfb, 0xb2, 0xc9, 0xdb, 0xfe, 0xf, 0xf9,
    0x88, 0xe7, 0x81, 0xbb, 0xbe, 0x60, 0xe8, 0x30,
    0x0, 0x8f, 0xc0, 0xe7, 0xbd, 0x61, 0xff, 0xee,
    0x4, 0x9f, 0xf5, 0x80, 0x3b, 0xfe, 0xd1, 0x3,
    0x64, 0x10, 0x8, 0x40, 0x23, 0x0, 0x1b, 0x4e,
    0x70, 0x7, 0xf7, 0xe8, 0xd6, 0x80, 0x3f, 0xf7,
    0x0, 0x32, 0xe1, 0x8c, 0x1, 0xdf, 0xf6, 0x80,
    0x0,

    /* U+7ED9 "给" */
    0x0, 0x90, 0x3, 0x90, 0x3, 0xe7, 0xd0, 0xd,
    0x16, 0x80, 0x1e, 0x9b, 0x0, 0x89, 0xaa, 0x40,
    0x39, 0xdc, 0x46, 0x0, 0xe9, 0x54, 0xa0, 0x8,
    0x66, 0x7, 0x4a, 0x9d, 0xc1, 0x2d, 0x20, 0xb,
    0x3b, 0xc6, 0x96, 0xa0, 0xb, 0x56, 0x83, 0xec,
    0x8e, 0x8a, 0xbf, 0xba, 0xff, 0x1, 0x2b, 0x32,
    0x8a, 0x5b, 0xbb, 0x8e, 0x88, 0x29, 0xd0, 0x0,
    0x23, 0xf0, 0x1, 0x94, 0x6a, 0x7, 0xbf, 0xfc,
    0x0, 0x35, 0xff, 0x50, 0xf, 0x76, 0xf0, 0x9,
    0x69, 0xd4, 0x80, 0x3f, 0xc8, 0xf3, 0x9c, 0x1,
    0xfe, 0xfd, 0xe8, 0xf0, 0x1f, 0xfd, 0xc0, 0x15,
    0xd3, 0xa0, 0x80, 0xff, 0xee, 0x0, 0xfc, 0x3c,
    0x1, 0x87, 0x80, 0x0,

    /* U+7EDF "统" */
    0x0, 0x88, 0x3, 0x21, 0x0, 0x79, 0xec, 0x3,
    0x6d, 0x0, 0x7a, 0x60, 0x11, 0x21, 0x54, 0x48,
    0xc2, 0x18, 0x43, 0xfd, 0xe, 0xdf, 0xf5, 0x93,
    0x49, 0x75, 0xd9, 0x9e, 0xe6, 0xed, 0x12, 0x57,
    0xf2, 0xc, 0xc8, 0x5, 0xa0, 0x7, 0x51, 0x83,
    0xa5, 0xe8, 0x1, 0xd9, 0x80, 0xae, 0xee, 0xb,
    0x3f, 0xef, 0xf1, 0x41, 0x85, 0x31, 0x86, 0x68,
    0xfd, 0x9f, 0x5b, 0x31, 0xb, 0x24, 0xc8, 0x4,
    0x2, 0x55, 0x1b, 0x6c, 0x40, 0xc, 0x40, 0x3c,
    0xb2, 0xe8, 0x20, 0xea, 0x1, 0xda, 0x6, 0xd3,
    0x41, 0x3c, 0x1, 0xc7, 0xb9, 0x41, 0xf2, 0xa,
    0xe, 0x20, 0x47, 0x9f, 0x93, 0x25, 0xd0, 0x1,
    0x87, 0xed, 0x8, 0x5, 0xf8, 0x20, 0x16, 0xff,
    0x9c,

    /* U+7EEA "绪" */
    0x0, 0x91, 0x40, 0x21, 0xa0, 0xf, 0xd2, 0xc0,
    0x19, 0x40, 0x26, 0x50, 0x2, 0xb1, 0x81, 0xee,
    0x6, 0xe9, 0xe1, 0x80, 0x11, 0x0, 0x93, 0xce,
    0xc, 0xc9, 0xcc, 0x21, 0xd, 0xc8, 0x4, 0x80,
    0x59, 0x92, 0x0, 0x66, 0x7c, 0x7e, 0x63, 0x43,
    0x20, 0x33, 0x1, 0x9e, 0xac, 0x9f, 0xf2, 0x95,
    0xf7, 0xf8, 0x8, 0xd2, 0x40, 0xca, 0x1f, 0xd0,
    0xce, 0x0, 0x75, 0x0, 0x17, 0xd0, 0xbb, 0xfd,
    0x60, 0x8, 0x2f, 0xea, 0xb3, 0xbf, 0xfa, 0xc0,
    0x2f, 0x5c, 0xab, 0xe6, 0x11, 0xe0, 0x9, 0xe9,
    0xd0, 0x40, 0x11, 0x99, 0x40, 0x4, 0xb1, 0x59,
    0x20, 0x9, 0xdd, 0xa4, 0x2, 0xcf, 0xf7, 0x48,
    0x2, 0xbb, 0xaa, 0x0, 0xa5, 0xd4, 0x80, 0x2a,
    0xee, 0xa8, 0x0,

    /* U+7EFF "绿" */
    0x0, 0x95, 0x40, 0x1f, 0xfc, 0x28, 0x60, 0x8f,
    0xff, 0x38, 0x6, 0x51, 0x30, 0x8f, 0xfe, 0x8f,
    0x0, 0xd1, 0x0, 0x30, 0xf, 0xf9, 0xd9, 0x17,
    0xcf, 0xbb, 0xa0, 0x3, 0x4b, 0xe5, 0x79, 0xf7,
    0x74, 0x0, 0x6d, 0xd3, 0x31, 0xff, 0xfd, 0xf,
    0xe0, 0x3, 0x54, 0x94, 0xef, 0xf6, 0x17, 0xfd,
    0xc0, 0x1, 0xad, 0x0, 0x5b, 0x80, 0x8, 0x81,
    0x6e, 0x0, 0x80, 0xff, 0x3d, 0x5a, 0x28, 0x46,
    0x1b, 0x0, 0x32, 0x21, 0xce, 0x1b, 0xa8, 0x37,
    0x58, 0x0, 0x95, 0x90, 0x40, 0xb4, 0xf4, 0x39,
    0xc8, 0x2, 0x36, 0x9c, 0x9c, 0xba, 0x0, 0x1c,
    0x61, 0x80, 0x3b, 0x46, 0xbf, 0x5c, 0x18, 0x0,
    0xd1, 0xa0, 0xd, 0xb8, 0x66, 0x1c, 0x7d, 0x50,
    0x0, 0xdc, 0x0,

    /* U+7F06 "缆" */
    0x0, 0x98, 0x80, 0x42, 0x8, 0x18, 0xc0, 0x3d,
    0x6, 0x1c, 0x8, 0x21, 0x2, 0x1, 0xce, 0xe1,
    0x0, 0xe4, 0x1f, 0xdd, 0x18, 0x2, 0x6c, 0xe4,
    0x3, 0x7b, 0xd7, 0xf8, 0xc2, 0x1c, 0xbf, 0x40,
    0x25, 0x4a, 0xa2, 0x90, 0x1, 0xcb, 0x1, 0x0,
    0x2f, 0x82, 0xca, 0x30, 0x4, 0xe9, 0xf8, 0x70,
    0xc4, 0x18, 0x43, 0xcc, 0x0, 0xc2, 0xa6, 0x17,
    0xd7, 0xdd, 0xc0, 0x11, 0x4d, 0x80, 0x55, 0xf7,
    0xdf, 0x80, 0x1a, 0x4a, 0x31, 0x80, 0x29, 0x40,
    0xf, 0x13, 0x74, 0x38, 0x4, 0x46, 0x1, 0xe9,
    0xa7, 0x40, 0x31, 0x30, 0x90, 0x10, 0x71, 0x2,
    0x69, 0xdf, 0x95, 0xe8, 0x0, 0x16, 0x59, 0x86,
    0x50, 0xcf, 0x2f, 0xab, 0x0, 0x80, 0x91, 0x87,
    0x64, 0x26, 0x45, 0x40, 0x9f, 0x7f, 0x20, 0x80,
    0x77, 0x6a, 0x0, 0x33, 0xfe, 0xa0,

    /* U+7F51 "网" */
    0x1d, 0xdf, 0xfe, 0x0, 0x99, 0x77, 0x7f, 0x88,
    0x2, 0x32, 0x33, 0x31, 0x9c, 0x4, 0x1, 0x8f,
    0x40, 0xa1, 0x80, 0x1e, 0x60, 0x18, 0xc1, 0x29,
    0x7d, 0xc4, 0x44, 0x1, 0xd1, 0x5, 0xa8, 0x98,
    0xa0, 0xf, 0x20, 0x9, 0xb, 0xb3, 0x0, 0x3e,
    0x70, 0xb, 0xc4, 0x40, 0x1e, 0x36, 0x14, 0x8,
    0x27, 0x0, 0xf4, 0x45, 0xec, 0xbd, 0x20, 0x1c,
    0xac, 0xaa, 0xe8, 0x92, 0x46, 0x0, 0xc7, 0x20,
    0x6, 0x61, 0x5, 0xb8, 0x6, 0x64, 0x0, 0x1c,
    0x0, 0x4, 0x80, 0x3f, 0xef, 0xf6, 0x30, 0x97,
    0x0, 0x7d, 0xff, 0x48, 0x0,

    /* U+7F6E "置" */
    0x0, 0x66, 0x6d, 0xcc, 0x6e, 0x66, 0x0, 0xc5,
    0xb9, 0xd, 0x98, 0x68, 0xcd, 0x20, 0xe, 0xdc,
    0x95, 0xcc, 0x2c, 0xe6, 0x80, 0x77, 0x66, 0x37,
    0x91, 0x1d, 0xb9, 0x8e, 0x0, 0x9b, 0x33, 0x99,
    0x99, 0x9c, 0xc0, 0x6, 0xcc, 0xe6, 0x66, 0x67,
    0x30, 0x6, 0xed, 0xd9, 0x55, 0xbb, 0x70, 0x7,
    0xd3, 0xff, 0xe9, 0x0, 0xfd, 0xf1, 0x1e, 0xf0,
    0xf, 0xc4, 0x5f, 0x80, 0x3f, 0x65, 0xdf, 0xb0,
    0x3, 0xf4, 0xff, 0xfa, 0x40, 0x3f, 0x7e, 0x67,
    0xbc, 0x3, 0xb7, 0x43, 0xdb, 0xbe, 0xe1, 0xdd,
    0x0,

    /* U+8001 "老" */
    0x0, 0xf2, 0x18, 0x7, 0xff, 0x7, 0x90, 0x3,
    0x88, 0x3, 0x19, 0xc3, 0xc6, 0x70, 0x54, 0x80,
    0x45, 0xff, 0x2b, 0xff, 0xce, 0x94, 0x1, 0x16,
    0x64, 0x93, 0x98, 0x98, 0xa1, 0x0, 0x8, 0xfb,
    0xc5, 0xaa, 0x54, 0x44, 0x19, 0xdd, 0x91, 0xfa,
    0x42, 0x7b, 0x9e, 0x1b, 0xff, 0xb4, 0xcd, 0xbf,
    0xfb, 0x80, 0x3a, 0x35, 0x70, 0x80, 0x6, 0x1,
    0xcd, 0xcb, 0x92, 0x2, 0xfd, 0xe0, 0x13, 0xf4,
    0x1d, 0x93, 0x5f, 0x65, 0x60, 0x5, 0x71, 0xcf,
    0x1d, 0xba, 0xeb, 0x45, 0x90, 0x6, 0x30, 0x1,
    0xfa, 0xd8, 0x40, 0x6, 0x60, 0xe, 0x33, 0x0,
    0x8f, 0x69, 0x0, 0x75, 0x27, 0x77, 0x9a, 0x80,

    /* U+8054 "联" */
    0x0, 0xf8, 0x58, 0x2, 0x36, 0x0, 0xae, 0xfa,
    0x86, 0xc8, 0x1, 0xe6, 0x1, 0x72, 0xff, 0x93,
    0x82, 0x24, 0x14, 0x14, 0x2, 0x73, 0x44, 0x2,
    0x18, 0xe2, 0x5a, 0x20, 0x80, 0x3f, 0x45, 0x4d,
    0x83, 0x52, 0x0, 0x45, 0xdc, 0x0, 0x5f, 0x70,
    0x73, 0xb8, 0xc0, 0x11, 0x77, 0x0, 0x3f, 0xf8,
    0xa2, 0xab, 0xa, 0x2a, 0x8c, 0x2, 0x2e, 0xe0,
    0x1f, 0x74, 0x15, 0xdc, 0xb0, 0x8, 0xbb, 0x80,
    0x57, 0x69, 0xa, 0xbb, 0x40, 0x7, 0xf9, 0x4a,
    0x80, 0x39, 0x8e, 0x2c, 0x3c, 0x86, 0x78, 0x14,
    0x3, 0x4a, 0x87, 0x7, 0x95, 0x39, 0xf5, 0x98,
    0x5, 0xb7, 0xa, 0x0, 0xb7, 0x90, 0x2b, 0xd6,
    0x0, 0xf8, 0xc7, 0x0, 0x25, 0xaf, 0x0, 0xf7,
    0x9d, 0x0, 0x72, 0x48, 0x0,

    /* U+80FD "能" */
    0x0, 0xa4, 0x40, 0x28, 0x0, 0xfa, 0x14, 0x44,
    0x0, 0x61, 0x0, 0x29, 0x2, 0x37, 0x26, 0x80,
    0x65, 0xd8, 0x12, 0xaa, 0x12, 0x34, 0x0, 0x3e,
    0x63, 0x4e, 0xc6, 0xbb, 0x8e, 0xc6, 0x15, 0x8a,
    0x5b, 0x1d, 0xdb, 0x70, 0x41, 0x80, 0xc, 0x22,
    0xfe, 0xed, 0x24, 0x9b, 0xfe, 0xbb, 0x8, 0x77,
    0x5a, 0xe1, 0x5f, 0xf9, 0xc0, 0x6a, 0xa8, 0x0,
    0x48, 0x80, 0x10, 0xc0, 0x66, 0x6d, 0x0, 0x38,
    0x25, 0xc8, 0x4, 0x67, 0x28, 0x5, 0x93, 0xba,
    0x30, 0x1e, 0xeb, 0x40, 0x2b, 0xd6, 0xc, 0x1,
    0xee, 0xb4, 0x2, 0x70, 0x0, 0x90, 0x7, 0x30,
    0x4, 0x40, 0x5, 0x20, 0x8, 0xfe, 0xac, 0x1b,
    0x3f, 0xd5, 0x41, 0xf0, 0x3f, 0xf3, 0x84, 0x7f,
    0xdc, 0xc0,

    /* U+810F "脏" */
    0x0, 0xff, 0x10, 0x80, 0x73, 0x34, 0xa0, 0x1a,
    0xe4, 0x3, 0xa7, 0x31, 0x60, 0x45, 0x6b, 0x11,
    0x40, 0x15, 0x50, 0x1, 0x9b, 0xab, 0x1d, 0xd6,
    0x0, 0x7e, 0xdf, 0xf1, 0x77, 0xf0, 0x5, 0xfe,
    0x0, 0xf1, 0x80, 0x7b, 0xf8, 0x3, 0xff, 0x84,
    0x20, 0x13, 0x3b, 0x86, 0x5d, 0x0, 0x21, 0x20,
    0xd, 0xba, 0x2, 0xd1, 0x0, 0xbb, 0x40, 0x2,
    0xb5, 0x41, 0xba, 0x50, 0x11, 0x7f, 0x80, 0x21,
    0x0, 0xf8, 0xcc, 0x1, 0x8, 0x80, 0x3f, 0x3b,
    0x0, 0x4a, 0xa0, 0xf, 0xd9, 0x80, 0x20, 0xdc,
    0xff, 0x87, 0xbf, 0x41, 0xd6, 0xf5, 0xdc, 0xdd,
    0xde, 0xc0, 0xf2, 0xbf, 0x9f, 0x11, 0xfc,

    /* U+81EA "自" */
    0x0, 0xe9, 0x50, 0xf, 0xe1, 0x66, 0x0, 0x71,
    0x66, 0x60, 0xfc, 0xcd, 0x42, 0x71, 0x9, 0xb8,
    0x8d, 0x6e, 0x2, 0x89, 0xfc, 0x1, 0x8, 0xfe,
    0x70, 0x0, 0xf7, 0x7e, 0xb0, 0x0, 0xff, 0xfe,
    0xc0, 0xf, 0xfe, 0x10, 0xee, 0xfe, 0xe0, 0xb,
    0xbb, 0xf5, 0x80, 0x4, 0xcf, 0xf2, 0x80, 0x42,
    0x3f, 0x9c, 0x0, 0x3d, 0xdf, 0xac, 0x0, 0x3f,
    0xff, 0xb0, 0xf, 0x80, 0x3f, 0x1e, 0x80,

    /* U+81F4 "致" */
    0x0, 0xfe, 0x18, 0x0, 0xf5, 0x57, 0xa4, 0x10,
    0x80, 0x3d, 0xf8, 0xc3, 0x99, 0x7, 0xe0, 0x7,
    0x95, 0xca, 0x8d, 0x94, 0x16, 0x7f, 0xed, 0x0,
    0xad, 0x87, 0x60, 0x18, 0xbb, 0x96, 0x78, 0x0,
    0x44, 0x40, 0x53, 0x14, 0x10, 0x8c, 0xa2, 0x0,
    0xe1, 0xff, 0x60, 0x4b, 0x91, 0x3, 0x7c, 0x2,
    0xaf, 0xe0, 0xee, 0x7c, 0xa2, 0x1, 0x14, 0x3,
    0xf9, 0x3, 0x28, 0x88, 0x60, 0x15, 0x7f, 0x7,
    0xfa, 0x1, 0x4a, 0x58, 0x3, 0x57, 0x68, 0x77,
    0x20, 0x1, 0x29, 0x20, 0x1c, 0x26, 0x2, 0x20,
    0xa, 0xc1, 0x80, 0x38, 0x48, 0x19, 0xd8, 0x2d,
    0xb2, 0x14, 0x2, 0xfe, 0xe2, 0x7f, 0x83, 0x6,
    0x8e, 0xa8, 0xe0, 0xf, 0xf6, 0xdc, 0xc7, 0xa5,
    0x0, 0x16, 0xf0, 0x3, 0xf4, 0xc0, 0x6, 0x4b,
    0x0,

    /* U+8272 "色" */
    0x0, 0xc6, 0x80, 0x1f, 0xfc, 0x1e, 0xc0, 0xf,
    0xfe, 0x5, 0x13, 0xff, 0xf2, 0x0, 0x74, 0x3f,
    0x7f, 0xe5, 0x52, 0x0, 0x69, 0x5c, 0x10, 0xa,
    0x46, 0x80, 0x34, 0x39, 0x77, 0xfe, 0x64, 0xff,
    0x68, 0x2, 0x74, 0x7f, 0xed, 0x1f, 0xfb, 0xc,
    0x0, 0x20, 0x1f, 0xe1, 0x0, 0xff, 0xe1, 0x8,
    0x7, 0xf, 0xfd, 0xa3, 0xff, 0x61, 0x80, 0x61,
    0xff, 0xfe, 0xd1, 0x0, 0xff, 0xe1, 0x78, 0x80,
    0x80, 0x7f, 0xc2, 0x0, 0x31, 0x40, 0xf, 0xc8,
    0x2, 0x3, 0x15, 0xff, 0xfa, 0xa0, 0x0,

    /* U+82E5 "若" */
    0x0, 0xc5, 0x20, 0x19, 0xd4, 0x3, 0xe1, 0x40,
    0xd, 0xa4, 0x1, 0xaf, 0xfd, 0x85, 0xff, 0x96,
    0x3f, 0xdc, 0x15, 0xdc, 0xb2, 0xee, 0xca, 0xfd,
    0xcf, 0x1, 0x19, 0x60, 0xfc, 0x45, 0x34, 0x23,
    0x0, 0x61, 0x5a, 0x40, 0x1, 0x90, 0x6, 0xbf,
    0xfc, 0xeb, 0xff, 0xee, 0xb, 0xff, 0x92, 0x3f,
    0xfe, 0xe0, 0xd, 0x20, 0xe0, 0x1f, 0xf5, 0x32,
    0x7f, 0xfc, 0x60, 0x3, 0xd0, 0x7, 0x77, 0xc4,
    0x1, 0x7d, 0xd0, 0x8, 0xfc, 0x1, 0xb1, 0x80,
    0x2, 0x3f, 0x0, 0x7e, 0xee, 0xf8, 0x80, 0x3e,
    0xff, 0xf8, 0x80, 0x0,

    /* U+836F "药" */
    0x0, 0xd0, 0x40, 0x15, 0x0, 0x7e, 0x51, 0x0,
    0x94, 0x3, 0x77, 0xfc, 0x59, 0xff, 0x7, 0xfd,
    0xdc, 0xff, 0x71, 0x67, 0xfc, 0x1d, 0xfe, 0xe0,
    0x2, 0xd6, 0x18, 0x1d, 0x68, 0x80, 0x61, 0xb9,
    0x15, 0x9, 0x22, 0x0, 0x76, 0xc1, 0x2c, 0x1a,
    0xb7, 0x75, 0xe0, 0xe7, 0x97, 0x6f, 0xf4, 0xf7,
    0x60, 0x2, 0xdf, 0xad, 0xb, 0x90, 0x80, 0x42,
    0x4, 0xd7, 0x64, 0x3b, 0x2c, 0x20, 0x10, 0x1,
    0x69, 0xce, 0xd8, 0x34, 0x60, 0x99, 0x80, 0xea,
    0x7b, 0x6c, 0x0, 0xba, 0x20, 0x10, 0xaa, 0x19,
    0x94, 0x40, 0x6, 0x2, 0x20, 0xad, 0xff, 0x46,
    0x0, 0x61, 0xa6, 0x9, 0xff, 0x75, 0xc8, 0x86,
    0x7f, 0x24, 0x80,

    /* U+843D "落" */
    0x0, 0xe5, 0x0, 0xcc, 0x1, 0xfc, 0x56, 0x1,
    0xa4, 0x40, 0x3b, 0xfe, 0xd1, 0xff, 0xc1, 0xdf,
    0xee, 0x0, 0x7f, 0xda, 0x3f, 0xba, 0xf0, 0xff,
    0xb8, 0x0, 0x5a, 0x65, 0xe1, 0xea, 0x5a, 0x44,
    0x10, 0x8, 0xa7, 0x9c, 0x6c, 0x32, 0x66, 0xd8,
    0x0, 0x85, 0x35, 0x2c, 0x1, 0x17, 0x61, 0x49,
    0x0, 0xb6, 0x40, 0xb2, 0xff, 0xd5, 0xdb, 0x60,
    0x1b, 0x3, 0x5, 0x5a, 0x48, 0xd6, 0xa5, 0x8c,
    0x2, 0x9d, 0x7e, 0xe7, 0xf4, 0xde, 0x63, 0xa4,
    0x3, 0x63, 0xf3, 0x57, 0x75, 0xf7, 0xd4, 0x1,
    0x33, 0x80, 0xf, 0xbb, 0x9c, 0x40, 0x35, 0x78,
    0x7, 0xff, 0x4, 0x49, 0x40, 0x5, 0xbb, 0xcc,
    0x1, 0x95, 0x80, 0x22, 0xdd, 0xe6, 0x0, 0x80,

    /* U+8702 "蜂" */
    0x0, 0xac, 0x3, 0xac, 0x3, 0xf2, 0x80, 0x68,
    0x65, 0x59, 0x0, 0x3f, 0x2b, 0x51, 0x12, 0x78,
    0x1, 0x9e, 0x3f, 0xc9, 0x64, 0xe, 0x65, 0x60,
    0x1, 0xe1, 0xe3, 0x7d, 0xcb, 0xb4, 0xe0, 0x80,
    0x42, 0x2, 0x6, 0x4e, 0x40, 0x76, 0x80, 0x1f,
    0x47, 0xf6, 0x6f, 0xf4, 0x60, 0x7, 0xa7, 0xa4,
    0xa0, 0x1f, 0x30, 0x0, 0xf1, 0xf3, 0xd, 0xd8,
    0x73, 0x74, 0x81, 0xbe, 0x3f, 0xc3, 0xbb, 0xe,
    0x6e, 0x90, 0x3, 0xd, 0x6, 0x6e, 0x87, 0x37,
    0x42, 0x1, 0x85, 0xc3, 0x37, 0x43, 0x9b, 0xa1,
    0x5, 0x81, 0xe2, 0xae, 0xe8, 0x7f, 0xb9, 0x43,
    0xfe, 0xbc, 0xa3, 0xee, 0x87, 0xfb, 0x94, 0x34,
    0xe8, 0x4b, 0x0, 0x1f, 0x80,

    /* U+884C "行" */
    0x0, 0xff, 0xe3, 0xe2, 0x82, 0x27, 0xc2, 0x1,
    0x62, 0xa8, 0x26, 0x7e, 0x50, 0x1d, 0x59, 0x0,
    0x6e, 0xfc, 0x81, 0xb5, 0x24, 0x1, 0xff, 0x6b,
    0x87, 0xa8, 0x7, 0xf8, 0x42, 0x9d, 0x73, 0xff,
    0xee, 0x0, 0x3a, 0xc0, 0x6f, 0x76, 0x39, 0xef,
    0x6, 0xa0, 0x8, 0x47, 0x80, 0xc4, 0x68, 0xf1,
    0x0, 0xff, 0x87, 0xc8, 0x3, 0xff, 0x82, 0x20,
    0x1f, 0xfd, 0x85, 0x53, 0x1b, 0x0, 0x7f, 0xa6,
    0x29, 0xcc, 0x0,

    /* U+8868 "表" */
    0x0, 0xf9, 0x54, 0x1, 0xff, 0xc2, 0xdd, 0x0,
    0x7e, 0x6f, 0xfe, 0x77, 0x7f, 0xf3, 0x80, 0x1b,
    0xff, 0x9d, 0xdf, 0xfc, 0xe0, 0x1f, 0xfc, 0x7b,
    0xee, 0xce, 0xee, 0xed, 0x80, 0x1a, 0xfb, 0xb3,
    0xbb, 0xbb, 0x60, 0x5, 0xdd, 0xe7, 0x77, 0x77,
    0x80, 0x1d, 0xdb, 0xd4, 0xcb, 0xba, 0xfd, 0xe0,
    0xe, 0x2d, 0x2c, 0x66, 0x2, 0xfa, 0x0, 0x73,
    0xe9, 0x48, 0x4c, 0x64, 0xeb, 0x80, 0x4d, 0xb7,
    0x40, 0x11, 0x51, 0xd1, 0x80, 0x6d, 0x8c, 0x70,
    0x0, 0xb0, 0x6d, 0x6b, 0x88, 0x2, 0xd4, 0x4,
    0x57, 0xf8, 0xe5, 0x91, 0x9a, 0x1, 0xd6, 0xbd,
    0xca, 0x30, 0x2, 0xde, 0x0,

    /* U+88AB "被" */
    0x0, 0x9, 0x80, 0x79, 0x0, 0x3e, 0x3d, 0x0,
    0xf4, 0x98, 0x7, 0x89, 0x10, 0x0, 0x77, 0x8e,
    0x9d, 0xe0, 0x4, 0x63, 0x42, 0xc, 0x0, 0x42,
    0x0, 0x80, 0x5, 0x44, 0x9, 0xc0, 0xe, 0xe3,
    0xb7, 0x23, 0x0, 0x12, 0x9, 0x98, 0x3, 0xe1,
    0x90, 0xd, 0x10, 0x0, 0x84, 0x40, 0xe2, 0xaa,
    0x0, 0xa0, 0x97, 0x8, 0x3b, 0x85, 0x7d, 0xc4,
    0x0, 0x23, 0x85, 0x58, 0x8a, 0x21, 0xfe, 0xd0,
    0x50, 0x5, 0x40, 0x22, 0x4, 0xda, 0x80, 0x10,
    0xc2, 0x0, 0xa6, 0x1d, 0xe5, 0x61, 0x77, 0x2b,
    0xc0, 0x4, 0x80, 0x3, 0xdf, 0xc0, 0x89, 0xbf,
    0x10, 0xf, 0x85, 0x94, 0x10, 0x0, 0xe0, 0x1f,
    0xa5, 0x42, 0xed, 0x9b, 0x76, 0x40, 0xf, 0x24,
    0x71, 0xe9, 0x1f, 0x65, 0x8, 0x0, 0x78, 0x30,
    0xb2, 0x0, 0x33, 0xf0, 0x80,

    /* U+88C5 "装" */
    0x0, 0xea, 0x10, 0xa, 0xc, 0x3, 0x87, 0x44,
    0x10, 0x3, 0x13, 0x0, 0x70, 0xce, 0x8, 0x2e,
    0x64, 0x91, 0x99, 0x0, 0x49, 0x4, 0xd, 0xdd,
    0x2d, 0xf7, 0x40, 0x10, 0xee, 0x84, 0xc8, 0xa1,
    0x32, 0x28, 0x0, 0xde, 0x1e, 0x21, 0x7b, 0xa5,
    0xbd, 0xd3, 0x0, 0x13, 0xe0, 0x40, 0x1d, 0xcd,
    0xfe, 0xdd, 0x30, 0x0, 0x84, 0x1, 0xc2, 0x70,
    0x1, 0xfa, 0xff, 0xfa, 0x53, 0xff, 0xb4, 0x1,
    0x7f, 0xf7, 0x22, 0x7, 0x7f, 0xd9, 0x5a, 0x1,
    0xc9, 0x87, 0x73, 0x21, 0x8d, 0x0, 0xe4, 0xc9,
    0x28, 0x7, 0x1e, 0x1e, 0x50, 0xb, 0x22, 0x74,
    0x2, 0x48, 0x76, 0x81, 0x0, 0xbb, 0x14, 0x1,
    0x3d, 0x1, 0x18, 0x5d, 0x80, 0x2, 0x0, 0x29,
    0xff, 0xb0, 0x80, 0xeb, 0xbc, 0x0,

    /* U+8981 "要" */
    0xa, 0xee, 0xff, 0xe0, 0x40, 0x57, 0x75, 0x69,
    0xdc, 0x2d, 0xee, 0xa0, 0x3, 0xff, 0x8b, 0xfd,
    0xca, 0x5e, 0xe1, 0xef, 0x73, 0x40, 0x37, 0x72,
    0x97, 0xb8, 0x7b, 0xda, 0x1, 0xc8, 0x8d, 0x14,
    0x40, 0xaa, 0x28, 0x6, 0x4f, 0xf1, 0x87, 0xf9,
    0xb7, 0xf5, 0x0, 0x2b, 0xb8, 0xa, 0xef, 0xd2,
    0x3, 0xdd, 0x91, 0xfb, 0xbe, 0xd1, 0xee, 0x60,
    0xdf, 0x76, 0x26, 0xee, 0x68, 0x4, 0xa3, 0xee,
    0x41, 0x41, 0x0, 0x1e, 0x7e, 0x8e, 0xdf, 0x58,
    0x0, 0xe2, 0x57, 0xae, 0x76, 0xc8, 0x87, 0x52,
    0x0, 0x17, 0xbf, 0xee, 0x93, 0x7c, 0xfd, 0x80,

    /* U+89C2 "观" */
    0x0, 0xf0, 0xdd, 0xfa, 0x80, 0x1d, 0xff, 0x68,
    0x27, 0x76, 0xd5, 0x0, 0x7e, 0xea, 0x84, 0x5,
    0x55, 0x8a, 0xe0, 0x13, 0x99, 0x1b, 0x0, 0x42,
    0xc0, 0x1d, 0xd0, 0x1d, 0xa0, 0x1f, 0xe9, 0x71,
    0x43, 0x0, 0xc2, 0x1, 0xc3, 0x36, 0x68, 0x1,
    0x10, 0x7, 0xce, 0x86, 0x1, 0x9c, 0x80, 0x3e,
    0x56, 0x0, 0xd8, 0x24, 0x1, 0xc2, 0xcc, 0x21,
    0xd0, 0x50, 0x41, 0xc2, 0x0, 0x45, 0xcc, 0x80,
    0xd4, 0x50, 0x0, 0x7a, 0x6, 0xec, 0xac, 0x47,
    0x7e, 0x1, 0x84, 0x3a, 0xc0, 0x1a, 0xdb, 0x66,
    0x1c, 0x28, 0x61, 0x4a, 0x0, 0x8a, 0xa2, 0x86,
    0xb7, 0x5d, 0x3, 0x80, 0x57, 0xe8, 0x0, 0x4e,
    0xff, 0x38,

    /* U+89C4 "规" */
    0x0, 0x94, 0x40, 0x3f, 0xf8, 0x32, 0xa0, 0xa,
    0xbb, 0xea, 0x0, 0xfc, 0x9d, 0xff, 0x90, 0x1,
    0x5e, 0x77, 0xe6, 0xe, 0x90, 0x8a, 0x1, 0x5e,
    0x9d, 0x69, 0x80, 0x4, 0xc0, 0x38, 0x48, 0x18,
    0x80, 0x3f, 0xf8, 0x2e, 0x1, 0xc2, 0x1, 0xdf,
    0xe3, 0xbf, 0x70, 0x1, 0x98, 0x3, 0xbb, 0x83,
    0x9c, 0xe0, 0x6, 0x10, 0xe, 0x11, 0x98, 0x40,
    0x23, 0x12, 0x0, 0xe2, 0x1b, 0x20, 0xa2, 0xb0,
    0x51, 0xb2, 0x0, 0x2a, 0x4f, 0x2, 0x20, 0x94,
    0x0, 0x98, 0x0, 0xaf, 0x77, 0x28, 0xd5, 0x0,
    0x31, 0x83, 0x2, 0x85, 0xbe, 0x32, 0x7, 0x2,
    0x88, 0x4c, 0x80, 0x9, 0xb5, 0x1, 0x6f, 0xf7,
    0x41, 0xa8, 0x0, 0x5b, 0x70, 0x1, 0xf7, 0xf9,
    0x80,

    /* U+89C6 "视" */
    0x0, 0x3a, 0x80, 0x7f, 0xf0, 0x4a, 0x40, 0x5,
    0xdd, 0xed, 0x0, 0x94, 0x84, 0x2, 0xcc, 0xda,
    0x60, 0x3, 0x36, 0x90, 0x80, 0x8, 0x8e, 0x44,
    0x0, 0xbf, 0xb9, 0x8a, 0x1, 0x15, 0x80, 0x76,
    0x6f, 0xa, 0x0, 0x63, 0x0, 0xfb, 0xe4, 0x3,
    0x8, 0x7, 0xce, 0x6c, 0x1, 0xff, 0x34, 0x6,
    0x88, 0x4, 0xcc, 0x0, 0xc3, 0x2e, 0x49, 0xe0,
    0x41, 0x8e, 0x40, 0x40, 0x3d, 0x41, 0x18, 0x58,
    0x8, 0xee, 0x1c, 0x50, 0x10, 0x8, 0x80, 0xc,
    0x84, 0x1, 0x50, 0x7, 0xc9, 0xb2, 0x1, 0xff,
    0x3f, 0x58, 0x3, 0x45, 0x8, 0x3, 0xac, 0x68,
    0x1, 0xad, 0xd7, 0x40, 0x2, 0xd0, 0xb6, 0x0,
    0x93, 0xbf, 0xce,

    /* U+89E3 "解" */
    0x0, 0x8c, 0x80, 0x3f, 0xf8, 0x5e, 0x20, 0x11,
    0xc4, 0x72, 0x80, 0x48, 0x7b, 0xde, 0xa3, 0xcd,
    0xdc, 0x3f, 0x0, 0xa7, 0x3a, 0x4d, 0x49, 0x54,
    0xcc, 0x23, 0x0, 0x48, 0x3b, 0x45, 0x18, 0x47,
    0x0, 0x17, 0x80, 0x22, 0xe8, 0x5c, 0xd9, 0x15,
    0xee, 0x2, 0x80, 0x24, 0x68, 0xee, 0x82, 0xbc,
    0x13, 0x30, 0x40, 0x10, 0xc9, 0xdc, 0x81, 0xc0,
    0x30, 0x80, 0x70, 0xe0, 0x66, 0x0, 0x89, 0xe7,
    0x9f, 0xe0, 0xc, 0xa6, 0xea, 0x15, 0x3e, 0x79,
    0xfe, 0x0, 0x87, 0x4b, 0x34, 0x31, 0x80, 0x3e,
    0x13, 0xd2, 0xcd, 0xe, 0xff, 0x1e, 0x7f, 0x94,
    0x15, 0x80, 0x3a, 0xbf, 0xc7, 0x9f, 0xe5, 0xc,
    0xc0, 0x28, 0x81, 0x80, 0x7f, 0x2b, 0x84, 0x6f,
    0x20, 0x7, 0xe0,

    /* U+89E6 "触" */
    0x0, 0x21, 0x0, 0x79, 0x80, 0x3d, 0x40, 0x1f,
    0x40, 0x7, 0x38, 0xe7, 0x78, 0x80, 0x7e, 0x29,
    0xde, 0x57, 0x12, 0xaa, 0xd, 0x51, 0xc2, 0x43,
    0xb5, 0x11, 0x22, 0x16, 0x37, 0xd8, 0x12, 0x1a,
    0x1d, 0xe4, 0x6, 0x20, 0x2e, 0x0, 0x20, 0x10,
    0x11, 0x0, 0x7f, 0x87, 0x8b, 0xb0, 0x3, 0xfc,
    0x3c, 0x5d, 0x80, 0x6, 0xf1, 0xfc, 0x0, 0xfe,
    0x3e, 0xe0, 0xf7, 0x28, 0x0, 0x3c, 0x5d, 0x80,
    0x1, 0x10, 0xb, 0x18, 0x9, 0xf1, 0x76, 0x0,
    0x7c, 0xa0, 0xac, 0x1, 0xe2, 0x31, 0x6f, 0xb0,
    0xcd, 0x9, 0x1, 0xb, 0xdc, 0xb, 0x21, 0x12,
    0xb0, 0x26, 0xeb, 0x3a, 0xb7, 0xf6, 0xa8, 0xf8,
    0x20, 0xd, 0xe7, 0x55, 0x10, 0x4, 0xce,

    /* U+8B66 "警" */
    0x0, 0x8c, 0x0, 0x80, 0x11, 0x8, 0x7, 0x2b,
    0x74, 0x35, 0x33, 0x7, 0xc, 0x3, 0x84, 0x41,
    0xe6, 0x6, 0x68, 0x3e, 0xcf, 0xb0, 0x3, 0x53,
    0xf6, 0x3f, 0x93, 0xa6, 0x4a, 0xd8, 0x2, 0x5c,
    0xc3, 0xa4, 0xcd, 0xc7, 0x31, 0x60, 0x15, 0xb5,
    0xdc, 0x6, 0xe6, 0x64, 0x7, 0x10, 0xa, 0x51,
    0x11, 0x4e, 0xe8, 0xcd, 0xce, 0xa0, 0x1, 0x3a,
    0x21, 0xa2, 0xa6, 0x4e, 0x47, 0x52, 0x3, 0x11,
    0xed, 0x78, 0x8f, 0x0, 0xd4, 0x0, 0x7f, 0xae,
    0x80, 0x23, 0xee, 0xff, 0x8, 0x7, 0x8, 0xff,
    0x80, 0x39, 0x23, 0xff, 0xf4, 0x20, 0x7, 0x25,
    0x57, 0xe7, 0x0, 0xf2, 0x55, 0x7e, 0x40, 0x8,

    /* U+8BA4 "认" */
    0x0, 0xfc, 0x62, 0x1, 0xda, 0x80, 0x1d, 0xca,
    0x1, 0xd3, 0x44, 0x1, 0xff, 0x24, 0xf8, 0x7,
    0xff, 0x1, 0xe4, 0x3, 0x18, 0x80, 0x63, 0x39,
    0x0, 0x30, 0x90, 0x6, 0xed, 0xc0, 0xc, 0x21,
    0xa0, 0x1b, 0x70, 0x3, 0x94, 0x1c, 0x3, 0xfe,
    0xc5, 0x2, 0x0, 0xff, 0x2f, 0xa5, 0x0, 0x7c,
    0xc0, 0x86, 0xb6, 0xe2, 0x1, 0xcd, 0x61, 0x12,
    0x4, 0x96, 0x1, 0xd7, 0x8e, 0x2e, 0x0, 0x95,
    0x50, 0x1, 0xcb, 0x12, 0x3c, 0x2, 0x29, 0xa4,
    0x5, 0xd1, 0xbb, 0x10, 0x6, 0x67, 0xd0, 0xd,
    0xe8, 0x1, 0xe8, 0x90,

    /* U+8BAE "议" */
    0x0, 0xff, 0xe2, 0x52, 0x0, 0x65, 0xc0, 0xf,
    0xba, 0x84, 0x20, 0x14, 0x90, 0x1, 0xa4, 0x0,
    0x47, 0xb0, 0x62, 0x9, 0x80, 0x12, 0x20, 0x5,
    0x30, 0x8, 0x80, 0x77, 0x2, 0x98, 0x0, 0x8b,
    0x6, 0x68, 0x2, 0xc3, 0x10, 0x1, 0xd9, 0x80,
    0x3, 0x20, 0x80, 0x4b, 0x60, 0xc, 0xc0, 0x6,
    0x59, 0x0, 0x20, 0x18, 0x7, 0xe8, 0x71, 0x8,
    0xb0, 0xf, 0xe2, 0x7a, 0x61, 0x60, 0xf, 0x88,
    0x1, 0xd, 0x3c, 0x1, 0xf1, 0xe1, 0x2, 0x10,
    0x58, 0x7, 0x87, 0x60, 0xa2, 0xe7, 0x5a, 0x84,
    0x2, 0x70, 0xa5, 0xc5, 0xc6, 0x2f, 0x6f, 0x50,
    0x2, 0xeb, 0x62, 0x69, 0x80, 0x7, 0x1a, 0xc0,
    0x22, 0x27, 0x40, 0x7, 0xa3, 0x80,

    /* U+8BB0 "记" */
    0x0, 0xff, 0xe1, 0xe1, 0x0, 0x4, 0xcf, 0xe0,
    0x2, 0xf8, 0x1, 0xb7, 0x7e, 0x0, 0x48, 0xd0,
    0x3f, 0x77, 0x60, 0x6, 0xdf, 0x0, 0xff, 0x8,
    0x81, 0x40, 0x3f, 0xdd, 0xd0, 0x4, 0x67, 0xce,
    0x0, 0xfd, 0x0, 0x8b, 0x3b, 0xb4, 0x10, 0x7,
    0xc3, 0xbb, 0xd8, 0x1, 0xff, 0xcf, 0x15, 0x0,
    0xca, 0x1, 0xf2, 0xc8, 0x5, 0x16, 0x20, 0x1f,
    0xc2, 0xb, 0xe4, 0x26, 0x23, 0xb5, 0x81, 0xd7,
    0x44, 0x4d, 0x9d, 0xd9, 0xfc,

    /* U+8BBE "设" */
    0x3, 0x0, 0xff, 0xe1, 0x4d, 0x80, 0x51, 0xff,
    0xc0, 0x1a, 0xd6, 0x0, 0x27, 0xff, 0x70, 0x7,
    0xe, 0xb0, 0x81, 0x78, 0x7, 0xf1, 0xf0, 0x89,
    0x50, 0x0, 0x20, 0x62, 0x2, 0x42, 0x5, 0x8c,
    0x60, 0x12, 0xef, 0x15, 0xf7, 0x81, 0xc4, 0x80,
    0x6a, 0xef, 0x2a, 0xe0, 0x0, 0x9f, 0xff, 0xb8,
    0x3, 0xe4, 0x1e, 0xff, 0x9d, 0x0, 0x3e, 0x27,
    0x80, 0x1, 0x3c, 0x0, 0x78, 0x42, 0x51, 0xc7,
    0xe0, 0x80, 0x38, 0xfd, 0x3, 0x2b, 0xd1, 0xc0,
    0x38, 0x72, 0xd0, 0x24, 0x8d, 0x4c, 0x3, 0x21,
    0x6b, 0xc7, 0x1e, 0xea, 0x77, 0x14, 0x0, 0xd8,
    0x5c, 0x5b, 0x64, 0xb, 0xd5, 0x2, 0x0, 0x10,
    0xca, 0x30, 0xe, 0x6d, 0x10,

    /* U+8BC1 "证" */
    0xb, 0x30, 0x1, 0x9f, 0xe2, 0x0, 0x6e, 0x84,
    0x5b, 0xbb, 0x37, 0x6f, 0x0, 0x33, 0xd8, 0xf7,
    0x63, 0xbe, 0xe6, 0x80, 0x53, 0x60, 0x1f, 0xf3,
    0xcc, 0x8, 0x1e, 0x0, 0x7f, 0x1b, 0x0, 0x42,
    0x1, 0xf9, 0xe0, 0x3, 0xf5, 0x7f, 0x94, 0x3,
    0xfe, 0x9d, 0xd2, 0x80, 0x7f, 0xc6, 0x44, 0x0,
    0xf1, 0x80, 0x7f, 0xf0, 0x66, 0x0, 0x3f, 0xe1,
    0x12, 0xd0, 0x7, 0xfc, 0xeb, 0xbd, 0x85, 0xfe,
    0x3a, 0xff, 0x88, 0x12, 0x87, 0xbb, 0xfc, 0x40,

    /* U+8BD5 "试" */
    0x0, 0xfe, 0x52, 0x0, 0xc3, 0xa4, 0x1, 0xee,
    0x7b, 0x70, 0x0, 0xaf, 0x80, 0x7c, 0x75, 0x6c,
    0x0, 0x86, 0x92, 0x33, 0xc1, 0xc5, 0x4, 0x1,
    0x54, 0x57, 0x76, 0x56, 0xe9, 0x90, 0x11, 0x90,
    0xc6, 0xee, 0x66, 0x6e, 0xc1, 0x7f, 0xc0, 0x1e,
    0xf0, 0xe, 0x9f, 0x0, 0x3f, 0xfd, 0xa2, 0x20,
    0xf, 0xcf, 0xc7, 0x7a, 0x64, 0x1, 0xfc, 0x2e,
    0x0, 0x67, 0x0, 0xfc, 0x40, 0x18, 0x8c, 0x0,
    0x40, 0x19, 0xe0, 0x3, 0x8, 0x88, 0x24, 0x80,
    0x5, 0x56, 0x2f, 0xb6, 0x68, 0xa0, 0xc4, 0x8,
    0x3f, 0x7c, 0x27, 0xa5, 0xd2, 0xc2, 0x0, 0x5d,
    0x28, 0xfd, 0xa6, 0x14, 0x79, 0x90, 0x0,

    /* U+8BE2 "询" */
    0x2, 0x0, 0xce, 0x80, 0x1f, 0x62, 0x0, 0x52,
    0xa0, 0x1f, 0x55, 0x8, 0x1c, 0x7b, 0xff, 0x8c,
    0x12, 0x58, 0x6b, 0x77, 0xc4, 0x1, 0x3a, 0x5d,
    0x88, 0xbc, 0x1, 0x8, 0x94, 0x72, 0xef, 0x10,
    0x0, 0x73, 0xb1, 0x69, 0x37, 0xb8, 0xc2, 0x6,
    0x19, 0x80, 0x0, 0x83, 0xaa, 0x98, 0x3, 0xfd,
    0xfd, 0xc4, 0x0, 0xff, 0x67, 0xf8, 0xc0, 0x3f,
    0xc6, 0x22, 0x70, 0x0, 0x80, 0x64, 0x50, 0xcc,
    0x90, 0x2, 0x30, 0x1, 0xd3, 0x6f, 0x7f, 0xb0,
    0xc0, 0x33, 0xc, 0x19, 0xf1, 0xb, 0x0, 0x80,
    0xbb, 0x0, 0x66, 0xee, 0x44, 0x0,

    /* U+8BE5 "该" */
    0x0, 0xfc, 0x42, 0x1, 0xe9, 0x10, 0xe, 0x99,
    0x0, 0x7d, 0xa0, 0x1, 0x1b, 0x58, 0x47, 0x0,
    0x24, 0x22, 0x1d, 0xd4, 0x8f, 0x76, 0x10, 0x7,
    0x64, 0x7f, 0x8a, 0x7f, 0xd7, 0xfe, 0x11, 0x11,
    0xa0, 0x2, 0x9d, 0x80, 0xe8, 0x40, 0x1b, 0xac,
    0x0, 0x4b, 0xf2, 0x2f, 0x40, 0x80, 0x33, 0x0,
    0x12, 0x4, 0x7d, 0x3b, 0x8, 0x7, 0xdb, 0xac,
    0x3, 0xa3, 0xf1, 0x0, 0xf8, 0xb0, 0x70, 0x7a,
    0x4, 0x3, 0x85, 0xf2, 0xe8, 0x71, 0x58, 0x3,
    0xa6, 0x5b, 0x8e, 0x58, 0xd0, 0x1, 0xc4, 0xb3,
    0x44, 0xfa, 0xaa, 0x90, 0xc, 0xa5, 0xa2, 0x99,
    0x59, 0x1e, 0xba, 0x40, 0x6, 0xc1, 0x8a, 0xa6,
    0x98, 0xe, 0x2f, 0x0, 0x42, 0x13, 0xcc, 0x1,
    0xd1, 0x80,

    /* U+8BF4 "说" */
    0x0, 0xf1, 0x0, 0x61, 0x0, 0xd8, 0x40, 0x3,
    0xc1, 0x0, 0xbc, 0xc0, 0x2b, 0xf0, 0x1, 0xbd,
    0x0, 0x25, 0xc, 0x2, 0x76, 0x90, 0x4, 0x8,
    0x8d, 0xa0, 0x3, 0xaa, 0x3, 0xb8, 0xbd, 0x81,
    0xbe, 0x0, 0x12, 0x1, 0x0, 0x77, 0xff, 0x0,
    0x5b, 0xac, 0x0, 0xff, 0xe0, 0x66, 0x0, 0x3f,
    0xf8, 0xfd, 0xff, 0xc0, 0x1f, 0xbf, 0x3, 0xb0,
    0x7b, 0x80, 0x1f, 0xb, 0x90, 0x88, 0x4, 0x60,
    0xc, 0x76, 0x6, 0xe0, 0x1d, 0x84, 0x0, 0x2d,
    0xe0, 0xaf, 0x0, 0xf1, 0x82, 0x85, 0x2d, 0xb2,
    0x80, 0x4, 0x62, 0x0, 0x3e, 0x26, 0x85, 0x80,
    0x8, 0xfb, 0x88, 0x20, 0x26, 0x13, 0x60, 0x1b,
    0x3f, 0xd6, 0x0,

    /* U+8BF7 "请" */
    0x0, 0xfc, 0x48, 0x1, 0xe9, 0x40, 0xe, 0x4e,
    0x0, 0xf6, 0x50, 0x2e, 0xed, 0xb, 0xbb, 0x58,
    0x1, 0x55, 0xb, 0xbb, 0x42, 0xee, 0xd6, 0x1,
    0x4e, 0x5, 0xe6, 0x21, 0x33, 0x26, 0x0, 0x9,
    0xa0, 0xd6, 0xea, 0x57, 0x76, 0x70, 0xbe, 0xc0,
    0xba, 0xab, 0x2, 0xab, 0x1d, 0xe0, 0x2, 0xae,
    0xab, 0xeb, 0x30, 0xe, 0xcc, 0x6e, 0xf7, 0x8,
    0x7, 0xd3, 0xbb, 0xc0, 0x1f, 0xd3, 0xbb, 0xc0,
    0x1e, 0x12, 0x8, 0xee, 0xe0, 0xe, 0x3c, 0x70,
    0x99, 0xf0, 0x6, 0x61, 0xb5, 0x8, 0xbb, 0xe0,
    0x10, 0x3, 0x53, 0x0, 0x72, 0x6e, 0x90, 0x2,
    0x35, 0x0, 0x6a, 0x0, 0x13, 0x75, 0x60, 0x0,

    /* U+8BFB "读" */
    0x0, 0xfc, 0x4c, 0x1, 0xee, 0x30, 0xe, 0x6d,
    0x0, 0xf4, 0x68, 0x87, 0x75, 0x49, 0xdd, 0x48,
    0x1, 0x92, 0x3, 0xba, 0xa4, 0xee, 0xa4, 0x2,
    0xa8, 0x24, 0x48, 0xdd, 0x13, 0x0, 0x88, 0x5,
    0x7f, 0xec, 0x7f, 0xf4, 0x58, 0x6f, 0x60, 0x3e,
    0x62, 0xaf, 0xb6, 0xe5, 0x43, 0x2c, 0x0, 0x2c,
    0x18, 0xbb, 0xc1, 0x9c, 0x1, 0xcb, 0xbf, 0x8a,
    0x1, 0x4a, 0x0, 0x72, 0x66, 0xb0, 0x17, 0x0,
    0x7e, 0xde, 0xb9, 0xe5, 0x8e, 0xe8, 0x80, 0x23,
    0xef, 0xfa, 0x3, 0x3f, 0xe2, 0x0, 0x16, 0xb8,
    0x89, 0xe1, 0x72, 0x44, 0x40, 0x2, 0xd, 0x67,
    0xda, 0xda, 0xf1, 0xe7, 0x0, 0x3e, 0x1c, 0x77,
    0x30, 0xc0, 0x67, 0x38, 0x0,

    /* U+8C03 "调" */
    0x1, 0x30, 0xf, 0xfe, 0xa, 0xe8, 0x3, 0x3b,
    0xbf, 0x0, 0x11, 0x64, 0x7, 0x7f, 0xfc, 0x22,
    0x0, 0x4b, 0x80, 0x4, 0x6f, 0x11, 0x80, 0x31,
    0x70, 0x5, 0x9a, 0x3b, 0xa1, 0x0, 0x14, 0xc8,
    0x40, 0x2c, 0xd1, 0xdd, 0x8, 0x4, 0x6e, 0x40,
    0x1, 0x18, 0x8, 0x40, 0x22, 0xa2, 0x0, 0x97,
    0x30, 0x7f, 0x8c, 0x1, 0xf9, 0x37, 0x79, 0x80,
    0x3e, 0x33, 0x3f, 0x75, 0x40, 0x1f, 0x10, 0x88,
    0x27, 0xa8, 0x3, 0xe8, 0xa0, 0xf, 0xfe, 0x0,
    0xbe, 0x10, 0xc, 0xf5, 0x10, 0x7, 0x36, 0xe2,
    0x3, 0x77, 0x50, 0x20, 0x20, 0xb, 0x15, 0xa0,
    0xd, 0x1f, 0xcc, 0x1, 0xde, 0x60, 0x1a, 0x3f,
    0xd2, 0x0,

    /* U+8D25 "败" */
    0x0, 0xfe, 0x26, 0x0, 0xfa, 0x67, 0x80, 0xb,
    0xe0, 0x1e, 0x17, 0xee, 0x9c, 0x42, 0xf4, 0x3,
    0xe3, 0x71, 0x70, 0x1, 0x1d, 0xff, 0xe0, 0xe,
    0x80, 0xa, 0x1b, 0xb9, 0x49, 0xc0, 0x1f, 0x89,
    0x44, 0x63, 0x21, 0x0, 0xfd, 0xe8, 0x60, 0xf,
    0xf0, 0x7, 0xf4, 0xda, 0x80, 0x11, 0x0, 0x1f,
    0xc8, 0x8, 0xc4, 0x4, 0x1, 0xff, 0x4d, 0xc5,
    0x0, 0x61, 0x42, 0x0, 0x30, 0x81, 0x8a, 0x38,
    0x7, 0x4d, 0x9e, 0x40, 0x0, 0x48, 0x4c, 0x3,
    0x91, 0xf1, 0x68, 0xb, 0x1a, 0xb4, 0xc0, 0x25,
    0xad, 0x19, 0x25, 0xc5, 0x85, 0x8c, 0x50, 0x6,
    0x69, 0x80, 0x26, 0xed, 0x0, 0x6, 0xb8, 0x0,
    0x49, 0x80, 0x43, 0xca, 0x1, 0x93, 0x40,

    /* U+8D56 "赖" */
    0x0, 0x86, 0x0, 0x3a, 0x80, 0x3e, 0x34, 0x0,
    0xca, 0x8c, 0xc5, 0x0, 0x77, 0x30, 0xfb, 0x90,
    0x10, 0xdd, 0xb2, 0x0, 0xee, 0x61, 0xf7, 0x22,
    0x6a, 0x20, 0xf0, 0x1, 0xf9, 0x51, 0x81, 0x1d,
    0x0, 0xf, 0xd8, 0x7d, 0xe2, 0x2e, 0xfb, 0x4f,
    0x0, 0xa7, 0xf, 0x89, 0x1e, 0xbf, 0xbc, 0x40,
    0x3f, 0xe1, 0xf0, 0xe, 0x9c, 0x3e, 0x20, 0xf,
    0xe7, 0xe7, 0x3e, 0xf0, 0xf, 0xf1, 0x31, 0xc8,
    0x6, 0x23, 0x0, 0xef, 0x83, 0x1c, 0x1c, 0x6b,
    0x31, 0x70, 0x5, 0xa2, 0x84, 0x48, 0x3b, 0x9a,
    0x72, 0xc0, 0x3, 0x20, 0x12, 0x84, 0xd6, 0xbc,
    0xf9, 0x5, 0x0, 0x75, 0xf, 0x18, 0x24, 0xd8,
    0x4, 0x58, 0x0, 0xb8, 0x0, 0xc9, 0x20,

    /* U+8D85 "超" */
    0x0, 0xcc, 0x1, 0xff, 0xc1, 0x18, 0x0, 0x1c,
    0x47, 0x84, 0x4, 0x94, 0x8, 0x80, 0x4, 0x30,
    0x3, 0x98, 0x27, 0x48, 0xf7, 0xe, 0x1f, 0xe2,
    0x2, 0x60, 0xb9, 0x81, 0xcc, 0x2, 0x32, 0x0,
    0x8c, 0x4, 0x50, 0x11, 0x12, 0x7d, 0x7b, 0x8a,
    0x0, 0x9e, 0xf0, 0xfe, 0xf, 0x25, 0xef, 0xa0,
    0x5, 0xfe, 0x3c, 0x62, 0x45, 0xdf, 0x0, 0x5a,
    0x1, 0xcf, 0xf1, 0x12, 0x0, 0x7a, 0x6c, 0x81,
    0x4c, 0xe0, 0xc, 0x20, 0x5, 0xd3, 0x0, 0xfc,
    0x40, 0xa1, 0x8c, 0x21, 0xdf, 0xf0, 0x4, 0x8b,
    0x26, 0x1, 0x6f, 0xff, 0x0, 0x33, 0xed, 0x74,
    0x40, 0x3f, 0x91, 0x5e, 0x93, 0xff, 0xf6, 0x86,
    0x0, 0x17, 0x3b, 0xff, 0xed,

    /* U+8F6E "轮" */
    0x0, 0x19, 0x0, 0x71, 0x0, 0x7d, 0x2e, 0x1,
    0x8f, 0x60, 0x3, 0x1a, 0x20, 0x11, 0x0, 0xe,
    0x66, 0x8, 0x5, 0x32, 0x19, 0x88, 0x4, 0x84,
    0xb5, 0x0, 0x54, 0xae, 0xb9, 0x87, 0x77, 0x84,
    0x3c, 0x80, 0x4b, 0x4c, 0xf, 0x34, 0x40, 0xd,
    0x4a, 0x4, 0x12, 0x0, 0x16, 0xd8, 0x4, 0xfe,
    0x41, 0xa5, 0x81, 0x9e, 0x60, 0x1, 0xb8, 0x8,
    0xb, 0xa8, 0x8, 0x90, 0x3, 0x78, 0xf9, 0x0,
    0x9, 0x10, 0x8, 0x60, 0x8, 0xba, 0x10, 0xe,
    0x10, 0x79, 0x0, 0x7a, 0x80, 0x1c, 0x1, 0x7d,
    0xc0, 0xb0, 0x8, 0x40, 0x28, 0x0, 0x65, 0xe8,
    0x64, 0x80, 0x70, 0x80, 0x4e, 0xa4, 0x1, 0xc8,
    0x22, 0x41, 0x0, 0xfe, 0x7b, 0xee, 0x5c, 0x0,
    0x0,

    /* U+8F7B "轻" */
    0x0, 0x88, 0x40, 0x3f, 0xf8, 0x5c, 0x40, 0x2,
    0x33, 0xe1, 0x0, 0x88, 0x86, 0x24, 0x35, 0xdd,
    0xb2, 0x40, 0x2f, 0xd0, 0xcc, 0x6c, 0x6e, 0xd6,
    0x72, 0x1, 0x6b, 0x4b, 0xf6, 0x0, 0x4b, 0x7a,
    0x20, 0x19, 0xdc, 0xc0, 0x1a, 0x24, 0xa4, 0x3,
    0x2a, 0x84, 0x2, 0x4d, 0x1c, 0xd4, 0xd3, 0x0,
    0x7b, 0xc8, 0x4b, 0x44, 0xc8, 0xb, 0x2e, 0x0,
    0x1d, 0x7c, 0x1c, 0xba, 0xc4, 0x59, 0x2c, 0x0,
    0x8e, 0xe0, 0x73, 0xbd, 0xdf, 0x0, 0x70, 0x82,
    0x2d, 0x7f, 0x87, 0x7f, 0xc0, 0x16, 0x77, 0x3,
    0xf4, 0x3, 0xfd, 0xff, 0x5, 0xc0, 0x7, 0xf8,
    0xc4, 0x2, 0x8f, 0xf8, 0x77, 0xfd, 0x80, 0x1f,
    0x47, 0x77, 0xd8, 0x0,

    /* U+8F7D "载" */
    0x0, 0x95, 0xc0, 0x28, 0x51, 0x0, 0xf1, 0xf0,
    0x4, 0x24, 0xd8, 0x0, 0x3e, 0xe4, 0x37, 0x71,
    0xc3, 0xdd, 0x70, 0xf, 0xb9, 0xd, 0xdc, 0x71,
    0x0, 0x4d, 0x8d, 0x5d, 0xcf, 0x77, 0x2b, 0x5d,
    0xb2, 0x26, 0x20, 0x95, 0x11, 0x2a, 0xa2, 0x2b,
    0x33, 0x3, 0xa1, 0x9d, 0xa0, 0x66, 0x42, 0xbe,
    0xc1, 0xee, 0xb1, 0x98, 0x7, 0x21, 0x74, 0x3e,
    0xdd, 0xcc, 0x22, 0x4, 0xc8, 0x1, 0x32, 0x27,
    0x22, 0x8, 0xca, 0x8e, 0x2, 0x2b, 0xe0, 0xee,
    0x48, 0x2d, 0xc0, 0x0, 0x73, 0x20, 0xcc, 0x40,
    0x9, 0xb1, 0x6c, 0x56, 0x68, 0x7f, 0x4b, 0xa1,
    0xb, 0x33, 0x3b, 0xf0, 0x3f, 0x82, 0xbd, 0x6f,
    0x8d, 0x10, 0x62, 0x0, 0x22, 0x60, 0xdb, 0xa5,
    0x0,

    /* U+8F93 "输" */
    0x0, 0xa4, 0x3, 0x8e, 0x0, 0x3e, 0x24, 0x0,
    0xee, 0x39, 0x0, 0xe7, 0x80, 0x88, 0x0, 0x32,
    0xad, 0x5c, 0x3, 0xb, 0xa7, 0xf8, 0xb1, 0x5c,
    0x36, 0xe0, 0x2, 0x60, 0x87, 0x4c, 0x47, 0xee,
    0x7a, 0x96, 0x0, 0x8, 0x59, 0xcb, 0x63, 0xbb,
    0x4d, 0xf8, 0x1, 0x6c, 0x0, 0x33, 0xba, 0xe1,
    0x71, 0xa1, 0x0, 0x65, 0xd5, 0x20, 0x7f, 0x48,
    0x30, 0xc0, 0x34, 0x41, 0x11, 0x61, 0x12, 0x40,
    0x1f, 0x1a, 0x77, 0xc, 0x33, 0x4c, 0x3, 0xe1,
    0x4d, 0xb9, 0x3, 0x70, 0xf, 0x87, 0xa1, 0xdb,
    0x43, 0xa4, 0xc0, 0x3c, 0x3f, 0x95, 0xa8, 0x13,
    0x44, 0x14, 0x40, 0x1f, 0xfc, 0x1, 0x1, 0x7,
    0x0, 0xfe, 0x1d, 0x11, 0x67, 0x81, 0x0, 0x67,
    0x70, 0x51, 0xee, 0x6, 0x7e, 0x0, 0x0,

    /* U+8FBE "达" */
    0x0, 0xfe, 0x71, 0x0, 0xe2, 0xd0, 0xf, 0x41,
    0x80, 0x71, 0x3d, 0x80, 0x7f, 0xf0, 0x69, 0x98,
    0x23, 0x80, 0x47, 0x0, 0x6f, 0x7d, 0xee, 0x83,
    0x3b, 0xa4, 0x0, 0x88, 0x73, 0xfd, 0xc1, 0xff,
    0x90, 0x3b, 0xfc, 0x1, 0x88, 0x40, 0x3d, 0xfc,
    0x2, 0x1, 0x58, 0xa8, 0x7, 0x8, 0x80, 0x30,
    0xbc, 0xda, 0x0, 0x7f, 0xa9, 0x1b, 0x69, 0x0,
    0x3f, 0x53, 0x50, 0x1d, 0xd8, 0xc0, 0x38, 0xf5,
    0xf0, 0x40, 0xb, 0x1a, 0x20, 0x9, 0xa, 0xbd,
    0x10, 0xc, 0xf2, 0x21, 0xf, 0x6d, 0x86, 0x23,
    0xe6, 0x10, 0x5d, 0x4f, 0x2d, 0xee, 0xfa, 0xc3,
    0x4c, 0x6, 0x3b, 0xff, 0xea,

    /* U+8FC7 "过" */
    0x0, 0x38, 0x7, 0xe6, 0xa0, 0xf, 0x60, 0x7,
    0xff, 0x9, 0xd6, 0x97, 0xff, 0xa5, 0x7f, 0x40,
    0x34, 0xda, 0xee, 0xf4, 0x26, 0xe0, 0x7, 0x8,
    0x3b, 0x11, 0x42, 0x22, 0x10, 0x7, 0x7f, 0x88,
    0x6, 0x84, 0x3, 0xf7, 0xf0, 0x80, 0x11, 0xa8,
    0x3, 0xf0, 0x88, 0x3, 0x43, 0xa0, 0x7, 0xff,
    0xb, 0x10, 0x3, 0xff, 0x86, 0x22, 0xc3, 0x0,
    0xe1, 0x18, 0x2, 0xce, 0xe2, 0x68, 0x7, 0x68,
    0xf8, 0x5, 0x9f, 0xee, 0x40, 0xd, 0x21, 0xcf,
    0x88, 0x23, 0xf8, 0x0, 0xba, 0x16, 0x93, 0xdd,
    0xf8, 0x1, 0x82, 0x0, 0x8d, 0xff, 0xfc, 0x0,

    /* U+8FD0 "运" */
    0x0, 0xff, 0xe2, 0x8e, 0x90, 0x0, 0xd1, 0x3e,
    0x0, 0x85, 0x7c, 0x1, 0x11, 0xf8, 0x40, 0x28,
    0x6a, 0xb, 0xcc, 0xf8, 0x40, 0x35, 0x70, 0x7,
    0xff, 0x8, 0x52, 0x73, 0x3f, 0x58, 0x3, 0xfe,
    0x1b, 0xff, 0x3b, 0x7f, 0xe9, 0x0, 0x7f, 0x80,
    0x4, 0x62, 0x96, 0x68, 0xe6, 0x40, 0x1f, 0xb9,
    0xc4, 0xe, 0x40, 0x3f, 0xa0, 0x60, 0x0, 0x82,
    0xe0, 0x1f, 0xb, 0x9f, 0x73, 0xfc, 0x72, 0x20,
    0x10, 0x81, 0xd, 0x53, 0x73, 0xbf, 0xc9, 0x20,
    0x15, 0x7, 0x82, 0xa1, 0x90, 0x80, 0x22, 0x0,
    0x8, 0x5e, 0x7d, 0x52, 0x11, 0xe3, 0x10, 0x2,
    0xe8, 0xdd, 0x4e, 0xf7, 0x7c, 0x0, 0xd3, 0x0,
    0x3e, 0x7f, 0xfe, 0x0,

    /* U+8FD4 "返" */
    0x0, 0x58, 0x80, 0x9, 0x15, 0x9e, 0x6f, 0x44,
    0x0, 0x54, 0x0, 0xfa, 0x9d, 0xd0, 0xef, 0x8,
    0x2, 0x5d, 0xc0, 0xd, 0xcb, 0xa8, 0x63, 0x0,
    0xdc, 0xa0, 0x5, 0x44, 0xe3, 0x0, 0xc4, 0x40,
    0x6, 0xf7, 0x68, 0xf0, 0x7, 0xfc, 0x0, 0x38,
    0x9a, 0xa9, 0xec, 0x1, 0xfc, 0x1, 0xb, 0xea,
    0x2, 0x21, 0x80, 0x3c, 0x20, 0x9b, 0x4d, 0x54,
    0x10, 0xf, 0x21, 0x81, 0xdc, 0xaa, 0x80, 0x3e,
    0xfa, 0x2, 0x84, 0x42, 0x80, 0x78, 0xd1, 0xdd,
    0xa9, 0x79, 0x4c, 0x1, 0x40, 0x44, 0x1e, 0x6a,
    0x40, 0xf2, 0x48, 0x1d, 0xd8, 0xda, 0x7a, 0x82,
    0x31, 0x61, 0x85, 0x61, 0xe1, 0xde, 0x77, 0x76,
    0x50, 0x69, 0x0, 0xc7, 0x7f, 0xfd, 0x60,

    /* U+8FDB "进" */
    0x0, 0xf8, 0x40, 0x21, 0x10, 0x6, 0x29, 0x0,
    0xd6, 0xc0, 0x9, 0x90, 0x6, 0x24, 0x70, 0xf,
    0xfe, 0x17, 0xc2, 0x22, 0x9e, 0xaa, 0x55, 0x52,
    0x0, 0x45, 0x4e, 0xec, 0x16, 0xcc, 0x33, 0x31,
    0x80, 0x32, 0x99, 0x99, 0x98, 0xcc, 0x33, 0x31,
    0x0, 0x2f, 0x2c, 0x3, 0x18, 0x7, 0xef, 0xa4,
    0x4, 0x56, 0xc5, 0x51, 0x1a, 0xa0, 0x1, 0x10,
    0x0, 0xf9, 0x24, 0x99, 0x22, 0xcf, 0x80, 0x7a,
    0xf0, 0xfb, 0x30, 0xcc, 0xcb, 0x0, 0xf8, 0x48,
    0xc0, 0x3f, 0xf8, 0x36, 0xc0, 0x1f, 0xe9, 0x8,
    0x37, 0x80, 0xb, 0xc0, 0x3a, 0x5b, 0x56, 0xb8,
    0x4, 0x66, 0x91, 0x10, 0x1, 0x7c, 0xb0, 0x37,
    0xbb, 0xef, 0x0, 0x61, 0x0, 0xcf, 0x7f, 0xfd,
    0xc0,

    /* U+8FDE "连" */
    0x0, 0xfc, 0xa6, 0x1, 0xe1, 0xd1, 0x0, 0xd6,
    0x1, 0xf0, 0xa5, 0x84, 0x4d, 0xd, 0x4c, 0xe4,
    0x0, 0x42, 0x1e, 0xfa, 0x37, 0xff, 0x38, 0x0,
    0x70, 0xd5, 0x41, 0x24, 0xc, 0xd1, 0x80, 0x44,
    0x0, 0x89, 0x3, 0xf0, 0xe, 0xef, 0xf0, 0x1a,
    0x3, 0xe2, 0xbb, 0xc0, 0xe, 0xd0, 0x0, 0xbf,
    0xf9, 0xc7, 0xfe, 0x0, 0xf1, 0x44, 0x56, 0x91,
    0x10, 0x7, 0x8c, 0xf7, 0x11, 0x9c, 0x40, 0x18,
    0xff, 0xf3, 0xaf, 0xfd, 0x60, 0x18, 0xf3, 0x34,
    0xbe, 0x65, 0x20, 0xe, 0x7, 0x0, 0xc2, 0x1,
    0xe9, 0xd, 0x99, 0x18, 0x83, 0x48, 0x7, 0x2e,
    0x96, 0x1e, 0xf7, 0xff, 0xac, 0x30, 0x40, 0xab,
    0xbf, 0xfe, 0xb0,

    /* U+8FFD "追" */
    0x1, 0x0, 0xf4, 0x18, 0x7, 0x17, 0x88, 0x6,
    0x27, 0x20, 0xe, 0x26, 0xa0, 0x6, 0xf6, 0x87,
    0xf7, 0x2c, 0x2, 0x86, 0x50, 0x3c, 0xff, 0x77,
    0x2d, 0xc0, 0x37, 0xa8, 0x7, 0xc2, 0x1, 0x8,
    0x8c, 0x2, 0xdf, 0xfd, 0x60, 0x16, 0xf6, 0x0,
    0x5b, 0xff, 0xd8, 0x0, 0xcb, 0x0, 0xff, 0xe1,
    0x38, 0x6, 0xce, 0xef, 0x0, 0x7e, 0xce, 0xed,
    0x80, 0x1f, 0xfc, 0xb3, 0xdf, 0xfd, 0xa6, 0x1,
    0x41, 0x30, 0x6f, 0xff, 0xb4, 0x0, 0xcb, 0x71,
    0x2, 0x10, 0xf, 0xdb, 0x49, 0x85, 0x9d, 0xff,
    0xf1, 0x52, 0x1, 0x57, 0x7f, 0xfe, 0x20,

    /* U+9000 "退" */
    0x0, 0x18, 0x7, 0xff, 0x8, 0xb0, 0x80, 0x1b,
    0xff, 0xeb, 0x0, 0x89, 0xf8, 0x0, 0x7d, 0xff,
    0xb1, 0xc0, 0x34, 0xa, 0x80, 0x7f, 0xf0, 0xbd,
    0x40, 0x1f, 0xdd, 0xb4, 0x3, 0x11, 0x80, 0x6f,
    0xee, 0xda, 0x1, 0xa3, 0xf0, 0x2, 0xdc, 0xcd,
    0xc0, 0x1a, 0xb8, 0x3, 0x47, 0xfe, 0xea, 0x60,
    0xf, 0xcb, 0x50, 0x27, 0x70, 0x40, 0x1f, 0xd3,
    0x98, 0xe2, 0xf4, 0x0, 0xff, 0x35, 0x98, 0x80,
    0x7f, 0x9a, 0xf8, 0xb4, 0xbd, 0x40, 0x29, 0x17,
    0x31, 0xce, 0xf7, 0x9, 0xad, 0x0, 0x42, 0xe4,
    0xd5, 0xd2, 0x8, 0xe5, 0x90, 0x2, 0x69, 0xf9,
    0xd7, 0x77, 0xe3, 0xc, 0x30, 0x1a, 0xef, 0xff,
    0xc6,

    /* U+9001 "送" */
    0x0, 0x10, 0x4, 0xb0, 0x1, 0xac, 0x40, 0x23,
    0xc1, 0x0, 0x22, 0xa8, 0x1, 0x0, 0x20, 0x11,
    0xb6, 0x80, 0x7, 0xf0, 0x11, 0x68, 0x3, 0xa0,
    0x19, 0x7b, 0x1f, 0xac, 0xbf, 0x9c, 0x3, 0x6b,
    0x2f, 0xfc, 0xb3, 0xdf, 0xe7, 0x0, 0x19, 0x88,
    0x0, 0x23, 0x0, 0x4, 0x60, 0xb, 0xb7, 0x40,
    0x1f, 0xfc, 0x1d, 0xc0, 0x7, 0xfe, 0x49, 0xff,
    0xac, 0x3, 0xdf, 0xf8, 0x2f, 0xfe, 0xb0, 0xf,
    0xe8, 0x1a, 0x40, 0xf, 0xf9, 0x5f, 0x6e, 0xcc,
    0x1, 0xf8, 0x6a, 0x96, 0x6b, 0x73, 0x0, 0x1a,
    0x5, 0x6c, 0x75, 0x0, 0x9, 0x8c, 0x60, 0x7,
    0x4a, 0xa0, 0x78, 0x8, 0xe2, 0xc2, 0x0, 0x5e,
    0xaf, 0x1c, 0xef, 0x77, 0x6f, 0x0, 0x30, 0xc0,
    0x67, 0x7f, 0xff, 0x0,

    /* U+9002 "适" */
    0x0, 0xff, 0xe2, 0x95, 0x80, 0x44, 0x68, 0xaf,
    0x15, 0x84, 0x0, 0x20, 0xa0, 0x4e, 0x8e, 0x8c,
    0xee, 0x88, 0x2, 0xa4, 0x64, 0xcb, 0xa4, 0x36,
    0x42, 0x0, 0xc3, 0xa4, 0x68, 0x91, 0x92, 0x24,
    0x60, 0x18, 0xd2, 0x23, 0x22, 0x22, 0x29, 0x0,
    0x6e, 0xb0, 0x2f, 0x32, 0x76, 0xcc, 0xa8, 0x1,
    0xb8, 0x60, 0x9, 0xbb, 0x3a, 0xdd, 0xa0, 0x3,
    0xf2, 0xe7, 0xd4, 0xf9, 0x98, 0x3, 0xf8, 0xd1,
    0x37, 0x0, 0x7f, 0x84, 0x78, 0x3, 0xc6, 0x1,
    0x3d, 0x77, 0x69, 0x10, 0xd, 0xc1, 0x21, 0x7f,
    0xfe, 0xa0, 0xa, 0x7, 0x92, 0xd0, 0x84, 0x7e,
    0x0, 0x2f, 0x8e, 0x1c, 0xef, 0x77, 0xbc, 0x1,
    0xa4, 0x3, 0x1b, 0xff, 0xf7, 0x0,

    /* U+9009 "选" */
    0x0, 0xfc, 0x24, 0x1, 0xc3, 0x0, 0x10, 0xc8,
    0x3d, 0x80, 0x70, 0xa4, 0x0, 0x1c, 0xc0, 0x3f,
    0xb5, 0x94, 0x35, 0x7e, 0x5b, 0xfe, 0x40, 0x0,
    0xea, 0x1a, 0xff, 0xa5, 0xbf, 0xe4, 0x0, 0x8c,
    0x56, 0x40, 0x3f, 0xab, 0x2c, 0x8, 0xd1, 0x1c,
    0x48, 0x98, 0x3a, 0x94, 0x3f, 0xd1, 0x46, 0xd5,
    0xfe, 0xe0, 0x47, 0x0, 0x5d, 0xa5, 0x6e, 0xcf,
    0x76, 0xa0, 0xf, 0x88, 0x80, 0x18, 0x70, 0x3,
    0xc7, 0x34, 0x1, 0x8c, 0x2, 0x21, 0x12, 0xe4,
    0x18, 0x2b, 0x6e, 0x28, 0x3, 0xca, 0xda, 0xd8,
    0x0, 0x7d, 0xfe, 0x90, 0x70, 0xd7, 0x97, 0x0,
    0xc2, 0x42, 0x0, 0xbe, 0xc, 0x3d, 0xff, 0xfc,
    0x1a, 0x40, 0x33, 0xdf, 0xff, 0x80,

    /* U+901A "通" */
    0x2, 0x0, 0xff, 0xe1, 0x7a, 0x1, 0xf7, 0x7e,
    0x20, 0x4, 0xd0, 0x9f, 0x35, 0xf7, 0x20, 0xe0,
    0x80, 0x8, 0x86, 0x0, 0x4f, 0x5e, 0x7e, 0x30,
    0x6, 0xa7, 0x2c, 0xd7, 0x43, 0x5d, 0xc2, 0x2,
    0x32, 0x1, 0x16, 0xe9, 0x9f, 0x74, 0x2, 0x19,
    0x90, 0x0, 0x47, 0x78, 0x88, 0x2, 0xed, 0x0,
    0x8f, 0xb8, 0xf1, 0xdc, 0x30, 0x8, 0xc0, 0x23,
    0xee, 0x3c, 0x77, 0xc, 0x3, 0xe3, 0xdd, 0x34,
    0xee, 0x8c, 0x3, 0xe3, 0xdd, 0x34, 0xee, 0x8c,
    0x3, 0xff, 0x82, 0x22, 0x0, 0xac, 0x58, 0x1c,
    0x1, 0xa5, 0x38, 0xe6, 0xc, 0xfb, 0x9, 0x20,
    0x5, 0x54, 0xed, 0x0, 0x33, 0xcb, 0xf7, 0x3f,
    0xff, 0xd, 0x10, 0xd, 0x77, 0xff, 0xe1,

    /* U+907F "避" */
    0x1, 0x0, 0xfc, 0x4e, 0x1, 0x17, 0x88, 0x4e,
    0xed, 0x0, 0x74, 0x1, 0x13, 0xd8, 0x14, 0xfc,
    0x16, 0xf9, 0x77, 0x0, 0x10, 0x86, 0xc, 0x4c,
    0x1c, 0xde, 0xb8, 0x0, 0x1a, 0x30, 0x10, 0x8,
    0xc8, 0x1c, 0x80, 0x24, 0x0, 0x67, 0xe0, 0x0,
    0x40, 0x40, 0x15, 0x92, 0xf, 0xdf, 0xeb, 0xb2,
    0xe1, 0xd8, 0xd7, 0xa8, 0x15, 0x5d, 0x9a, 0xfc,
    0xba, 0xc4, 0x4, 0xd, 0x5a, 0x3f, 0x40, 0x3f,
    0xa7, 0x40, 0xd8, 0x37, 0x87, 0xf8, 0x3, 0x1b,
    0x80, 0x6d, 0xe1, 0xfe, 0x0, 0x8, 0xa4, 0xb,
    0xb0, 0x3, 0xf7, 0x9b, 0x8f, 0xf7, 0x28, 0x5,
    0x40, 0x27, 0xf, 0x98, 0x20, 0xe, 0xb0, 0xa,
    0xf8, 0x7c, 0xb3, 0xff, 0xf1, 0x61, 0x0, 0xd7,
    0x7f, 0xfe, 0x20,

    /* U+914D "配" */
    0xcc, 0xf9, 0x2a, 0xef, 0xf, 0x7b, 0x53, 0xcf,
    0xaf, 0xf7, 0x48, 0x64, 0x66, 0x21, 0x63, 0x15,
    0x5c, 0x20, 0xba, 0xf2, 0xbd, 0xa2, 0x1, 0xe2,
    0xa6, 0x84, 0xe0, 0xf, 0xe1, 0x6, 0x12, 0x0,
    0x4d, 0xdc, 0x20, 0x11, 0x10, 0x3, 0x21, 0x6e,
    0xa4, 0x83, 0xc4, 0x5b, 0x84, 0x0, 0xd6, 0x68,
    0x0, 0x52, 0xf, 0xa4, 0x1, 0xf9, 0xa6, 0xee,
    0x20, 0xe, 0x3b, 0x5, 0x88, 0xc4, 0x1, 0xe7,
    0xf, 0x33, 0xc0, 0x1e, 0x77, 0x4, 0x77, 0x62,
    0x1, 0x31, 0x16, 0x10, 0x47, 0x76, 0xf1, 0xa8,
    0xee, 0x36, 0x80,

    /* U+9192 "醒" */
    0xe, 0xef, 0x2b, 0xf6, 0xed, 0xce, 0x0, 0xff,
    0x1c, 0xc7, 0xaf, 0xce, 0xed, 0x1e, 0x0, 0x11,
    0xc0, 0x20, 0xa, 0xbb, 0xc0, 0x14, 0x61, 0xc5,
    0xe0, 0x2, 0xab, 0x80, 0x23, 0x41, 0x57, 0x20,
    0xf, 0xfa, 0x8b, 0x7c, 0xc3, 0xaf, 0x76, 0xbe,
    0x0, 0x99, 0x80, 0x19, 0xa3, 0x27, 0x30, 0xc0,
    0x17, 0xe1, 0x41, 0x3, 0x5f, 0x57, 0x73, 0x0,
    0x21, 0x64, 0xd2, 0x1a, 0xfe, 0x2c, 0xec, 0x0,
    0xbc, 0x8a, 0x7, 0xa0, 0xf, 0xe9, 0x9c, 0x4c,
    0x7d, 0xc2, 0xce, 0x90, 0xb, 0xee, 0xe2, 0x5,
    0xee, 0x16, 0x74, 0x80, 0x5b, 0xdd, 0x10, 0x7,
    0xfd, 0xbd, 0xd7, 0xaf, 0xfc, 0x5b, 0xfe, 0x20,

    /* U+91C7 "采" */
    0x0, 0xff, 0xe2, 0x9, 0x19, 0x91, 0x5a, 0x26,
    0xb3, 0xb8, 0x0, 0x7c, 0xef, 0xfc, 0x1f, 0xf6,
    0x70, 0x1, 0xaa, 0x32, 0xec, 0x92, 0xca, 0x7c,
    0x80, 0x13, 0xd9, 0x0, 0xbc, 0x0, 0x1c, 0x10,
    0x2, 0x36, 0xe0, 0x5, 0xa8, 0x1c, 0x70, 0x7,
    0x45, 0x80, 0x1f, 0xc1, 0xe4, 0x80, 0x30, 0x89,
    0x84, 0x5a, 0xa2, 0xae, 0x22, 0x0, 0x77, 0x79,
    0x27, 0xbb, 0xa4, 0x3b, 0xff, 0x20, 0x1, 0xff,
    0xf4, 0x80, 0x61, 0xb1, 0x58, 0x48, 0x0, 0xf9,
    0x30, 0xa8, 0x7, 0x4f, 0x8, 0x2, 0x2a, 0xa4,
    0x48, 0x4, 0x36, 0x9b, 0x2, 0x18, 0x1e, 0xa0,
    0x1e, 0x8c, 0x4b, 0xf, 0xa1, 0x0, 0xfc, 0x79,
    0x40,

    /* U+91CA "释" */
    0x0, 0xf0, 0x80, 0x7f, 0x1a, 0xc6, 0x7b, 0x3e,
    0xef, 0x84, 0x14, 0xa, 0xbd, 0xc8, 0x33, 0x2b,
    0x1, 0xc, 0x43, 0x4, 0x85, 0x69, 0x10, 0x89,
    0x0, 0x63, 0x0, 0x3a, 0xc2, 0x96, 0x32, 0x50,
    0x0, 0xf6, 0x2, 0xc6, 0x2, 0xae, 0x68, 0x1,
    0xe, 0x80, 0xf0, 0xc7, 0x1e, 0x4e, 0xda, 0x87,
    0x71, 0xa7, 0x58, 0x72, 0xe1, 0x3b, 0x84, 0x1d,
    0xc0, 0x9f, 0x78, 0x31, 0x77, 0xa, 0x38, 0x2,
    0x46, 0x14, 0x37, 0x30, 0x75, 0x98, 0x50, 0x25,
    0x79, 0xe4, 0xcd, 0xd1, 0xd6, 0xe9, 0x43, 0xe4,
    0x6, 0xce, 0xee, 0x38, 0xbb, 0x82, 0x10, 0x2,
    0x58, 0x88, 0xaa, 0x22, 0x5, 0x0, 0xc4, 0x67,
    0x9, 0x19, 0xc0, 0x1f, 0xfc, 0x69, 0x60, 0xe,
    0xc4, 0x0, 0x80,

    /* U+91CC "里" */
    0x8, 0xff, 0xff, 0x40, 0x0, 0x5f, 0xba, 0x66,
    0x77, 0x4e, 0x20, 0x18, 0x46, 0x1, 0x1c, 0x1,
    0xcd, 0x99, 0x3b, 0x66, 0x4c, 0x1, 0x9f, 0xba,
    0x77, 0x77, 0x4e, 0x1, 0x84, 0x8a, 0x1, 0x22,
    0x84, 0x3, 0x2d, 0xdc, 0xed, 0x77, 0x28, 0x5,
    0x73, 0xff, 0x22, 0x3f, 0xe9, 0xb0, 0x1, 0x22,
    0x63, 0x24, 0x4c, 0x40, 0xd, 0xde, 0x66, 0x6e,
    0xf0, 0x3, 0xff, 0x99, 0xff, 0xf8, 0x0, 0x45,
    0xc0, 0x24, 0x5c, 0x1b, 0xbe, 0x76, 0xdd, 0xf7,
    0xff, 0xb3, 0x1f, 0xfe,

    /* U+91CF "量" */
    0x0, 0x2e, 0xdd, 0xfe, 0xd5, 0x0, 0xc6, 0x1b,
    0xbf, 0x80, 0x3e, 0x12, 0x2f, 0xc2, 0x1, 0xc4,
    0xff, 0xff, 0x9c, 0x40, 0x22, 0x69, 0x9f, 0xf3,
    0x10, 0x2, 0x23, 0xff, 0x84, 0x0, 0xa9, 0x22,
    0xff, 0x45, 0x0, 0x4a, 0x75, 0x50, 0x8a, 0xaa,
    0x37, 0x0, 0xe5, 0x99, 0x91, 0x13, 0x32, 0x80,
    0x78, 0xb7, 0x66, 0x66, 0xec, 0x60, 0x1c, 0xf0,
    0x45, 0x8, 0x88, 0xa9, 0x40, 0xd, 0x71, 0x19,
    0x11, 0x11, 0xac, 0x3, 0x56, 0x66, 0x66, 0x66,
    0x6a, 0x0, 0xaf, 0x33, 0x99, 0x99, 0x9d, 0x60,

    /* U+9488 "针" */
    0x0, 0xa4, 0x80, 0x38, 0x9c, 0x3, 0xc4, 0xc4,
    0x1, 0xcd, 0x20, 0x1e, 0xb3, 0x3c, 0x20, 0x1f,
    0xe7, 0x1f, 0xf9, 0x40, 0x3f, 0xa1, 0x77, 0x32,
    0x40, 0xf, 0xe7, 0x18, 0x89, 0x40, 0x3f, 0xd9,
    0xaa, 0x5e, 0x39, 0xfe, 0xb1, 0xff, 0x8c, 0xd,
    0xdb, 0xdd, 0x33, 0xb9, 0x63, 0xdd, 0x18, 0x11,
    0xb9, 0x19, 0x80, 0x44, 0x0, 0x11, 0x80, 0x1f,
    0xc7, 0x3d, 0xc1, 0x0, 0xfe, 0xdd, 0x25, 0xee,
    0x84, 0x3, 0xff, 0x84, 0x20, 0x1f, 0xfc, 0x13,
    0x7f, 0x20, 0xf, 0xf9, 0xa7, 0x70, 0x80, 0x3f,
    0xe4, 0xca, 0x20, 0xf, 0xe0,

    /* U+949F "钟" */
    0x0, 0x13, 0x0, 0x7a, 0x0, 0x3d, 0x5c, 0x1,
    0xe6, 0x10, 0xe, 0x52, 0x88, 0x8, 0x7, 0xf1,
    0x86, 0x77, 0x17, 0x32, 0x1d, 0xcc, 0x48, 0x45,
    0xb3, 0x40, 0xf, 0xf0, 0x47, 0xd2, 0x8a, 0x1a,
    0x20, 0xc1, 0xcc, 0xc2, 0xa6, 0xa0, 0x37, 0x37,
    0xf6, 0x1, 0xfe, 0x4d, 0x1b, 0x80, 0xf, 0xf2,
    0xb8, 0xaa, 0x80, 0x3f, 0xdf, 0x81, 0xfe, 0x4,
    0xff, 0xf, 0x7e, 0x0, 0x2a, 0xc6, 0xa8, 0x9d,
    0xd0, 0xef, 0x73, 0x0, 0x3e, 0x11, 0x80, 0xc4,
    0x40, 0x1c, 0x9a, 0x20, 0x1f, 0xe5, 0x18, 0xf1,
    0x0, 0xff, 0x3c, 0xe1, 0x0, 0x7f, 0x0,

    /* U+94A9 "钩" */
    0x0, 0x94, 0x3, 0x18, 0x80, 0x7c, 0x70, 0x1,
    0xb4, 0xc0, 0x3e, 0x97, 0x44, 0xa, 0x91, 0x88,
    0xe0, 0x1, 0x28, 0xff, 0x92, 0xf, 0xbb, 0x90,
    0x26, 0x2e, 0xe2, 0x6f, 0xfe, 0x27, 0x0, 0x5e,
    0x62, 0x92, 0x56, 0x80, 0x3d, 0x7e, 0x7f, 0x26,
    0x5f, 0xe0, 0xc, 0x20, 0x3, 0x3, 0x30, 0xa,
    0x3d, 0x80, 0xc, 0x0, 0x66, 0x3, 0x30, 0x33,
    0x9, 0x8c, 0x0, 0x61, 0x1e, 0x1f, 0xe3, 0x9a,
    0xb, 0xa0, 0x10, 0x5, 0xe0, 0x66, 0x10, 0xd2,
    0x31, 0x84, 0x3, 0xf1, 0x3f, 0xfb, 0x15, 0x0,
    0x40, 0x3a, 0x12, 0xa5, 0xda, 0x94, 0x3, 0xda,
    0x40, 0x18, 0x44, 0xe2, 0x1, 0x18, 0xcd, 0x8,
    0x2, 0x3b, 0x93, 0x60, 0x11, 0xf2, 0x0, 0x68,
    0xff, 0x72, 0x80,

    /* U+94AE "钮" */
    0x0, 0x84, 0x3, 0xff, 0x84, 0xb4, 0x1, 0x2a,
    0xfc, 0x1, 0xa4, 0xce, 0x1e, 0x8b, 0xee, 0xa8,
    0x40, 0x4, 0x69, 0xfe, 0x3b, 0xa6, 0xbb, 0x80,
    0x40, 0x13, 0x2c, 0xc8, 0x83, 0xfc, 0x1, 0xf0,
    0xed, 0xda, 0x80, 0x2, 0x20, 0x0, 0x80, 0x6b,
    0xe4, 0xfe, 0x1, 0x20, 0x11, 0x18, 0x80, 0x42,
    0x82, 0x88, 0x5e, 0x49, 0xee, 0x69, 0x80, 0x46,
    0xa2, 0x66, 0x4c, 0x29, 0xcc, 0x48, 0x6, 0xf8,
    0xf, 0xf0, 0x18, 0x21, 0x98, 0x84, 0x2, 0xcd,
    0x1c, 0xc0, 0x81, 0x18, 0x4, 0xe0, 0x1f, 0x10,
    0x4, 0x20, 0x1, 0x0, 0xf0, 0xce, 0x8, 0x80,
    0x31, 0x88, 0x6, 0x40, 0x5, 0x7f, 0x83, 0xba,
    0x95, 0xe3, 0x0, 0x26, 0xca, 0x7f, 0xbb, 0xfe,
    0xee, 0x79, 0x80,

    /* U+957F "长" */
    0x0, 0x11, 0x80, 0x7f, 0xf0, 0x12, 0x0, 0x3c,
    0x34, 0x40, 0x1f, 0xe7, 0xe1, 0x30, 0xf, 0xcd,
    0xd5, 0x76, 0x10, 0xe, 0x18, 0xea, 0xbd, 0x40,
    0xf, 0x84, 0x5b, 0x8a, 0x1, 0xc4, 0x41, 0x2,
    0xb1, 0x22, 0xfb, 0x36, 0x13, 0x77, 0xfb, 0xb9,
    0xf2, 0x9f, 0xea, 0x2f, 0xfe, 0xc0, 0xf, 0x28,
    0xb0, 0x7, 0xff, 0x3, 0xe0, 0xc0, 0x3f, 0xe3,
    0xbd, 0x30, 0xf, 0xc5, 0x2e, 0xb1, 0x92, 0x20,
    0x10, 0xb5, 0xe0, 0xb0, 0x36, 0xaf, 0x40, 0x3,
    0x3, 0x7a, 0x4, 0x0, 0x59, 0x7a, 0x0, 0xad,
    0x60, 0xf, 0x91, 0x40,

    /* U+95E8 "门" */
    0x1, 0x0, 0xff, 0xe0, 0xce, 0x0, 0x4, 0x8b,
    0xe0, 0x4, 0x36, 0x6, 0xe6, 0x7b, 0x48, 0xe,
    0x90, 0xb3, 0xbb, 0xc0, 0x1, 0xc1, 0x82, 0x0,
    0xff, 0xff, 0x80, 0x7f, 0xfa, 0xc8, 0x8a, 0x6,
    0x1, 0xf8, 0xb7, 0x54, 0xa2,

    /* U+95ED "闭" */
    0x1, 0x10, 0x7, 0xff, 0x1, 0xf0, 0x41, 0x15,
    0x7e, 0x10, 0x65, 0xc1, 0xf9, 0x9f, 0x52, 0x83,
    0x42, 0x9d, 0xe6, 0x2f, 0xf3, 0x4, 0x5, 0x1,
    0x4, 0x1, 0x63, 0x0, 0x7d, 0x79, 0x99, 0x23,
    0x14, 0x3, 0xa3, 0xfe, 0x0, 0x57, 0xa0, 0x7,
    0x19, 0xce, 0x26, 0x46, 0x20, 0x1f, 0x15, 0x4b,
    0x80, 0x7f, 0x17, 0xca, 0x0, 0x7f, 0x1e, 0x23,
    0x80, 0x7f, 0x26, 0x4c, 0x80, 0x3f, 0xcb, 0x6e,
    0x48, 0x85, 0x10, 0x9, 0xc0, 0x2, 0x80, 0xdf,
    0xe7, 0x51, 0x23, 0x0, 0xf2, 0x5d, 0xa6, 0xfb,
    0x54, 0xc0,

    /* U+95EE "问" */
    0x0, 0xff, 0xe1, 0xe3, 0x80, 0x11, 0x3f, 0x0,
    0x3a, 0x9c, 0x66, 0x7e, 0xb2, 0x0, 0x67, 0xe,
    0xef, 0xc2, 0x5, 0x83, 0x20, 0x1f, 0xfc, 0x2d,
    0xff, 0xda, 0x1, 0xf8, 0xf7, 0xfd, 0xa6, 0x1,
    0xfc, 0x60, 0x3, 0x0, 0xff, 0xed, 0x77, 0xfb,
    0x80, 0x3f, 0xbf, 0xbb, 0x78, 0x7, 0xe1, 0x1f,
    0x0, 0x7f, 0xf0, 0x44, 0x48, 0x26, 0x1, 0xf8,
    0xbb, 0x96, 0xa2,

    /* U+95F4 "间" */
    0x5, 0x30, 0xf, 0xfe, 0x1, 0xe9, 0x13, 0x33,
    0xf0, 0x83, 0x33, 0x2, 0x67, 0xe3, 0x30, 0x14,
    0x31, 0x2a, 0xfc, 0x20, 0x58, 0x10, 0x45, 0xe0,
    0xf, 0xdb, 0x99, 0xb4, 0x3, 0xfb, 0xfb, 0xa0,
    0xf, 0xf1, 0x88, 0xc0, 0x1f, 0xed, 0xee, 0x80,
    0x3f, 0xdd, 0xff, 0x0, 0x7f, 0xf3, 0x3b, 0xfe,
    0x0, 0xfe, 0xee, 0xf0, 0x7, 0xe1, 0x1f, 0x8c,
    0x4c, 0x3, 0xfb, 0x3b, 0x14, 0x40,

    /* U+9600 "阀" */
    0x6, 0x30, 0xf, 0xfe, 0x2, 0xea, 0x16, 0xef,
    0xe2, 0x3, 0xaa, 0x7, 0x77, 0xc0, 0x21, 0x9,
    0xec, 0xa7, 0xe2, 0x86, 0x61, 0x1, 0x60, 0x1f,
    0x20, 0x12, 0xf8, 0x0, 0xf1, 0x22, 0x0, 0x2a,
    0xe3, 0x0, 0xe8, 0x18, 0xb2, 0xd9, 0xf0, 0xe,
    0x57, 0xb, 0x95, 0xeb, 0xe3, 0x0, 0xc7, 0xc0,
    0x65, 0xad, 0x1c, 0x1, 0xcc, 0x60, 0x11, 0xd9,
    0x48, 0x7, 0xf2, 0xc8, 0x52, 0x30, 0x7, 0xd7,
    0xde, 0xec, 0x64, 0x1, 0xf5, 0xd8, 0xa2, 0xe5,
    0x40, 0x3c, 0x80, 0x10, 0xef, 0x89, 0x8, 0x6,
    0xa0, 0xd, 0x3d, 0xea, 0x40,

    /* U+9608 "阈" */
    0x8, 0x20, 0xf, 0xfe, 0x6, 0xe1, 0x2f, 0x77,
    0xe2, 0x5, 0xbb, 0x2f, 0xfb, 0x6f, 0xfe, 0x21,
    0x7, 0x59, 0x1, 0x13, 0xeb, 0x28, 0x80, 0x6,
    0x4e, 0xef, 0x42, 0xdd, 0x30, 0x6, 0x28, 0x8d,
    0x2d, 0xfa, 0xe0, 0x18, 0x48, 0x44, 0x48, 0x6,
    0xc2, 0x1, 0xdb, 0x32, 0xc1, 0x61, 0x90, 0xf,
    0xae, 0xc0, 0x14, 0x50, 0x7, 0xd9, 0x80, 0x3,
    0xa3, 0x8, 0x7, 0x66, 0x5a, 0xd, 0x45, 0x60,
    0x18, 0x9a, 0x2b, 0x30, 0xb8, 0xda, 0x1, 0x84,
    0x5b, 0x31, 0x72, 0x34, 0xa0, 0x18, 0xdd, 0x4d,
    0x1c, 0x2b, 0xc8, 0x82, 0x1, 0xfc, 0xfd, 0xea,
    0x40,

    /* U+961F "队" */
    0x0, 0xfc, 0x6e, 0x1, 0xc3, 0xbb, 0xa8, 0x0,
    0xd6, 0x1, 0xe2, 0x99, 0x20, 0x80, 0x4e, 0x1,
    0xe1, 0x44, 0x17, 0x0, 0xc, 0x3, 0xf8, 0x55,
    0x40, 0x1, 0x60, 0xf, 0xcc, 0xe0, 0x17, 0x98,
    0x7, 0xf1, 0x0, 0x46, 0x22, 0x0, 0xf9, 0xdc,
    0xa0, 0x5, 0x4, 0x0, 0xfd, 0x3c, 0x6, 0x31,
    0xe0, 0x1f, 0x9d, 0x82, 0x91, 0x94, 0x40, 0x38,
    0x4a, 0x84, 0x4d, 0x2, 0xb0, 0x1, 0xcd, 0xe7,
    0xf4, 0x86, 0x10, 0xc8, 0x1, 0x9f, 0x6d, 0x16,
    0x80, 0x5, 0x14, 0x40, 0x1c, 0xd1, 0x42, 0x1,
    0x3a, 0xe0, 0x80, 0x6d, 0xb4, 0x0, 0xeb, 0x50,
    0x1e, 0x0, 0x5a, 0x0, 0x7d, 0x62,

    /* U+964D "降" */
    0x0, 0xf8, 0x60, 0x3, 0xe8, 0x8c, 0x0, 0x81,
    0x0, 0xf0, 0xb0, 0x1, 0xc1, 0x19, 0xfb, 0xaf,
    0x20, 0x1, 0xc6, 0x21, 0x51, 0x7f, 0x71, 0xd4,
    0x80, 0x36, 0xf4, 0xd4, 0x62, 0x59, 0xd0, 0x7,
    0x3a, 0xda, 0x21, 0xad, 0xa0, 0x3, 0x88, 0x0,
    0x93, 0xe5, 0xab, 0x98, 0x81, 0x0, 0x12, 0x2f,
    0xf7, 0xcf, 0x57, 0x40, 0x80, 0x6e, 0xe5, 0x21,
    0x19, 0x39, 0xbd, 0x88, 0x4, 0xac, 0x91, 0x10,
    0xf4, 0x42, 0x80, 0x38, 0xd4, 0x6e, 0xc3, 0x37,
    0x68, 0x0, 0xa3, 0x11, 0x80, 0xcc, 0xe, 0x66,
    0x20, 0xb, 0x22, 0x85, 0xbf, 0xc3, 0x1f, 0xee,
    0x0, 0x91, 0x41, 0xf3, 0x21, 0xfc, 0xc8, 0x3,
    0xff, 0x88, 0x3a, 0x1, 0xf7, 0x10, 0x6,

    /* U+9650 "限" */
    0x1e, 0xec, 0x55, 0xbb, 0xe1, 0x3, 0xe, 0xf1,
    0x27, 0x9f, 0xfc, 0x60, 0x1c, 0x8a, 0x0, 0x72,
    0x2c, 0x1, 0xef, 0xf0, 0x3, 0x7b, 0xb0, 0x80,
    0x72, 0x28, 0x3, 0x7f, 0xf0, 0x80, 0x71, 0xa0,
    0x4, 0x23, 0x80, 0x3d, 0x1e, 0x0, 0xcf, 0xfc,
    0x20, 0x1c, 0xaa, 0x0, 0x66, 0x13, 0xfe, 0x30,
    0xe, 0x32, 0x0, 0x1a, 0x88, 0xb1, 0x40, 0x30,
    0x99, 0x80, 0x29, 0xaf, 0xa7, 0x0, 0xaf, 0x9c,
    0x40, 0x27, 0x59, 0x60, 0xd, 0x7f, 0x20, 0x10,
    0xb6, 0xca, 0x80, 0x7e, 0x38, 0xf0, 0x3c, 0x8b,
    0x10, 0xe, 0x20, 0xce, 0x60, 0x2d, 0xd0, 0x97,
    0x0, 0x45, 0xce, 0x1, 0xcc, 0x0,

    /* U+9664 "除" */
    0x0, 0xfe, 0x84, 0x0, 0xe3, 0x3c, 0x1, 0x33,
    0xd0, 0x6, 0x2c, 0xee, 0x60, 0x0, 0xa6, 0x45,
    0x60, 0x18, 0xb6, 0x50, 0x7, 0xd9, 0x9a, 0xb2,
    0x1, 0xdb, 0xa2, 0xc4, 0x90, 0x1c, 0x49, 0x0,
    0xce, 0xec, 0x57, 0xee, 0xb1, 0x56, 0x0, 0x8,
    0xf, 0xc6, 0x60, 0xaf, 0x27, 0x14, 0x0, 0x2e,
    0xc2, 0x4, 0x47, 0x62, 0x10, 0xe, 0xba, 0x7d,
    0xd9, 0x37, 0x70, 0x6, 0x22, 0x37, 0x7f, 0x8e,
    0xff, 0xe0, 0xc, 0x20, 0x36, 0xa4, 0xed, 0x6e,
    0x40, 0x15, 0x73, 0x93, 0xa8, 0x5, 0x76, 0x10,
    0xa, 0xfa, 0x7a, 0x8, 0x2, 0x29, 0xa0, 0x8,
    0x44, 0xce, 0xe0, 0x3, 0x0, 0x1d, 0xc6, 0x1,
    0x9a, 0x83, 0xbc, 0xc, 0x1, 0xa6,

    /* U+9669 "险" */
    0x0, 0xfc, 0x24, 0x1, 0xc5, 0xdd, 0x60, 0x5,
    0x5e, 0x20, 0x1c, 0x79, 0x40, 0x12, 0x97, 0x50,
    0x7, 0x88, 0x96, 0x5, 0x10, 0x33, 0x40, 0x7,
    0xb5, 0x47, 0xe4, 0x42, 0xe, 0x40, 0x39, 0xc7,
    0xe9, 0x44, 0x6a, 0x2c, 0x0, 0x88, 0x8f, 0x15,
    0xdd, 0xdf, 0x60, 0x11, 0x21, 0xb6, 0xfd, 0xff,
    0xcc, 0xe0, 0x1a, 0x6d, 0xdc, 0x1e, 0x80, 0x38,
    0x1, 0xc4, 0x45, 0xb0, 0xdd, 0x3, 0xa0, 0x7,
    0x29, 0x90, 0x89, 0xdc, 0x15, 0xc0, 0x1b, 0x6a,
    0xc1, 0x10, 0x2e, 0x62, 0x80, 0x1b, 0x79, 0x82,
    0x14, 0x26, 0xa8, 0x1, 0xf2, 0xff, 0x7f, 0xcd,
    0x1f, 0xa0, 0x1c, 0xbd, 0xdf, 0xb0, 0x0,

    /* U+96C6 "集" */
    0x0, 0xd0, 0x1, 0x40, 0x7, 0xf3, 0x90, 0x4,
    0x6a, 0x1, 0xf1, 0x42, 0x6e, 0xcb, 0x5b, 0xb8,
    0xc0, 0x1e, 0x5d, 0xbb, 0x2d, 0xee, 0xe3, 0xb,
    0x62, 0xcc, 0xc9, 0x39, 0x95, 0x1, 0xc, 0x96,
    0x66, 0x49, 0xcc, 0xa8, 0xa, 0x80, 0xb3, 0x32,
    0x4e, 0x65, 0x40, 0x18, 0xb3, 0x32, 0x4e, 0x65,
    0x40, 0x18, 0xf7, 0x73, 0x4e, 0xee, 0x60, 0x1,
    0x76, 0xed, 0x71, 0xbb, 0xcc, 0x1b, 0xdd, 0xd3,
    0x5d, 0xdd, 0x21, 0xbd, 0xd7, 0xa8, 0x1, 0x3f,
    0xba, 0x90, 0x8, 0xa3, 0xf5, 0xa3, 0x3e, 0x8,
    0x2, 0x7c, 0xc0, 0x7b, 0x0, 0x1b, 0xc3, 0x30,
    0xe1, 0xf1, 0xd0, 0x20, 0x18, 0x63, 0xbc, 0x80,

    /* U+96FE "雾" */
    0x8, 0xcc, 0xed, 0xcc, 0xe4, 0x0, 0x46, 0x66,
    0xd3, 0xcc, 0xe4, 0x2, 0xfc, 0xcd, 0xa3, 0x99,
    0xda, 0x0, 0x2e, 0x44, 0x5e, 0x8e, 0xa2, 0x5a,
    0x1, 0x30, 0x7, 0xfc, 0x80, 0x56, 0x51, 0xca,
    0x2c, 0x31, 0x10, 0xc8, 0x4, 0x57, 0x32, 0xb3,
    0xbb, 0xd0, 0x0, 0x2b, 0x8d, 0x4c, 0x9b, 0x83,
    0x3, 0x90, 0x1, 0xc4, 0xf, 0x2b, 0x75, 0x87,
    0xb8, 0x44, 0x8, 0xf8, 0xd2, 0x9a, 0xdf, 0x83,
    0x35, 0x42, 0x4c, 0x84, 0xfa, 0x6e, 0xe8, 0xec,
    0xea, 0x40, 0x5a, 0xa7, 0x9e, 0x55, 0x6c, 0xf0,
    0xc, 0x2f, 0x34, 0x42, 0x3b, 0x78, 0x0, 0x77,
    0xdf, 0xe4, 0x7, 0xdd, 0x99, 0xc0, 0x7, 0x1d,
    0x24, 0x0, 0x7d, 0xdb, 0x4, 0x0,

    /* U+9700 "需" */
    0xd, 0xdf, 0xfa, 0x40, 0x1b, 0xbc, 0xd1, 0xbb,
    0xa4, 0x1f, 0x77, 0x92, 0xf7, 0x78, 0xbe, 0xf7,
    0x72, 0x5e, 0xee, 0x0, 0xd1, 0x54, 0x30, 0x3,
    0xd5, 0xc, 0x1, 0x2d, 0xe6, 0x60, 0xc, 0x66,
    0xc, 0x21, 0x7, 0x99, 0x1c, 0xa3, 0xcc, 0x8c,
    0x43, 0x37, 0x7d, 0xfb, 0xbc, 0xf9, 0xbb, 0xbc,
    0x7b, 0x77, 0x9c, 0x2f, 0x76, 0xc1, 0xdd, 0xe6,
    0x0, 0x37, 0x6c, 0x3f, 0xe9, 0x6e, 0x9c, 0x40,
    0x3f, 0xfb, 0x49, 0xe8, 0x80, 0x6, 0x98, 0x2c,
    0x80, 0x3d, 0x3f, 0x8c, 0x0,

    /* U+9759 "静" */
    0x0, 0x89, 0x80, 0x32, 0x98, 0x7, 0xcd, 0x80,
    0x1a, 0xc8, 0x3, 0xab, 0x25, 0x33, 0x4, 0xc1,
    0xfd, 0xe6, 0x0, 0xac, 0x94, 0xcc, 0x1d, 0xff,
    0x4a, 0x18, 0x1, 0xb6, 0x57, 0x69, 0x94, 0x92,
    0x3c, 0xc0, 0xd, 0xb0, 0xbb, 0x4c, 0x71, 0x69,
    0xf8, 0x0, 0x99, 0x61, 0xcc, 0x8a, 0xec, 0x55,
    0x62, 0x0, 0xb3, 0x3d, 0xe9, 0x98, 0x2d, 0xc1,
    0xb0, 0x61, 0x99, 0x6f, 0xb7, 0x70, 0xbf, 0x86,
    0x40, 0xd, 0x32, 0xc0, 0x12, 0x20, 0x11, 0x0,
    0x80, 0xd, 0x10, 0xd0, 0x6e, 0xe1, 0x7f, 0x8,
    0x4, 0xb3, 0x2a, 0x6, 0xee, 0x17, 0xf7, 0x80,
    0x49, 0x76, 0x90, 0xf, 0xfe, 0x11, 0x80, 0x63,
    0x10, 0xf, 0xe, 0xc6, 0x87, 0x7a, 0x0, 0x72,
    0x50, 0xef, 0x20, 0x77, 0xd0, 0x6,

    /* U+975E "非" */
    0x0, 0xc2, 0xc0, 0x7, 0x20, 0xf, 0xc5, 0x0,
    0xa, 0x60, 0xf, 0xfe, 0x8, 0x80, 0x67, 0xff,
    0xb0, 0x3, 0x57, 0xfd, 0x2f, 0xff, 0x60, 0x6,
    0xbf, 0xfa, 0x40, 0x3f, 0xf8, 0x62, 0x33, 0x80,
    0x61, 0x1c, 0x5, 0xdd, 0x58, 0x6, 0xae, 0xe9,
    0xb, 0xfe, 0xc0, 0xd, 0x7f, 0xf2, 0x0, 0x7f,
    0xf0, 0x84, 0x73, 0x80, 0x61, 0x1e, 0xce, 0xea,
    0xc0, 0x35, 0x77, 0x6d, 0xff, 0xb0, 0x3, 0x5f,
    0xfe, 0x0, 0xff, 0xe3, 0x9, 0x80, 0x7e,

    /* U+9762 "面" */
    0xde, 0xef, 0xfe, 0x5, 0xef, 0x76, 0xf1, 0xde,
    0xee, 0xb0, 0xe, 0x42, 0x30, 0xf, 0xbb, 0xb5,
    0x17, 0x77, 0x60, 0x8, 0xbf, 0xc5, 0x5d, 0xf2,
    0x9f, 0xa4, 0x1, 0x8, 0x80, 0x46, 0x3, 0x11,
    0x0, 0x7d, 0x7f, 0xe8, 0x0, 0xff, 0x5f, 0xfa,
    0x0, 0x3f, 0xf9, 0x97, 0xfe, 0x80, 0xf, 0xf5,
    0xff, 0xa0, 0x3, 0xff, 0x93, 0xfe, 0x3b, 0xff,
    0x43, 0x7e, 0x80, 0x6f, 0xff, 0xed, 0x0, 0x0,

    /* U+9875 "页" */
    0x5e, 0xef, 0xfe, 0x6, 0x26, 0x67, 0x39, 0x66,
    0x77, 0x9, 0x17, 0x1a, 0x11, 0x78, 0x0, 0x46,
    0x72, 0x79, 0x9e, 0x10, 0xb, 0x75, 0xdc, 0x3a,
    0xee, 0xb1, 0xc0, 0x36, 0x6e, 0xd9, 0xbb, 0x20,
    0x7, 0xe5, 0xa0, 0xf, 0xfe, 0x71, 0x8, 0x7,
    0xff, 0x3, 0x4c, 0x3, 0xf4, 0x18, 0x1a, 0xbe,
    0x18, 0x7a, 0x80, 0x4e, 0x2f, 0x93, 0xc9, 0x96,
    0xe6, 0x0, 0x38, 0xea, 0xb6, 0x8, 0xe2, 0xca,
    0x28, 0xc3, 0xbd, 0x40, 0x8, 0x67, 0x46, 0xe7,
    0xad, 0x40, 0x3e, 0x2b, 0x90,

    /* U+9879 "项" */
    0x1, 0x1e, 0x68, 0x8f, 0x94, 0x3f, 0xba, 0xb0,
    0xc, 0xe0, 0x1d, 0xda, 0x3f, 0x4d, 0x10, 0xb2,
    0x88, 0x94, 0x3, 0xc2, 0x66, 0xb1, 0x33, 0x10,
    0x7, 0xcf, 0xbe, 0x81, 0xfe, 0xd0, 0xf, 0xc9,
    0x98, 0xac, 0xc0, 0x7, 0xfc, 0x30, 0x1, 0xff,
    0xd0, 0x30, 0xf, 0xe1, 0x30, 0x9, 0x88, 0x3,
    0x92, 0xc7, 0xa0, 0xb4, 0x38, 0xe0, 0x14, 0x1,
    0x21, 0x5d, 0x68, 0xf0, 0xfa, 0x97, 0x60, 0x6,
    0xca, 0x88, 0x2e, 0xa6, 0x16, 0x16, 0x10, 0x7,
    0x54, 0x43, 0x4, 0x1, 0x37, 0x0, 0x1d, 0x5a,
    0xa0, 0x1c, 0xd4,

    /* U+9884 "预" */
    0xc, 0xee, 0xcf, 0x7b, 0xbe, 0xc0, 0xdc, 0xc8,
    0xe, 0x7f, 0xc5, 0xdf, 0xee, 0x1, 0x92, 0xa4,
    0x41, 0x10, 0x4, 0xc8, 0xa0, 0x6, 0x61, 0x68,
    0x17, 0x3c, 0x73, 0x20, 0x9, 0xdc, 0xa0, 0x3,
    0x5f, 0xde, 0xe1, 0x8, 0x7f, 0x91, 0xfe, 0x80,
    0x4b, 0xc4, 0x80, 0x2e, 0xe1, 0xdd, 0x8c, 0x3,
    0xf8, 0x44, 0xe, 0x7e, 0x1, 0xff, 0xc1, 0xf5,
    0x0, 0xc2, 0x1, 0xfa, 0xc, 0x2, 0x22, 0x0,
    0x7f, 0x97, 0x14, 0x2c, 0x24, 0x40, 0x3e, 0x36,
    0xbb, 0xe, 0x30, 0x0, 0x44, 0x40, 0x12, 0xe4,
    0x25, 0x2e, 0x10, 0x57, 0x11, 0x85, 0x45, 0x30,
    0x2, 0x57, 0x82, 0xff, 0x0, 0x17, 0xa8, 0x1,
    0xa3, 0x40,

    /* U+98CE "风" */
    0x0, 0x5f, 0xff, 0xf6, 0x0, 0x73, 0xce, 0xef,
    0xd4, 0x20, 0x1e, 0x36, 0x32, 0x28, 0x51, 0x80,
    0x3f, 0x6d, 0x0, 0x5e, 0x20, 0x1f, 0xd2, 0xcc,
    0x5, 0x27, 0x0, 0xff, 0x74, 0x15, 0xd8, 0x3,
    0xf8, 0x40, 0xdf, 0x55, 0x40, 0x1f, 0xfc, 0xd,
    0xc, 0x0, 0xfe, 0x17, 0x0, 0x4a, 0xc0, 0x80,
    0x7e, 0x22, 0x5, 0x3d, 0x2d, 0x0, 0x80, 0x18,
    0x0, 0x42, 0x27, 0x75, 0x85, 0xaa, 0x8c, 0xc1,
    0x20, 0x5, 0x45, 0x9f, 0x10, 0x1b, 0xb0, 0x9,
    0x10, 0x1, 0x5e, 0xf4, 0x40, 0x12, 0xd8, 0x9f,
    0x38, 0x10, 0x29, 0x20, 0x7, 0x28, 0x49, 0x48,
    0x16, 0x80, 0x7f, 0x97, 0x8c, 0x0,

    /* U+996E "饮" */
    0x0, 0xb, 0x0, 0x61, 0x60, 0xf, 0xc9, 0xa0,
    0x19, 0xb0, 0x3, 0xf6, 0x11, 0x98, 0x42, 0xf0,
    0x47, 0x0, 0x67, 0x4e, 0xd9, 0x13, 0x9e, 0xed,
    0x40, 0x3, 0x2d, 0xd2, 0xdc, 0xb7, 0xf7, 0xf9,
    0x30, 0x1, 0x34, 0xa2, 0xc4, 0xf6, 0x3e, 0x4,
    0xac, 0x2, 0x88, 0xb5, 0x89, 0x52, 0x30, 0x5,
    0x30, 0x0, 0x74, 0xc1, 0x16, 0x6c, 0x18, 0x42,
    0x20, 0x1, 0x18, 0x6, 0x11, 0x1, 0x1, 0x80,
    0x7f, 0xf0, 0x74, 0xa8, 0x3, 0xff, 0x80, 0x49,
    0xce, 0x20, 0x1f, 0xd, 0xa0, 0x4b, 0x1b, 0xd8,
    0x7, 0x87, 0xd, 0x25, 0xa4, 0x21, 0x18, 0x3,
    0x20, 0x44, 0x29, 0x30, 0x0, 0x3b, 0x30, 0x1,
    0x2e, 0xab, 0xe, 0x8, 0x4, 0x78, 0x60, 0x18,
    0x81, 0xac, 0x40, 0x38, 0xec, 0x0,

    /* U+9996 "首" */
    0x0, 0xff, 0xe2, 0xcb, 0x80, 0x66, 0x90, 0xf,
    0x5c, 0xa0, 0x0, 0xa2, 0x80, 0x2a, 0xbb, 0x49,
    0xfd, 0xdb, 0x2, 0x2e, 0xd5, 0x3f, 0xf4, 0xfb,
    0x1d, 0x53, 0xfe, 0x93, 0x44, 0xca, 0x54, 0x89,
    0xc6, 0x0, 0xff, 0xb8, 0x37, 0xff, 0x0, 0x42,
    0x1f, 0xff, 0x80, 0x3f, 0xf8, 0x22, 0x1, 0xee,
    0xef, 0xbc, 0x3, 0xdd, 0xdf, 0x80, 0x3d, 0x99,
    0xf8, 0x3, 0xdf, 0xff, 0x80, 0x3c, 0x67, 0xf8,
    0x3, 0xdf, 0xff, 0x80, 0x3d, 0xff, 0xf8, 0x3,
    0xf, 0x80, 0x7e, 0xf0, 0x0,

    /* U+9A71 "驱" */
    0xe, 0xed, 0x21, 0x79, 0x9e, 0x90, 0xff, 0xa0,
    0x0, 0xb3, 0x11, 0xd4, 0x0, 0x81, 0x18, 0x0,
    0x8a, 0x89, 0x1, 0x81, 0x10, 0x3f, 0xc0, 0x2,
    0xf1, 0x4, 0xf0, 0x3, 0x88, 0x8, 0x80, 0x4,
    0xd0, 0x1f, 0xe0, 0x1, 0x10, 0xc, 0xc0, 0x14,
    0x23, 0x31, 0x0, 0x2, 0x4, 0xc0, 0x1d, 0x13,
    0x0, 0x10, 0xa7, 0x5, 0x10, 0x4, 0x20, 0x60,
    0x13, 0x66, 0x44, 0x60, 0x14, 0xc4, 0x4, 0x5,
    0xe6, 0xdc, 0xc0, 0x28, 0x77, 0x34, 0x0, 0x5b,
    0x2e, 0x22, 0x4, 0x5a, 0x8, 0x72, 0x17, 0x42,
    0x0, 0xc9, 0x80, 0x17, 0x10, 0x6, 0x52, 0x0,
    0x7f, 0xbb, 0xb6, 0x0, 0xff, 0xae, 0xc1, 0xf9,
    0x9e, 0xd0,

    /* U+9A8C "验" */
    0x0, 0xfe, 0x53, 0x0, 0xcd, 0xdd, 0x68, 0x4,
    0x51, 0xe0, 0x19, 0xab, 0xfc, 0x60, 0x17, 0x71,
    0x20, 0x3, 0x48, 0x81, 0x80, 0x25, 0xe, 0x11,
    0x40, 0x23, 0x3, 0x10, 0x92, 0x80, 0x7, 0x42,
    0x80, 0x61, 0x79, 0x53, 0x88, 0xa9, 0x6d, 0x44,
    0xc1, 0xc6, 0xf4, 0x3, 0xbb, 0xd0, 0xcb, 0x25,
    0x5, 0x26, 0x41, 0x10, 0x0, 0x9, 0x67, 0xf2,
    0xbe, 0xa0, 0xb0, 0x2, 0x0, 0x23, 0x38, 0x1,
    0x9e, 0xa, 0x86, 0xa2, 0xd, 0x9d, 0x40, 0xe8,
    0x80, 0xdc, 0xbd, 0x0, 0x27, 0xf5, 0x38, 0x0,
    0x88, 0x98, 0xae, 0x0, 0x23, 0x0, 0x84, 0x30,
    0x88, 0xc2, 0x20, 0xe, 0x12, 0x6e, 0xed, 0xa7,
    0xdc, 0x10, 0xbf, 0xe6, 0x4f, 0xfd, 0xdc, 0xff,
    0x8,

    /* U+9AD8 "高" */
    0x0, 0xf3, 0x98, 0x7, 0xff, 0x3, 0xa4, 0x3,
    0xdb, 0xdd, 0xce, 0x9d, 0xde, 0xde, 0xef, 0xfe,
    0x8, 0x2, 0xbb, 0x77, 0xdd, 0x60, 0x1d, 0x1b,
    0xbe, 0x80, 0xe, 0x38, 0xdd, 0xf4, 0x8, 0x6,
    0x9e, 0xdd, 0xf7, 0x50, 0x5, 0xbb, 0xff, 0xc0,
    0x11, 0x16, 0xef, 0xf8, 0x80, 0x3b, 0x77, 0xc0,
    0x1f, 0x8b, 0x77, 0x10, 0x80, 0x7e, 0xcc, 0xc0,
    0x1f, 0xdd, 0xbb, 0xb8, 0x44, 0x1, 0xe1, 0x1e,
    0x9f, 0xe5, 0x11, 0x68, 0x7, 0xd1, 0xfe, 0xa0,

    /* U+9E23 "鸣" */
    0x0, 0xfc, 0x6c, 0x1, 0xff, 0xc0, 0x8e, 0x0,
    0xc3, 0xdd, 0x60, 0x77, 0x15, 0xbb, 0x9e, 0x0,
    0x3e, 0xf2, 0x0, 0x7c, 0x7f, 0x70, 0x40, 0x3f,
    0x8f, 0x4, 0x46, 0x1, 0xfc, 0xb2, 0x44, 0x10,
    0xf, 0xf4, 0x76, 0x58, 0x7, 0xfb, 0x73, 0xdc,
    0x3, 0xf7, 0x7f, 0x73, 0xfd, 0x80, 0x1e, 0xef,
    0xfe, 0xc0, 0xf, 0x12, 0x27, 0x13, 0xb8, 0xb,
    0xf8, 0x13, 0xbb, 0x90, 0x44, 0x5, 0xfe, 0xe6,
    0xaa, 0xe6, 0x33, 0xd, 0x0, 0x7f, 0xd, 0x70,
    0x38, 0x7, 0xa3, 0xfd, 0xce, 0xc0,

    /* U+9EC4 "黄" */
    0x0, 0xd4, 0x1, 0xa8, 0x3, 0xe1, 0x50, 0xc,
    0x82, 0x1, 0x27, 0x73, 0xc3, 0xbb, 0xf, 0xf7,
    0x11, 0x1d, 0xcf, 0xe, 0xec, 0x3f, 0xdc, 0x4b,
    0xdd, 0x60, 0x6e, 0xe1, 0xcd, 0xd6, 0x56, 0x65,
    0xd8, 0xaa, 0xce, 0xcc, 0xb4, 0x44, 0x67, 0x84,
    0x46, 0x78, 0x44, 0x7, 0xb3, 0x32, 0x22, 0x66,
    0xc4, 0x0, 0x8e, 0xee, 0x55, 0x5d, 0xc4, 0x1,
    0x8f, 0x76, 0x66, 0x6e, 0xc6, 0x1, 0x8f, 0x76,
    0x66, 0x6e, 0xc6, 0x1, 0x8f, 0x76, 0x66, 0x6e,
    0xc6, 0x1, 0x1f, 0xec, 0x4f, 0x72, 0x6f, 0x3d,
    0x0, 0x7, 0x1d, 0xc7, 0x0, 0x3f, 0xfa, 0xd4,
    0x27, 0xbf, 0xd6, 0x60, 0x3, 0x9e, 0xea, 0x65,
    0xae, 0x20, 0x1f, 0x2d, 0xc8,

    /* U+9ED8 "默" */
    0x0, 0xff, 0x14, 0x80, 0x74, 0x6e, 0xf8, 0x0,
    0x2a, 0xea, 0x1, 0xc, 0x68, 0xff, 0x80, 0x39,
    0x60, 0x3, 0x7b, 0x0, 0x24, 0x3, 0x89, 0x14,
    0x2, 0xea, 0xb, 0xf0, 0xf, 0x4a, 0x80, 0x6d,
    0xd, 0x40, 0x4f, 0xc3, 0xff, 0x58, 0x0, 0x6b,
    0xce, 0xb8, 0xd3, 0x24, 0x73, 0x12, 0x0, 0x8e,
    0xe1, 0xe7, 0x70, 0xc, 0x4, 0xcc, 0x40, 0xb,
    0xee, 0x1e, 0x77, 0x4, 0x38, 0x8, 0x3, 0x5f,
    0x70, 0xf3, 0xb8, 0x20, 0x86, 0x80, 0x1b, 0x37,
    0x8f, 0x3b, 0x5c, 0x4e, 0x34, 0x3, 0x7f, 0xb3,
    0xeb, 0xed, 0xe5, 0x91, 0x8c, 0x2, 0x96, 0x91,
    0x90, 0x83, 0x7b, 0xb, 0xf0, 0x9, 0x10, 0x4a,
    0x88, 0x8c, 0x72, 0x6, 0xa, 0x2, 0x70, 0xd6,
    0x85, 0x51, 0xc0, 0x5, 0xa6, 0x5, 0x20, 0x84,
    0x20, 0x78, 0x1, 0x86, 0x40,

    /* U+FF01 "！" */
    0x0, 0x73, 0x80, 0x63, 0x10, 0x0, 0x98, 0x6,
    0x97, 0x52, 0x84, 0x7c,

    /* U+FF08 "（" */
    0x0, 0xa, 0x80, 0x2f, 0x40, 0x96, 0x41, 0x50,
    0x43, 0x30, 0x0, 0x53, 0x1, 0x12, 0x81, 0x80,
    0x81, 0x80, 0x80, 0x81, 0x80, 0x9, 0xc0, 0xf,
    0x80, 0xf, 0x70, 0x2, 0x82, 0x0, 0x27, 0xc0,

    /* U+FF09 "）" */
    0x51, 0x0, 0x6d, 0x80, 0x25, 0x44, 0x4, 0xd8,
    0x1, 0x78, 0x0, 0x35, 0x0, 0x30, 0x88, 0x8,
    0xc, 0x4, 0xc, 0xc, 0x4, 0x1c, 0x80, 0x18,
    0xe0, 0x7, 0xf0, 0x40, 0x50, 0xf9, 0x0, 0x0,

    /* U+FF0C "，" */
    0x7, 0x60, 0xbd, 0xc, 0x10, 0xa9, 0xa, 0x30,

    /* U+FF1A "：" */
    0x75, 0x9c, 0xe9, 0x0, 0xfd, 0xa, 0xd8,

    /* U+FF1B "；" */
    0x7, 0x50, 0x9f, 0xe, 0xa0, 0xf, 0xfe, 0xc,
    0x28, 0x36, 0x6, 0x8, 0x4d, 0x5, 0x90,

    /* U+FF1F "？" */
    0x0, 0x8c, 0xc0, 0x19, 0x7b, 0x73, 0x8c, 0xe,
    0xa3, 0xbd, 0x38, 0xa, 0x98, 0x1, 0x24, 0x2,
    0xa0, 0x12, 0x88, 0x7, 0x14, 0xc0, 0x6, 0x1c,
    0x76, 0x0, 0xd2, 0x90, 0x1, 0xc7, 0x80, 0x1e,
    0xe4, 0x0, 0xf2, 0x90, 0x7, 0xa1, 0x40, 0x3c,
    0xd8, 0x1, 0x0
};


/*---------------------
 *  GLYPH DESCRIPTION
 *--------------------*/

static const lv_font_fmt_txt_glyph_dsc_t glyph_dsc[] = {
    {.bitmap_index = 0, .adv_w = 0, .box_w = 0, .box_h = 0, .ofs_x = 0, .ofs_y = 0} /* id = 0 reserved */,
    {.bitmap_index = 0, .adv_w = 91, .box_w = 0, .box_h = 0, .ofs_x = 0, .ofs_y = 0},
    {.bitmap_index = 0, .adv_w = 67, .box_w = 2, .box_h = 13, .ofs_x = 1, .ofs_y = 0},
    {.bitmap_index = 13, .adv_w = 85, .box_w = 5, .box_h = 5, .ofs_x = 0, .ofs_y = 10},
    {.bitmap_index = 26, .adv_w = 181, .box_w = 11, .box_h = 13, .ofs_x = 0, .ofs_y = 0},
    {.bitmap_index = 94, .adv_w = 147, .box_w = 9, .box_h = 16, .ofs_x = 0, .ofs_y = -2},
    {.bitmap_index = 158, .adv_w = 210, .box_w = 13, .box_h = 13, .ofs_x = 0, .ofs_y = 0},
    {.bitmap_index = 236, .adv_w = 179, .box_w = 11, .box_h = 13, .ofs_x = 0, .ofs_y = 0},
    {.bitmap_index = 302, .adv_w = 49, .box_w = 3, .box_h = 5, .ofs_x = 0, .ofs_y = 10},
    {.bitmap_index = 310, .adv_w = 77, .box_w = 4, .box_h = 15, .ofs_x = 1, .ofs_y = -1},
    {.bitmap_index = 342, .adv_w = 77, .box_w = 4, .box_h = 15, .ofs_x = 0, .ofs_y = -1},
    {.bitmap_index = 373, .adv_w = 113, .box_w = 5, .box_h = 5, .ofs_x = 1, .ofs_y = 8},
    {.bitmap_index = 387, .adv_w = 154, .box_w = 8, .box_h = 8, .ofs_x = 1, .ofs_y = 3},
    {.bitmap_index = 410, .adv_w = 65, .box_w = 2, .box_h = 5, .ofs_x = 1, .ofs_y = -3},
    {.bitmap_index = 415, .adv_w = 100, .box_w = 6, .box_h = 2, .ofs_x = 0, .ofs_y = 5},
    {.bitmap_index = 420, .adv_w = 62, .box_w = 2, .box_h = 2, .ofs_x = 1, .ofs_y = 0},
    {.bitmap_index = 422, .adv_w = 100, .box_w = 6, .box_h = 13, .ofs_x = 0, .ofs_y = 0},
    {.bitmap_index = 457, .adv_w = 161, .box_w = 10, .box_h = 13, .ofs_x = 0, .ofs_y = 0},
    {.bitmap_index = 516, .adv_w = 101, .box_w = 5, .box_h = 13, .ofs_x = 0, .ofs_y = 0},
    {.bitmap_index = 528, .adv_w = 144, .box_w = 9, .box_h = 13, .ofs_x = 0, .ofs_y = 0},
    {.bitmap_index = 576, .adv_w = 151, .box_w = 9, .box_h = 13, .ofs_x = 0, .ofs_y = 0},
    {.bitmap_index = 625, .adv_w = 150, .box_w = 9, .box_h = 13, .ofs_x = 0, .ofs_y = 0},
    {.bitmap_index = 667, .adv_w = 153, .box_w = 9, .box_h = 13, .ofs_x = 0, .ofs_y = 0},
    {.bitmap_index = 717, .adv_w = 154, .box_w = 9, .box_h = 13, .ofs_x = 0, .ofs_y = 0},
    {.bitmap_index = 766, .adv_w = 133, .box_w = 8, .box_h = 13, .ofs_x = 0, .ofs_y = 0},
    {.bitmap_index = 806, .adv_w = 159, .box_w = 9, .box_h = 13, .ofs_x = 0, .ofs_y = 0},
    {.bitmap_index = 864, .adv_w = 152, .box_w = 9, .box_h = 13, .ofs_x = 0, .ofs_y = 0},
    {.bitmap_index = 916, .adv_w = 62, .box_w = 2, .box_h = 9, .ofs_x = 1, .ofs_y = 0},
    {.bitmap_index = 923, .adv_w = 65, .box_w = 2, .box_h = 12, .ofs_x = 1, .ofs_y = -3},
    {.bitmap_index = 933, .adv_w = 154, .box_w = 8, .box_h = 10, .ofs_x = 1, .ofs_y = 1},
    {.bitmap_index = 969, .adv_w = 154, .box_w = 8, .box_h = 6, .ofs_x = 1, .ofs_y = 3},
    {.bitmap_index = 984, .adv_w = 154, .box_w = 8, .box_h = 10, .ofs_x = 1, .ofs_y = 1},
    {.bitmap_index = 1019, .adv_w = 125, .box_w = 8, .box_h = 13, .ofs_x = 0, .ofs_y = 0},
    {.bitmap_index = 1060, .adv_w = 211, .box_w = 13, .box_h = 13, .ofs_x = 0, .ofs_y = 0},
    {.bitmap_index = 1139, .adv_w = 168, .box_w = 11, .box_h = 13, .ofs_x = 0, .ofs_y = 0},
    {.bitmap_index = 1197, .adv_w = 169, .box_w = 9, .box_h = 13, .ofs_x = 1, .ofs_y = 0},
    {.bitmap_index = 1249, .adv_w = 178, .box_w = 11, .box_h = 13, .ofs_x = 0, .ofs_y = 0},
    {.bitmap_index = 1305, .adv_w = 190, .box_w = 10, .box_h = 13, .ofs_x = 1, .ofs_y = 0},
    {.bitmap_index = 1354, .adv_w = 152, .box_w = 8, .box_h = 13, .ofs_x = 1, .ofs_y = 0},
    {.bitmap_index = 1383, .adv_w = 146, .box_w = 8, .box_h = 13, .ofs_x = 1, .ofs_y = 0},
    {.bitmap_index = 1407, .adv_w = 188, .box_w = 11, .box_h = 13, .ofs_x = 0, .ofs_y = 0},
    {.bitmap_index = 1470, .adv_w = 183, .box_w = 10, .box_h = 13, .ofs_x = 1, .ofs_y = 0},
    {.bitmap_index = 1491, .adv_w = 61, .box_w = 2, .box_h = 13, .ofs_x = 1, .ofs_y = 0},
    {.bitmap_index = 1496, .adv_w = 120, .box_w = 7, .box_h = 13, .ofs_x = 0, .ofs_y = 0},
    {.bitmap_index = 1513, .adv_w = 164, .box_w = 10, .box_h = 13, .ofs_x = 1, .ofs_y = 0},
    {.bitmap_index = 1561, .adv_w = 144, .box_w = 8, .box_h = 13, .ofs_x = 1, .ofs_y = 0},
    {.bitmap_index = 1574, .adv_w = 223, .box_w = 12, .box_h = 13, .ofs_x = 1, .ofs_y = 0},
    {.bitmap_index = 1627, .adv_w = 187, .box_w = 10, .box_h = 13, .ofs_x = 1, .ofs_y = 0},
    {.bitmap_index = 1670, .adv_w = 200, .box_w = 12, .box_h = 13, .ofs_x = 0, .ofs_y = 0},
    {.bitmap_index = 1736, .adv_w = 158, .box_w = 9, .box_h = 13, .ofs_x = 1, .ofs_y = 0},
    {.bitmap_index = 1777, .adv_w = 200, .box_w = 12, .box_h = 15, .ofs_x = 0, .ofs_y = -2},
    {.bitmap_index = 1853, .adv_w = 161, .box_w = 9, .box_h = 13, .ofs_x = 1, .ofs_y = 0},
    {.bitmap_index = 1903, .adv_w = 154, .box_w = 9, .box_h = 13, .ofs_x = 0, .ofs_y = 0},
    {.bitmap_index = 1956, .adv_w = 153, .box_w = 10, .box_h = 13, .ofs_x = 0, .ofs_y = 0},
    {.bitmap_index = 1974, .adv_w = 179, .box_w = 9, .box_h = 13, .ofs_x = 1, .ofs_y = 0},
    {.bitmap_index = 2001, .adv_w = 168, .box_w = 11, .box_h = 13, .ofs_x = 0, .ofs_y = 0},
    {.bitmap_index = 2061, .adv_w = 245, .box_w = 16, .box_h = 13, .ofs_x = 0, .ofs_y = 0},
    {.bitmap_index = 2156, .adv_w = 159, .box_w = 10, .box_h = 13, .ofs_x = 0, .ofs_y = 0},
    {.bitmap_index = 2214, .adv_w = 158, .box_w = 10, .box_h = 13, .ofs_x = 0, .ofs_y = 0},
    {.bitmap_index = 2254, .adv_w = 151, .box_w = 9, .box_h = 13, .ofs_x = 0, .ofs_y = 0},
    {.bitmap_index = 2296, .adv_w = 89, .box_w = 5, .box_h = 16, .ofs_x = 1, .ofs_y = -2},
    {.bitmap_index = 2311, .adv_w = 87, .box_w = 6, .box_h = 13, .ofs_x = 0, .ofs_y = 0},
    {.bitmap_index = 2344, .adv_w = 89, .box_w = 4, .box_h = 16, .ofs_x = 0, .ofs_y = -2},
    {.bitmap_index = 2357, .adv_w = 112, .box_w = 7, .box_h = 5, .ofs_x = 0, .ofs_y = 9},
    {.bitmap_index = 2374, .adv_w = 116, .box_w = 8, .box_h = 2, .ofs_x = 0, .ofs_y = -3},
    {.bitmap_index = 2379, .adv_w = 66, .box_w = 4, .box_h = 4, .ofs_x = 0, .ofs_y = 9},
    {.bitmap_index = 2388, .adv_w = 136, .box_w = 8, .box_h = 9, .ofs_x = 0, .ofs_y = 0},
    {.bitmap_index = 2424, .adv_w = 153, .box_w = 8, .box_h = 13, .ofs_x = 1, .ofs_y = 0},
    {.bitmap_index = 2462, .adv_w = 136, .box_w = 8, .box_h = 9, .ofs_x = 0, .ofs_y = 0},
    {.bitmap_index = 2496, .adv_w = 153, .box_w = 9, .box_h = 13, .ofs_x = 0, .ofs_y = 0},
    {.bitmap_index = 2540, .adv_w = 143, .box_w = 9, .box_h = 9, .ofs_x = 0, .ofs_y = 0},
    {.bitmap_index = 2579, .adv_w = 88, .box_w = 6, .box_h = 13, .ofs_x = 0, .ofs_y = 0},
    {.bitmap_index = 2603, .adv_w = 153, .box_w = 9, .box_h = 13, .ofs_x = 0, .ofs_y = -4},
    {.bitmap_index = 2660, .adv_w = 148, .box_w = 8, .box_h = 13, .ofs_x = 1, .ofs_y = 0},
    {.bitmap_index = 2686, .adv_w = 62, .box_w = 2, .box_h = 13, .ofs_x = 1, .ofs_y = 0},
    {.bitmap_index = 2695, .adv_w = 62, .box_w = 4, .box_h = 17, .ofs_x = -1, .ofs_y = -4},
    {.bitmap_index = 2712, .adv_w = 129, .box_w = 7, .box_h = 13, .ofs_x = 1, .ofs_y = 0},
    {.bitmap_index = 2743, .adv_w = 62, .box_w = 3, .box_h = 13, .ofs_x = 1, .ofs_y = 0},
    {.bitmap_index = 2751, .adv_w = 226, .box_w = 13, .box_h = 9, .ofs_x = 1, .ofs_y = 0},
    {.bitmap_index = 2784, .adv_w = 148, .box_w = 8, .box_h = 9, .ofs_x = 1, .ofs_y = 0},
    {.bitmap_index = 2807, .adv_w = 147, .box_w = 9, .box_h = 9, .ofs_x = 0, .ofs_y = 0},
    {.bitmap_index = 2847, .adv_w = 153, .box_w = 8, .box_h = 13, .ofs_x = 1, .ofs_y = -4},
    {.bitmap_index = 2887, .adv_w = 153, .box_w = 9, .box_h = 13, .ofs_x = 0, .ofs_y = -4},
    {.bitmap_index = 2933, .adv_w = 95, .box_w = 5, .box_h = 9, .ofs_x = 1, .ofs_y = 0},
    {.bitmap_index = 2947, .adv_w = 120, .box_w = 8, .box_h = 9, .ofs_x = 0, .ofs_y = 0},
    {.bitmap_index = 2984, .adv_w = 89, .box_w = 6, .box_h = 12, .ofs_x = 0, .ofs_y = 0},
    {.bitmap_index = 3009, .adv_w = 148, .box_w = 8, .box_h = 9, .ofs_x = 1, .ofs_y = 0},
    {.bitmap_index = 3029, .adv_w = 129, .box_w = 8, .box_h = 9, .ofs_x = 0, .ofs_y = 0},
    {.bitmap_index = 3064, .adv_w = 201, .box_w = 13, .box_h = 9, .ofs_x = 0, .ofs_y = 0},
    {.bitmap_index = 3122, .adv_w = 123, .box_w = 8, .box_h = 9, .ofs_x = 0, .ofs_y = 0},
    {.bitmap_index = 3158, .adv_w = 130, .box_w = 9, .box_h = 13, .ofs_x = 0, .ofs_y = -4},
    {.bitmap_index = 3207, .adv_w = 125, .box_w = 8, .box_h = 9, .ofs_x = 0, .ofs_y = 0},
    {.bitmap_index = 3238, .adv_w = 89, .box_w = 6, .box_h = 16, .ofs_x = 0, .ofs_y = -2},
    {.bitmap_index = 3278, .adv_w = 56, .box_w = 2, .box_h = 15, .ofs_x = 1, .ofs_y = -1},
    {.bitmap_index = 3283, .adv_w = 89, .box_w = 6, .box_h = 16, .ofs_x = 0, .ofs_y = -2},
    {.bitmap_index = 3323, .adv_w = 133, .box_w = 8, .box_h = 3, .ofs_x = 0, .ofs_y = 4},
    {.bitmap_index = 3336, .adv_w = 104, .box_w = 6, .box_h = 6, .ofs_x = 0, .ofs_y = 7},
    {.bitmap_index = 3354, .adv_w = 279, .box_w = 17, .box_h = 14, .ofs_x = 0, .ofs_y = -1},
    {.bitmap_index = 3444, .adv_w = 256, .box_w = 16, .box_h = 8, .ofs_x = 0, .ofs_y = 2},
    {.bitmap_index = 3483, .adv_w = 256, .box_w = 5, .box_h = 4, .ofs_x = 2, .ofs_y = -1},
    {.bitmap_index = 3494, .adv_w = 256, .box_w = 6, .box_h = 4, .ofs_x = 1, .ofs_y = -1},
    {.bitmap_index = 3505, .adv_w = 256, .box_w = 15, .box_h = 2, .ofs_x = 0, .ofs_y = 6},
    {.bitmap_index = 3513, .adv_w = 256, .box_w = 14, .box_h = 13, .ofs_x = 1, .ofs_y = 0},
    {.bitmap_index = 3554, .adv_w = 256, .box_w = 14, .box_h = 15, .ofs_x = 1, .ofs_y = -1},
    {.bitmap_index = 3586, .adv_w = 256, .box_w = 14, .box_h = 14, .ofs_x = 1, .ofs_y = -1},
    {.bitmap_index = 3628, .adv_w = 256, .box_w = 15, .box_h = 14, .ofs_x = 1, .ofs_y = -1},
    {.bitmap_index = 3695, .adv_w = 256, .box_w = 15, .box_h = 15, .ofs_x = 0, .ofs_y = -1},
    {.bitmap_index = 3764, .adv_w = 256, .box_w = 16, .box_h = 14, .ofs_x = 0, .ofs_y = -1},
    {.bitmap_index = 3821, .adv_w = 256, .box_w = 15, .box_h = 15, .ofs_x = 1, .ofs_y = -2},
    {.bitmap_index = 3913, .adv_w = 256, .box_w = 14, .box_h = 15, .ofs_x = 1, .ofs_y = -2},
    {.bitmap_index = 3999, .adv_w = 256, .box_w = 15, .box_h = 15, .ofs_x = 0, .ofs_y = -1},
    {.bitmap_index = 4057, .adv_w = 256, .box_w = 13, .box_h = 15, .ofs_x = 1, .ofs_y = -1},
    {.bitmap_index = 4102, .adv_w = 256, .box_w = 13, .box_h = 16, .ofs_x = 1, .ofs_y = -2},
    {.bitmap_index = 4190, .adv_w = 256, .box_w = 14, .box_h = 15, .ofs_x = 1, .ofs_y = -1},
    {.bitmap_index = 4250, .adv_w = 256, .box_w = 16, .box_h = 16, .ofs_x = 0, .ofs_y = -2},
    {.bitmap_index = 4342, .adv_w = 256, .box_w = 14, .box_h = 16, .ofs_x = 1, .ofs_y = -2},
    {.bitmap_index = 4436, .adv_w = 256, .box_w = 14, .box_h = 14, .ofs_x = 1, .ofs_y = -1},
    {.bitmap_index = 4479, .adv_w = 256, .box_w = 16, .box_h = 15, .ofs_x = 0, .ofs_y = -1},
    {.bitmap_index = 4571, .adv_w = 256, .box_w = 15, .box_h = 12, .ofs_x = 0, .ofs_y = 0},
    {.bitmap_index = 4597, .adv_w = 256, .box_w = 15, .box_h = 14, .ofs_x = 0, .ofs_y = -1},
    {.bitmap_index = 4643, .adv_w = 256, .box_w = 14, .box_h = 15, .ofs_x = 1, .ofs_y = -2},
    {.bitmap_index = 4720, .adv_w = 256, .box_w = 15, .box_h = 14, .ofs_x = 1, .ofs_y = -1},
    {.bitmap_index = 4791, .adv_w = 256, .box_w = 15, .box_h = 15, .ofs_x = 1, .ofs_y = -1},
    {.bitmap_index = 4879, .adv_w = 256, .box_w = 15, .box_h = 16, .ofs_x = 0, .ofs_y = -2},
    {.bitmap_index = 4976, .adv_w = 256, .box_w = 15, .box_h = 15, .ofs_x = 0, .ofs_y = -1},
    {.bitmap_index = 5046, .adv_w = 256, .box_w = 16, .box_h = 15, .ofs_x = 0, .ofs_y = -1},
    {.bitmap_index = 5137, .adv_w = 256, .box_w = 16, .box_h = 16, .ofs_x = 0, .ofs_y = -2},
    {.bitmap_index = 5230, .adv_w = 256, .box_w = 15, .box_h = 16, .ofs_x = 0, .ofs_y = -2},
    {.bitmap_index = 5323, .adv_w = 256, .box_w = 15, .box_h = 15, .ofs_x = 1, .ofs_y = -1},
    {.bitmap_index = 5407, .adv_w = 256, .box_w = 15, .box_h = 16, .ofs_x = 1, .ofs_y = -2},
    {.bitmap_index = 5500, .adv_w = 256, .box_w = 16, .box_h = 16, .ofs_x = 0, .ofs_y = -2},
    {.bitmap_index = 5578, .adv_w = 256, .box_w = 15, .box_h = 16, .ofs_x = 0, .ofs_y = -2},
    {.bitmap_index = 5671, .adv_w = 256, .box_w = 15, .box_h = 15, .ofs_x = 0, .ofs_y = -1},
    {.bitmap_index = 5758, .adv_w = 256, .box_w = 16, .box_h = 16, .ofs_x = 0, .ofs_y = -2},
    {.bitmap_index = 5855, .adv_w = 256, .box_w = 16, .box_h = 15, .ofs_x = 0, .ofs_y = -1},
    {.bitmap_index = 5944, .adv_w = 256, .box_w = 16, .box_h = 16, .ofs_x = 0, .ofs_y = -2},
    {.bitmap_index = 6047, .adv_w = 256, .box_w = 16, .box_h = 15, .ofs_x = 0, .ofs_y = -1},
    {.bitmap_index = 6143, .adv_w = 256, .box_w = 15, .box_h = 15, .ofs_x = 0, .ofs_y = -1},
    {.bitmap_index = 6219, .adv_w = 256, .box_w = 16, .box_h = 15, .ofs_x = 0, .ofs_y = -1},
    {.bitmap_index = 6316, .adv_w = 256, .box_w = 15, .box_h = 16, .ofs_x = 1, .ofs_y = -2},
    {.bitmap_index = 6414, .adv_w = 256, .box_w = 15, .box_h = 15, .ofs_x = 0, .ofs_y = -1},
    {.bitmap_index = 6506, .adv_w = 256, .box_w = 16, .box_h = 15, .ofs_x = 0, .ofs_y = -1},
    {.bitmap_index = 6603, .adv_w = 256, .box_w = 15, .box_h = 16, .ofs_x = 1, .ofs_y = -2},
    {.bitmap_index = 6707, .adv_w = 256, .box_w = 16, .box_h = 15, .ofs_x = 0, .ofs_y = -1},
    {.bitmap_index = 6801, .adv_w = 256, .box_w = 16, .box_h = 15, .ofs_x = 0, .ofs_y = -1},
    {.bitmap_index = 6874, .adv_w = 256, .box_w = 16, .box_h = 16, .ofs_x = 0, .ofs_y = -2},
    {.bitmap_index = 6970, .adv_w = 256, .box_w = 16, .box_h = 15, .ofs_x = 0, .ofs_y = -1},
    {.bitmap_index = 7055, .adv_w = 256, .box_w = 15, .box_h = 15, .ofs_x = 1, .ofs_y = -1},
    {.bitmap_index = 7135, .adv_w = 256, .box_w = 15, .box_h = 15, .ofs_x = 1, .ofs_y = -1},
    {.bitmap_index = 7235, .adv_w = 256, .box_w = 14, .box_h = 16, .ofs_x = 1, .ofs_y = -2},
    {.bitmap_index = 7321, .adv_w = 256, .box_w = 15, .box_h = 16, .ofs_x = 0, .ofs_y = -2},
    {.bitmap_index = 7413, .adv_w = 256, .box_w = 15, .box_h = 16, .ofs_x = 1, .ofs_y = -2},
    {.bitmap_index = 7511, .adv_w = 256, .box_w = 16, .box_h = 14, .ofs_x = 0, .ofs_y = -1},
    {.bitmap_index = 7588, .adv_w = 256, .box_w = 15, .box_h = 15, .ofs_x = 1, .ofs_y = -1},
    {.bitmap_index = 7668, .adv_w = 256, .box_w = 14, .box_h = 16, .ofs_x = 1, .ofs_y = -2},
    {.bitmap_index = 7747, .adv_w = 256, .box_w = 15, .box_h = 16, .ofs_x = 0, .ofs_y = -2},
    {.bitmap_index = 7840, .adv_w = 256, .box_w = 14, .box_h = 14, .ofs_x = 1, .ofs_y = -1},
    {.bitmap_index = 7913, .adv_w = 256, .box_w = 12, .box_h = 16, .ofs_x = 2, .ofs_y = -2},
    {.bitmap_index = 7984, .adv_w = 256, .box_w = 14, .box_h = 15, .ofs_x = 1, .ofs_y = -2},
    {.bitmap_index = 8060, .adv_w = 256, .box_w = 14, .box_h = 14, .ofs_x = 1, .ofs_y = -1},
    {.bitmap_index = 8125, .adv_w = 256, .box_w = 15, .box_h = 15, .ofs_x = 1, .ofs_y = -2},
    {.bitmap_index = 8215, .adv_w = 256, .box_w = 12, .box_h = 15, .ofs_x = 2, .ofs_y = -1},
    {.bitmap_index = 8262, .adv_w = 256, .box_w = 14, .box_h = 14, .ofs_x = 1, .ofs_y = -1},
    {.bitmap_index = 8344, .adv_w = 256, .box_w = 16, .box_h = 16, .ofs_x = 0, .ofs_y = -2},
    {.bitmap_index = 8442, .adv_w = 256, .box_w = 15, .box_h = 16, .ofs_x = 0, .ofs_y = -2},
    {.bitmap_index = 8535, .adv_w = 256, .box_w = 15, .box_h = 15, .ofs_x = 0, .ofs_y = -2},
    {.bitmap_index = 8609, .adv_w = 256, .box_w = 14, .box_h = 15, .ofs_x = 0, .ofs_y = -1},
    {.bitmap_index = 8688, .adv_w = 256, .box_w = 15, .box_h = 16, .ofs_x = 0, .ofs_y = -2},
    {.bitmap_index = 8791, .adv_w = 256, .box_w = 14, .box_h = 16, .ofs_x = 1, .ofs_y = -2},
    {.bitmap_index = 8881, .adv_w = 256, .box_w = 15, .box_h = 16, .ofs_x = 0, .ofs_y = -2},
    {.bitmap_index = 8966, .adv_w = 256, .box_w = 15, .box_h = 15, .ofs_x = 0, .ofs_y = -1},
    {.bitmap_index = 9049, .adv_w = 256, .box_w = 15, .box_h = 15, .ofs_x = 0, .ofs_y = -1},
    {.bitmap_index = 9134, .adv_w = 256, .box_w = 15, .box_h = 16, .ofs_x = 0, .ofs_y = -2},
    {.bitmap_index = 9223, .adv_w = 256, .box_w = 16, .box_h = 16, .ofs_x = 0, .ofs_y = -2},
    {.bitmap_index = 9328, .adv_w = 256, .box_w = 15, .box_h = 16, .ofs_x = 0, .ofs_y = -2},
    {.bitmap_index = 9422, .adv_w = 256, .box_w = 15, .box_h = 16, .ofs_x = 0, .ofs_y = -2},
    {.bitmap_index = 9512, .adv_w = 256, .box_w = 14, .box_h = 16, .ofs_x = 1, .ofs_y = -2},
    {.bitmap_index = 9611, .adv_w = 256, .box_w = 15, .box_h = 16, .ofs_x = 0, .ofs_y = -2},
    {.bitmap_index = 9712, .adv_w = 256, .box_w = 15, .box_h = 14, .ofs_x = 0, .ofs_y = -1},
    {.bitmap_index = 9791, .adv_w = 256, .box_w = 13, .box_h = 14, .ofs_x = 2, .ofs_y = -1},
    {.bitmap_index = 9860, .adv_w = 256, .box_w = 14, .box_h = 16, .ofs_x = 1, .ofs_y = -2},
    {.bitmap_index = 9935, .adv_w = 256, .box_w = 14, .box_h = 15, .ofs_x = 1, .ofs_y = -1},
    {.bitmap_index = 9987, .adv_w = 256, .box_w = 14, .box_h = 15, .ofs_x = 1, .ofs_y = -1},
    {.bitmap_index = 10071, .adv_w = 256, .box_w = 14, .box_h = 14, .ofs_x = 1, .ofs_y = -1},
    {.bitmap_index = 10146, .adv_w = 256, .box_w = 15, .box_h = 15, .ofs_x = 1, .ofs_y = -2},
    {.bitmap_index = 10237, .adv_w = 256, .box_w = 15, .box_h = 15, .ofs_x = 1, .ofs_y = -2},
    {.bitmap_index = 10334, .adv_w = 256, .box_w = 15, .box_h = 16, .ofs_x = 0, .ofs_y = -2},
    {.bitmap_index = 10439, .adv_w = 256, .box_w = 16, .box_h = 14, .ofs_x = 0, .ofs_y = -1},
    {.bitmap_index = 10534, .adv_w = 256, .box_w = 15, .box_h = 15, .ofs_x = 1, .ofs_y = -1},
    {.bitmap_index = 10629, .adv_w = 256, .box_w = 15, .box_h = 14, .ofs_x = 0, .ofs_y = -1},
    {.bitmap_index = 10718, .adv_w = 256, .box_w = 12, .box_h = 14, .ofs_x = 2, .ofs_y = -2},
    {.bitmap_index = 10749, .adv_w = 256, .box_w = 16, .box_h = 14, .ofs_x = 0, .ofs_y = -1},
    {.bitmap_index = 10803, .adv_w = 256, .box_w = 15, .box_h = 15, .ofs_x = 0, .ofs_y = -1},
    {.bitmap_index = 10877, .adv_w = 256, .box_w = 16, .box_h = 14, .ofs_x = 0, .ofs_y = -1},
    {.bitmap_index = 10942, .adv_w = 256, .box_w = 16, .box_h = 16, .ofs_x = 0, .ofs_y = -2},
    {.bitmap_index = 11021, .adv_w = 256, .box_w = 14, .box_h = 15, .ofs_x = 1, .ofs_y = -2},
    {.bitmap_index = 11075, .adv_w = 256, .box_w = 14, .box_h = 15, .ofs_x = 0, .ofs_y = -1},
    {.bitmap_index = 11149, .adv_w = 256, .box_w = 14, .box_h = 15, .ofs_x = 1, .ofs_y = -1},
    {.bitmap_index = 11222, .adv_w = 256, .box_w = 15, .box_h = 14, .ofs_x = 1, .ofs_y = -1},
    {.bitmap_index = 11293, .adv_w = 256, .box_w = 15, .box_h = 15, .ofs_x = 0, .ofs_y = -1},
    {.bitmap_index = 11362, .adv_w = 256, .box_w = 14, .box_h = 15, .ofs_x = 1, .ofs_y = -1},
    {.bitmap_index = 11427, .adv_w = 256, .box_w = 14, .box_h = 15, .ofs_x = 1, .ofs_y = -2},
    {.bitmap_index = 11502, .adv_w = 256, .box_w = 14, .box_h = 15, .ofs_x = 0, .ofs_y = -2},
    {.bitmap_index = 11583, .adv_w = 256, .box_w = 15, .box_h = 16, .ofs_x = 0, .ofs_y = -2},
    {.bitmap_index = 11671, .adv_w = 256, .box_w = 14, .box_h = 17, .ofs_x = 1, .ofs_y = -2},
    {.bitmap_index = 11744, .adv_w = 256, .box_w = 14, .box_h = 14, .ofs_x = 1, .ofs_y = -1},
    {.bitmap_index = 11830, .adv_w = 256, .box_w = 14, .box_h = 14, .ofs_x = 1, .ofs_y = -1},
    {.bitmap_index = 11908, .adv_w = 256, .box_w = 15, .box_h = 14, .ofs_x = 0, .ofs_y = -1},
    {.bitmap_index = 11998, .adv_w = 256, .box_w = 14, .box_h = 14, .ofs_x = 1, .ofs_y = -1},
    {.bitmap_index = 12059, .adv_w = 256, .box_w = 14, .box_h = 14, .ofs_x = 1, .ofs_y = -1},
    {.bitmap_index = 12106, .adv_w = 256, .box_w = 14, .box_h = 14, .ofs_x = 1, .ofs_y = -1},
    {.bitmap_index = 12176, .adv_w = 256, .box_w = 14, .box_h = 14, .ofs_x = 1, .ofs_y = -1},
    {.bitmap_index = 12240, .adv_w = 256, .box_w = 15, .box_h = 15, .ofs_x = 0, .ofs_y = -1},
    {.bitmap_index = 12313, .adv_w = 256, .box_w = 15, .box_h = 15, .ofs_x = 0, .ofs_y = -1},
    {.bitmap_index = 12400, .adv_w = 256, .box_w = 15, .box_h = 16, .ofs_x = 0, .ofs_y = -2},
    {.bitmap_index = 12503, .adv_w = 256, .box_w = 14, .box_h = 15, .ofs_x = 1, .ofs_y = -1},
    {.bitmap_index = 12589, .adv_w = 256, .box_w = 16, .box_h = 15, .ofs_x = 0, .ofs_y = -1},
    {.bitmap_index = 12676, .adv_w = 256, .box_w = 15, .box_h = 16, .ofs_x = 1, .ofs_y = -2},
    {.bitmap_index = 12778, .adv_w = 256, .box_w = 15, .box_h = 15, .ofs_x = 0, .ofs_y = -1},
    {.bitmap_index = 12873, .adv_w = 256, .box_w = 15, .box_h = 16, .ofs_x = 0, .ofs_y = -2},
    {.bitmap_index = 12952, .adv_w = 256, .box_w = 16, .box_h = 16, .ofs_x = 0, .ofs_y = -2},
    {.bitmap_index = 13056, .adv_w = 256, .box_w = 15, .box_h = 15, .ofs_x = 1, .ofs_y = -1},
    {.bitmap_index = 13147, .adv_w = 256, .box_w = 15, .box_h = 16, .ofs_x = 0, .ofs_y = -2},
    {.bitmap_index = 13241, .adv_w = 256, .box_w = 14, .box_h = 16, .ofs_x = 1, .ofs_y = -2},
    {.bitmap_index = 13337, .adv_w = 256, .box_w = 15, .box_h = 16, .ofs_x = 1, .ofs_y = -2},
    {.bitmap_index = 13412, .adv_w = 256, .box_w = 15, .box_h = 14, .ofs_x = 0, .ofs_y = -1},
    {.bitmap_index = 13484, .adv_w = 256, .box_w = 14, .box_h = 16, .ofs_x = 1, .ofs_y = -2},
    {.bitmap_index = 13571, .adv_w = 256, .box_w = 14, .box_h = 16, .ofs_x = 1, .ofs_y = -2},
    {.bitmap_index = 13657, .adv_w = 256, .box_w = 16, .box_h = 16, .ofs_x = 0, .ofs_y = -2},
    {.bitmap_index = 13766, .adv_w = 256, .box_w = 14, .box_h = 14, .ofs_x = 1, .ofs_y = -1},
    {.bitmap_index = 13820, .adv_w = 256, .box_w = 14, .box_h = 15, .ofs_x = 1, .ofs_y = -1},
    {.bitmap_index = 13888, .adv_w = 256, .box_w = 16, .box_h = 15, .ofs_x = 0, .ofs_y = -1},
    {.bitmap_index = 13970, .adv_w = 256, .box_w = 14, .box_h = 15, .ofs_x = 1, .ofs_y = -1},
    {.bitmap_index = 14044, .adv_w = 256, .box_w = 16, .box_h = 16, .ofs_x = 0, .ofs_y = -2},
    {.bitmap_index = 14144, .adv_w = 256, .box_w = 14, .box_h = 16, .ofs_x = 1, .ofs_y = -2},
    {.bitmap_index = 14230, .adv_w = 256, .box_w = 14, .box_h = 16, .ofs_x = 1, .ofs_y = -2},
    {.bitmap_index = 14309, .adv_w = 256, .box_w = 16, .box_h = 15, .ofs_x = 0, .ofs_y = -1},
    {.bitmap_index = 14375, .adv_w = 256, .box_w = 14, .box_h = 16, .ofs_x = 1, .ofs_y = -2},
    {.bitmap_index = 14466, .adv_w = 256, .box_w = 14, .box_h = 15, .ofs_x = 1, .ofs_y = -1},
    {.bitmap_index = 14546, .adv_w = 256, .box_w = 15, .box_h = 15, .ofs_x = 1, .ofs_y = -1},
    {.bitmap_index = 14643, .adv_w = 256, .box_w = 16, .box_h = 15, .ofs_x = 0, .ofs_y = -1},
    {.bitmap_index = 14738, .adv_w = 256, .box_w = 15, .box_h = 15, .ofs_x = 0, .ofs_y = -1},
    {.bitmap_index = 14822, .adv_w = 256, .box_w = 15, .box_h = 15, .ofs_x = 1, .ofs_y = -1},
    {.bitmap_index = 14925, .adv_w = 256, .box_w = 16, .box_h = 15, .ofs_x = 0, .ofs_y = -1},
    {.bitmap_index = 15020, .adv_w = 256, .box_w = 15, .box_h = 14, .ofs_x = 1, .ofs_y = -1},
    {.bitmap_index = 15087, .adv_w = 256, .box_w = 15, .box_h = 16, .ofs_x = 0, .ofs_y = -2},
    {.bitmap_index = 15196, .adv_w = 256, .box_w = 16, .box_h = 14, .ofs_x = 0, .ofs_y = -1},
    {.bitmap_index = 15280, .adv_w = 256, .box_w = 15, .box_h = 15, .ofs_x = 1, .ofs_y = -2},
    {.bitmap_index = 15362, .adv_w = 256, .box_w = 14, .box_h = 15, .ofs_x = 1, .ofs_y = -2},
    {.bitmap_index = 15451, .adv_w = 256, .box_w = 14, .box_h = 13, .ofs_x = 1, .ofs_y = 0},
    {.bitmap_index = 15481, .adv_w = 256, .box_w = 16, .box_h = 15, .ofs_x = 0, .ofs_y = -1},
    {.bitmap_index = 15558, .adv_w = 256, .box_w = 14, .box_h = 14, .ofs_x = 1, .ofs_y = -1},
    {.bitmap_index = 15612, .adv_w = 256, .box_w = 14, .box_h = 15, .ofs_x = 1, .ofs_y = -1},
    {.bitmap_index = 15699, .adv_w = 256, .box_w = 16, .box_h = 16, .ofs_x = 0, .ofs_y = -2},
    {.bitmap_index = 15788, .adv_w = 256, .box_w = 15, .box_h = 16, .ofs_x = 0, .ofs_y = -2},
    {.bitmap_index = 15881, .adv_w = 256, .box_w = 15, .box_h = 16, .ofs_x = 1, .ofs_y = -2},
    {.bitmap_index = 15972, .adv_w = 256, .box_w = 15, .box_h = 16, .ofs_x = 1, .ofs_y = -2},
    {.bitmap_index = 16069, .adv_w = 256, .box_w = 15, .box_h = 15, .ofs_x = 0, .ofs_y = -1},
    {.bitmap_index = 16163, .adv_w = 256, .box_w = 16, .box_h = 16, .ofs_x = 0, .ofs_y = -2},
    {.bitmap_index = 16278, .adv_w = 256, .box_w = 16, .box_h = 15, .ofs_x = 0, .ofs_y = -2},
    {.bitmap_index = 16352, .adv_w = 256, .box_w = 15, .box_h = 15, .ofs_x = 0, .ofs_y = -2},
    {.bitmap_index = 16432, .adv_w = 256, .box_w = 16, .box_h = 16, .ofs_x = 0, .ofs_y = -2},
    {.bitmap_index = 16532, .adv_w = 256, .box_w = 15, .box_h = 15, .ofs_x = 0, .ofs_y = -1},
    {.bitmap_index = 16617, .adv_w = 256, .box_w = 15, .box_h = 15, .ofs_x = 1, .ofs_y = -1},
    {.bitmap_index = 16718, .adv_w = 256, .box_w = 13, .box_h = 15, .ofs_x = 1, .ofs_y = -1},
    {.bitmap_index = 16787, .adv_w = 256, .box_w = 16, .box_h = 14, .ofs_x = 0, .ofs_y = -1},
    {.bitmap_index = 16877, .adv_w = 256, .box_w = 16, .box_h = 16, .ofs_x = 0, .ofs_y = -2},
    {.bitmap_index = 16990, .adv_w = 256, .box_w = 16, .box_h = 16, .ofs_x = 0, .ofs_y = -2},
    {.bitmap_index = 17094, .adv_w = 256, .box_w = 16, .box_h = 16, .ofs_x = 0, .ofs_y = -2},
    {.bitmap_index = 17211, .adv_w = 256, .box_w = 16, .box_h = 15, .ofs_x = 0, .ofs_y = -1},
    {.bitmap_index = 17294, .adv_w = 256, .box_w = 16, .box_h = 15, .ofs_x = 0, .ofs_y = -1},
    {.bitmap_index = 17391, .adv_w = 256, .box_w = 16, .box_h = 16, .ofs_x = 0, .ofs_y = -2},
    {.bitmap_index = 17489, .adv_w = 256, .box_w = 15, .box_h = 15, .ofs_x = 1, .ofs_y = -1},
    {.bitmap_index = 17586, .adv_w = 256, .box_w = 15, .box_h = 15, .ofs_x = 1, .ofs_y = -1},
    {.bitmap_index = 17676, .adv_w = 256, .box_w = 16, .box_h = 15, .ofs_x = 0, .ofs_y = -1},
    {.bitmap_index = 17768, .adv_w = 256, .box_w = 16, .box_h = 16, .ofs_x = 0, .ofs_y = -2},
    {.bitmap_index = 17877, .adv_w = 256, .box_w = 15, .box_h = 15, .ofs_x = 1, .ofs_y = -1},
    {.bitmap_index = 17960, .adv_w = 256, .box_w = 16, .box_h = 15, .ofs_x = 0, .ofs_y = -1},
    {.bitmap_index = 18051, .adv_w = 256, .box_w = 16, .box_h = 15, .ofs_x = 0, .ofs_y = -1},
    {.bitmap_index = 18142, .adv_w = 256, .box_w = 15, .box_h = 15, .ofs_x = 0, .ofs_y = -1},
    {.bitmap_index = 18245, .adv_w = 256, .box_w = 15, .box_h = 16, .ofs_x = 0, .ofs_y = -2},
    {.bitmap_index = 18351, .adv_w = 256, .box_w = 15, .box_h = 15, .ofs_x = 0, .ofs_y = -1},
    {.bitmap_index = 18454, .adv_w = 256, .box_w = 16, .box_h = 16, .ofs_x = 0, .ofs_y = -2},
    {.bitmap_index = 18560, .adv_w = 256, .box_w = 15, .box_h = 16, .ofs_x = 0, .ofs_y = -2},
    {.bitmap_index = 18625, .adv_w = 256, .box_w = 15, .box_h = 14, .ofs_x = 1, .ofs_y = -1},
    {.bitmap_index = 18696, .adv_w = 256, .box_w = 16, .box_h = 16, .ofs_x = 0, .ofs_y = -2},
    {.bitmap_index = 18793, .adv_w = 256, .box_w = 15, .box_h = 16, .ofs_x = 0, .ofs_y = -2},
    {.bitmap_index = 18877, .adv_w = 256, .box_w = 15, .box_h = 16, .ofs_x = 0, .ofs_y = -2},
    {.bitmap_index = 18979, .adv_w = 256, .box_w = 16, .box_h = 16, .ofs_x = 0, .ofs_y = -2},
    {.bitmap_index = 19081, .adv_w = 256, .box_w = 15, .box_h = 16, .ofs_x = 0, .ofs_y = -2},
    {.bitmap_index = 19187, .adv_w = 256, .box_w = 16, .box_h = 16, .ofs_x = 0, .ofs_y = -2},
    {.bitmap_index = 19284, .adv_w = 256, .box_w = 16, .box_h = 16, .ofs_x = 0, .ofs_y = -2},
    {.bitmap_index = 19388, .adv_w = 256, .box_w = 15, .box_h = 16, .ofs_x = 0, .ofs_y = -2},
    {.bitmap_index = 19496, .adv_w = 256, .box_w = 16, .box_h = 15, .ofs_x = 0, .ofs_y = -1},
    {.bitmap_index = 19585, .adv_w = 256, .box_w = 15, .box_h = 15, .ofs_x = 0, .ofs_y = -1},
    {.bitmap_index = 19681, .adv_w = 256, .box_w = 16, .box_h = 16, .ofs_x = 0, .ofs_y = -2},
    {.bitmap_index = 19783, .adv_w = 256, .box_w = 15, .box_h = 16, .ofs_x = 1, .ofs_y = -2},
    {.bitmap_index = 19888, .adv_w = 256, .box_w = 15, .box_h = 16, .ofs_x = 0, .ofs_y = -2},
    {.bitmap_index = 19976, .adv_w = 256, .box_w = 16, .box_h = 16, .ofs_x = 0, .ofs_y = -2},
    {.bitmap_index = 20089, .adv_w = 256, .box_w = 16, .box_h = 16, .ofs_x = 0, .ofs_y = -2},
    {.bitmap_index = 20205, .adv_w = 256, .box_w = 16, .box_h = 16, .ofs_x = 0, .ofs_y = -2},
    {.bitmap_index = 20326, .adv_w = 256, .box_w = 15, .box_h = 16, .ofs_x = 0, .ofs_y = -2},
    {.bitmap_index = 20416, .adv_w = 256, .box_w = 15, .box_h = 16, .ofs_x = 1, .ofs_y = -2},
    {.bitmap_index = 20515, .adv_w = 256, .box_w = 16, .box_h = 16, .ofs_x = 0, .ofs_y = -2},
    {.bitmap_index = 20621, .adv_w = 256, .box_w = 14, .box_h = 16, .ofs_x = 1, .ofs_y = -2},
    {.bitmap_index = 20705, .adv_w = 256, .box_w = 15, .box_h = 15, .ofs_x = 0, .ofs_y = -2},
    {.bitmap_index = 20787, .adv_w = 256, .box_w = 12, .box_h = 15, .ofs_x = 2, .ofs_y = -2},
    {.bitmap_index = 20826, .adv_w = 256, .box_w = 13, .box_h = 15, .ofs_x = 2, .ofs_y = -1},
    {.bitmap_index = 20870, .adv_w = 256, .box_w = 15, .box_h = 15, .ofs_x = 1, .ofs_y = -1},
    {.bitmap_index = 20949, .adv_w = 256, .box_w = 14, .box_h = 15, .ofs_x = 1, .ofs_y = -2},
    {.bitmap_index = 21030, .adv_w = 256, .box_w = 15, .box_h = 15, .ofs_x = 0, .ofs_y = -2},
    {.bitmap_index = 21110, .adv_w = 256, .box_w = 14, .box_h = 14, .ofs_x = 1, .ofs_y = -1},
    {.bitmap_index = 21181, .adv_w = 256, .box_w = 14, .box_h = 15, .ofs_x = 1, .ofs_y = -1},
    {.bitmap_index = 21268, .adv_w = 256, .box_w = 15, .box_h = 15, .ofs_x = 0, .ofs_y = -1},
    {.bitmap_index = 21364, .adv_w = 256, .box_w = 15, .box_h = 14, .ofs_x = 1, .ofs_y = -1},
    {.bitmap_index = 21444, .adv_w = 256, .box_w = 16, .box_h = 16, .ofs_x = 0, .ofs_y = -2},
    {.bitmap_index = 21526, .adv_w = 256, .box_w = 16, .box_h = 14, .ofs_x = 0, .ofs_y = -1},
    {.bitmap_index = 21620, .adv_w = 256, .box_w = 15, .box_h = 15, .ofs_x = 0, .ofs_y = -1},
    {.bitmap_index = 21701, .adv_w = 256, .box_w = 15, .box_h = 15, .ofs_x = 1, .ofs_y = -1},
    {.bitmap_index = 21784, .adv_w = 256, .box_w = 15, .box_h = 16, .ofs_x = 0, .ofs_y = -2},
    {.bitmap_index = 21873, .adv_w = 256, .box_w = 15, .box_h = 15, .ofs_x = 0, .ofs_y = -1},
    {.bitmap_index = 21974, .adv_w = 256, .box_w = 15, .box_h = 15, .ofs_x = 0, .ofs_y = -1},
    {.bitmap_index = 22065, .adv_w = 256, .box_w = 15, .box_h = 16, .ofs_x = 0, .ofs_y = -2},
    {.bitmap_index = 22157, .adv_w = 256, .box_w = 15, .box_h = 14, .ofs_x = 1, .ofs_y = -1},
    {.bitmap_index = 22242, .adv_w = 256, .box_w = 15, .box_h = 15, .ofs_x = 0, .ofs_y = -1},
    {.bitmap_index = 22320, .adv_w = 256, .box_w = 16, .box_h = 15, .ofs_x = 0, .ofs_y = -1},
    {.bitmap_index = 22414, .adv_w = 256, .box_w = 16, .box_h = 15, .ofs_x = 0, .ofs_y = -1},
    {.bitmap_index = 22509, .adv_w = 256, .box_w = 16, .box_h = 15, .ofs_x = 0, .ofs_y = -1},
    {.bitmap_index = 22617, .adv_w = 256, .box_w = 16, .box_h = 16, .ofs_x = 0, .ofs_y = -2},
    {.bitmap_index = 22718, .adv_w = 256, .box_w = 16, .box_h = 16, .ofs_x = 0, .ofs_y = -2},
    {.bitmap_index = 22819, .adv_w = 256, .box_w = 15, .box_h = 15, .ofs_x = 0, .ofs_y = -1},
    {.bitmap_index = 22918, .adv_w = 256, .box_w = 15, .box_h = 16, .ofs_x = 0, .ofs_y = -2},
    {.bitmap_index = 23027, .adv_w = 256, .box_w = 15, .box_h = 15, .ofs_x = 0, .ofs_y = -1},
    {.bitmap_index = 23125, .adv_w = 256, .box_w = 15, .box_h = 16, .ofs_x = 1, .ofs_y = -2},
    {.bitmap_index = 23227, .adv_w = 256, .box_w = 14, .box_h = 14, .ofs_x = 1, .ofs_y = -1},
    {.bitmap_index = 23274, .adv_w = 256, .box_w = 16, .box_h = 16, .ofs_x = 0, .ofs_y = -2},
    {.bitmap_index = 23365, .adv_w = 256, .box_w = 16, .box_h = 15, .ofs_x = 0, .ofs_y = -1},
    {.bitmap_index = 23459, .adv_w = 256, .box_w = 14, .box_h = 15, .ofs_x = 1, .ofs_y = -1},
    {.bitmap_index = 23535, .adv_w = 256, .box_w = 14, .box_h = 14, .ofs_x = 2, .ofs_y = -1},
    {.bitmap_index = 23616, .adv_w = 256, .box_w = 16, .box_h = 15, .ofs_x = 0, .ofs_y = -1},
    {.bitmap_index = 23689, .adv_w = 256, .box_w = 16, .box_h = 15, .ofs_x = 0, .ofs_y = -1},
    {.bitmap_index = 23782, .adv_w = 256, .box_w = 15, .box_h = 15, .ofs_x = 1, .ofs_y = -1},
    {.bitmap_index = 23877, .adv_w = 256, .box_w = 16, .box_h = 15, .ofs_x = 0, .ofs_y = -1},
    {.bitmap_index = 23968, .adv_w = 256, .box_w = 15, .box_h = 14, .ofs_x = 0, .ofs_y = -1},
    {.bitmap_index = 24055, .adv_w = 256, .box_w = 14, .box_h = 16, .ofs_x = 1, .ofs_y = -2},
    {.bitmap_index = 24144, .adv_w = 256, .box_w = 16, .box_h = 16, .ofs_x = 0, .ofs_y = -2},
    {.bitmap_index = 24252, .adv_w = 256, .box_w = 15, .box_h = 16, .ofs_x = 1, .ofs_y = -2},
    {.bitmap_index = 24364, .adv_w = 256, .box_w = 16, .box_h = 16, .ofs_x = 0, .ofs_y = -2},
    {.bitmap_index = 24467, .adv_w = 256, .box_w = 16, .box_h = 16, .ofs_x = 0, .ofs_y = -2},
    {.bitmap_index = 24561, .adv_w = 256, .box_w = 16, .box_h = 16, .ofs_x = 0, .ofs_y = -2},
    {.bitmap_index = 24661, .adv_w = 256, .box_w = 16, .box_h = 16, .ofs_x = 0, .ofs_y = -2},
    {.bitmap_index = 24773, .adv_w = 256, .box_w = 14, .box_h = 16, .ofs_x = 1, .ofs_y = -2},
    {.bitmap_index = 24884, .adv_w = 256, .box_w = 15, .box_h = 16, .ofs_x = 1, .ofs_y = -2},
    {.bitmap_index = 24995, .adv_w = 256, .box_w = 16, .box_h = 15, .ofs_x = 0, .ofs_y = -1},
    {.bitmap_index = 25094, .adv_w = 256, .box_w = 15, .box_h = 15, .ofs_x = 1, .ofs_y = -1},
    {.bitmap_index = 25172, .adv_w = 256, .box_w = 15, .box_h = 15, .ofs_x = 0, .ofs_y = -1},
    {.bitmap_index = 25270, .adv_w = 256, .box_w = 15, .box_h = 15, .ofs_x = 0, .ofs_y = -2},
    {.bitmap_index = 25372, .adv_w = 256, .box_w = 16, .box_h = 15, .ofs_x = 0, .ofs_y = -1},
    {.bitmap_index = 25490, .adv_w = 256, .box_w = 15, .box_h = 15, .ofs_x = 1, .ofs_y = -1},
    {.bitmap_index = 25583, .adv_w = 256, .box_w = 15, .box_h = 16, .ofs_x = 0, .ofs_y = -2},
    {.bitmap_index = 25683, .adv_w = 256, .box_w = 15, .box_h = 16, .ofs_x = 0, .ofs_y = -2},
    {.bitmap_index = 25786, .adv_w = 256, .box_w = 15, .box_h = 14, .ofs_x = 0, .ofs_y = -1},
    {.bitmap_index = 25870, .adv_w = 256, .box_w = 15, .box_h = 15, .ofs_x = 0, .ofs_y = -2},
    {.bitmap_index = 25959, .adv_w = 256, .box_w = 15, .box_h = 14, .ofs_x = 0, .ofs_y = -1},
    {.bitmap_index = 26048, .adv_w = 256, .box_w = 15, .box_h = 15, .ofs_x = 1, .ofs_y = -1},
    {.bitmap_index = 26118, .adv_w = 256, .box_w = 14, .box_h = 15, .ofs_x = 1, .ofs_y = -2},
    {.bitmap_index = 26194, .adv_w = 256, .box_w = 12, .box_h = 15, .ofs_x = 2, .ofs_y = -1},
    {.bitmap_index = 26252, .adv_w = 256, .box_w = 14, .box_h = 15, .ofs_x = 2, .ofs_y = -1},
    {.bitmap_index = 26324, .adv_w = 256, .box_w = 14, .box_h = 15, .ofs_x = 1, .ofs_y = -1},
    {.bitmap_index = 26417, .adv_w = 256, .box_w = 14, .box_h = 14, .ofs_x = 1, .ofs_y = -1},
    {.bitmap_index = 26475, .adv_w = 256, .box_w = 14, .box_h = 15, .ofs_x = 1, .ofs_y = -1},
    {.bitmap_index = 26563, .adv_w = 256, .box_w = 14, .box_h = 15, .ofs_x = 1, .ofs_y = -1},
    {.bitmap_index = 26643, .adv_w = 256, .box_w = 12, .box_h = 15, .ofs_x = 2, .ofs_y = -2},
    {.bitmap_index = 26695, .adv_w = 256, .box_w = 15, .box_h = 16, .ofs_x = 0, .ofs_y = -2},
    {.bitmap_index = 26784, .adv_w = 256, .box_w = 14, .box_h = 16, .ofs_x = 1, .ofs_y = -2},
    {.bitmap_index = 26868, .adv_w = 256, .box_w = 15, .box_h = 16, .ofs_x = 0, .ofs_y = -2},
    {.bitmap_index = 26958, .adv_w = 256, .box_w = 15, .box_h = 16, .ofs_x = 0, .ofs_y = -2},
    {.bitmap_index = 27070, .adv_w = 256, .box_w = 16, .box_h = 14, .ofs_x = 0, .ofs_y = -1},
    {.bitmap_index = 27145, .adv_w = 256, .box_w = 14, .box_h = 16, .ofs_x = 1, .ofs_y = -2},
    {.bitmap_index = 27237, .adv_w = 256, .box_w = 15, .box_h = 15, .ofs_x = 0, .ofs_y = -1},
    {.bitmap_index = 27313, .adv_w = 256, .box_w = 16, .box_h = 16, .ofs_x = 0, .ofs_y = -2},
    {.bitmap_index = 27419, .adv_w = 256, .box_w = 16, .box_h = 15, .ofs_x = 0, .ofs_y = -1},
    {.bitmap_index = 27508, .adv_w = 256, .box_w = 15, .box_h = 16, .ofs_x = 0, .ofs_y = -2},
    {.bitmap_index = 27605, .adv_w = 256, .box_w = 15, .box_h = 15, .ofs_x = 0, .ofs_y = -1},
    {.bitmap_index = 27684, .adv_w = 256, .box_w = 15, .box_h = 15, .ofs_x = 1, .ofs_y = -1},
    {.bitmap_index = 27775, .adv_w = 256, .box_w = 14, .box_h = 15, .ofs_x = 1, .ofs_y = -1},
    {.bitmap_index = 27850, .adv_w = 256, .box_w = 15, .box_h = 15, .ofs_x = 0, .ofs_y = -1},
    {.bitmap_index = 27944, .adv_w = 256, .box_w = 15, .box_h = 15, .ofs_x = 0, .ofs_y = -1},
    {.bitmap_index = 28033, .adv_w = 256, .box_w = 15, .box_h = 15, .ofs_x = 0, .ofs_y = -1},
    {.bitmap_index = 28117, .adv_w = 256, .box_w = 15, .box_h = 16, .ofs_x = 0, .ofs_y = -2},
    {.bitmap_index = 28213, .adv_w = 256, .box_w = 15, .box_h = 16, .ofs_x = 1, .ofs_y = -2},
    {.bitmap_index = 28320, .adv_w = 256, .box_w = 15, .box_h = 14, .ofs_x = 1, .ofs_y = -1},
    {.bitmap_index = 28421, .adv_w = 256, .box_w = 16, .box_h = 15, .ofs_x = 0, .ofs_y = -1},
    {.bitmap_index = 28523, .adv_w = 256, .box_w = 15, .box_h = 15, .ofs_x = 0, .ofs_y = -1},
    {.bitmap_index = 28604, .adv_w = 256, .box_w = 15, .box_h = 16, .ofs_x = 0, .ofs_y = -2},
    {.bitmap_index = 28719, .adv_w = 256, .box_w = 15, .box_h = 15, .ofs_x = 0, .ofs_y = -1},
    {.bitmap_index = 28827, .adv_w = 256, .box_w = 14, .box_h = 15, .ofs_x = 1, .ofs_y = -1},
    {.bitmap_index = 28916, .adv_w = 256, .box_w = 15, .box_h = 16, .ofs_x = 1, .ofs_y = -2},
    {.bitmap_index = 29016, .adv_w = 256, .box_w = 14, .box_h = 16, .ofs_x = 1, .ofs_y = -2},
    {.bitmap_index = 29121, .adv_w = 256, .box_w = 15, .box_h = 15, .ofs_x = 0, .ofs_y = -1},
    {.bitmap_index = 29228, .adv_w = 256, .box_w = 16, .box_h = 15, .ofs_x = 0, .ofs_y = -1},
    {.bitmap_index = 29335, .adv_w = 256, .box_w = 16, .box_h = 16, .ofs_x = 0, .ofs_y = -2},
    {.bitmap_index = 29453, .adv_w = 256, .box_w = 14, .box_h = 15, .ofs_x = 1, .ofs_y = -2},
    {.bitmap_index = 29538, .adv_w = 256, .box_w = 16, .box_h = 14, .ofs_x = 0, .ofs_y = -1},
    {.bitmap_index = 29619, .adv_w = 256, .box_w = 15, .box_h = 15, .ofs_x = 0, .ofs_y = -1},
    {.bitmap_index = 29715, .adv_w = 256, .box_w = 16, .box_h = 16, .ofs_x = 0, .ofs_y = -2},
    {.bitmap_index = 29824, .adv_w = 256, .box_w = 14, .box_h = 16, .ofs_x = 1, .ofs_y = -2},
    {.bitmap_index = 29930, .adv_w = 256, .box_w = 15, .box_h = 16, .ofs_x = 0, .ofs_y = -2},
    {.bitmap_index = 30025, .adv_w = 256, .box_w = 12, .box_h = 16, .ofs_x = 2, .ofs_y = -2},
    {.bitmap_index = 30088, .adv_w = 256, .box_w = 16, .box_h = 16, .ofs_x = 0, .ofs_y = -2},
    {.bitmap_index = 30201, .adv_w = 256, .box_w = 15, .box_h = 15, .ofs_x = 1, .ofs_y = -1},
    {.bitmap_index = 30280, .adv_w = 256, .box_w = 15, .box_h = 15, .ofs_x = 0, .ofs_y = -1},
    {.bitmap_index = 30364, .adv_w = 256, .box_w = 14, .box_h = 15, .ofs_x = 1, .ofs_y = -1},
    {.bitmap_index = 30463, .adv_w = 256, .box_w = 16, .box_h = 15, .ofs_x = 0, .ofs_y = -1},
    {.bitmap_index = 30567, .adv_w = 256, .box_w = 15, .box_h = 15, .ofs_x = 0, .ofs_y = -1},
    {.bitmap_index = 30668, .adv_w = 256, .box_w = 15, .box_h = 15, .ofs_x = 0, .ofs_y = -1},
    {.bitmap_index = 30735, .adv_w = 256, .box_w = 16, .box_h = 15, .ofs_x = 0, .ofs_y = -1},
    {.bitmap_index = 30828, .adv_w = 256, .box_w = 16, .box_h = 16, .ofs_x = 0, .ofs_y = -2},
    {.bitmap_index = 30945, .adv_w = 256, .box_w = 16, .box_h = 15, .ofs_x = 0, .ofs_y = -1},
    {.bitmap_index = 31055, .adv_w = 256, .box_w = 15, .box_h = 14, .ofs_x = 0, .ofs_y = -1},
    {.bitmap_index = 31143, .adv_w = 256, .box_w = 15, .box_h = 15, .ofs_x = 0, .ofs_y = -2},
    {.bitmap_index = 31241, .adv_w = 256, .box_w = 15, .box_h = 16, .ofs_x = 0, .ofs_y = -2},
    {.bitmap_index = 31346, .adv_w = 256, .box_w = 15, .box_h = 16, .ofs_x = 0, .ofs_y = -2},
    {.bitmap_index = 31445, .adv_w = 256, .box_w = 16, .box_h = 15, .ofs_x = 0, .ofs_y = -1},
    {.bitmap_index = 31552, .adv_w = 256, .box_w = 15, .box_h = 16, .ofs_x = 1, .ofs_y = -2},
    {.bitmap_index = 31655, .adv_w = 256, .box_w = 16, .box_h = 15, .ofs_x = 0, .ofs_y = -1},
    {.bitmap_index = 31751, .adv_w = 256, .box_w = 14, .box_h = 16, .ofs_x = 1, .ofs_y = -2},
    {.bitmap_index = 31835, .adv_w = 256, .box_w = 15, .box_h = 16, .ofs_x = 1, .ofs_y = -2},
    {.bitmap_index = 31937, .adv_w = 256, .box_w = 14, .box_h = 15, .ofs_x = 1, .ofs_y = -1},
    {.bitmap_index = 32006, .adv_w = 256, .box_w = 15, .box_h = 16, .ofs_x = 1, .ofs_y = -2},
    {.bitmap_index = 32107, .adv_w = 256, .box_w = 15, .box_h = 14, .ofs_x = 1, .ofs_y = -1},
    {.bitmap_index = 32179, .adv_w = 256, .box_w = 15, .box_h = 15, .ofs_x = 1, .ofs_y = -1},
    {.bitmap_index = 32274, .adv_w = 256, .box_w = 14, .box_h = 15, .ofs_x = 1, .ofs_y = -1},
    {.bitmap_index = 32360, .adv_w = 256, .box_w = 15, .box_h = 16, .ofs_x = 1, .ofs_y = -2},
    {.bitmap_index = 32466, .adv_w = 256, .box_w = 15, .box_h = 16, .ofs_x = 1, .ofs_y = -2},
    {.bitmap_index = 32565, .adv_w = 256, .box_w = 15, .box_h = 16, .ofs_x = 1, .ofs_y = -2},
    {.bitmap_index = 32661, .adv_w = 256, .box_w = 15, .box_h = 15, .ofs_x = 1, .ofs_y = -1},
    {.bitmap_index = 32762, .adv_w = 256, .box_w = 15, .box_h = 16, .ofs_x = 0, .ofs_y = -2},
    {.bitmap_index = 32860, .adv_w = 256, .box_w = 16, .box_h = 16, .ofs_x = 0, .ofs_y = -2},
    {.bitmap_index = 32963, .adv_w = 256, .box_w = 15, .box_h = 16, .ofs_x = 0, .ofs_y = -2},
    {.bitmap_index = 33066, .adv_w = 256, .box_w = 15, .box_h = 16, .ofs_x = 0, .ofs_y = -2},
    {.bitmap_index = 33167, .adv_w = 256, .box_w = 15, .box_h = 15, .ofs_x = 1, .ofs_y = -1},
    {.bitmap_index = 33272, .adv_w = 256, .box_w = 16, .box_h = 15, .ofs_x = 0, .ofs_y = -1},
    {.bitmap_index = 33372, .adv_w = 256, .box_w = 14, .box_h = 15, .ofs_x = 1, .ofs_y = -1},
    {.bitmap_index = 33477, .adv_w = 256, .box_w = 16, .box_h = 16, .ofs_x = 0, .ofs_y = -2},
    {.bitmap_index = 33588, .adv_w = 256, .box_w = 15, .box_h = 16, .ofs_x = 0, .ofs_y = -2},
    {.bitmap_index = 33681, .adv_w = 256, .box_w = 16, .box_h = 15, .ofs_x = 0, .ofs_y = -2},
    {.bitmap_index = 33769, .adv_w = 256, .box_w = 16, .box_h = 16, .ofs_x = 0, .ofs_y = -2},
    {.bitmap_index = 33869, .adv_w = 256, .box_w = 15, .box_h = 15, .ofs_x = 0, .ofs_y = -2},
    {.bitmap_index = 33972, .adv_w = 256, .box_w = 16, .box_h = 16, .ofs_x = 0, .ofs_y = -2},
    {.bitmap_index = 34077, .adv_w = 256, .box_w = 15, .box_h = 16, .ofs_x = 0, .ofs_y = -2},
    {.bitmap_index = 34176, .adv_w = 256, .box_w = 15, .box_h = 16, .ofs_x = 1, .ofs_y = -2},
    {.bitmap_index = 34263, .adv_w = 256, .box_w = 16, .box_h = 16, .ofs_x = 0, .ofs_y = -2},
    {.bitmap_index = 34360, .adv_w = 256, .box_w = 16, .box_h = 16, .ofs_x = 0, .ofs_y = -2},
    {.bitmap_index = 34468, .adv_w = 256, .box_w = 16, .box_h = 16, .ofs_x = 0, .ofs_y = -2},
    {.bitmap_index = 34570, .adv_w = 256, .box_w = 15, .box_h = 16, .ofs_x = 1, .ofs_y = -2},
    {.bitmap_index = 34672, .adv_w = 256, .box_w = 15, .box_h = 16, .ofs_x = 1, .ofs_y = -2},
    {.bitmap_index = 34775, .adv_w = 256, .box_w = 15, .box_h = 16, .ofs_x = 1, .ofs_y = -2},
    {.bitmap_index = 34882, .adv_w = 256, .box_w = 14, .box_h = 14, .ofs_x = 1, .ofs_y = -1},
    {.bitmap_index = 34965, .adv_w = 256, .box_w = 16, .box_h = 14, .ofs_x = 0, .ofs_y = -1},
    {.bitmap_index = 35061, .adv_w = 256, .box_w = 15, .box_h = 15, .ofs_x = 0, .ofs_y = -1},
    {.bitmap_index = 35158, .adv_w = 256, .box_w = 15, .box_h = 16, .ofs_x = 0, .ofs_y = -2},
    {.bitmap_index = 35265, .adv_w = 256, .box_w = 14, .box_h = 14, .ofs_x = 1, .ofs_y = -1},
    {.bitmap_index = 35341, .adv_w = 256, .box_w = 16, .box_h = 14, .ofs_x = 0, .ofs_y = -1},
    {.bitmap_index = 35421, .adv_w = 256, .box_w = 16, .box_h = 15, .ofs_x = 0, .ofs_y = -1},
    {.bitmap_index = 35506, .adv_w = 256, .box_w = 15, .box_h = 15, .ofs_x = 0, .ofs_y = -1},
    {.bitmap_index = 35593, .adv_w = 256, .box_w = 15, .box_h = 16, .ofs_x = 0, .ofs_y = -2},
    {.bitmap_index = 35700, .adv_w = 256, .box_w = 16, .box_h = 15, .ofs_x = 0, .ofs_y = -1},
    {.bitmap_index = 35807, .adv_w = 256, .box_w = 14, .box_h = 16, .ofs_x = 1, .ofs_y = -2},
    {.bitmap_index = 35891, .adv_w = 256, .box_w = 14, .box_h = 15, .ofs_x = 1, .ofs_y = -1},
    {.bitmap_index = 35928, .adv_w = 256, .box_w = 14, .box_h = 15, .ofs_x = 1, .ofs_y = -1},
    {.bitmap_index = 36010, .adv_w = 256, .box_w = 14, .box_h = 15, .ofs_x = 1, .ofs_y = -1},
    {.bitmap_index = 36069, .adv_w = 256, .box_w = 14, .box_h = 15, .ofs_x = 1, .ofs_y = -1},
    {.bitmap_index = 36131, .adv_w = 256, .box_w = 14, .box_h = 15, .ofs_x = 1, .ofs_y = -1},
    {.bitmap_index = 36216, .adv_w = 256, .box_w = 14, .box_h = 15, .ofs_x = 1, .ofs_y = -1},
    {.bitmap_index = 36305, .adv_w = 256, .box_w = 15, .box_h = 16, .ofs_x = 1, .ofs_y = -2},
    {.bitmap_index = 36399, .adv_w = 256, .box_w = 15, .box_h = 16, .ofs_x = 1, .ofs_y = -2},
    {.bitmap_index = 36502, .adv_w = 256, .box_w = 15, .box_h = 15, .ofs_x = 1, .ofs_y = -2},
    {.bitmap_index = 36596, .adv_w = 256, .box_w = 15, .box_h = 15, .ofs_x = 1, .ofs_y = -1},
    {.bitmap_index = 36698, .adv_w = 256, .box_w = 15, .box_h = 15, .ofs_x = 1, .ofs_y = -1},
    {.bitmap_index = 36793, .adv_w = 256, .box_w = 15, .box_h = 15, .ofs_x = 0, .ofs_y = -1},
    {.bitmap_index = 36889, .adv_w = 256, .box_w = 15, .box_h = 15, .ofs_x = 1, .ofs_y = -2},
    {.bitmap_index = 36991, .adv_w = 256, .box_w = 14, .box_h = 15, .ofs_x = 1, .ofs_y = -2},
    {.bitmap_index = 37068, .adv_w = 256, .box_w = 15, .box_h = 16, .ofs_x = 0, .ofs_y = -2},
    {.bitmap_index = 37178, .adv_w = 256, .box_w = 14, .box_h = 15, .ofs_x = 1, .ofs_y = -1},
    {.bitmap_index = 37249, .adv_w = 256, .box_w = 14, .box_h = 14, .ofs_x = 1, .ofs_y = -1},
    {.bitmap_index = 37313, .adv_w = 256, .box_w = 14, .box_h = 15, .ofs_x = 1, .ofs_y = -2},
    {.bitmap_index = 37390, .adv_w = 256, .box_w = 15, .box_h = 15, .ofs_x = 0, .ofs_y = -2},
    {.bitmap_index = 37473, .adv_w = 256, .box_w = 15, .box_h = 15, .ofs_x = 0, .ofs_y = -2},
    {.bitmap_index = 37571, .adv_w = 256, .box_w = 16, .box_h = 15, .ofs_x = 0, .ofs_y = -2},
    {.bitmap_index = 37665, .adv_w = 256, .box_w = 16, .box_h = 16, .ofs_x = 0, .ofs_y = -2},
    {.bitmap_index = 37775, .adv_w = 256, .box_w = 14, .box_h = 17, .ofs_x = 1, .ofs_y = -2},
    {.bitmap_index = 37852, .adv_w = 256, .box_w = 15, .box_h = 14, .ofs_x = 0, .ofs_y = -1},
    {.bitmap_index = 37950, .adv_w = 256, .box_w = 15, .box_h = 15, .ofs_x = 1, .ofs_y = -1},
    {.bitmap_index = 38055, .adv_w = 256, .box_w = 14, .box_h = 16, .ofs_x = 1, .ofs_y = -2},
    {.bitmap_index = 38127, .adv_w = 256, .box_w = 14, .box_h = 15, .ofs_x = 1, .ofs_y = -1},
    {.bitmap_index = 38205, .adv_w = 256, .box_w = 14, .box_h = 16, .ofs_x = 1, .ofs_y = -2},
    {.bitmap_index = 38306, .adv_w = 256, .box_w = 16, .box_h = 16, .ofs_x = 0, .ofs_y = -2},
    {.bitmap_index = 38423, .adv_w = 256, .box_w = 2, .box_h = 13, .ofs_x = 3, .ofs_y = 0},
    {.bitmap_index = 38435, .adv_w = 256, .box_w = 4, .box_h = 15, .ofs_x = 10, .ofs_y = -1},
    {.bitmap_index = 38467, .adv_w = 256, .box_w = 4, .box_h = 15, .ofs_x = 2, .ofs_y = -1},
    {.bitmap_index = 38499, .adv_w = 256, .box_w = 3, .box_h = 5, .ofs_x = 2, .ofs_y = -3},
    {.bitmap_index = 38507, .adv_w = 256, .box_w = 2, .box_h = 9, .ofs_x = 3, .ofs_y = 0},
    {.bitmap_index = 38514, .adv_w = 256, .box_w = 3, .box_h = 12, .ofs_x = 2, .ofs_y = -3},
    {.bitmap_index = 38529, .adv_w = 256, .box_w = 8, .box_h = 13, .ofs_x = 0, .ofs_y = 0}
};

/*---------------------
 *  CHARACTER MAPPING
 *--------------------*/

static const uint16_t unicode_list_1[] = {
    0x0, 0x2053, 0x20e2, 0x2f51, 0x2f52, 0x4d50, 0x4d59, 0x4d5a,
    0x4d5b, 0x4d5d, 0x4d5e, 0x4d64, 0x4d72, 0x4d74, 0x4d7a, 0x4d7d,
    0x4d8a, 0x4d8b, 0x4d95, 0x4d98, 0x4dd6, 0x4ddb, 0x4ddc, 0x4dde,
    0x4de1, 0x4de4, 0x4deb, 0x4df4, 0x4e0a, 0x4e15, 0x4e1a, 0x4e1d,
    0x4e23, 0x4e35, 0x4e46, 0x4e47, 0x4e61, 0x4e70, 0x4e9d, 0x4e9e,
    0x4ea3, 0x4eac, 0x4eb0, 0x4ecf, 0x4eeb, 0x4eed, 0x4f0f, 0x4f2d,
    0x4f31, 0x4f5d, 0x4f8c, 0x4fac, 0x4ff8, 0x5098, 0x5099, 0x509d,
    0x50b5, 0x50b8, 0x50bd, 0x50c3, 0x50c7, 0x50d5, 0x50dd, 0x50e9,
    0x5105, 0x514a, 0x514d, 0x5156, 0x5167, 0x5169, 0x516b, 0x516d,
    0x5174, 0x517b, 0x5180, 0x5186, 0x519d, 0x51ee, 0x51ef, 0x51f0,
    0x51f8, 0x51f9, 0x5266, 0x528a, 0x5297, 0x5298, 0x52a5, 0x52c3,
    0x52ef, 0x531a, 0x5321, 0x5326, 0x5328, 0x5330, 0x5333, 0x533f,
    0x5343, 0x5347, 0x5358, 0x535c, 0x535d, 0x535e, 0x5376, 0x537f,
    0x539a, 0x53a8, 0x53b8, 0x53dc, 0x541d, 0x543a, 0x54ed, 0x55b8,
    0x562b, 0x562e, 0x5630, 0x564a, 0x5678, 0x5680, 0x568a, 0x5697,
    0x569f, 0x57d3, 0x57ee, 0x5840, 0x5854, 0x5857, 0x585d, 0x586a,
    0x5877, 0x5879, 0x5881, 0x5884, 0x591b, 0x5aa0, 0x5aa7, 0x5aa8,
    0x5ad8, 0x5ad9, 0x5adc, 0x5aea, 0x5aec, 0x5aee, 0x5af4, 0x5b06,
    0x5b09, 0x5b0f, 0x5b2f, 0x5b49, 0x5b5f, 0x5b81, 0x5b8d, 0x5b95,
    0x5bae, 0x5d35, 0x5d36, 0x5d42, 0x5d88, 0x5dc6, 0x5ddf, 0x5de3,
    0x5de4, 0x5df6, 0x5e4a, 0x5e50, 0x5e52, 0x5e53, 0x5e5f, 0x5e89,
    0x5ea3, 0x5ea5, 0x5ec1, 0x5ed5, 0x5efe, 0x5f13, 0x5f15, 0x5f3b,
    0x5f51, 0x5f5e, 0x5f75, 0x5fb2, 0x5fbf, 0x6015, 0x605f, 0x606f,
    0x6160, 0x6161, 0x6166, 0x6187, 0x619b, 0x61b7, 0x61f4, 0x622f,
    0x6251, 0x6259, 0x62af, 0x62be, 0x62f5, 0x62f7, 0x62f8, 0x6320,
    0x6394, 0x647f, 0x648e, 0x64a1, 0x64c0, 0x64d7, 0x64fd, 0x6500,
    0x6509, 0x6530, 0x6535, 0x6537, 0x6546, 0x655e, 0x657f, 0x658e,
    0x65d2, 0x664f, 0x6650, 0x6659, 0x665d, 0x667a, 0x667c, 0x668a,
    0x66b1, 0x66b5, 0x66e0, 0x66ec, 0x6735, 0x6757, 0x6787, 0x6788,
    0x6789, 0x67b9, 0x6810, 0x6971, 0x69a9, 0x6a71, 0x6ab3, 0x6ab5,
    0x6b1f, 0x6b24, 0x6b5f, 0x6b64, 0x6b84, 0x6b92, 0x6c38, 0x6c8b,
    0x6c9b, 0x6cbe, 0x6d4b, 0x6d55, 0x6d79, 0x6dcf, 0x6de0, 0x6e31,
    0x6e64, 0x6fc0, 0x7009, 0x702f, 0x70b7, 0x7113, 0x71c9, 0x7206,
    0x723c, 0x72ff, 0x7300, 0x7356, 0x746f, 0x7478, 0x7481, 0x7485,
    0x74a9, 0x75ce, 0x75d4, 0x7628, 0x763e, 0x765b, 0x766f, 0x7735,
    0x77be, 0x788a, 0x790b, 0x791d, 0x7922, 0x795b, 0x795d, 0x79ca,
    0x79e7, 0x7a1b, 0x7a3f, 0x7a99, 0x7ad0, 0x7ae7, 0x7bcb, 0x7c4b,
    0x7c77, 0x7df2, 0x7df7, 0x7e0f, 0x7e23, 0x7e29, 0x7e2f, 0x7e3a,
    0x7e4f, 0x7e56, 0x7ea1, 0x7ebe, 0x7f51, 0x7fa4, 0x804d, 0x805f,
    0x813a, 0x8144, 0x81c2, 0x8235, 0x82bf, 0x838d, 0x8652, 0x879c,
    0x87b8, 0x87fb, 0x8815, 0x88d1, 0x8912, 0x8914, 0x8916, 0x8933,
    0x8936, 0x8ab6, 0x8af4, 0x8afe, 0x8b00, 0x8b0e, 0x8b11, 0x8b25,
    0x8b32, 0x8b35, 0x8b44, 0x8b47, 0x8b4b, 0x8b53, 0x8c75, 0x8ca6,
    0x8cd5, 0x8ebe, 0x8ecb, 0x8ecd, 0x8ee3, 0x8f0e, 0x8f17, 0x8f20,
    0x8f24, 0x8f2b, 0x8f2e, 0x8f4d, 0x8f50, 0x8f51, 0x8f52, 0x8f59,
    0x8f6a, 0x8fcf, 0x909d, 0x90e2, 0x9117, 0x911a, 0x911c, 0x911f,
    0x93d8, 0x93ef, 0x93f9, 0x93fe, 0x94cf, 0x9538, 0x953d, 0x953e,
    0x9544, 0x9550, 0x9558, 0x956f, 0x959d, 0x95a0, 0x95b4, 0x95b9,
    0x9616, 0x964e, 0x9650, 0x96a9, 0x96ae, 0x96b2, 0x97c5, 0x97c9,
    0x97d4, 0x981e, 0x98be, 0x98e6, 0x99c1, 0x99dc, 0x9a28, 0x9d73,
    0x9e14, 0x9e28, 0xfe51, 0xfe58, 0xfe59, 0xfe5c, 0xfe6a, 0xfe6b,
    0xfe6f
};

/*Collect the unicode lists and glyph_id offsets*/
static const lv_font_fmt_txt_cmap_t cmaps[] =
{
    {
        .range_start = 32, .range_length = 95, .glyph_id_start = 1,
        .unicode_list = NULL, .glyph_id_ofs_list = NULL, .list_length = 0, .type = LV_FONT_FMT_TXT_CMAP_FORMAT0_TINY
    },
    {
        .range_start = 176, .range_length = 65136, .glyph_id_start = 96,
        .unicode_list = unicode_list_1, .glyph_id_ofs_list = NULL, .list_length = 409, .type = LV_FONT_FMT_TXT_CMAP_SPARSE_TINY
    }
};

/*-----------------
 *    KERNING
 *----------------*/


/*Map glyph_ids to kern left classes*/
static const uint8_t kern_left_class_mapping[] =
{
    0, 0, 0, 0, 0, 0, 0, 1,
    0, 0, 0, 0, 0, 2, 0, 2,
    3, 4, 0, 5, 6, 7, 0, 8,
    9, 10, 11, 0, 0, 0, 0, 0,
    0, 0, 12, 13, 14, 15, 16, 17,
    18, 0, 0, 19, 20, 21, 0, 0,
    15, 22, 23, 24, 25, 26, 27, 28,
    29, 30, 31, 32, 0, 0, 0, 0,
    33, 0, 34, 35, 36, 0, 37, 38,
    39, 34, 0, 0, 40, 41, 34, 34,
    35, 35, 39, 42, 43, 44, 39, 45,
    46, 47, 45, 48, 0, 0, 0, 0,
    0, 0, 0, 0, 0, 0, 0, 0,
    0, 0, 0, 0, 0, 0, 0, 0,
    0, 0, 0, 0, 0, 0, 0, 0,
    0, 0, 0, 0, 0, 0, 0, 0,
    0, 0, 0, 0, 0, 0, 0, 0,
    0, 0, 0, 0, 0, 0, 0, 0,
    0, 0, 0, 0, 0, 0, 0, 0,
    0, 0, 0, 0, 0, 0, 0, 0,
    0, 0, 0, 0, 0, 0, 0, 0,
    0, 0, 0, 0, 0, 0, 0, 0,
    0, 0, 0, 0, 0, 0, 0, 0,
    0, 0, 0, 0, 0, 0, 0, 0,
    0, 0, 0, 0, 0, 0, 0, 0,
    0, 0, 0, 0, 0, 0, 0, 0,
    0, 0, 0, 0, 0, 0, 0, 0,
    0, 0, 0, 0, 0, 0, 0, 0,
    0, 0, 0, 0, 0, 0, 0, 0,
    0, 0, 0, 0, 0, 0, 0, 0,
    0, 0, 0, 0, 0, 0, 0, 0,
    0, 0, 0, 0, 0, 0, 0, 0,
    0, 0, 0, 0, 0, 0, 0, 0,
    0, 0, 0, 0, 0, 0, 0, 0,
    0, 0, 0, 0, 0, 0, 0, 0,
    0, 0, 0, 0, 0, 0, 0, 0,
    0, 0, 0, 0, 0, 0, 0, 0,
    0, 0, 0, 0, 0, 0, 0, 0,
    0, 0, 0, 0, 0, 0, 0, 0,
    0, 0, 0, 0, 0, 0, 0, 0,
    0, 0, 0, 0, 0, 0, 0, 0,
    0, 0, 0, 0, 0, 0, 0, 0,
    0, 0, 0, 0, 0, 0, 0, 0,
    0, 0, 0, 0, 0, 0, 0, 0,
    0, 0, 0, 0, 0, 0, 0, 0,
    0, 0, 0, 0, 0, 0, 0, 0,
    0, 0, 0, 0, 0, 0, 0, 0,
    0, 0, 0, 0, 0, 0, 0, 0,
    0, 0, 0, 0, 0, 0, 0, 0,
    0, 0, 0, 0, 0, 0, 0, 0,
    0, 0, 0, 0, 0, 0, 0, 0,
    0, 0, 0, 0, 0, 0, 0, 0,
    0, 0, 0, 0, 0, 0, 0, 0,
    0, 0, 0, 0, 0, 0, 0, 0,
    0, 0, 0, 0, 0, 0, 0, 0,
    0, 0, 0, 0, 0, 0, 0, 0,
    0, 0, 0, 0, 0, 0, 0, 0,
    0, 0, 0, 0, 0, 0, 0, 0,
    0, 0, 0, 0, 0, 0, 0, 0,
    0, 0, 0, 0, 0, 0, 0, 0,
    0, 0, 0, 0, 0, 0, 0, 0,
    0, 0, 0, 0, 0, 0, 0, 0,
    0, 0, 0, 0, 0, 2, 0, 0,
    0
};

/*Map glyph_ids to kern right classes*/
static const uint8_t kern_right_class_mapping[] =
{
    0, 0, 0, 0, 0, 0, 0, 1,
    0, 0, 0, 0, 0, 2, 0, 2,
    3, 4, 5, 6, 7, 8, 0, 9,
    10, 11, 12, 0, 0, 0, 0, 0,
    0, 0, 13, 0, 14, 0, 0, 0,
    14, 0, 0, 15, 0, 0, 0, 0,
    14, 0, 14, 0, 16, 17, 18, 19,
    20, 21, 22, 23, 0, 0, 0, 0,
    0, 0, 24, 0, 25, 25, 25, 26,
    25, 0, 0, 27, 0, 28, 29, 29,
    25, 29, 25, 29, 30, 31, 32, 33,
    34, 35, 33, 36, 0, 0, 0, 0,
    0, 0, 0, 0, 0, 0, 0, 0,
    0, 0, 0, 0, 0, 0, 0, 0,
    0, 0, 0, 0, 0, 0, 0, 0,
    0, 0, 0, 0, 0, 0, 0, 0,
    0, 0, 0, 0, 0, 0, 0, 0,
    0, 0, 0, 0, 0, 0, 0, 0,
    0, 0, 0, 0, 0, 0, 0, 0,
    0, 0, 0, 0, 0, 0, 0, 0,
    0, 0, 0, 0, 0, 0, 0, 0,
    0, 0, 0, 0, 0, 0, 0, 0,
    0, 0, 0, 0, 0, 0, 0, 0,
    0, 0, 0, 0, 0, 0, 0, 0,
    0, 0, 0, 0, 0, 0, 0, 0,
    0, 0, 0, 0, 0, 0, 0, 0,
    0, 0, 0, 0, 0, 0, 0, 0,
    0, 0, 0, 0, 0, 0, 0, 0,
    0, 0, 0, 0, 0, 0, 0, 0,
    0, 0, 0, 0, 0, 0, 0, 0,
    0, 0, 0, 0, 0, 0, 0, 0,
    0, 0, 0, 0, 0, 0, 0, 0,
    0, 0, 0, 0, 0, 0, 0, 0,
    0, 0, 0, 0, 0, 0, 0, 0,
    0, 0, 0, 0, 0, 0, 0, 0,
    0, 0, 0, 0, 0, 0, 0, 0,
    0, 0, 0, 0, 0, 0, 0, 0,
    0, 0, 0, 0, 0, 0, 0, 0,
    0, 0, 0, 0, 0, 0, 0, 0,
    0, 0, 0, 0, 0, 0, 0, 0,
    0, 0, 0, 0, 0, 0, 0, 0,
    0, 0, 0, 0, 0, 0, 0, 0,
    0, 0, 0, 0, 0, 0, 0, 0,
    0, 0, 0, 0, 0, 0, 0, 0,
    0, 0, 0, 0, 0, 0, 0, 0,
    0, 0, 0, 0, 0, 0, 0, 0,
    0, 0, 0, 0, 0, 0, 0, 0,
    0, 0, 0, 0, 0, 0, 0, 0,
    0, 0, 0, 0, 0, 0, 0, 0,
    0, 0, 0, 0, 0, 0, 0, 0,
    0, 0, 0, 0, 0, 0, 0, 0,
    0, 0, 0, 0, 0, 0, 0, 0,
    0, 0, 0, 0, 0, 0, 0, 0,
    0, 0, 0, 0, 0, 0, 0, 0,
    0, 0, 0, 0, 0, 0, 0, 0,
    0, 0, 0, 0, 0, 0, 0, 0,
    0, 0, 0, 0, 0, 0, 0, 0,
    0, 0, 0, 0, 0, 0, 0, 0,
    0, 0, 0, 0, 0, 0, 0, 0,
    0, 0, 0, 0, 0, 0, 0, 0,
    0, 0, 0, 0, 0, 0, 0, 0,
    0, 0, 0, 0, 0, 0, 0, 0,
    0, 0, 0, 0, 0, 2, 0, 0,
    0
};

/*Kern values between classes*/
static const int8_t kern_class_values[] =
{
    0, 0, 0, 0, 0, 0, 0, 0,
    0, 0, 0, 0, 0, -2, -7, 0,
    -20, -5, -18, -10, 0, -26, 0, -4,
    -2, 1, 0, -5, 0, 0, -2, 0,
    -9, -7, 0, 0, 0, 0, 0, 0,
    -15, 0, 0, -12, 0, 0, 0, -15,
    0, 0, 0, 0, 0, 0, 0, 0,
    0, 0, 0, 0, 0, 0, 0, 0,
    0, 0, 0, 0, 0, 0, 0, 0,
    0, 0, 0, 0, 0, 0, 0, -18,
    -13, 0, 0, 0, 0, 0, 0, 0,
    0, 0, 0, 0, 0, 0, 0, 0,
    0, 0, 0, 0, 0, 0, 0, 0,
    0, 0, 0, 0, 0, 0, 0, 0,
    0, -8, 0, 0, 0, -5, 0, 0,
    0, 0, 0, 0, 0, 0, 0, 0,
    0, 0, 0, 0, 0, 0, 0, 0,
    0, 0, 0, 0, 0, 0, 0, 0,
    0, 0, 0, -4, 0, 0, -7, -9,
    -5, 0, 0, 0, 0, 0, 0, 0,
    0, 0, 0, 0, 0, 0, 0, 0,
    0, 0, 0, 0, 0, 0, 0, 0,
    0, 0, 0, 0, 0, 0, 0, 0,
    0, -5, 0, 0, 0, 0, 0, -3,
    0, 0, 0, 0, 0, 0, 0, 0,
    0, 0, 0, 0, 0, 0, 0, 0,
    0, 0, 0, 0, 0, 0, 0, 0,
    0, 0, 0, 0, 0, 0, -5, 0,
    0, -7, 0, -5, 0, 0, 0, 0,
    0, 0, 0, 0, 0, 0, 0, 0,
    0, 0, 0, 0, 0, 0, 0, 0,
    0, 0, 0, 0, 0, 0, 0, 0,
    -8, 0, 0, 0, 0, -10, 0, -3,
    0, 0, 0, 0, 0, 0, 0, 0,
    0, 0, 0, 0, 0, 0, 0, 0,
    0, 0, 0, 0, 0, 0, 0, 0,
    0, -36, -24, -5, 0, 0, 0, -19,
    -17, 0, -5, 0, 0, 0, 0, 0,
    0, 0, 0, 0, 0, 0, 0, 0,
    0, 0, 0, 0, 0, 0, 0, 0,
    0, 0, 0, 0, 0, 0, 0, 0,
    0, 0, 0, 0, 0, -5, 0, -4,
    0, 0, 0, 0, 0, 0, 0, 0,
    0, 0, 0, 0, 0, 0, 0, 0,
    0, 0, 0, 0, 0, 0, 0, 0,
    0, -28, -13, 0, 0, 0, 0, -6,
    -3, 0, -5, 0, 0, 0, 0, 0,
    0, 0, 0, 0, 0, 0, 0, 0,
    0, 0, 0, 0, 0, 0, 0, 0,
    0, 0, 0, 0, -3, 0, 0, 0,
    0, 0, 0, 0, 0, 0, 0, 0,
    0, -7, 0, 0, -34, -4, -27, -19,
    0, -30, 0, 0, -4, 0, 0, 0,
    0, 0, 0, 0, -12, -6, 0, 0,
    0, 0, 0, 0, 0, 0, 0, 0,
    0, 0, 0, 0, -5, 0, 0, 0,
    -6, 0, -6, -5, -5, -9, -3, 0,
    0, 0, 0, 0, 0, 0, 0, 0,
    -3, 0, -1, -2, 0, 0, 0, 0,
    0, 0, 0, 0, 0, 0, 0, 0,
    0, -5, 0, 0, -3, 0, 0, 0,
    -5, -3, -3, 0, 0, 0, 0, 0,
    0, 0, 0, 0, -5, -5, -3, 0,
    0, 0, 0, 0, 0, 0, 0, 0,
    0, 0, 0, 0, -8, 0, -15, 0,
    -8, 0, -9, -4, -13, -13, -9, 0,
    0, 0, 0, 0, 0, 0, 0, 0,
    0, 0, 0, -3, -6, 0, 0, 0,
    0, 0, 0, 0, 0, 0, 0, 0,
    0, -4, 0, 0, 0, 0, 0, 0,
    0, 0, 0, 0, 0, 0, 0, 0,
    0, 0, 0, 0, -3, -3, 0, 0,
    -7, 0, 0, 0, 0, 0, 0, 0,
    0, 0, 0, 0, -16, 0, -27, -3,
    0, 0, 0, 0, -5, 0, 0, -16,
    -7, 0, 0, 0, 0, 0, 0, -5,
    -3, -3, -10, -3, 0, 0, 0, 0,
    0, 0, 0, 0, 0, 0, 0, 0,
    -6, 0, 0, 0, -8, 0, -10, -4,
    -7, -16, -3, 0, 0, 0, 0, 0,
    0, -2, 0, 0, -7, -8, -5, 0,
    0, 0, 0, 0, 0, 0, 0, 0,
    0, 0, 0, 0, 0, 0, 0, 0,
    0, 0, 0, 0, -4, 0, 0, 0,
    0, 0, 0, 0, 0, 0, 0, 0,
    0, 0, 0, 0, -10, 0, 0, 0,
    0, 0, 0, 0, 0, 0, 0, 0,
    0, -16, -11, -8, 0, -13, 0, 0,
    0, 0, 0, -8, -14, 0, 0, 0,
    0, -3, -13, -13, -20, -16, 0, 0,
    0, 0, 0, 0, 0, 0, 0, 0,
    0, 0, 0, 0, 0, -10, 0, 0,
    -35, -5, -31, -21, 0, -35, 0, 0,
    0, -6, 0, 0, 0, 0, -9, -6,
    -20, -13, 0, 0, -10, 0, 0, 0,
    0, 0, 0, 0, 0, 0, 0, 0,
    -22, 0, -41, 0, -5, 0, -6, -5,
    -10, -8, -5, -14, -13, 0, 0, 0,
    0, -10, 0, -10, 0, 0, 0, 0,
    0, 0, 0, 0, 0, 0, 0, 0,
    0, 0, 0, 0, -7, 0, 0, 0,
    -8, 0, -6, -6, -11, -13, -3, 0,
    0, 0, 0, 0, 0, 0, 0, 0,
    0, 0, 0, 0, -4, 0, 0, 0,
    0, 0, 0, 0, 0, 0, 0, 0,
    0, -2, -7, 0, -5, 0, -5, -3,
    0, -8, 0, -4, -5, 0, 0, 0,
    0, 0, 0, -5, 0, 0, 0, 0,
    0, 0, 0, 0, 0, 0, 0, 0,
    0, 0, 0, 0, 0, 0, 0, 0,
    -6, 0, -3, 0, -7, -3, 0, 0,
    0, 0, 0, 0, 0, 0, 0, 0,
    -5, -5, -3, -4, -15, 0, 0, 0,
    0, 0, 0, 0, 0, 0, 0, 0,
    -34, -8, -40, -7, 0, 0, 0, 0,
    -7, 0, 0, -26, -26, -13, 0, 0,
    -23, -33, -5, -26, -28, -26, -28, -29,
    0, 0, 0, 0, 0, 0, 0, 0,
    0, 0, 0, 0, -4, 0, -7, 0,
    0, 0, 0, 0, -4, 0, 0, 0,
    0, 0, 0, 0, 0, 0, 0, 0,
    0, 0, 0, 0, -18, 0, 0, 0,
    0, 0, 0, 0, 0, 0, 0, 0,
    -27, -9, -40, -3, 0, 0, 0, 0,
    0, 0, 0, -22, -20, -9, 0, 0,
    -20, -19, -5, -19, -8, -8, -10, -11,
    -10, 0, 0, 0, 0, 0, 0, 0,
    0, 0, 0, 0, -19, -4, -24, -2,
    0, 0, 0, 0, 0, 0, 0, -13,
    -11, -5, 0, 0, -12, -12, -3, -11,
    -8, -8, -10, -10, -5, 0, 0, 0,
    0, 0, 0, 0, 0, 0, 0, 0,
    0, -13, 0, -3, -7, -4, 0, 0,
    0, 0, 0, -2, -10, -5, 0, -2,
    -4, -8, -13, -11, -21, -18, 0, 0,
    -20, 0, 0, 0, 0, 0, 0, 0,
    0, 0, 0, 0, -30, -13, -44, -8,
    0, 0, 0, 0, 0, 0, 0, -39,
    -36, -13, 0, 0, -38, -33, -15, -36,
    -26, -25, -26, -28, -10, 0, 0, 0,
    0, 0, 0, 0, 0, 0, 0, 0,
    0, -13, 0, 0, 0, -5, 0, 0,
    0, 0, 0, 0, -4, 0, 0, 0,
    0, 0, -7, -8, -11, -10, 0, 0,
    0, 0, 0, 0, 0, 0, 0, 0,
    0, 0, 0, 0, 0, 0, 0, 0,
    0, 0, 0, 0, 0, 0, 0, 0,
    0, 0, 17, 0, 0, 0, 0, 0,
    0, 0, 0, 0, 0, 0, 0, 0,
    0, 0, 0, 0, 0, 0, 0, 0,
    0, 0, 0, 0, -25, 0, -22, -13,
    -5, -40, 0, 0, 0, 0, 0, 0,
    0, 0, 0, 0, -1, -2, -2, 0,
    0, 0, 0, 0, 0, 0, 0, 0,
    0, 0, 0, 0, -4, 0, 0, 0,
    -26, 0, -20, -11, -10, -36, -3, 0,
    0, 0, 0, 0, 0, 0, 0, 0,
    -3, -3, -8, -2, 0, 0, 0, 0,
    0, 0, 0, 0, 0, 0, 0, 0,
    0, 0, 0, 0, -26, 0, -12, -9,
    -5, -31, 0, 0, 0, 0, 0, 0,
    0, 0, 0, 0, -2, 0, -5, 0,
    0, 0, 0, 0, 0, 0, 0, 0,
    0, 0, 0, 0, 0, 0, 0, 0,
    -26, 0, -16, -9, -8, -29, 0, 0,
    0, 0, 0, 0, 0, 0, 0, 0,
    -2, -1, -4, 0, -8, 0, 0, 0,
    0, 0, 0, 0, 0, 0, 0, 0,
    -15, 0, -18, 0, 0, 0, 0, 0,
    0, 0, 0, -5, -4, 0, 0, 0,
    0, -4, 0, -2, 0, 0, 0, 0,
    0, 0, 0, 0, 0, 0, 0, 0,
    0, 0, 0, 0, 0, 0, 0, 0,
    -23, 0, -20, -14, 0, -36, 0, 0,
    0, 0, 1, 0, 0, 0, 0, 0,
    0, 0, 0, 0, -4, 0, 0, 0,
    0, 0, 0, 0, 0, 0, 0, 0,
    0, -5, 0, 0, -38, -3, -12, -8,
    0, -20, 0, -2, -4, 0, 0, -1,
    0, -3, -2, -4, 0, 0, 0, 0,
    -5, 0, 0, 0, 0, 0, 0, 0,
    0, 0, 0, 0, 0, -4, 0, 0,
    0, 0, 0, 0, 0, 0, 0, 0,
    0, 0, 0, 0, 0, 0, 0, -2,
    -2, -2, 0, 0, -13, 0, 0, 0,
    0, 0, 0, 0, 0, 0, 0, 0,
    0, 0, 0, 0, -23, 0, 0, 0,
    -20, -18, -13, -3, -3, 0, 0, 0,
    0, -2, 0, -4, 0, 0, 0, 0,
    0, 0, 0, 0, 0, 0, 0, 0,
    0, 0, 0, 0, 0, 0, 0, 0,
    -32, 0, -13, -10, -8, -30, 0, 0,
    0, 0, 0, 0, 0, 0, 0, 0,
    0, 0, -6, 0, 0, 0, 0, 0,
    0, 0, 0, 0, 0, 0, 0, 0,
    0, 0, 0, 0, -5, 0, -6, -3,
    0, -13, 0, 0, -2, 0, 0, 0,
    0, -2, 0, -1, 0, 0, 0, 0,
    -10, 0, 0, 0, 0, 0, 0, 0,
    0, 0, 0, 0, -12, 0, -23, 0,
    -28, 0, -8, -8, -21, -26, -13, -2,
    -3, 0, 0, 0, 0, -2, 0, 0,
    0, 0, 0, 0, -6, 0, 0, 0,
    0, 0, 0, 0, 0, 0, 0, 0,
    -6, 0, -19, 0, -26, 0, -8, -8,
    -18, -25, -10, -2, -3, 0, 0, 0,
    0, -2, 0, 0, 0, 0, 0, 0,
    -3, 0, 0, 0, 0, 0, 0, 0,
    0, 0, 0, 0, 0, -3, 0, 0,
    -28, 0, -10, -10, 0, -26, 0, -4,
    -9, 0, 0, -3, 0, -6, 0, -3,
    0, 0, 0, 0, -9, 0, 0, 0,
    0, 0, 0, 0, 0, 0, 0, 0,
    0, -8, 0, 0, -28, 0, -8, -12,
    0, -28, 0, -1, -4, 0, 0, 0,
    0, -2, 0, -2, 0, 0, 0, 0
};


/*Collect the kern class' data in one place*/
static const lv_font_fmt_txt_kern_classes_t kern_classes =
{
    .class_pair_values   = kern_class_values,
    .left_class_mapping  = kern_left_class_mapping,
    .right_class_mapping = kern_right_class_mapping,
    .left_class_cnt      = 48,
    .right_class_cnt     = 36,
};

/*--------------------
 *  ALL CUSTOM DATA
 *--------------------*/

#if LVGL_VERSION_MAJOR == 8
/*Store all the custom data of the font*/
static  lv_font_fmt_txt_glyph_cache_t cache;
#endif

#if LVGL_VERSION_MAJOR >= 8
static const lv_font_fmt_txt_dsc_t font_dsc = {
#else
static lv_font_fmt_txt_dsc_t font_dsc = {
#endif
    .glyph_bitmap = glyph_bitmap,
    .glyph_dsc = glyph_dsc,
    .cmaps = cmaps,
    .kern_dsc = &kern_classes,
    .kern_scale = 16,
    .cmap_num = 2,
    .bpp = 4,
    .kern_classes = 1,
    .bitmap_format = 1,
#if LVGL_VERSION_MAJOR == 8
    .cache = &cache
#endif
};



/*-----------------
 *  PUBLIC FONT
 *----------------*/

/*Initialize a public general font descriptor*/
#if LVGL_VERSION_MAJOR >= 8
const lv_font_t velacare_cn_16 = {
#else
lv_font_t velacare_cn_16 = {
#endif
    .get_glyph_dsc = lv_font_get_glyph_dsc_fmt_txt,    /*Function pointer to get glyph's data*/
    .get_glyph_bitmap = lv_font_get_bitmap_fmt_txt,    /*Function pointer to get glyph's bitmap*/
    .line_height = 19,          /*The maximum line height required by the font*/
    .base_line = 4,             /*Baseline measured from the bottom of the line*/
#if !(LVGL_VERSION_MAJOR == 6 && LVGL_VERSION_MINOR == 0)
    .subpx = LV_FONT_SUBPX_NONE,
#endif
#if LV_VERSION_CHECK(7, 4, 0) || LVGL_VERSION_MAJOR >= 8
    .underline_position = -1,
    .underline_thickness = 1,
#endif
    .dsc = &font_dsc,          /*The custom font data. Will be accessed by `get_glyph_bitmap/dsc` */
#if LV_VERSION_CHECK(8, 2, 0) || LVGL_VERSION_MAJOR >= 9
    .fallback = NULL,
#endif
    .user_data = NULL,
};



#endif /*#if VELACARE_CN_16*/

